Type,Date,Part of a policing operation,Policing operation,Latitude,Longitude,Gender,Age range,Self-defined ethnicity,Officer-defined ethnicity,Legislation,Object of search,Outcome,Outcome linked to object of search,Removal of more than just outer clothing
Person search,2022-04-01T09:30:00+00:00,False,,52.399263,-0.725784,Male,over 34,White - Any other White background,White,Misuse of Drugs Act 1971 (section 23),Controlled drugs,A no further action disposal,False,False
Person search,2022-04-01T13:10:00+00:00,False,,52.289242,-0.933383,,10-17,White - English/Welsh/Scottish/Northern Irish/British,White,Misuse of Drugs Act 1971 (section 23),Controlled drugs,A no further action disposal,False,False
Person search,2022-04-01T16:22:00+00:00,False,,,,Male,over 34,White - English/Welsh/Scottish/Northern Irish/British,White,Police and Criminal Evidence Act 1984 (section 1),Offensive weapons,Arrest,True,False
Person search,2022-04-01T17:03:00+00:00,False,,52.251211,-0.862047,Male,over 34,Black/African/Caribbean/Black British - Any other Black/African/Caribbean background,Black,Misuse of Drugs Act 1971 (section 23),Controlled drugs,Community resolution,True,False
Person search,2022-04-01T17:10:00+00:00,False,,52.405347,-0.705675,Male,18-24,White - English/Welsh/Scottish/Northern Irish/British,White,Misuse of Drugs Act 1971 (section 23),Controlled drugs,A no further action disposal,False,False
Person search,2022-04-02T02:14:00+00:00,False,,52.260254,-0.900760,Male,18-24,Black/African/Caribbean/Black British - African,Black,Misuse of Drugs Act 1971 (section 23),Controlled drugs,A no further action disposal,True,False
Person search,2022-04-02T02:14:00+00:00,False,,52.260254,-0.900760,Male,18-24,White - English/Welsh/Scottish/Northern Irish/British,Asian,Misuse of Drugs Act 1971 (section 23),Controlled drugs,A no further action disposal,True,False
Person search,2022-04-02T02:14:00+00:00,False,,52.260254,-0.900760,Male,18-24,Black/African/Caribbean/Black British - Any other Black/African/Caribbean background,Black,Misuse of Drugs Act 1971 (section 23),Controlled drugs,A no further action disposal,False,False
Person search,2022-04-02T08:42:00+00:00,False,,52.402820,-0.727107,Female,25-34,White - English/Welsh/Scottish/Northern Irish/British,White,Misuse of Drugs Act 1971 (section 23),Controlled drugs,Community resolution,True,False
Person search,2022-04-02T11:25:00+00:00,False,,,,Female,over 34,White - English/Welsh/Scottish/Northern Irish/British,White,Misuse of Drugs Act 1971 (section 23),Controlled drugs,A no further action disposal,False,False
Person search,2022-04-02T14:45:00+00:00,False,,,,Male,18-24,White - English/Welsh/Scottish/Northern Irish/British,White,Police and Criminal Evidence Act 1984 (section 1),Stolen goods,A no further action disposal,False,False
Person search,2022-04-02T18:00:00+00:00,False,,,,Male,10-17,White - English/Welsh/Scottish/Northern Irish/British,White,Misuse of Drugs Act 1971 (section 23),Controlled drugs,A no further action disposal,False,False
Person search,2022-04-02T18:00:00+00:00,False,,,,Male,10-17,Mixed/Multiple ethnic groups - Any other Mixed/Multiple ethnic background,Black,Misuse of Drugs Act 1971 (section 23),Controlled drugs,A no further action disposal,True,False
Person search,2022-04-02T19:42:00+00:00,False,,52.243760,-0.900289,Male,10-17,White - English/Welsh/Scottish/Northern Irish/British,White,Misuse of Drugs Act 1971 (section 23),Controlled drugs,A no further action disposal,False,False
Person search,2022-04-02T22:00:00+00:00,False,,,,Male,10-17,Other ethnic group - Not stated,Black,Misuse of Drugs Act 1971 (section 23),Evidence of offences under the Act,A no further action disposal,False,False
Person search,2022-04-02T22:56:00+00:00,False,,52.240939,-0.915034,Male,18-24,Black/African/Caribbean/Black British - Caribbean,Black,Misuse of Drugs Act 1971 (section 23),Controlled drugs,A no further action disposal,False,True
Person search,2022-04-03T13:07:00+00:00,False,,52.305899,-0.720399,Male,over 34,White - English/Welsh/Scottish/Northern Irish/British,White,Misuse of Drugs Act 1971 (section 23),Controlled drugs,Arrest,True,False
Person search,2022-04-03T16:00:00+00:00,False,,52.404607,-0.711180,Male,18-24,White - English/Welsh/Scottish/Northern Irish/British,White,Police and Criminal Evidence Act 1984 (section 1),Offensive weapons,A no further action disposal,False,False
Person search,2022-04-03T21:54:00+00:00,False,,52.264711,-0.740341,Male,10-17,White - English/Welsh/Scottish/Northern Irish/British,White,Police and Criminal Evidence Act 1984 (section 1),Offensive weapons,A no further action disposal,False,False
Person search,2022-04-03T22:15:00+00:00,False,,52.264711,-0.740341,Male,10-17,White - English/Welsh/Scottish/Northern Irish/British,White,Police and Criminal Evidence Act 1984 (section 1),Offensive weapons,Arrest,True,False
Person search,2022-04-04T07:40:00+00:00,False,,52.260312,-0.872671,Male,18-24,Black/African/Caribbean/Black British - African,Black,Police and Criminal Evidence Act 1984 (section 1),Offensive weapons,A no further action disposal,False,False
Person search,2022-04-04T13:25:00+00:00,False,,52.483820,-0.712518,Male,over 34,White - English/Welsh/Scottish/Northern Irish/British,White,Police and Criminal Evidence Act 1984 (section 1),Article for use in theft,A no further action disposal,False,False
Person search,2022-04-04T14:50:00+00:00,False,,52.243615,-0.910838,Male,over 34,White - Any other White background,White,Misuse of Drugs Act 1971 (section 23),Controlled drugs,A no further action disposal,False,False
Person search,2022-04-04T15:26:00+00:00,False,,52.498840,-0.725515,Male,25-34,White - English/Welsh/Scottish/Northern Irish/British,White,Police and Criminal Evidence Act 1984 (section 1),Article for use in theft,A no further action disposal,True,False
Person search,2022-04-04T15:26:00+00:00,False,,52.498840,-0.725515,Male,25-34,White - English/Welsh/Scottish/Northern Irish/British,White,Police and Criminal Evidence Act 1984 (section 1),Article for use in theft,A no further action disposal,False,False
Person search,2022-04-04T16:01:00+00:00,False,,52.237190,-0.903424,Male,10-17,White - English/Welsh/Scottish/Northern Irish/British,White,Police and Criminal Evidence Act 1984 (section 1),Offensive weapons,A no further action disposal,False,False
Person search,2022-04-04T17:30:00+00:00,False,,,,Male,10-17,Black/African/Caribbean/Black British - Any other Black/African/Caribbean background,Black,Police and Criminal Evidence Act 1984 (section 1),Offensive weapons,A no further action disposal,False,False
Person search,2022-04-04T18:19:00+00:00,False,,52.246690,-0.925571,Male,25-34,White - English/Welsh/Scottish/Northern Irish/British,White,Police and Criminal Evidence Act 1984 (section 1),Offensive weapons,A no further action disposal,False,False
Person search,2022-04-04T18:29:00+00:00,False,,52.237126,-0.939729,Male,18-24,White - English/Welsh/Scottish/Northern Irish/British,White,Police and Criminal Evidence Act 1984 (section 1),Offensive weapons,A no further action disposal,False,False
Person search,2022-04-04T20:30:00+00:00,False,,52.488076,-0.686635,Male,10-17,White - English/Welsh/Scottish/Northern Irish/British,White,Police and Criminal Evidence Act 1984 (section 1),Offensive weapons,A no further action disposal,False,False
Person search,2022-04-04T20:30:00+00:00,False,,52.339292,-0.650946,Male,10-17,Mixed/Multiple ethnic groups - White and Black Caribbean,Black,Misuse of Drugs Act 1971 (section 23),Controlled drugs,A no further action disposal,False,False
Person search,2022-04-04T20:40:00+00:00,False,,52.394515,-0.734871,Male,18-24,White - English/Welsh/Scottish/Northern Irish/British,White,Misuse of Drugs Act 1971 (section 23),Controlled drugs,Arrest,True,False
Person search,2022-04-04T20:50:00+00:00,False,,52.303341,-0.716586,Male,10-17,White - English/Welsh/Scottish/Northern Irish/British,White,Misuse of Drugs Act 1971 (section 23),Controlled drugs,A no further action disposal,False,False
Person search,2022-04-04T20:50:00+00:00,False,,52.303341,-0.716586,Male,10-17,White - English/Welsh/Scottish/Northern Irish/British,White,Misuse of Drugs Act 1971 (section 23),Controlled drugs,A no further action disposal,False,False
Person search,2022-04-04T21:00:00+00:00,False,,52.303341,-0.716586,Male,10-17,White - English/Welsh/Scottish/Northern Irish/British,White,Misuse of Drugs Act 1971 (section 23),Controlled drugs,A no further action disposal,False,False
Person search,2022-04-05T17:20:00+00:00,False,,52.283021,-1.102158,Female,25-34,Other ethnic group - Not stated,Black,Misuse of Drugs Act 1971 (section 23),Controlled drugs,A no further action disposal,False,False
Person search,2022-04-05T18:37:00+00:00,False,,52.487362,-0.683078,Male,25-34,White - English/Welsh/Scottish/Northern Irish/British,White,Misuse of Drugs Act 1971 (section 23),Controlled drugs,A no further action disposal,False,False
Person search,2022-04-05T18:37:00+00:00,False,,52.487362,-0.683078,Female,25-34,White - English/Welsh/Scottish/Northern Irish/British,White,Misuse of Drugs Act 1971 (section 23),Controlled drugs,A no further action disposal,False,False
Person search,2022-04-05T20:00:00+00:00,False,,52.403843,-0.712863,Male,over 34,White - English/Welsh/Scottish/Northern Irish/British,White,Misuse of Drugs Act 1971 (section 23),Controlled drugs,A no further action disposal,False,False
Person search,2022-04-05T20:15:00+00:00,False,,52.303532,-0.689756,,10-17,White - English/Welsh/Scottish/Northern Irish/British,White,Police and Criminal Evidence Act 1984 (section 1),Offensive weapons,A no further action disposal,False,False
Person search,2022-04-05T20:15:00+00:00,False,,52.303532,-0.689756,Male,10-17,Other ethnic group - Not stated,White,Police and Criminal Evidence Act 1984 (section 1),Offensive weapons,A no further action disposal,False,False
Person search,2022-04-05T20:21:00+00:00,False,,52.303532,-0.689756,Male,18-24,White - Any other White background,White,Police and Criminal Evidence Act 1984 (section 1),Offensive weapons,A no further action disposal,False,False
Person search,2022-04-05T21:30:00+00:00,False,,52.305949,-0.713401,Male,18-24,Mixed/Multiple ethnic groups - White and Black Caribbean,Black,Misuse of Drugs Act 1971 (section 23),Controlled drugs,A no further action disposal,False,False
Person search,2022-04-06T09:30:00+00:00,False,,52.244044,-0.895024,Male,25-34,White - Any other White background,White,Misuse of Drugs Act 1971 (section 23),Controlled drugs,A no further action disposal,False,False
Person search,2022-04-06T10:23:00+00:00,True,,52.244044,-0.895024,Male,25-34,White - Any other White background,White,Misuse of Drugs Act 1971 (section 23),Controlled drugs,A no further action disposal,False,False
Person search,2022-04-06T13:17:00+00:00,False,,52.401944,-0.723458,Female,25-34,White - English/Welsh/Scottish/Northern Irish/British,White,Misuse of Drugs Act 1971 (section 23),Controlled drugs,A no further action disposal,False,False
Person search,2022-04-06T13:30:00+00:00,True,,,,Male,25-34,White - English/Welsh/Scottish/Northern Irish/British,White,Misuse of Drugs Act 1971 (section 23),Controlled drugs,A no further action disposal,False,False
Person search,2022-04-06T16:10:00+00:00,False,,52.266020,-0.820022,Male,over 34,White - Irish,White,Police and Criminal Evidence Act 1984 (section 1),Offensive weapons,A no further action disposal,False,False
Person search,2022-04-06T17:50:00+00:00,False,,,,Male,25-34,White - English/Welsh/Scottish/Northern Irish/British,White,Misuse of Drugs Act 1971 (section 23),Evidence of offences under the Act,A no further action disposal,False,False
Person search,2022-04-06T18:27:00+00:00,False,,,,Male,18-24,White - English/Welsh/Scottish/Northern Irish/British,White,Misuse of Drugs Act 1971 (section 23),Controlled drugs,A no further action disposal,False,False
Person search,2022-04-07T01:30:00+00:00,False,,52.251864,-0.809718,Male,over 34,White - English/Welsh/Scottish/Northern Irish/British,White,Misuse of Drugs Act 1971 (section 23),Controlled drugs,A no further action disposal,False,False
Person search,2022-04-07T01:30:00+00:00,False,,52.251864,-0.809718,Female,25-34,White - English/Welsh/Scottish/Northern Irish/British,White,Misuse of Drugs Act 1971 (section 23),Controlled drugs,A no further action disposal,False,False
Person search,2022-04-07T09:30:00+00:00,False,,52.262729,-0.900069,Male,over 34,Black/African/Caribbean/Black British - Caribbean,Black,Misuse of Drugs Act 1971 (section 23),Controlled drugs,A no further action disposal,False,False
Person search,2022-04-07T12:01:00+00:00,False,,52.399362,-0.711715,Female,over 34,White - English/Welsh/Scottish/Northern Irish/British,White,Misuse of Drugs Act 1971 (section 23),Controlled drugs,A no further action disposal,False,False
Person search,2022-04-07T12:01:00+00:00,False,,52.399362,-0.711715,Female,over 34,White - Irish,White,Misuse of Drugs Act 1971 (section 23),Controlled drugs,A no further action disposal,False,False
Person search,2022-04-07T16:06:00+00:00,False,,52.272252,-0.853067,Male,10-17,White - English/Welsh/Scottish/Northern Irish/British,White,Police and Criminal Evidence Act 1984 (section 1),Offensive weapons,A no further action disposal,False,False
Person search,2022-04-07T16:20:00+00:00,False,,52.270704,-0.844636,Male,10-17,White - English/Welsh/Scottish/Northern Irish/British,White,Police and Criminal Evidence Act 1984 (section 1),Offensive weapons,A no further action disposal,False,False
Person search,2022-04-08T03:03:00+00:00,False,,52.234982,-0.897094,Male,18-24,Other ethnic group - Not stated,Black,Police and Criminal Evidence Act 1984 (section 1),Offensive weapons,A no further action disposal,False,False
Person search,2022-04-08T10:55:00+00:00,False,,52.400987,-0.725528,Male,over 34,White - English/Welsh/Scottish/Northern Irish/British,White,Police and Criminal Evidence Act 1984 (section 1),Stolen goods,A no further action disposal,False,False
Person search,2022-04-08T14:25:00+00:00,False,,,,Male,25-34,Other ethnic group - Not stated,White,Misuse of Drugs Act 1971 (section 23),Controlled drugs,A no further action disposal,False,True
Person search,2022-04-08T14:45:00+00:00,False,,52.290905,-0.720626,Male,25-34,White - Any other White background,White,Misuse of Drugs Act 1971 (section 23),Controlled drugs,Community resolution,True,False
Person search,2022-04-08T14:45:00+00:00,False,,52.290905,-0.720626,Male,over 34,White - English/Welsh/Scottish/Northern Irish/British,White,Misuse of Drugs Act 1971 (section 23),Controlled drugs,A no further action disposal,False,False
Person search,2022-04-08T16:25:00+00:00,False,,52.243760,-0.900289,Female,over 34,White - English/Welsh/Scottish/Northern Irish/British,White,Misuse of Drugs Act 1971 (section 23),Controlled drugs,A no further action disposal,False,False
Person search,2022-04-08T16:30:00+00:00,False,,52.243760,-0.900289,Male,over 34,White - English/Welsh/Scottish/Northern Irish/British,White,Misuse of Drugs Act 1971 (section 23),Controlled drugs,A no further action disposal,False,False
Person search,2022-04-08T18:41:00+00:00,False,,,,Male,,White - English/Welsh/Scottish/Northern Irish/British,White,Misuse of Drugs Act 1971 (section 23),Controlled drugs,A no further action disposal,False,False
Person search,2022-04-09T11:40:00+00:00,False,,52.403861,-0.725299,Male,10-17,Black/African/Caribbean/Black British - Any other Black/African/Caribbean background,Black,Misuse of Drugs Act 1971 (section 23),Controlled drugs,A no further action disposal,False,False
Person search,2022-04-09T12:00:00+00:00,False,,52.254965,-0.896643,Male,25-34,Mixed/Multiple ethnic groups - White and Black Caribbean,Black,Misuse of Drugs Act 1971 (section 23),Controlled drugs,A no further action disposal,False,False
Person search,2022-04-09T12:30:00+00:00,False,,52.398868,-0.729132,Male,over 34,White - English/Welsh/Scottish/Northern Irish/British,White,Police and Criminal Evidence Act 1984 (section 1),Stolen goods,Community resolution,True,False
Person search,2022-04-09T13:30:00+00:00,False,,52.399949,-0.720164,Male,25-34,Mixed/Multiple ethnic groups - Any other Mixed/Multiple ethnic background,Black,Misuse of Drugs Act 1971 (section 23),Controlled drugs,Arrest,True,False
Person search,2022-04-09T13:50:00+00:00,False,,52.399949,-0.720164,Female,over 34,White - English/Welsh/Scottish/Northern Irish/British,White,Misuse of Drugs Act 1971 (section 23),Controlled drugs,A no further action disposal,False,False
Person search,2022-04-09T14:00:00+00:00,False,,52.399949,-0.720164,Female,over 34,White - English/Welsh/Scottish/Northern Irish/British,White,Misuse of Drugs Act 1971 (section 23),Controlled drugs,A no further action disposal,False,False
Person search,2022-04-09T14:00:00+00:00,False,,52.246388,-0.876715,Male,25-34,Black/African/Caribbean/Black British - African,Black,Misuse of Drugs Act 1971 (section 23),Controlled drugs,A no further action disposal,False,False
Person search,2022-04-09T15:25:00+00:00,False,,52.487362,-0.683078,Male,18-24,White - English/Welsh/Scottish/Northern Irish/British,White,Misuse of Drugs Act 1971 (section 23),Controlled drugs,A no further action disposal,False,False
Person search,2022-04-09T15:25:00+00:00,False,,52.487362,-0.683078,Male,18-24,White - English/Welsh/Scottish/Northern Irish/British,White,Misuse of Drugs Act 1971 (section 23),Controlled drugs,A no further action disposal,False,False
Person search,2022-04-09T16:00:00+00:00,False,,52.317528,-0.594889,Male,25-34,White - English/Welsh/Scottish/Northern Irish/British,White,Police and Criminal Evidence Act 1984 (section 1),Offensive weapons,A no further action disposal,True,False
Person search,2022-04-09T16:30:00+00:00,False,,52.323679,-0.592728,Male,18-24,White - English/Welsh/Scottish/Northern Irish/British,White,Police and Criminal Evidence Act 1984 (section 1),Offensive weapons,A no further action disposal,False,False
Person search,2022-04-09T17:00:00+00:00,False,,52.290936,-0.600437,Male,18-24,White - English/Welsh/Scottish/Northern Irish/British,White,Police and Criminal Evidence Act 1984 (section 1),Offensive weapons,A no further action disposal,False,False
Person search,2022-04-09T17:38:00+00:00,False,,52.241462,-0.879593,Male,over 34,White - English/Welsh/Scottish/Northern Irish/British,White,Police and Criminal Evidence Act 1984 (section 1),Evidence of offences under the Act,A no further action disposal,True,False
Person search,2022-04-09T18:38:00+00:00,False,,52.398035,-0.726084,Female,over 34,White - Irish,White,Police and Criminal Evidence Act 1984 (section 1),Stolen goods,A no further action disposal,False,False
Person search,2022-04-09T18:38:00+00:00,False,,52.398035,-0.726084,Female,over 34,White - English/Welsh/Scottish/Northern Irish/British,White,Police and Criminal Evidence Act 1984 (section 1),Stolen goods,A no further action disposal,False,False
Person search,2022-04-09T19:34:00+00:00,False,,52.258674,-1.160668,Male,18-24,White - English/Welsh/Scottish/Northern Irish/British,White,Misuse of Drugs Act 1971 (section 23),Controlled drugs,A no further action disposal,False,False
Person search,2022-04-09T20:52:00+00:00,False,,52.396387,-0.701866,Male,25-34,Black/African/Caribbean/Black British - African,Black,Police and Criminal Evidence Act 1984 (section 1),Offensive weapons,A no further action disposal,False,False
Person search,2022-04-09T21:35:00+00:00,False,,52.300643,-0.691117,Female,10-17,White - English/Welsh/Scottish/Northern Irish/British,White,Misuse of Drugs Act 1971 (section 23),Controlled drugs,Community resolution,True,False
Person search,2022-04-09T21:40:00+00:00,False,,,,Male,18-24,White - English/Welsh/Scottish/Northern Irish/British,White,Misuse of Drugs Act 1971 (section 23),Controlled drugs,A no further action disposal,False,False
Person search,2022-04-09T21:40:00+00:00,False,,,,Male,18-24,White - English/Welsh/Scottish/Northern Irish/British,White,Misuse of Drugs Act 1971 (section 23),Controlled drugs,A no further action disposal,False,False
Person search,2022-04-09T22:40:00+00:00,False,,,,Male,25-34,Black/African/Caribbean/Black British - African,Black,Misuse of Drugs Act 1971 (section 23),Controlled drugs,A no further action disposal,False,False
Person search,2022-04-09T22:40:00+00:00,False,,,,Male,25-34,Black/African/Caribbean/Black British - African,Black,Misuse of Drugs Act 1971 (section 23),Controlled drugs,A no further action disposal,False,False
Person search,2022-04-10T02:00:00+00:00,False,,52.239601,-0.897741,Male,25-34,Other ethnic group - Not stated,Black,Police and Criminal Evidence Act 1984 (section 1),Offensive weapons,A no further action disposal,False,False
Person search,2022-04-10T09:45:00+00:00,False,,52.293884,-0.597324,Female,25-34,White - English/Welsh/Scottish/Northern Irish/British,White,Misuse of Drugs Act 1971 (section 23),Controlled drugs,A no further action disposal,False,False
Person search,2022-04-10T09:45:00+00:00,False,,52.293884,-0.597324,Male,over 34,White - English/Welsh/Scottish/Northern Irish/British,White,Misuse of Drugs Act 1971 (section 23),Controlled drugs,A no further action disposal,False,False
Person search,2022-04-10T11:20:00+00:00,False,,,,Male,18-24,Black/African/Caribbean/Black British - African,Black,Misuse of Drugs Act 1971 (section 23),Evidence of offences under the Act,A no further action disposal,False,False
Person search,2022-04-10T13:30:00+00:00,True,,52.291715,-0.589651,Male,18-24,Other ethnic group - Not stated,White,Misuse of Drugs Act 1971 (section 23),Controlled drugs,Arrest,True,True
Person search,2022-04-10T13:40:00+00:00,True,,52.291715,-0.589651,Female,18-24,Black/African/Caribbean/Black British - African,Black,Misuse of Drugs Act 1971 (section 23),Controlled drugs,A no further action disposal,False,True
Person search,2022-04-10T13:55:00+00:00,False,,52.290755,-0.589065,Male,over 34,White - English/Welsh/Scottish/Northern Irish/British,White,Misuse of Drugs Act 1971 (section 23),Controlled drugs,A no further action disposal,False,False
Person search,2022-04-11T19:30:00+00:00,False,,52.411828,-0.718747,Male,18-24,White - English/Welsh/Scottish/Northern Irish/British,White,Misuse of Drugs Act 1971 (section 23),Controlled drugs,A no further action disposal,False,False
Person search,2022-04-11T19:30:00+00:00,False,,,,Male,18-24,White - English/Welsh/Scottish/Northern Irish/British,White,Misuse of Drugs Act 1971 (section 23),Controlled drugs,Community resolution,True,False
Person search,2022-04-11T19:30:00+00:00,False,,,,Female,10-17,Other ethnic group - Not stated,White,Misuse of Drugs Act 1971 (section 23),Controlled drugs,A no further action disposal,False,False
Person search,2022-04-12T14:30:00+00:00,False,,,,Female,10-17,White - Any other White background,White,Misuse of Drugs Act 1971 (section 23),Controlled drugs,A no further action disposal,True,False
Person search,2022-04-12T16:06:00+00:00,False,,52.245538,-0.946339,Female,18-24,White - English/Welsh/Scottish/Northern Irish/British,White,Police and Criminal Evidence Act 1984 (section 1),Offensive weapons,A no further action disposal,False,False
Person search,2022-04-12T16:10:00+00:00,False,,52.402464,-0.716622,Male,over 34,White - English/Welsh/Scottish/Northern Irish/British,White,Misuse of Drugs Act 1971 (section 23),Evidence of offences under the Act,Caution (simple or conditional),True,True
Person search,2022-04-12T17:45:00+00:00,True,,52.400053,-0.717354,Female,over 34,White - English/Welsh/Scottish/Northern Irish/British,White,Police and Criminal Evidence Act 1984 (section 1),Controlled drugs,A no further action disposal,False,False
Person search,2022-04-12T17:49:00+00:00,False,,52.400053,-0.717354,Male,25-34,White - English/Welsh/Scottish/Northern Irish/British,White,Misuse of Drugs Act 1971 (section 23),Controlled drugs,A no further action disposal,False,True
Person search,2022-04-12T20:30:00+00:00,False,,52.399062,-0.727127,Male,over 34,White - English/Welsh/Scottish/Northern Irish/British,White,Misuse of Drugs Act 1971 (section 23),Controlled drugs,A no further action disposal,False,False
Person search,2022-04-12T20:47:00+00:00,False,,52.399062,-0.727127,Male,over 34,White - English/Welsh/Scottish/Northern Irish/British,White,Misuse of Drugs Act 1971 (section 23),Controlled drugs,A no further action disposal,False,False
Person search,2022-04-13T11:25:00+00:00,False,,52.239304,-0.886208,Male,over 34,White - English/Welsh/Scottish/Northern Irish/British,White,Police and Criminal Evidence Act 1984 (section 1),Offensive weapons,A no further action disposal,False,False
Person search,2022-04-13T14:35:00+00:00,False,,52.251668,-0.836092,Male,over 34,Other ethnic group - Not stated,White,Police and Criminal Evidence Act 1984 (section 1),Evidence of offences under the Act,A no further action disposal,False,False
Person search,2022-04-13T14:35:00+00:00,False,,52.251668,-0.836092,Male,over 34,Other ethnic group - Not stated,White,Police and Criminal Evidence Act 1984 (section 1),Evidence of offences under the Act,A no further action disposal,False,False
Person search,2022-04-13T14:55:00+00:00,False,,52.382696,-0.686576,Male,10-17,White - English/Welsh/Scottish/Northern Irish/British,White,Misuse of Drugs Act 1971 (section 23),Controlled drugs,A no further action disposal,False,False
Person search,2022-04-13T14:55:00+00:00,False,,52.382696,-0.686576,Male,over 34,White - English/Welsh/Scottish/Northern Irish/British,White,Misuse of Drugs Act 1971 (section 23),Controlled drugs,A no further action disposal,False,False
Person search,2022-04-13T14:55:00+00:00,False,,52.382696,-0.686576,Male,10-17,White - English/Welsh/Scottish/Northern Irish/British,White,Misuse of Drugs Act 1971 (section 23),Controlled drugs,A no further action disposal,False,False
Person search,2022-04-13T17:50:00+00:00,False,,52.291827,-0.596758,Male,10-17,White - English/Welsh/Scottish/Northern Irish/British,White,Police and Criminal Evidence Act 1984 (section 1),Offensive weapons,A no further action disposal,False,False
Person search,2022-04-13T22:30:00+00:00,False,,52.307371,-0.720136,Male,over 34,Other ethnic group - Not stated,Asian,Police and Criminal Evidence Act 1984 (section 1),Article for use in theft,A no further action disposal,False,False
Person search,2022-04-14T11:15:00+00:00,False,,52.248328,-0.917827,Male,18-24,White - English/Welsh/Scottish/Northern Irish/British,White,Misuse of Drugs Act 1971 (section 23),Controlled drugs,A no further action disposal,False,False
Person search,2022-04-14T13:00:00+00:00,False,,52.241873,-0.895517,Male,over 34,White - English/Welsh/Scottish/Northern Irish/British,White,Misuse of Drugs Act 1971 (section 23),Controlled drugs,A no further action disposal,False,False
Person search,2022-04-14T13:00:00+00:00,False,,52.241873,-0.895517,Male,over 34,White - English/Welsh/Scottish/Northern Irish/British,White,Misuse of Drugs Act 1971 (section 23),Controlled drugs,A no further action disposal,False,False
Person search,2022-04-14T16:50:00+00:00,False,,52.238383,-0.895355,Male,over 34,White - English/Welsh/Scottish/Northern Irish/British,White,Police and Criminal Evidence Act 1984 (section 1),Offensive weapons,A no further action disposal,False,False
Person search,2022-04-14T17:40:00+00:00,False,,52.381763,-0.697329,Male,18-24,Mixed/Multiple ethnic groups - White and Black Caribbean,Black,Misuse of Drugs Act 1971 (section 23),Controlled drugs,Arrest,True,False
Person search,2022-04-14T20:50:00+00:00,False,,52.327494,-0.605873,Male,18-24,White - English/Welsh/Scottish/Northern Irish/British,White,Misuse of Drugs Act 1971 (section 23),Controlled drugs,A no further action disposal,False,False
Person search,2022-04-14T20:50:00+00:00,False,,52.327494,-0.605873,Male,18-24,White - English/Welsh/Scottish/Northern Irish/British,White,Misuse of Drugs Act 1971 (section 23),Controlled drugs,Community resolution,True,False
Person search,2022-04-14T20:50:00+00:00,False,,52.327494,-0.605873,Male,18-24,Mixed/Multiple ethnic groups - White and Asian,White,Misuse of Drugs Act 1971 (section 23),Controlled drugs,Summons / charged by post,True,False
Person search,2022-04-14T20:50:00+00:00,False,,52.327494,-0.605873,Male,18-24,White - English/Welsh/Scottish/Northern Irish/British,White,Misuse of Drugs Act 1971 (section 23),Controlled drugs,A no further action disposal,False,False
Person search,2022-04-15T02:45:00+00:00,False,,52.400084,-0.727715,Male,over 34,White - English/Welsh/Scottish/Northern Irish/British,White,Misuse of Drugs Act 1971 (section 23),Controlled drugs,A no further action disposal,False,False
Person search,2022-04-15T02:57:00+00:00,False,,52.400084,-0.727715,Male,25-34,White - English/Welsh/Scottish/Northern Irish/British,White,Misuse of Drugs Act 1971 (section 23),Controlled drugs,A no further action disposal,False,False
Person search,2022-04-15T22:50:00+00:00,False,,52.387566,-0.716569,Male,over 34,White - English/Welsh/Scottish/Northern Irish/British,White,Misuse of Drugs Act 1971 (section 23),Controlled drugs,A no further action disposal,False,True
Person search,2022-04-16T02:09:00+00:00,False,,,,Male,over 34,White - English/Welsh/Scottish/Northern Irish/British,White,Police and Criminal Evidence Act 1984 (section 1),Article for use in theft,A no further action disposal,False,False
Person search,2022-04-16T04:30:00+00:00,False,,52.403861,-0.725299,Male,18-24,White - English/Welsh/Scottish/Northern Irish/British,White,Misuse of Drugs Act 1971 (section 23),Controlled drugs,A no further action disposal,False,False
Person search,2022-04-16T11:15:00+00:00,False,,52.230377,-1.181920,Male,10-17,White - English/Welsh/Scottish/Northern Irish/British,White,Police and Criminal Evidence Act 1984 (section 1),Stolen goods,A no further action disposal,False,False
Person search,2022-04-16T14:00:00+00:00,False,,52.239688,-0.914918,Male,25-34,White - Any other White background,White,Misuse of Drugs Act 1971 (section 23),Controlled drugs,A no further action disposal,False,False
Person search,2022-04-16T20:56:00+00:00,False,,52.244442,-0.896303,Male,over 34,White - English/Welsh/Scottish/Northern Irish/British,White,Police and Criminal Evidence Act 1984 (section 1),Offensive weapons,A no further action disposal,False,False
Person search,2022-04-16T21:10:00+00:00,False,,52.403335,-0.720742,Male,over 34,White - English/Welsh/Scottish/Northern Irish/British,White,Police and Criminal Evidence Act 1984 (section 1),Article for use in theft,A no further action disposal,False,False
Person search,2022-04-17T00:00:00+00:00,False,,52.403861,-0.725299,Male,18-24,White - Any other White background,White,Police and Criminal Evidence Act 1984 (section 1),Article for use in theft,A no further action disposal,False,False
Person search,2022-04-17T00:50:00+00:00,False,,52.381174,-0.719091,Female,18-24,White - English/Welsh/Scottish/Northern Irish/British,White,Police and Criminal Evidence Act 1984 (section 1),Offensive weapons,A no further action disposal,False,False
Person search,2022-04-18T00:20:00+00:00,False,,52.492433,-0.683957,Male,18-24,White - English/Welsh/Scottish/Northern Irish/British,White,Misuse of Drugs Act 1971 (section 23),Controlled drugs,A no further action disposal,True,False
Person search,2022-04-18T00:30:00+00:00,False,,,,Female,25-34,White - English/Welsh/Scottish/Northern Irish/British,White,Misuse of Drugs Act 1971 (section 23),Controlled drugs,A no further action disposal,True,False
Person search,2022-04-18T01:00:00+00:00,False,,52.234982,-0.897094,Female,18-24,White - English/Welsh/Scottish/Northern Irish/British,White,Police and Criminal Evidence Act 1984 (section 1),Offensive weapons,A no further action disposal,True,False
Person search,2022-04-18T13:35:00+00:00,False,,52.241545,-0.878903,Male,over 34,Black/African/Caribbean/Black British - Caribbean,Black,Police and Criminal Evidence Act 1984 (section 1),Offensive weapons,A no further action disposal,False,False
Person search,2022-04-18T17:08:00+00:00,False,,52.207594,-0.936949,Male,25-34,Other ethnic group - Not stated,Other,Police and Criminal Evidence Act 1984 (section 1),Evidence of offences under the Act,A no further action disposal,False,False
Person search,2022-04-19T00:59:00+00:00,False,,52.228655,-0.895435,Male,25-34,Asian/Asian British - Indian,Asian,Misuse of Drugs Act 1971 (section 23),Controlled drugs,A no further action disposal,False,False
Person search,2022-04-19T01:00:00+00:00,False,,52.228655,-0.895435,Male,25-34,White - English/Welsh/Scottish/Northern Irish/British,White,Misuse of Drugs Act 1971 (section 23),Controlled drugs,A no further action disposal,False,False
Person search,2022-04-19T02:00:00+00:00,False,,52.406280,-0.727037,Female,25-34,White - English/Welsh/Scottish/Northern Irish/British,White,Police and Criminal Evidence Act 1984 (section 1),Article for use in theft,A no further action disposal,False,False
Person search,2022-04-19T02:15:00+00:00,False,,52.245576,-0.876355,Male,18-24,White - English/Welsh/Scottish/Northern Irish/British,White,Police and Criminal Evidence Act 1984 (section 1),Article for use in theft,A no further action disposal,False,False
Person search,2022-04-19T10:50:00+00:00,False,,52.316189,-0.688795,Male,18-24,White - English/Welsh/Scottish/Northern Irish/British,White,Misuse of Drugs Act 1971 (section 23),Controlled drugs,Arrest,True,True
Person search,2022-04-19T10:50:00+00:00,False,,52.316189,-0.688795,Male,18-24,White - English/Welsh/Scottish/Northern Irish/British,White,Misuse of Drugs Act 1971 (section 23),Controlled drugs,A no further action disposal,False,False
Person search,2022-04-19T13:17:00+00:00,False,,52.400084,-0.727715,Female,over 34,White - English/Welsh/Scottish/Northern Irish/British,White,Misuse of Drugs Act 1971 (section 23),Controlled drugs,A no further action disposal,False,False
Person search,2022-04-19T15:47:00+00:00,False,,52.289859,-0.599841,Male,,Other ethnic group - Not stated,Asian,Police and Criminal Evidence Act 1984 (section 1),Offensive weapons,A no further action disposal,False,False
Person search,2022-04-19T20:45:00+00:00,False,,52.190560,-1.105455,Male,18-24,White - English/Welsh/Scottish/Northern Irish/British,White,Misuse of Drugs Act 1971 (section 23),Controlled drugs,A no further action disposal,False,False
Person search,2022-04-20T09:50:00+00:00,True,,52.316666,-0.691290,Male,10-17,Mixed/Multiple ethnic groups - White and Black Caribbean,Black,Misuse of Drugs Act 1971 (section 23),Controlled drugs,A no further action disposal,False,False
Person search,2022-04-20T11:00:00+00:00,True,,,,Male,10-17,White - English/Welsh/Scottish/Northern Irish/British,White,Misuse of Drugs Act 1971 (section 23),Controlled drugs,A no further action disposal,False,True
Person search,2022-04-20T15:54:00+00:00,False,,52.235505,-0.902016,Male,10-17,Mixed/Multiple ethnic groups - White and Black Caribbean,White,Misuse of Drugs Act 1971 (section 23),Controlled drugs,A no further action disposal,False,True
Person search,2022-04-20T17:45:00+00:00,False,,52.406280,-0.727037,Male,25-34,Black/African/Caribbean/Black British - African,Black,Misuse of Drugs Act 1971 (section 23),Controlled drugs,Community resolution,True,False
Person search,2022-04-20T18:45:00+00:00,False,,52.242892,-0.890175,Male,25-34,White - English/Welsh/Scottish/Northern Irish/British,White,Police and Criminal Evidence Act 1984 (section 1),Evidence of offences under the Act,A no further action disposal,False,False
Person search,2022-04-20T22:00:00+00:00,False,,52.221657,-0.869449,Male,over 34,White - English/Welsh/Scottish/Northern Irish/British,White,Police and Criminal Evidence Act 1984 (section 1),Article for use in theft,A no further action disposal,False,False
Person search,2022-04-20T22:55:00+00:00,False,,52.154920,-0.840034,Female,18-24,White - English/Welsh/Scottish/Northern Irish/British,White,Misuse of Drugs Act 1971 (section 23),Controlled drugs,A no further action disposal,False,False
Person search,2022-04-21T12:10:00+00:00,True,,,,Male,10-17,White - English/Welsh/Scottish/Northern Irish/British,White,Misuse of Drugs Act 1971 (section 23),Controlled drugs,A no further action disposal,False,False
Person search,2022-04-21T13:00:00+00:00,True,,52.244697,-0.892796,Male,,Black/African/Caribbean/Black British - African,Black,Misuse of Drugs Act 1971 (section 23),Controlled drugs,A no further action disposal,False,False
Person search,2022-04-21T14:45:00+00:00,False,,52.406406,-0.707129,Male,18-24,White - English/Welsh/Scottish/Northern Irish/British,White,Misuse of Drugs Act 1971 (section 23),Controlled drugs,Community resolution,True,False
Person search,2022-04-21T16:00:00+00:00,True,,52.239166,-0.883986,Male,18-24,White - English/Welsh/Scottish/Northern Irish/British,White,Misuse of Drugs Act 1971 (section 23),Controlled drugs,A no further action disposal,False,False
Person search,2022-04-21T16:00:00+00:00,False,,52.326464,-1.247705,Male,18-24,White - English/Welsh/Scottish/Northern Irish/British,White,Police and Criminal Evidence Act 1984 (section 1),Evidence of offences under the Act,A no further action disposal,False,False
Person search,2022-04-21T16:00:00+00:00,False,,52.239166,-0.883986,Male,18-24,White - Any other White background,White,Misuse of Drugs Act 1971 (section 23),Controlled drugs,Khat or Cannabis warning,True,False
Person search,2022-04-21T16:15:00+00:00,True,,52.238866,-0.888387,Male,18-24,White - Any other White background,White,Misuse of Drugs Act 1971 (section 23),Controlled drugs,A no further action disposal,False,False
Person search,2022-04-21T16:37:00+00:00,False,,52.307718,-0.709037,Male,10-17,Black/African/Caribbean/Black British - Caribbean,Black,Police and Criminal Evidence Act 1984 (section 1),Evidence of offences under the Act,A no further action disposal,False,False
Person search,2022-04-21T16:37:00+00:00,False,,52.307718,-0.709037,Male,,White - English/Welsh/Scottish/Northern Irish/British,White,Police and Criminal Evidence Act 1984 (section 1),Evidence of offences under the Act,A no further action disposal,False,False
Person search,2022-04-21T16:41:00+00:00,False,,52.221322,-0.876733,Male,over 34,White - English/Welsh/Scottish/Northern Irish/British,White,Misuse of Drugs Act 1971 (section 23),Controlled drugs,A no further action disposal,False,False
Person search,2022-04-21T18:00:00+00:00,False,,52.241438,-0.883768,Male,over 34,White - Any other White background,White,Misuse of Drugs Act 1971 (section 23),Controlled drugs,Summons / charged by post,True,False
Person search,2022-04-21T18:00:00+00:00,False,,52.241438,-0.883768,Male,over 34,Other ethnic group - Not stated,White,Misuse of Drugs Act 1971 (section 23),Controlled drugs,A no further action disposal,False,False
Person search,2022-04-21T21:15:00+00:00,False,,,,Male,25-34,Black/African/Caribbean/Black British - Caribbean,Black,Misuse of Drugs Act 1971 (section 23),Controlled drugs,A no further action disposal,False,False
Person search,2022-04-21T22:10:00+00:00,False,,52.049995,-0.891300,Male,18-24,White - English/Welsh/Scottish/Northern Irish/British,White,Misuse of Drugs Act 1971 (section 23),Controlled drugs,Community resolution,True,False
Person search,2022-04-21T22:15:00+00:00,False,,52.049995,-0.891300,Male,10-17,White - English/Welsh/Scottish/Northern Irish/British,White,Misuse of Drugs Act 1971 (section 23),Controlled drugs,A no further action disposal,True,False
Person search,2022-04-22T10:41:00+00:00,False,,52.243422,-0.877684,Female,18-24,Mixed/Multiple ethnic groups - White and Asian,Asian,Misuse of Drugs Act 1971 (section 23),Controlled drugs,A no further action disposal,False,True
Person search,2022-04-22T19:00:00+00:00,False,,52.300854,-0.720266,Male,18-24,Other ethnic group - Not stated,Asian,Misuse of Drugs Act 1971 (section 23),Controlled drugs,A no further action disposal,False,False
Person search,2022-04-22T19:00:00+00:00,False,,52.300854,-0.720266,Male,18-24,Other ethnic group - Not stated,Black,Misuse of Drugs Act 1971 (section 23),Controlled drugs,A no further action disposal,False,False
Person search,2022-04-22T19:05:00+00:00,False,,52.300854,-0.720266,Male,18-24,Other ethnic group - Not stated,Asian,Misuse of Drugs Act 1971 (section 23),Controlled drugs,A no further action disposal,False,False
Person search,2022-04-22T19:55:00+00:00,False,,,,Male,18-24,White - English/Welsh/Scottish/Northern Irish/British,White,Police and Criminal Evidence Act 1984 (section 1),Offensive weapons,A no further action disposal,False,False
Person search,2022-04-22T20:17:00+00:00,False,,52.265486,-0.790377,Male,25-34,White - Any other White background,White,Firearms Act 1968 (section 47),Firearms,A no further action disposal,False,False
Person search,2022-04-22T20:23:00+00:00,False,,52.265486,-0.790377,Male,18-24,Other ethnic group - Not stated,White,Firearms Act 1968 (section 47),Firearms,A no further action disposal,False,False
Person search,2022-04-22T21:40:00+00:00,False,,52.309789,-0.712600,Male,18-24,Other ethnic group - Not stated,White,Misuse of Drugs Act 1971 (section 23),Controlled drugs,Community resolution,True,False
Person search,2022-04-22T21:40:00+00:00,False,,52.309789,-0.712600,Male,18-24,White - English/Welsh/Scottish/Northern Irish/British,White,Misuse of Drugs Act 1971 (section 23),Controlled drugs,Community resolution,True,False
Person search,2022-04-22T21:45:00+00:00,False,,,,Male,18-24,White - English/Welsh/Scottish/Northern Irish/British,White,Misuse of Drugs Act 1971 (section 23),Controlled drugs,Community resolution,True,False
Person search,2022-04-23T13:40:00+00:00,False,,52.394150,-0.731868,Male,10-17,White - English/Welsh/Scottish/Northern Irish/British,White,Police and Criminal Evidence Act 1984 (section 1),Offensive weapons,A no further action disposal,False,False
Person search,2022-04-23T13:40:00+00:00,False,,52.394150,-0.731868,Male,10-17,White - English/Welsh/Scottish/Northern Irish/British,White,Police and Criminal Evidence Act 1984 (section 1),Offensive weapons,A no further action disposal,False,False
Person search,2022-04-23T13:50:00+00:00,False,,52.394150,-0.731868,Male,10-17,White - English/Welsh/Scottish/Northern Irish/British,White,Police and Criminal Evidence Act 1984 (section 1),Offensive weapons,A no further action disposal,False,False
Person search,2022-04-23T13:50:00+00:00,False,,52.394150,-0.731868,Male,10-17,White - English/Welsh/Scottish/Northern Irish/British,White,Police and Criminal Evidence Act 1984 (section 1),Offensive weapons,A no further action disposal,False,False
Person search,2022-04-23T13:50:00+00:00,False,,52.394150,-0.731868,Male,10-17,White - English/Welsh/Scottish/Northern Irish/British,White,Police and Criminal Evidence Act 1984 (section 1),Offensive weapons,A no further action disposal,False,False
Person search,2022-04-23T15:00:00+00:00,False,,52.299951,-0.622401,Female,over 34,White - Any other White background,White,Police and Criminal Evidence Act 1984 (section 1),Stolen goods,A no further action disposal,False,False
Person search,2022-04-23T15:00:00+00:00,False,,52.299951,-0.622401,Female,over 34,White - Any other White background,White,Police and Criminal Evidence Act 1984 (section 1),Stolen goods,A no further action disposal,False,False
Person search,2022-04-23T18:48:00+00:00,False,,52.497289,-0.716809,Female,25-34,White - English/Welsh/Scottish/Northern Irish/British,White,Police and Criminal Evidence Act 1984 (section 1),Offensive weapons,A no further action disposal,False,False
Person search,2022-04-23T19:25:00+00:00,True,,52.316666,-0.691290,Male,25-34,White - English/Welsh/Scottish/Northern Irish/British,White,Misuse of Drugs Act 1971 (section 23),Controlled drugs,A no further action disposal,False,False
Person search,2022-04-23T19:45:00+00:00,False,,52.326739,-0.611238,Male,over 34,White - English/Welsh/Scottish/Northern Irish/British,White,Police and Criminal Evidence Act 1984 (section 1),Article for use in theft,A no further action disposal,False,False
Person search,2022-04-23T19:45:00+00:00,False,,52.326739,-0.611238,Female,over 34,White - English/Welsh/Scottish/Northern Irish/British,White,Police and Criminal Evidence Act 1984 (section 1),Stolen goods,A no further action disposal,False,False
Person search,2022-04-23T19:45:00+00:00,False,,52.326739,-0.611238,Female,25-34,White - English/Welsh/Scottish/Northern Irish/British,White,Police and Criminal Evidence Act 1984 (section 1),Article for use in theft,A no further action disposal,False,False
Person search,2022-04-23T19:45:00+00:00,False,,52.236753,-0.900887,Male,10-17,Black/African/Caribbean/Black British - Caribbean,Black,Police and Criminal Evidence Act 1984 (section 1),Offensive weapons,A no further action disposal,False,False
Person search,2022-04-23T19:50:00+00:00,False,,52.234427,-0.895438,Male,10-17,Black/African/Caribbean/Black British - Caribbean,Black,Police and Criminal Evidence Act 1984 (section 1),Offensive weapons,A no further action disposal,False,False
Person search,2022-04-23T19:56:00+00:00,False,,52.234427,-0.895438,Male,10-17,Black/African/Caribbean/Black British - Any other Black/African/Caribbean background,Black,Police and Criminal Evidence Act 1984 (section 1),Offensive weapons,A no further action disposal,False,False
Person search,2022-04-24T00:30:00+00:00,False,,52.271944,-0.810118,Male,25-34,Mixed/Multiple ethnic groups - White and Black Caribbean,Black,Police and Criminal Evidence Act 1984 (section 1),Offensive weapons,A no further action disposal,False,False
Person search,2022-04-24T09:50:00+00:00,False,,52.237773,-0.888839,Male,18-24,White - English/Welsh/Scottish/Northern Irish/British,White,Police and Criminal Evidence Act 1984 (section 1),Offensive weapons,A no further action disposal,False,False
Person search,2022-04-24T11:15:00+00:00,False,,52.492433,-0.683957,Male,over 34,White - English/Welsh/Scottish/Northern Irish/British,White,Police and Criminal Evidence Act 1984 (section 1),Stolen goods,Arrest,True,False
Person search,2022-04-24T14:37:00+00:00,False,,52.238620,-0.902452,Male,10-17,White - Any other White background,White,Police and Criminal Evidence Act 1984 (section 1),Offensive weapons,A no further action disposal,False,False
Person search,2022-04-24T16:00:00+00:00,False,,52.326739,-0.611238,Male,18-24,White - English/Welsh/Scottish/Northern Irish/British,White,Misuse of Drugs Act 1971 (section 23),Controlled drugs,A no further action disposal,False,False
Person search,2022-04-24T16:00:00+00:00,False,,52.326739,-0.611238,Female,over 34,White - English/Welsh/Scottish/Northern Irish/British,White,Misuse of Drugs Act 1971 (section 23),Controlled drugs,A no further action disposal,False,False
Person search,2022-04-24T16:00:00+00:00,False,,52.326739,-0.611238,Male,25-34,White - English/Welsh/Scottish/Northern Irish/British,White,Misuse of Drugs Act 1971 (section 23),Controlled drugs,A no further action disposal,False,False
Person search,2022-04-24T16:00:00+00:00,False,,52.326739,-0.611238,Female,25-34,White - English/Welsh/Scottish/Northern Irish/British,White,Misuse of Drugs Act 1971 (section 23),Controlled drugs,A no further action disposal,False,False
Person search,2022-04-24T16:50:00+00:00,False,,52.402820,-0.727107,Male,10-17,White - English/Welsh/Scottish/Northern Irish/British,White,Misuse of Drugs Act 1971 (section 23),Controlled drugs,A no further action disposal,False,False
Person search,2022-04-24T19:59:00+00:00,False,,,,Male,10-17,White - English/Welsh/Scottish/Northern Irish/British,White,Misuse of Drugs Act 1971 (section 23),Evidence of offences under the Act,A no further action disposal,False,False
Person search,2022-04-25T09:20:00+00:00,False,,52.249644,-0.942023,Male,25-34,,Other,Misuse of Drugs Act 1971 (section 23),Controlled drugs,Community resolution,True,False
Person search,2022-04-25T10:30:00+00:00,False,,52.400248,-0.726226,Female,25-34,White - English/Welsh/Scottish/Northern Irish/British,White,Police and Criminal Evidence Act 1984 (section 1),Stolen goods,Community resolution,True,False
Person search,2022-04-25T10:30:00+00:00,False,,52.400248,-0.726226,Male,over 34,White - Any other White background,White,Police and Criminal Evidence Act 1984 (section 1),Stolen goods,A no further action disposal,True,False
Person search,2022-04-25T11:29:00+00:00,False,,,,Female,18-24,White - English/Welsh/Scottish/Northern Irish/British,White,Police and Criminal Evidence Act 1984 (section 1),Evidence of offences under the Act,A no further action disposal,False,False
Person search,2022-04-25T12:15:00+00:00,True,,52.232654,-0.889479,Male,18-24,Asian/Asian British - Any other Asian background,Asian,Misuse of Drugs Act 1971 (section 23),Controlled drugs,Summons / charged by post,True,False
Person search,2022-04-25T12:58:00+00:00,False,,52.244697,-0.892796,Male,18-24,Asian/Asian British - Bangladeshi,Asian,Misuse of Drugs Act 1971 (section 23),Controlled drugs,Arrest,True,False
Person search,2022-04-25T13:01:00+00:00,False,,52.244697,-0.892796,Male,,Asian/Asian British - Any other Asian background,Asian,Misuse of Drugs Act 1971 (section 23),Controlled drugs,A no further action disposal,False,False
Person search,2022-04-25T15:00:00+00:00,False,,52.245059,-0.881641,Male,10-17,Black/African/Caribbean/Black British - Caribbean,Black,Misuse of Drugs Act 1971 (section 23),Controlled drugs,A no further action disposal,False,False
Person search,2022-04-25T16:42:00+00:00,False,,52.378929,-0.717745,Female,10-17,White - English/Welsh/Scottish/Northern Irish/British,White,Police and Criminal Evidence Act 1984 (section 1),Offensive weapons,A no further action disposal,False,False
Person search,2022-04-25T17:00:00+00:00,False,,52.314169,-0.590712,Female,25-34,White - English/Welsh/Scottish/Northern Irish/British,White,Misuse of Drugs Act 1971 (section 23),Controlled drugs,A no further action disposal,False,True
Person search,2022-04-25T17:00:00+00:00,False,,52.314169,-0.590712,Male,over 34,White - English/Welsh/Scottish/Northern Irish/British,White,Misuse of Drugs Act 1971 (section 23),Controlled drugs,Arrest,True,True
Person search,2022-04-25T19:18:00+00:00,False,,52.486286,-0.702874,Male,10-17,White - English/Welsh/Scottish/Northern Irish/British,White,Police and Criminal Evidence Act 1984 (section 1),Offensive weapons,A no further action disposal,True,False
Person search,2022-04-25T19:30:00+00:00,False,,,,Male,10-17,White - English/Welsh/Scottish/Northern Irish/British,White,Police and Criminal Evidence Act 1984 (section 1),Evidence of offences under the Act,A no further action disposal,False,False
Person search,2022-04-25T19:30:00+00:00,False,,,,Male,,White - English/Welsh/Scottish/Northern Irish/British,,Police and Criminal Evidence Act 1984 (section 1),Evidence of offences under the Act,A no further action disposal,False,False
Person search,2022-04-25T19:30:00+00:00,False,,,,Male,10-17,White - English/Welsh/Scottish/Northern Irish/British,White,Police and Criminal Evidence Act 1984 (section 1),Evidence of offences under the Act,A no further action disposal,False,False
Person search,2022-04-25T19:30:00+00:00,False,,,,Male,,White - English/Welsh/Scottish/Northern Irish/British,,Police and Criminal Evidence Act 1984 (section 1),Evidence of offences under the Act,A no further action disposal,False,False
Person search,2022-04-25T19:30:00+00:00,False,,,,Female,10-17,White - English/Welsh/Scottish/Northern Irish/British,White,Police and Criminal Evidence Act 1984 (section 1),Evidence of offences under the Act,A no further action disposal,False,False
Person search,2022-04-25T19:30:00+00:00,False,,,,Male,,White - English/Welsh/Scottish/Northern Irish/British,,Police and Criminal Evidence Act 1984 (section 1),Evidence of offences under the Act,A no further action disposal,False,False
Person search,2022-04-26T03:05:00+00:00,False,,52.262049,-0.866224,Male,,White - English/Welsh/Scottish/Northern Irish/British,White,Police and Criminal Evidence Act 1984 (section 1),Article for use in theft,A no further action disposal,False,False
Person search,2022-04-26T09:35:00+00:00,False,,52.239675,-0.878935,Male,25-34,Black/African/Caribbean/Black British - Caribbean,Black,Misuse of Drugs Act 1971 (section 23),Controlled drugs,A no further action disposal,False,True
Person search,2022-04-26T10:45:00+00:00,True,,52.245576,-0.876355,Female,,Other ethnic group - Not stated,Asian,Misuse of Drugs Act 1971 (section 23),Controlled drugs,A no further action disposal,False,False
Person search,2022-04-26T10:45:00+00:00,True,,52.242132,-0.874450,Male,over 34,White - English/Welsh/Scottish/Northern Irish/British,White,Misuse of Drugs Act 1971 (section 23),Controlled drugs,A no further action disposal,False,False
Person search,2022-04-26T11:00:00+00:00,True,,52.245576,-0.876355,Male,18-24,Mixed/Multiple ethnic groups - White and Black Caribbean,Black,Misuse of Drugs Act 1971 (section 23),Controlled drugs,A no further action disposal,False,True
Person search,2022-04-26T11:18:00+00:00,False,,52.064214,-1.335397,Male,10-17,White - English/Welsh/Scottish/Northern Irish/British,White,Misuse of Drugs Act 1971 (section 23),Controlled drugs,A no further action disposal,False,False
Person search,2022-04-26T15:11:00+00:00,False,,,,Male,over 34,White - English/Welsh/Scottish/Northern Irish/British,White,Police and Criminal Evidence Act 1984 (section 1),Offensive weapons,A no further action disposal,False,False
Person search,2022-04-26T16:38:00+00:00,False,,52.241545,-0.878903,Female,over 34,Black/African/Caribbean/Black British - Caribbean,Black,Misuse of Drugs Act 1971 (section 23),Controlled drugs,A no further action disposal,False,False
Person search,2022-04-27T13:00:00+00:00,False,,52.400378,-0.721607,Female,18-24,Other ethnic group - Not stated,White,Misuse of Drugs Act 1971 (section 23),Controlled drugs,A no further action disposal,False,False
Person search,2022-04-27T13:00:00+00:00,False,,52.400378,-0.721607,Male,25-34,Black/African/Caribbean/Black British - Any other Black/African/Caribbean background,Black,Misuse of Drugs Act 1971 (section 23),Controlled drugs,A no further action disposal,False,False
Person search,2022-04-27T13:00:00+00:00,False,,52.400378,-0.721607,Male,25-34,White - English/Welsh/Scottish/Northern Irish/British,White,Misuse of Drugs Act 1971 (section 23),Controlled drugs,A no further action disposal,False,False
Person search,2022-04-27T13:00:00+00:00,False,,52.400378,-0.721607,Female,,Other ethnic group - Not stated,White,Misuse of Drugs Act 1971 (section 23),Controlled drugs,A no further action disposal,False,False
Person search,2022-04-27T13:30:00+00:00,False,,52.402061,-0.706903,Male,10-17,White - English/Welsh/Scottish/Northern Irish/British,White,Misuse of Drugs Act 1971 (section 23),Controlled drugs,A no further action disposal,False,False
Person search,2022-04-28T00:55:00+00:00,False,,52.240384,-0.893035,Male,,White - English/Welsh/Scottish/Northern Irish/British,White,Police and Criminal Evidence Act 1984 (section 1),Offensive weapons,A no further action disposal,False,False
Person search,2022-04-28T08:20:00+00:00,False,,52.366987,-0.546570,Male,over 34,White - English/Welsh/Scottish/Northern Irish/British,White,Police and Criminal Evidence Act 1984 (section 1),Offensive weapons,A no further action disposal,False,False
Person search,2022-04-29T03:11:00+00:00,True,,52.273762,-0.906084,Male,25-34,White - Any other White background,White,Misuse of Drugs Act 1971 (section 23),Controlled drugs,A no further action disposal,False,False
Person search,2022-04-29T07:00:00+00:00,False,,52.239668,-0.881908,Male,25-34,White - Any other White background,White,Misuse of Drugs Act 1971 (section 23),Controlled drugs,A no further action disposal,False,False
Person search,2022-04-29T09:20:00+00:00,False,,52.397558,-0.720204,Male,18-24,White - Any other White background,White,Misuse of Drugs Act 1971 (section 23),Controlled drugs,A no further action disposal,False,False
Person search,2022-04-29T09:32:00+00:00,True,,52.397263,-0.716288,Male,18-24,Black/African/Caribbean/Black British - Any other Black/African/Caribbean background,White,Misuse of Drugs Act 1971 (section 23),Controlled drugs,Arrest,True,True
Person search,2022-04-29T09:35:00+00:00,False,,52.397263,-0.716288,Female,18-24,Mixed/Multiple ethnic groups - Any other Mixed/Multiple ethnic background,White,Misuse of Drugs Act 1971 (section 23),Controlled drugs,Arrest,True,False
Person search,2022-04-29T12:00:00+00:00,False,,52.294819,-0.715087,Male,10-17,White - English/Welsh/Scottish/Northern Irish/British,White,Misuse of Drugs Act 1971 (section 23),Controlled drugs,Arrest,True,False
Person search,2022-04-29T12:20:00+00:00,False,,52.186947,-0.894436,Male,18-24,Asian/Asian British - Any other Asian background,Asian,Police and Criminal Evidence Act 1984 (section 1),Stolen goods,Arrest,True,False
Person search,2022-04-29T15:35:00+00:00,False,,,,Male,over 34,White - English/Welsh/Scottish/Northern Irish/British,White,Police and Criminal Evidence Act 1984 (section 1),Article for use in theft,A no further action disposal,False,False
Person search,2022-04-29T16:30:00+00:00,False,,52.241872,-0.894448,Male,25-34,White - English/Welsh/Scottish/Northern Irish/British,White,Misuse of Drugs Act 1971 (section 23),Controlled drugs,A no further action disposal,True,False
Person search,2022-04-29T19:45:00+00:00,False,,52.245367,-0.897100,Male,over 34,White - English/Welsh/Scottish/Northern Irish/British,White,Misuse of Drugs Act 1971 (section 23),Controlled drugs,Arrest,True,False
Person search,2022-04-29T19:55:00+00:00,False,,52.290512,-0.719229,Male,18-24,White - English/Welsh/Scottish/Northern Irish/British,White,Misuse of Drugs Act 1971 (section 23),Controlled drugs,A no further action disposal,False,False
Person search,2022-04-29T20:40:00+00:00,False,,52.244138,-0.874590,Male,over 34,Other ethnic group - Not stated,Black,Misuse of Drugs Act 1971 (section 23),Controlled drugs,A no further action disposal,False,False
Person search,2022-04-29T20:45:00+00:00,False,,52.245245,-0.874693,,18-24,Other ethnic group - Not stated,White,Misuse of Drugs Act 1971 (section 23),Controlled drugs,A no further action disposal,False,False
Person search,2022-04-29T22:00:00+00:00,False,,52.236790,-0.899056,Male,25-34,White - English/Welsh/Scottish/Northern Irish/British,,Misuse of Drugs Act 1971 (section 23),Controlled drugs,A no further action disposal,False,False
Person search,2022-04-29T22:00:00+00:00,False,,52.138573,-1.163979,Female,25-34,White - English/Welsh/Scottish/Northern Irish/British,White,Misuse of Drugs Act 1971 (section 23),Controlled drugs,Community resolution,True,False
Person search,2022-04-29T22:05:00+00:00,False,,52.236790,-0.899056,Male,25-34,White - English/Welsh/Scottish/Northern Irish/British,White,Misuse of Drugs Act 1971 (section 23),Controlled drugs,A no further action disposal,True,False
Person search,2022-04-30T02:20:00+00:00,False,,52.236918,-0.898320,Male,25-34,White - English/Welsh/Scottish/Northern Irish/British,White,Misuse of Drugs Act 1971 (section 23),Controlled drugs,A no further action disposal,False,False
Person search,2022-04-30T05:10:00+00:00,False,,52.237305,-0.896436,Male,25-34,White - English/Welsh/Scottish/Northern Irish/British,White,Police and Criminal Evidence Act 1984 (section 1),Offensive weapons,A no further action disposal,False,False
Person search,2022-04-30T09:55:00+00:00,False,,52.247264,-0.879022,Male,over 34,Mixed/Multiple ethnic groups - White and Black African,Black,Misuse of Drugs Act 1971 (section 23),Controlled drugs,A no further action disposal,False,False
Person search,2022-04-30T09:55:00+00:00,False,,52.247264,-0.879022,Female,over 34,White - Any other White background,White,Misuse of Drugs Act 1971 (section 23),Controlled drugs,A no further action disposal,False,False
Person search,2022-04-30T15:20:00+00:00,False,,52.093549,-0.882966,Male,18-24,White - Any other White background,White,Police and Criminal Evidence Act 1984 (section 1),Article for use in theft,A no further action disposal,False,False
Person search,2022-04-30T15:20:00+00:00,False,,52.094276,-0.881882,Male,18-24,White - Any other White background,White,Police and Criminal Evidence Act 1984 (section 1),Article for use in theft,A no further action disposal,False,False
Person search,2022-04-30T15:30:00+00:00,True,,52.244377,-0.894152,Male,,Other ethnic group - Not stated,Black,Misuse of Drugs Act 1971 (section 23),Controlled drugs,A no further action disposal,False,True
Person search,2022-04-30T16:40:00+00:00,False,,,,Male,10-17,White - English/Welsh/Scottish/Northern Irish/British,White,Misuse of Drugs Act 1971 (section 23),Controlled drugs,A no further action disposal,False,False
Person search,2022-04-30T16:40:00+00:00,False,,,,Male,10-17,Black/African/Caribbean/Black British - African,Black,Misuse of Drugs Act 1971 (section 23),Controlled drugs,A no further action disposal,False,False
Person search,2022-04-30T16:40:00+00:00,False,,,,Male,10-17,White - English/Welsh/Scottish/Northern Irish/British,White,Misuse of Drugs Act 1971 (section 23),Controlled drugs,A no further action disposal,False,False
Person search,2022-04-30T16:40:00+00:00,False,,,,Male,10-17,White - English/Welsh/Scottish/Northern Irish/British,White,Misuse of Drugs Act 1971 (section 23),Controlled drugs,A no further action disposal,False,False
Person search,2022-04-30T20:35:00+00:00,False,,,,Male,25-34,White - English/Welsh/Scottish/Northern Irish/British,White,Misuse of Drugs Act 1971 (section 23),Controlled drugs,A no further action disposal,False,False
Person search,2022-04-30T21:18:00+00:00,False,,52.244555,-0.912309,Male,25-34,White - English/Welsh/Scottish/Northern Irish/British,White,Misuse of Drugs Act 1971 (section 23),Controlled drugs,A no further action disposal,False,False
Person search,2022-04-30T22:45:00+00:00,False,,52.241462,-0.879593,Male,over 34,Black/African/Caribbean/Black British - Any other Black/African/Caribbean background,Black,Misuse of Drugs Act 1971 (section 23),Controlled drugs,Community resolution,True,False
