Type,Date,Part of a policing operation,Policing operation,Latitude,Longitude,Gender,Age range,Self-defined ethnicity,Officer-defined ethnicity,Legislation,Object of search,Outcome,Outcome linked to object of search,Removal of more than just outer clothing
Person search,2022-09-30T23:00:00+00:00,False,,52.619654,1.296088,Male,18-24,Other ethnic group - Not stated,White,Police and Criminal Evidence Act 1984 (section 1),Articles for use in criminal damage,A no further action disposal,False,False
Person search,2022-09-30T23:08:00+00:00,False,,52.619654,1.296088,Female,18-24,Other ethnic group - Not stated,White,Police and Criminal Evidence Act 1984 (section 1),Articles for use in criminal damage,A no further action disposal,False,False
Person search,2022-10-01T01:00:00+00:00,False,,52.630425,1.298450,Male,over 34,White - English/Welsh/Scottish/Northern Irish/British,White,Police and Criminal Evidence Act 1984 (section 1),Stolen goods,Community resolution,False,False
Person search,2022-10-01T09:21:00+00:00,False,,52.637590,1.279135,Male,25-34,Other ethnic group - Not stated,White,Misuse of Drugs Act 1971 (section 23),Controlled drugs,A no further action disposal,True,False
Person search,2022-10-01T13:31:00+00:00,False,,52.636813,1.279905,Male,25-34,White - English/Welsh/Scottish/Northern Irish/British,White,Misuse of Drugs Act 1971 (section 23),Controlled drugs,A no further action disposal,True,False
Person search,2022-10-01T14:08:00+00:00,False,,52.612727,1.316429,Male,10-17,White - English/Welsh/Scottish/Northern Irish/British,White,Police and Criminal Evidence Act 1984 (section 1),Articles for use in criminal damage,A no further action disposal,False,False
Person search,2022-10-01T16:50:00+00:00,False,,52.627390,1.308582,Male,,Mixed/Multiple ethnic groups - White and Black African,Black,Misuse of Drugs Act 1971 (section 23),Controlled drugs,A no further action disposal,False,False
Person search,2022-10-01T18:15:00+00:00,False,,52.680815,0.970609,Male,18-24,White - English/Welsh/Scottish/Northern Irish/British,White,Misuse of Drugs Act 1971 (section 23),Controlled drugs,A no further action disposal,True,False
Person search,2022-10-01T18:22:00+00:00,False,,52.681871,0.948130,Male,18-24,White - Any other White background,White,Misuse of Drugs Act 1971 (section 23),Controlled drugs,A no further action disposal,False,False
Person search,2022-10-01T18:25:00+00:00,False,,52.681164,0.973888,Male,18-24,White - English/Welsh/Scottish/Northern Irish/British,White,Misuse of Drugs Act 1971 (section 23),Controlled drugs,A no further action disposal,True,False
Person search,2022-10-01T19:50:00+00:00,False,,52.569693,1.722069,Male,25-34,White - Any other White background,White,Misuse of Drugs Act 1971 (section 23),Controlled drugs,A no further action disposal,False,False
Person search,2022-10-01T21:10:00+00:00,False,,,,Male,25-34,White - Any other White background,White,Misuse of Drugs Act 1971 (section 23),Controlled drugs,A no further action disposal,False,False
Person search,2022-10-01T22:35:00+00:00,False,,52.644499,1.338914,Male,10-17,Mixed/Multiple ethnic groups - Any other Mixed/Multiple ethnic background,Other,Police and Criminal Evidence Act 1984 (section 1),Offensive weapons,A no further action disposal,False,False
Person search,2022-10-01T22:38:00+00:00,False,,52.644499,1.338914,Male,10-17,White - English/Welsh/Scottish/Northern Irish/British,White,Police and Criminal Evidence Act 1984 (section 1),Offensive weapons,A no further action disposal,False,False
Person search,2022-10-01T23:15:00+00:00,False,,52.734599,0.417152,Female,25-34,White - English/Welsh/Scottish/Northern Irish/British,White,Police and Criminal Evidence Act 1984 (section 1),Stolen goods,Community resolution,False,False
Person search,2022-10-02T00:16:00+00:00,False,,,,Female,over 34,Other ethnic group - Not stated,Other,Misuse of Drugs Act 1971 (section 23),Controlled drugs,A no further action disposal,False,False
Person search,2022-10-02T01:07:00+00:00,False,,52.628969,1.302627,Male,18-24,Other ethnic group - Not stated,White,Misuse of Drugs Act 1971 (section 23),Controlled drugs,A no further action disposal,False,False
Person search,2022-10-02T04:28:00+00:00,False,,52.675735,0.937744,Male,over 34,White - Any other White background,White,Police and Criminal Evidence Act 1984 (section 1),Offensive weapons,Arrest,False,False
Person search,2022-10-02T09:43:00+00:00,False,,52.627089,1.295213,Male,10-17,Other ethnic group - Not stated,White,Misuse of Drugs Act 1971 (section 23),Controlled drugs,A no further action disposal,False,False
Person search,2022-10-02T09:43:00+00:00,False,,52.627089,1.295213,Male,10-17,Other ethnic group - Not stated,White,Misuse of Drugs Act 1971 (section 23),Controlled drugs,A no further action disposal,False,False
Person search,2022-10-02T10:00:00+00:00,False,,52.428703,0.747684,Female,18-24,White - Any other White background,White,Misuse of Drugs Act 1971 (section 23),Controlled drugs,A no further action disposal,True,False
Person search,2022-10-02T10:05:00+00:00,False,,52.628268,1.290986,Male,over 34,Other ethnic group - Not stated,White,Police and Criminal Evidence Act 1984 (section 1),Offensive weapons,Arrest,True,False
Person search,2022-10-02T10:08:00+00:00,False,,52.428703,0.747684,Male,18-24,White - Any other White background,White,Misuse of Drugs Act 1971 (section 23),Controlled drugs,Summons / charged by post,True,False
Person search,2022-10-02T18:00:00+00:00,False,,52.597492,1.222686,Male,25-34,White - Any other White background,White,Misuse of Drugs Act 1971 (section 23),Controlled drugs,A no further action disposal,False,False
Person search,2022-10-02T18:10:00+00:00,False,,52.663933,0.929158,Male,18-24,White - English/Welsh/Scottish/Northern Irish/British,White,Misuse of Drugs Act 1971 (section 23),Controlled drugs,A no further action disposal,False,False
Person search,2022-10-02T18:15:00+00:00,False,,52.663129,0.928941,Male,25-34,White - English/Welsh/Scottish/Northern Irish/British,White,Misuse of Drugs Act 1971 (section 23),Controlled drugs,A no further action disposal,True,True
Person search,2022-10-02T18:31:00+00:00,False,,52.606997,1.228333,Male,over 34,White - English/Welsh/Scottish/Northern Irish/British,White,Misuse of Drugs Act 1971 (section 23),Controlled drugs,A no further action disposal,False,False
Person search,2022-10-02T18:33:00+00:00,False,,52.590495,0.380436,Male,25-34,White - English/Welsh/Scottish/Northern Irish/British,White,Misuse of Drugs Act 1971 (section 23),Controlled drugs,A no further action disposal,False,False
Person search,2022-10-02T19:30:00+00:00,False,,52.839007,0.509146,Male,25-34,Other ethnic group - Not stated,White,Police and Criminal Evidence Act 1984 (section 1),Article for use in theft,Summons / charged by post,False,False
Person search,2022-10-02T21:24:00+00:00,True,,52.653026,0.167154,Female,18-24,White - English/Welsh/Scottish/Northern Irish/British,White,Misuse of Drugs Act 1971 (section 23),Controlled drugs,A no further action disposal,False,False
Person search,2022-10-02T21:24:00+00:00,True,,52.653026,0.167154,Male,25-34,White - English/Welsh/Scottish/Northern Irish/British,White,Misuse of Drugs Act 1971 (section 23),Controlled drugs,Arrest,False,False
Person search,2022-10-02T23:10:00+00:00,False,,52.740656,0.409398,Female,18-24,White - English/Welsh/Scottish/Northern Irish/British,White,Misuse of Drugs Act 1971 (section 23),Controlled drugs,Arrest,False,False
Person search,2022-10-03T11:00:00+00:00,False,,52.752357,0.396825,Male,over 34,White - English/Welsh/Scottish/Northern Irish/British,White,Police and Criminal Evidence Act 1984 (section 1),Stolen goods,Arrest,True,False
Person search,2022-10-03T11:30:00+00:00,False,,52.578083,1.137243,Male,over 34,White - English/Welsh/Scottish/Northern Irish/British,White,Misuse of Drugs Act 1971 (section 23),Controlled drugs,A no further action disposal,False,False
Person search,2022-10-03T13:00:00+00:00,False,,52.747614,0.401929,Male,over 34,White - English/Welsh/Scottish/Northern Irish/British,White,Misuse of Drugs Act 1971 (section 23),Controlled drugs,A no further action disposal,False,True
Person search,2022-10-03T13:30:00+00:00,False,,52.746119,0.400691,Male,over 34,White - English/Welsh/Scottish/Northern Irish/British,White,Misuse of Drugs Act 1971 (section 23),Controlled drugs,Arrest,True,False
Person search,2022-10-03T13:30:00+00:00,False,,52.746459,0.402132,Male,25-34,White - English/Welsh/Scottish/Northern Irish/British,White,Misuse of Drugs Act 1971 (section 23),Controlled drugs,A no further action disposal,False,True
Person search,2022-10-03T14:00:00+00:00,False,,52.748612,0.399702,Male,25-34,White - English/Welsh/Scottish/Northern Irish/British,White,Misuse of Drugs Act 1971 (section 23),Controlled drugs,A no further action disposal,False,True
Person search,2022-10-03T14:00:00+00:00,False,,52.679701,0.944610,Male,25-34,White - English/Welsh/Scottish/Northern Irish/British,White,Misuse of Drugs Act 1971 (section 23),Controlled drugs,A no further action disposal,False,False
Person search,2022-10-03T14:00:00+00:00,False,,52.679701,0.944610,Male,25-34,White - Any other White background,White,Misuse of Drugs Act 1971 (section 23),Controlled drugs,A no further action disposal,False,False
Person search,2022-10-03T14:00:00+00:00,False,,52.748612,0.399702,Male,25-34,White - English/Welsh/Scottish/Northern Irish/British,White,Misuse of Drugs Act 1971 (section 23),Controlled drugs,A no further action disposal,False,True
Person search,2022-10-03T14:46:00+00:00,False,,52.679701,0.944610,Female,over 34,White - English/Welsh/Scottish/Northern Irish/British,White,Misuse of Drugs Act 1971 (section 23),Controlled drugs,A no further action disposal,False,False
Person search,2022-10-03T16:43:27+00:00,False,,52.602346,1.714543,Male,over 34,White - English/Welsh/Scottish/Northern Irish/British,White,Misuse of Drugs Act 1971 (section 23),Controlled drugs,A no further action disposal,False,False
Person search,2022-10-03T16:44:55+00:00,True,,52.602346,1.714543,Male,25-34,White - English/Welsh/Scottish/Northern Irish/British,White,Misuse of Drugs Act 1971 (section 23),Controlled drugs,A no further action disposal,False,False
Person search,2022-10-03T16:49:52+00:00,False,,52.653520,0.651265,Male,over 34,White - English/Welsh/Scottish/Northern Irish/British,White,Misuse of Drugs Act 1971 (section 23),Controlled drugs,Arrest,True,False
Person search,2022-10-03T17:13:27+00:00,False,,52.606793,1.719884,Male,18-24,White - English/Welsh/Scottish/Northern Irish/British,White,Police and Criminal Evidence Act 1984 (section 1),Offensive weapons,A no further action disposal,False,False
Person search,2022-10-03T22:19:00+00:00,False,,52.585964,1.723508,Male,,White - English/Welsh/Scottish/Northern Irish/British,White,Police and Criminal Evidence Act 1984 (section 1),Stolen goods,A no further action disposal,False,False
Person search,2022-10-04T07:09:19+00:00,False,,52.623785,1.293694,Male,over 34,Black/African/Caribbean/Black British - Caribbean,Black,Misuse of Drugs Act 1971 (section 23),Controlled drugs,Community resolution,True,False
Person search,2022-10-04T13:40:00+00:00,False,,52.626485,1.114890,Male,25-34,White - English/Welsh/Scottish/Northern Irish/British,White,Misuse of Drugs Act 1971 (section 23),Controlled drugs,Arrest,True,False
Person search,2022-10-04T13:40:00+00:00,False,,52.626485,1.114890,Male,over 34,White - English/Welsh/Scottish/Northern Irish/British,White,Misuse of Drugs Act 1971 (section 23),Controlled drugs,Arrest,True,False
Person search,2022-10-04T13:47:00+00:00,False,,52.657522,1.206826,Male,over 34,White - Any other White background,White,Misuse of Drugs Act 1971 (section 23),Controlled drugs,Arrest,False,False
Person search,2022-10-04T14:10:41+00:00,True,,52.618424,1.727847,Male,over 34,White - English/Welsh/Scottish/Northern Irish/British,White,Misuse of Drugs Act 1971 (section 23),Controlled drugs,Arrest,True,False
Person search,2022-10-04T15:43:54+00:00,False,,52.612775,1.724145,Male,25-34,White - English/Welsh/Scottish/Northern Irish/British,White,Misuse of Drugs Act 1971 (section 23),Controlled drugs,Arrest,True,False
Person search,2022-10-04T19:20:00+00:00,False,,52.628157,1.287859,Male,18-24,Other ethnic group - Not stated,Asian,Misuse of Drugs Act 1971 (section 23),Controlled drugs,Summons / charged by post,True,False
Person search,2022-10-04T21:00:00+00:00,False,,52.412791,0.745944,Male,25-34,White - English/Welsh/Scottish/Northern Irish/British,White,Misuse of Drugs Act 1971 (section 23),Controlled drugs,A no further action disposal,False,False
Person search,2022-10-04T21:00:00+00:00,True,,52.754164,0.399518,Male,10-17,Other ethnic group - Not stated,Black,Police and Criminal Evidence Act 1984 (section 1),Offensive weapons,A no further action disposal,False,False
Person search,2022-10-04T21:38:00+00:00,True,,52.754164,0.399518,Male,10-17,White - Any other White background,White,Misuse of Drugs Act 1971 (section 23),Controlled drugs,A no further action disposal,False,False
Person search,2022-10-04T23:10:00+00:00,False,,52.574913,1.725110,Male,25-34,White - English/Welsh/Scottish/Northern Irish/British,White,Misuse of Drugs Act 1971 (section 23),Controlled drugs,Community resolution,True,False
Person search,2022-10-05T03:58:00+00:00,False,,52.756394,0.405702,Male,18-24,White - English/Welsh/Scottish/Northern Irish/British,White,Misuse of Drugs Act 1971 (section 23),Controlled drugs,Community resolution,True,False
Person search,2022-10-05T04:10:00+00:00,False,,52.756394,0.405702,Male,25-34,White - English/Welsh/Scottish/Northern Irish/British,White,Misuse of Drugs Act 1971 (section 23),Controlled drugs,A no further action disposal,False,False
Person search,2022-10-05T13:00:00+00:00,False,,52.747614,0.401929,Female,over 34,White - English/Welsh/Scottish/Northern Irish/British,White,Misuse of Drugs Act 1971 (section 23),Controlled drugs,A no further action disposal,False,False
Person search,2022-10-05T13:17:00+00:00,False,,52.746119,0.400691,Male,over 34,White - Any other White background,White,Misuse of Drugs Act 1971 (section 23),Controlled drugs,A no further action disposal,False,False
Person search,2022-10-05T16:28:00+00:00,True,,52.574913,1.725110,Male,18-24,White - English/Welsh/Scottish/Northern Irish/British,White,Misuse of Drugs Act 1971 (section 23),Controlled drugs,A no further action disposal,False,False
Person search,2022-10-05T16:28:00+00:00,True,,52.574913,1.725110,Male,18-24,White - English/Welsh/Scottish/Northern Irish/British,White,Misuse of Drugs Act 1971 (section 23),Controlled drugs,A no further action disposal,False,False
Person search,2022-10-05T18:00:00+00:00,False,,52.627726,1.291049,Male,25-34,Other ethnic group - Not stated,White,Police and Criminal Evidence Act 1984 (section 1),Offensive weapons,A no further action disposal,False,False
Person search,2022-10-05T18:50:00+00:00,False,,52.418731,0.748431,Male,over 34,Other ethnic group - Not stated,White,Misuse of Drugs Act 1971 (section 23),Controlled drugs,A no further action disposal,True,False
Person search,2022-10-05T20:50:00+00:00,False,,52.737920,0.413914,Male,over 34,Other ethnic group - Not stated,White,Misuse of Drugs Act 1971 (section 23),Controlled drugs,A no further action disposal,False,False
Person search,2022-10-05T21:10:00+00:00,False,,52.411251,0.747172,Male,25-34,,Asian,Misuse of Drugs Act 1971 (section 23),Controlled drugs,A no further action disposal,False,False
Person search,2022-10-05T23:15:00+00:00,False,,52.648367,1.280327,Male,25-34,Asian/Asian British - Any other Asian background,Asian,Misuse of Drugs Act 1971 (section 23),Controlled drugs,Community resolution,True,False
Person search,2022-10-06T09:05:00+00:00,False,,52.934946,0.485749,Female,18-24,White - English/Welsh/Scottish/Northern Irish/British,White,Misuse of Drugs Act 1971 (section 23),Controlled drugs,A no further action disposal,False,False
Person search,2022-10-06T10:35:00+00:00,False,,52.634459,1.285021,Male,18-24,White - English/Welsh/Scottish/Northern Irish/British,White,Misuse of Drugs Act 1971 (section 23),Controlled drugs,A no further action disposal,False,False
Person search,2022-10-06T10:35:00+00:00,False,,52.634459,1.285021,Male,18-24,White - English/Welsh/Scottish/Northern Irish/British,White,Misuse of Drugs Act 1971 (section 23),Controlled drugs,A no further action disposal,False,False
Person search,2022-10-06T10:37:00+00:00,False,,52.934946,0.485749,Male,18-24,White - Any other White background,White,Misuse of Drugs Act 1971 (section 23),Controlled drugs,A no further action disposal,False,False
Person search,2022-10-06T11:21:00+00:00,False,,52.629944,1.278238,Male,25-34,White - English/Welsh/Scottish/Northern Irish/British,Asian,Police and Criminal Evidence Act 1984 (section 1),Article for use in theft,A no further action disposal,False,False
Person search,2022-10-06T14:32:00+00:00,False,,52.634459,1.285021,Male,18-24,Other ethnic group - Not stated,White,Misuse of Drugs Act 1971 (section 23),Controlled drugs,A no further action disposal,False,False
Person search,2022-10-06T14:32:00+00:00,False,,52.634459,1.285021,Male,18-24,Other ethnic group - Not stated,White,Misuse of Drugs Act 1971 (section 23),Controlled drugs,A no further action disposal,False,False
Person search,2022-10-06T16:18:00+00:00,False,,52.740118,0.396450,Male,25-34,White - English/Welsh/Scottish/Northern Irish/British,White,Police and Criminal Evidence Act 1984 (section 1),Article for use in theft,A no further action disposal,False,False
Person search,2022-10-06T16:18:00+00:00,False,,52.740118,0.396450,Male,,Other ethnic group - Not stated,White,Police and Criminal Evidence Act 1984 (section 1),Article for use in theft,A no further action disposal,False,False
Person search,2022-10-06T16:36:00+00:00,False,,52.931503,0.486533,Female,18-24,White - English/Welsh/Scottish/Northern Irish/British,White,Misuse of Drugs Act 1971 (section 23),Controlled drugs,A no further action disposal,True,False
Person search,2022-10-06T16:36:00+00:00,False,,52.931503,0.486533,Female,18-24,White - English/Welsh/Scottish/Northern Irish/British,White,Misuse of Drugs Act 1971 (section 23),Controlled drugs,A no further action disposal,True,False
Person search,2022-10-06T19:15:00+00:00,False,,52.578266,0.830175,Male,25-34,White - Any other White background,White,Misuse of Drugs Act 1971 (section 23),Controlled drugs,A no further action disposal,True,False
Person search,2022-10-06T20:02:00+00:00,False,,52.607947,1.291766,Male,18-24,Other ethnic group - Any other ethnic group,Other,Misuse of Drugs Act 1971 (section 23),Controlled drugs,A no further action disposal,False,False
Person search,2022-10-06T20:02:00+00:00,False,,52.607947,1.291766,Male,18-24,Other ethnic group - Any other ethnic group,Other,Misuse of Drugs Act 1971 (section 23),Controlled drugs,A no further action disposal,False,False
Person search,2022-10-06T20:17:00+00:00,False,,52.633871,1.313225,Male,18-24,Black/African/Caribbean/Black British - African,Black,Misuse of Drugs Act 1971 (section 23),Controlled drugs,Community resolution,False,False
Person search,2022-10-06T21:18:00+00:00,False,,52.418954,0.745004,Male,18-24,White - Any other White background,White,Misuse of Drugs Act 1971 (section 23),Controlled drugs,A no further action disposal,False,False
Person search,2022-10-07T13:20:00+00:00,False,,52.725277,0.414415,Male,25-34,White - English/Welsh/Scottish/Northern Irish/British,White,Misuse of Drugs Act 1971 (section 23),Controlled drugs,Arrest,True,False
Person search,2022-10-07T13:43:00+00:00,False,,52.578266,0.830175,Male,25-34,White - Any other White background,White,Misuse of Drugs Act 1971 (section 23),Controlled drugs,A no further action disposal,True,False
Person search,2022-10-07T17:28:00+00:00,False,,52.627726,1.291049,Male,25-34,Other ethnic group - Not stated,Asian,Misuse of Drugs Act 1971 (section 23),Controlled drugs,A no further action disposal,True,False
Person search,2022-10-07T17:28:00+00:00,False,,52.691153,0.420596,Male,25-34,Other ethnic group - Not stated,White,Misuse of Drugs Act 1971 (section 23),Controlled drugs,Arrest,True,False
Person search,2022-10-07T19:10:00+00:00,False,,52.630928,1.287180,Male,25-34,White - English/Welsh/Scottish/Northern Irish/British,White,Misuse of Drugs Act 1971 (section 23),Controlled drugs,A no further action disposal,False,False
Person search,2022-10-07T19:50:00+00:00,False,,52.626797,1.306306,Male,over 34,White - Any other White background,White,Police and Criminal Evidence Act 1984 (section 1),Stolen goods,A no further action disposal,True,False
Person search,2022-10-07T20:51:00+00:00,False,,52.796816,0.470653,Male,10-17,White - English/Welsh/Scottish/Northern Irish/British,White,Misuse of Drugs Act 1971 (section 23),Controlled drugs,A no further action disposal,False,False
Person search,2022-10-07T20:51:00+00:00,False,,52.796816,0.470653,Male,10-17,White - Any other White background,White,Misuse of Drugs Act 1971 (section 23),Controlled drugs,A no further action disposal,False,False
Person search,2022-10-08T14:02:00+00:00,False,,52.633913,1.295919,Male,25-34,Other ethnic group - Not stated,Black,Misuse of Drugs Act 1971 (section 23),Controlled drugs,A no further action disposal,False,False
Person search,2022-10-08T21:40:00+00:00,False,,52.638032,1.284623,Male,over 34,White - Any other White background,White,Misuse of Drugs Act 1971 (section 23),Controlled drugs,A no further action disposal,False,False
Person search,2022-10-08T22:00:00+00:00,False,,52.582485,1.357435,Male,18-24,White - English/Welsh/Scottish/Northern Irish/British,White,Misuse of Drugs Act 1971 (section 23),Controlled drugs,A no further action disposal,True,False
Person search,2022-10-08T22:00:00+00:00,False,,52.582485,1.357435,Male,18-24,White - English/Welsh/Scottish/Northern Irish/British,White,Misuse of Drugs Act 1971 (section 23),Controlled drugs,A no further action disposal,False,False
Person search,2022-10-08T22:00:00+00:00,False,,52.582485,1.357435,Male,18-24,White - English/Welsh/Scottish/Northern Irish/British,White,Misuse of Drugs Act 1971 (section 23),Controlled drugs,A no further action disposal,False,False
Person search,2022-10-08T22:00:00+00:00,False,,52.582485,1.357435,Male,18-24,White - English/Welsh/Scottish/Northern Irish/British,White,Misuse of Drugs Act 1971 (section 23),Controlled drugs,A no further action disposal,True,False
Person search,2022-10-09T03:00:00+00:00,False,,52.628816,1.301979,Male,25-34,Other ethnic group - Not stated,Black,Police and Criminal Evidence Act 1984 (section 1),Offensive weapons,A no further action disposal,False,False
Person search,2022-10-09T12:10:00+00:00,False,,52.674395,0.944268,Male,18-24,White - English/Welsh/Scottish/Northern Irish/British,White,Misuse of Drugs Act 1971 (section 23),Controlled drugs,Community resolution,True,False
Person search,2022-10-09T12:20:00+00:00,False,,52.678932,0.946630,Male,over 34,White - Any other White background,White,Misuse of Drugs Act 1971 (section 23),Controlled drugs,A no further action disposal,True,False
Person search,2022-10-09T12:30:00+00:00,False,,52.678932,0.946630,Male,over 34,Other ethnic group - Any other ethnic group,White,Misuse of Drugs Act 1971 (section 23),Controlled drugs,A no further action disposal,False,False
Person search,2022-10-09T19:30:00+00:00,False,,54.938515,-3.244005,Male,10-17,Black/African/Caribbean/Black British - Any other Black/African/Caribbean background,Black,Misuse of Drugs Act 1971 (section 23),Controlled drugs,A no further action disposal,False,True
Person search,2022-10-09T23:50:00+00:00,False,,52.599176,1.732666,Other,,Other ethnic group - Not stated,Black,Police and Criminal Evidence Act 1984 (section 1),Offensive weapons,A no further action disposal,False,False
Person search,2022-10-10T00:00:00+00:00,False,,52.629213,1.298373,Male,25-34,Other ethnic group - Not stated,White,Police and Criminal Evidence Act 1984 (section 1),Offensive weapons,Arrest,False,False
Person search,2022-10-10T00:00:00+00:00,False,,52.602570,1.732866,Male,18-24,Other ethnic group - Not stated,Black,Police and Criminal Evidence Act 1984 (section 1),Offensive weapons,A no further action disposal,False,False
Person search,2022-10-10T12:58:00+00:00,False,,52.664343,1.276536,Male,25-34,White - English/Welsh/Scottish/Northern Irish/British,White,Misuse of Drugs Act 1971 (section 23),Controlled drugs,Arrest,False,False
Person search,2022-10-10T13:15:00+00:00,False,,52.622997,1.311620,Male,25-34,Other ethnic group - Not stated,White,Misuse of Drugs Act 1971 (section 23),Controlled drugs,A no further action disposal,False,False
Person search,2022-10-10T13:15:00+00:00,False,,52.622997,1.311620,Male,25-34,Other ethnic group - Not stated,White,Misuse of Drugs Act 1971 (section 23),Controlled drugs,A no further action disposal,False,False
Person search,2022-10-10T13:20:00+00:00,False,,52.699066,0.328128,Male,25-34,White - English/Welsh/Scottish/Northern Irish/British,White,Misuse of Drugs Act 1971 (section 23),Controlled drugs,Arrest,True,False
Person search,2022-10-10T13:52:00+00:00,False,,52.662332,0.939729,Male,18-24,White - English/Welsh/Scottish/Northern Irish/British,White,Misuse of Drugs Act 1971 (section 23),Controlled drugs,Community resolution,True,False
Person search,2022-10-10T16:04:00+00:00,False,,52.629017,1.301862,Male,over 34,Other ethnic group - Not stated,White,Police and Criminal Evidence Act 1984 (section 1),Article for use in theft,A no further action disposal,True,False
Person search,2022-10-10T16:30:00+00:00,False,,52.602570,1.732866,Male,25-34,Other ethnic group - Not stated,White,Misuse of Drugs Act 1971 (section 23),Controlled drugs,A no further action disposal,False,False
Person search,2022-10-10T16:40:00+00:00,False,,52.621324,1.301341,Male,10-17,White - English/Welsh/Scottish/Northern Irish/British,White,Misuse of Drugs Act 1971 (section 23),Controlled drugs,A no further action disposal,False,False
Person search,2022-10-10T19:05:00+00:00,False,,52.937507,1.205907,Male,18-24,Other ethnic group - Not stated,White,Misuse of Drugs Act 1971 (section 23),Controlled drugs,A no further action disposal,False,False
Person search,2022-10-10T19:05:00+00:00,False,,52.937507,1.205907,Male,10-17,Other ethnic group - Not stated,White,Misuse of Drugs Act 1971 (section 23),Controlled drugs,A no further action disposal,False,False
Person search,2022-10-10T19:05:00+00:00,False,,52.937507,1.205907,Male,10-17,Other ethnic group - Not stated,White,Misuse of Drugs Act 1971 (section 23),Controlled drugs,A no further action disposal,False,False
Person search,2022-10-10T19:10:00+00:00,False,,54.952349,-3.218870,Female,18-24,White - English/Welsh/Scottish/Northern Irish/British,White,Misuse of Drugs Act 1971 (section 23),Controlled drugs,A no further action disposal,False,False
Person search,2022-10-10T19:15:00+00:00,False,,54.952349,-3.218870,Female,25-34,White - English/Welsh/Scottish/Northern Irish/British,White,Misuse of Drugs Act 1971 (section 23),Controlled drugs,A no further action disposal,False,False
Person search,2022-10-10T19:47:00+00:00,False,,54.952349,-3.218870,Male,10-17,White - English/Welsh/Scottish/Northern Irish/British,White,Firearms Act 1968 (section 47),Firearms,Arrest,False,False
Person search,2022-10-10T20:44:00+00:00,False,,52.937507,1.205907,Male,10-17,Other ethnic group - Not stated,White,Misuse of Drugs Act 1971 (section 23),Controlled drugs,A no further action disposal,False,False
Person search,2022-10-10T21:02:00+00:00,False,,52.737996,0.410348,Other,,Black/African/Caribbean/Black British - Caribbean,White,Police and Criminal Evidence Act 1984 (section 1),Articles for use in criminal damage,A no further action disposal,True,False
Person search,2022-10-10T21:59:00+00:00,False,,52.683147,0.601080,Male,18-24,White - Any other White background,White,Misuse of Drugs Act 1971 (section 23),Controlled drugs,A no further action disposal,False,False
Person search,2022-10-11T00:15:00+00:00,False,,52.411588,0.744311,Male,over 34,White - Any other White background,White,Misuse of Drugs Act 1971 (section 23),Controlled drugs,A no further action disposal,False,False
Person search,2022-10-11T03:15:00+00:00,False,,52.841919,0.512596,Male,18-24,White - English/Welsh/Scottish/Northern Irish/British,White,Misuse of Drugs Act 1971 (section 23),Controlled drugs,Arrest,True,False
Person search,2022-10-11T13:00:00+00:00,False,,52.625272,1.292313,Male,over 34,Other ethnic group - Not stated,White,Police and Criminal Evidence Act 1984 (section 1),Stolen goods,Summons / charged by post,True,False
Person search,2022-10-11T19:44:00+00:00,False,,52.915306,0.697997,Male,18-24,White - English/Welsh/Scottish/Northern Irish/British,White,Police and Criminal Evidence Act 1984 (section 1),Anything to threaten or harm anyone,A no further action disposal,False,False
Person search,2022-10-11T19:44:00+00:00,False,,52.915306,0.697997,Female,10-17,White - English/Welsh/Scottish/Northern Irish/British,White,Police and Criminal Evidence Act 1984 (section 1),Anything to threaten or harm anyone,A no further action disposal,False,False
Person search,2022-10-12T01:03:29+00:00,False,,52.628400,1.241881,Male,25-34,White - English/Welsh/Scottish/Northern Irish/British,White,Police and Criminal Evidence Act 1984 (section 1),Offensive weapons,Arrest,False,False
Person search,2022-10-12T10:15:00+00:00,False,,52.645534,1.285866,Male,over 34,Other ethnic group - Not stated,White,Misuse of Drugs Act 1971 (section 23),Controlled drugs,Arrest,False,True
Person search,2022-10-12T10:15:00+00:00,False,,52.645534,1.285866,Male,over 34,Other ethnic group - Not stated,Black,Misuse of Drugs Act 1971 (section 23),Controlled drugs,Arrest,False,True
Person search,2022-10-12T10:15:00+00:00,False,,52.645534,1.285866,Male,over 34,Other ethnic group - Not stated,White,Misuse of Drugs Act 1971 (section 23),Controlled drugs,Arrest,False,True
Person search,2022-10-12T10:15:00+00:00,False,,52.645534,1.285866,Male,over 34,Other ethnic group - Not stated,Black,Misuse of Drugs Act 1971 (section 23),Controlled drugs,Arrest,False,True
Person search,2022-10-12T10:18:00+00:00,False,,52.645534,1.285866,Female,over 34,White - English/Welsh/Scottish/Northern Irish/British,White,Misuse of Drugs Act 1971 (section 23),Controlled drugs,Arrest,True,True
Person search,2022-10-12T12:15:00+00:00,False,,52.635870,1.297027,Male,over 34,Other ethnic group - Not stated,White,Misuse of Drugs Act 1971 (section 23),Controlled drugs,A no further action disposal,False,False
Person search,2022-10-12T12:45:00+00:00,False,,52.623010,1.303123,Male,over 34,Other ethnic group - Not stated,White,Misuse of Drugs Act 1971 (section 23),Controlled drugs,A no further action disposal,False,False
Person search,2022-10-12T13:02:00+00:00,False,,52.680152,0.942051,Male,over 34,White - English/Welsh/Scottish/Northern Irish/British,White,Police and Criminal Evidence Act 1984 (section 1),Stolen goods,A no further action disposal,False,False
Person search,2022-10-12T15:30:00+00:00,False,,52.614514,1.302380,Male,over 34,White - Any other White background,White,Misuse of Drugs Act 1971 (section 23),Controlled drugs,A no further action disposal,False,False
Person search,2022-10-12T19:20:00+00:00,False,,52.757313,0.418439,Male,over 34,White - English/Welsh/Scottish/Northern Irish/British,White,Misuse of Drugs Act 1971 (section 23),Controlled drugs,A no further action disposal,False,False
Person search,2022-10-12T21:45:00+00:00,False,,52.684376,0.182481,Male,,White - English/Welsh/Scottish/Northern Irish/British,White,Misuse of Drugs Act 1971 (section 23),Controlled drugs,A no further action disposal,False,False
Person search,2022-10-12T21:45:00+00:00,False,,52.684376,0.182481,Male,over 34,White - English/Welsh/Scottish/Northern Irish/British,White,Misuse of Drugs Act 1971 (section 23),Controlled drugs,A no further action disposal,False,False
Person search,2022-10-13T10:58:00+00:00,False,,52.640194,1.726905,Male,over 34,White - English/Welsh/Scottish/Northern Irish/British,White,Misuse of Drugs Act 1971 (section 23),Controlled drugs,Arrest,False,False
Person search,2022-10-13T13:15:00+00:00,False,,,,Male,18-24,Other ethnic group - Not stated,Other,Police and Criminal Evidence Act 1984 (section 1),Article for use in theft,Arrest,False,False
Person search,2022-10-13T14:34:22+00:00,False,,52.610227,1.721653,Male,over 34,White - English/Welsh/Scottish/Northern Irish/British,White,Misuse of Drugs Act 1971 (section 23),Controlled drugs,A no further action disposal,False,False
Person search,2022-10-13T14:38:55+00:00,False,,52.610585,1.721994,Male,over 34,White - English/Welsh/Scottish/Northern Irish/British,White,Misuse of Drugs Act 1971 (section 23),Controlled drugs,A no further action disposal,False,False
Person search,2022-10-14T02:30:00+00:00,False,,52.583980,0.294580,Female,25-34,Other ethnic group - Arab,Asian,Misuse of Drugs Act 1971 (section 23),Controlled drugs,A no further action disposal,False,False
Person search,2022-10-14T02:57:00+00:00,False,,52.743461,0.396115,Male,over 34,White - Any other White background,White,Police and Criminal Evidence Act 1984 (section 1),Offensive weapons,A no further action disposal,False,False
Person search,2022-10-14T08:20:00+00:00,False,,52.609023,1.729884,Male,25-34,White - English/Welsh/Scottish/Northern Irish/British,White,Police and Criminal Evidence Act 1984 (section 1),Article for use in theft,Arrest,True,False
Person search,2022-10-14T08:22:00+00:00,False,,52.607970,1.728480,Male,18-24,White - English/Welsh/Scottish/Northern Irish/British,White,Police and Criminal Evidence Act 1984 (section 1),Stolen goods,Arrest,True,False
Person search,2022-10-14T10:30:00+00:00,False,,52.637210,1.295413,Male,25-34,White - English/Welsh/Scottish/Northern Irish/British,White,Misuse of Drugs Act 1971 (section 23),Controlled drugs,A no further action disposal,True,False
Person search,2022-10-14T11:15:00+00:00,False,,52.632692,1.295841,Male,10-17,White - Any other White background,White,Misuse of Drugs Act 1971 (section 23),Controlled drugs,A no further action disposal,True,False
Person search,2022-10-14T13:30:00+00:00,False,,52.934706,0.489455,Male,over 34,White - English/Welsh/Scottish/Northern Irish/British,White,Misuse of Drugs Act 1971 (section 23),Controlled drugs,A no further action disposal,False,False
Person search,2022-10-14T14:43:00+00:00,False,,52.630683,1.308565,Female,over 34,White - Any other White background,White,Misuse of Drugs Act 1971 (section 23),Controlled drugs,A no further action disposal,False,False
Person search,2022-10-14T14:43:00+00:00,False,,52.628216,1.307344,Male,over 34,White - English/Welsh/Scottish/Northern Irish/British,White,Misuse of Drugs Act 1971 (section 23),Controlled drugs,A no further action disposal,False,False
Person search,2022-10-14T16:10:00+00:00,False,,52.651986,0.687442,Male,25-34,White - English/Welsh/Scottish/Northern Irish/British,White,Misuse of Drugs Act 1971 (section 23),Controlled drugs,A no further action disposal,True,False
Person search,2022-10-14T21:33:00+00:00,False,,52.634187,1.294180,Male,18-24,Other ethnic group - Not stated,,Police and Criminal Evidence Act 1984 (section 1),Article for use in theft,A no further action disposal,False,False
Person search,2022-10-14T21:35:00+00:00,False,,,,Male,18-24,White - Any other White background,White,Police and Criminal Evidence Act 1984 (section 1),Articles for use in criminal damage,A no further action disposal,False,False
Person search,2022-10-14T22:00:00+00:00,False,,52.599365,0.378421,Male,18-24,White - Any other White background,White,Misuse of Drugs Act 1971 (section 23),Controlled drugs,Community resolution,True,False
Person search,2022-10-15T01:00:00+00:00,False,,52.755475,0.398286,Male,18-24,Asian/Asian British - Any other Asian background,Asian,Misuse of Drugs Act 1971 (section 23),Controlled drugs,Community resolution,True,False
Person search,2022-10-15T01:12:56+00:00,False,,52.755475,0.398286,Male,over 34,Asian/Asian British - Any other Asian background,Asian,Misuse of Drugs Act 1971 (section 23),Controlled drugs,A no further action disposal,False,False
Person search,2022-10-15T13:25:00+00:00,False,,52.621324,1.301341,Male,,Other ethnic group - Arab,Asian,Misuse of Drugs Act 1971 (section 23),Controlled drugs,A no further action disposal,False,False
Person search,2022-10-15T13:25:00+00:00,False,,52.621324,1.301341,Male,18-24,White - English/Welsh/Scottish/Northern Irish/British,White,Misuse of Drugs Act 1971 (section 23),Controlled drugs,A no further action disposal,True,False
Person search,2022-10-15T13:25:00+00:00,False,,52.621324,1.301341,Male,10-17,White - English/Welsh/Scottish/Northern Irish/British,White,Misuse of Drugs Act 1971 (section 23),Controlled drugs,A no further action disposal,False,False
Person search,2022-10-15T20:40:00+00:00,False,,52.701719,0.415704,Male,10-17,White - Any other White background,White,Police and Criminal Evidence Act 1984 (section 1),Articles for use in criminal damage,A no further action disposal,False,False
Person search,2022-10-15T20:40:00+00:00,False,,52.701719,0.415704,Male,10-17,White - English/Welsh/Scottish/Northern Irish/British,White,Police and Criminal Evidence Act 1984 (section 1),Articles for use in criminal damage,A no further action disposal,False,False
Person search,2022-10-15T20:40:00+00:00,False,,52.701719,0.415704,Male,10-17,White - English/Welsh/Scottish/Northern Irish/British,White,Police and Criminal Evidence Act 1984 (section 1),Articles for use in criminal damage,A no further action disposal,False,False
Person search,2022-10-16T00:50:00+00:00,False,,52.600836,1.189860,Male,10-17,Other ethnic group - Not stated,White,Police and Criminal Evidence Act 1984 (section 1),Article for use in theft,A no further action disposal,False,False
Person search,2022-10-16T00:50:00+00:00,False,,52.600836,1.189860,Male,10-17,White - English/Welsh/Scottish/Northern Irish/British,White,Police and Criminal Evidence Act 1984 (section 1),Article for use in theft,A no further action disposal,False,False
Person search,2022-10-16T00:50:00+00:00,False,,52.600836,1.189860,Male,10-17,Other ethnic group - Not stated,White,Police and Criminal Evidence Act 1984 (section 1),Article for use in theft,A no further action disposal,False,False
Person search,2022-10-16T00:50:00+00:00,False,,52.600836,1.189860,Male,10-17,Other ethnic group - Not stated,White,Police and Criminal Evidence Act 1984 (section 1),Article for use in theft,A no further action disposal,False,False
Person search,2022-10-16T02:53:00+00:00,False,,52.607407,1.733795,Male,,Other ethnic group - Not stated,White,Police and Criminal Evidence Act 1984 (section 1),Offensive weapons,A no further action disposal,False,False
Person search,2022-10-16T03:20:00+00:00,False,,52.818390,1.397531,Female,18-24,Other ethnic group - Not stated,White,Misuse of Drugs Act 1971 (section 23),Controlled drugs,A no further action disposal,False,False
Person search,2022-10-16T13:45:00+00:00,False,,52.674739,1.058448,Male,25-34,White - English/Welsh/Scottish/Northern Irish/British,White,Misuse of Drugs Act 1971 (section 23),Controlled drugs,Community resolution,True,False
Person search,2022-10-16T18:20:00+00:00,False,,52.647826,1.285631,Female,18-24,White - Any other White background,White,Police and Criminal Evidence Act 1984 (section 1),Offensive weapons,Arrest,False,False
Person search,2022-10-16T18:29:00+00:00,False,,52.647826,1.285631,Male,18-24,White - English/Welsh/Scottish/Northern Irish/British,White,Police and Criminal Evidence Act 1984 (section 1),Offensive weapons,Arrest,False,False
Person search,2022-10-16T20:00:00+00:00,False,,52.421293,0.732955,Male,25-34,White - English/Welsh/Scottish/Northern Irish/British,White,Misuse of Drugs Act 1971 (section 23),Controlled drugs,A no further action disposal,False,False
Person search,2022-10-17T15:45:00+00:00,False,,52.636559,1.310368,Male,10-17,White - English/Welsh/Scottish/Northern Irish/British,White,Misuse of Drugs Act 1971 (section 23),Controlled drugs,A no further action disposal,False,False
Person search,2022-10-17T15:50:00+00:00,False,,52.636559,1.310368,Male,10-17,Other ethnic group - Not stated,White,Misuse of Drugs Act 1971 (section 23),Controlled drugs,A no further action disposal,False,False
Person search,2022-10-17T18:10:00+00:00,False,,52.934946,0.485749,Male,over 34,Asian/Asian British - Pakistani,Asian,Police and Criminal Evidence Act 1984 (section 1),Stolen goods,A no further action disposal,True,False
Person search,2022-10-17T19:55:00+00:00,False,,52.623776,1.298895,Male,10-17,White - English/Welsh/Scottish/Northern Irish/British,White,Misuse of Drugs Act 1971 (section 23),Controlled drugs,A no further action disposal,False,False
Person search,2022-10-17T20:14:26+00:00,False,,52.588375,1.704012,Male,10-17,White - English/Welsh/Scottish/Northern Irish/British,White,Police and Criminal Evidence Act 1984 (section 1),Article for use in theft,A no further action disposal,False,False
Person search,2022-10-17T20:19:00+00:00,False,,52.588375,1.704012,Male,,White - English/Welsh/Scottish/Northern Irish/British,White,Police and Criminal Evidence Act 1984 (section 1),Article for use in theft,A no further action disposal,False,False
Person search,2022-10-17T20:20:00+00:00,False,,52.588375,1.704012,Male,10-17,White - English/Welsh/Scottish/Northern Irish/British,White,Police and Criminal Evidence Act 1984 (section 1),Article for use in theft,A no further action disposal,False,False
Person search,2022-10-17T22:30:00+00:00,False,,52.757313,0.418439,Female,18-24,White - English/Welsh/Scottish/Northern Irish/British,White,Police and Criminal Evidence Act 1984 (section 1),Stolen goods,A no further action disposal,False,False
Person search,2022-10-17T22:37:00+00:00,False,,52.757313,0.418439,Male,18-24,White - English/Welsh/Scottish/Northern Irish/British,White,Police and Criminal Evidence Act 1984 (section 1),Stolen goods,Community resolution,True,False
Person search,2022-10-17T22:40:00+00:00,False,,52.593737,1.731731,Male,over 34,Mixed/Multiple ethnic groups - Any other Mixed/Multiple ethnic background,Other,Misuse of Drugs Act 1971 (section 23),Controlled drugs,A no further action disposal,False,False
Person search,2022-10-18T00:32:00+00:00,False,,52.605055,1.729384,Male,,Other ethnic group - Not stated,Black,Misuse of Drugs Act 1971 (section 23),Controlled drugs,A no further action disposal,False,False
Person search,2022-10-18T00:43:00+00:00,False,,52.606133,1.734248,Male,25-34,Other ethnic group - Arab,Asian,Police and Criminal Evidence Act 1984 (section 1),Offensive weapons,A no further action disposal,False,False
Person search,2022-10-18T04:52:00+00:00,False,,52.632869,0.692950,Male,25-34,White - English/Welsh/Scottish/Northern Irish/British,White,Police and Criminal Evidence Act 1984 (section 1),Offensive weapons,A no further action disposal,False,False
Person search,2022-10-18T10:40:00+00:00,False,,52.630549,1.290137,Male,25-34,Other ethnic group - Any other ethnic group,Asian,Police and Criminal Evidence Act 1984 (section 1),Article for use in theft,Arrest,True,False
Person search,2022-10-18T11:00:00+00:00,False,,52.693526,0.227141,Male,over 34,White - Any other White background,White,Misuse of Drugs Act 1971 (section 23),Controlled drugs,A no further action disposal,False,False
Person search,2022-10-18T12:43:00+00:00,False,,52.382808,1.111587,Female,18-24,White - English/Welsh/Scottish/Northern Irish/British,White,Misuse of Drugs Act 1971 (section 23),Controlled drugs,A no further action disposal,False,False
Person search,2022-10-18T13:00:00+00:00,False,,52.627089,1.295213,Female,10-17,White - Any other White background,White,Police and Criminal Evidence Act 1984 (section 1),Stolen goods,Community resolution,True,False
Person search,2022-10-18T13:00:00+00:00,False,,52.627089,1.295213,Female,18-24,White - Any other White background,White,Police and Criminal Evidence Act 1984 (section 1),Stolen goods,Community resolution,True,False
Person search,2022-10-18T13:00:00+00:00,False,,52.627089,1.295213,Female,18-24,White - Any other White background,White,Police and Criminal Evidence Act 1984 (section 1),Stolen goods,Community resolution,True,False
Person search,2022-10-18T13:00:00+00:00,False,,52.627089,1.295213,Female,18-24,White - Any other White background,White,Police and Criminal Evidence Act 1984 (section 1),Stolen goods,Community resolution,True,False
Person search,2022-10-18T13:00:00+00:00,False,,52.627089,1.295213,Female,18-24,White - Any other White background,White,Police and Criminal Evidence Act 1984 (section 1),Stolen goods,Community resolution,True,False
Person search,2022-10-18T13:23:00+00:00,False,,52.603326,0.395590,Female,25-34,White - English/Welsh/Scottish/Northern Irish/British,White,Misuse of Drugs Act 1971 (section 23),Controlled drugs,A no further action disposal,False,False
Person search,2022-10-18T15:12:00+00:00,False,,52.621324,1.301341,Male,18-24,White - Any other White background,White,Misuse of Drugs Act 1971 (section 23),Controlled drugs,Arrest,False,True
Person search,2022-10-18T15:30:00+00:00,False,,52.647347,1.292139,Female,over 34,White - English/Welsh/Scottish/Northern Irish/British,White,Misuse of Drugs Act 1971 (section 23),Controlled drugs,A no further action disposal,False,False
Person search,2022-10-18T20:29:00+00:00,False,,52.642687,1.220600,Male,18-24,White - Any other White background,White,Misuse of Drugs Act 1971 (section 23),Controlled drugs,A no further action disposal,False,False
Person search,2022-10-18T23:30:00+00:00,False,,52.628703,1.240973,Male,25-34,Other ethnic group - Not stated,White,Misuse of Drugs Act 1971 (section 23),Controlled drugs,Arrest,False,False
Person search,2022-10-18T23:30:00+00:00,False,,52.628703,1.240973,Male,25-34,Other ethnic group - Not stated,Other,Misuse of Drugs Act 1971 (section 23),Controlled drugs,A no further action disposal,False,False
Person search,2022-10-19T09:20:00+00:00,False,,52.764952,0.427416,Female,25-34,White - English/Welsh/Scottish/Northern Irish/British,White,Misuse of Drugs Act 1971 (section 23),Controlled drugs,A no further action disposal,False,False
Person search,2022-10-19T11:45:00+00:00,False,,52.629069,1.292894,Female,18-24,White - English/Welsh/Scottish/Northern Irish/British,White,Misuse of Drugs Act 1971 (section 23),Controlled drugs,Community resolution,False,False
Person search,2022-10-19T12:49:00+00:00,False,,52.633082,1.297039,Male,over 34,White - English/Welsh/Scottish/Northern Irish/British,White,Police and Criminal Evidence Act 1984 (section 1),Offensive weapons,A no further action disposal,True,False
Person search,2022-10-19T15:29:00+00:00,False,,52.675672,0.941010,Male,25-34,White - Any other White background,White,Misuse of Drugs Act 1971 (section 23),Controlled drugs,Caution (simple or conditional),True,False
Person search,2022-10-19T16:00:00+00:00,False,,52.569921,1.727949,Male,over 34,White - English/Welsh/Scottish/Northern Irish/British,White,Misuse of Drugs Act 1971 (section 23),Controlled drugs,A no further action disposal,False,False
Person search,2022-10-19T16:17:00+00:00,False,,52.682580,0.956479,Male,10-17,White - English/Welsh/Scottish/Northern Irish/British,White,Misuse of Drugs Act 1971 (section 23),Controlled drugs,A no further action disposal,False,False
Person search,2022-10-19T16:20:00+00:00,False,,52.682581,0.956464,Male,10-17,White - English/Welsh/Scottish/Northern Irish/British,White,Misuse of Drugs Act 1971 (section 23),Controlled drugs,Community resolution,True,False
Person search,2022-10-19T17:00:00+00:00,False,,52.604752,0.396229,Male,25-34,White - English/Welsh/Scottish/Northern Irish/British,White,Police and Criminal Evidence Act 1984 (section 1),Stolen goods,Summons / charged by post,True,False
Person search,2022-10-19T17:00:00+00:00,False,,52.604752,0.396229,Male,25-34,White - English/Welsh/Scottish/Northern Irish/British,White,Police and Criminal Evidence Act 1984 (section 1),Stolen goods,A no further action disposal,True,False
Person search,2022-10-19T17:00:00+00:00,False,,52.604752,0.396229,Male,25-34,White - English/Welsh/Scottish/Northern Irish/British,White,Police and Criminal Evidence Act 1984 (section 1),Stolen goods,A no further action disposal,True,False
Person search,2022-10-19T17:00:00+00:00,False,,52.604752,0.396229,Female,over 34,White - English/Welsh/Scottish/Northern Irish/British,White,Police and Criminal Evidence Act 1984 (section 1),Stolen goods,A no further action disposal,True,False
Person search,2022-10-19T17:20:00+00:00,False,,52.629069,1.292894,Male,10-17,White - English/Welsh/Scottish/Northern Irish/British,White,Police and Criminal Evidence Act 1984 (section 1),Offensive weapons,A no further action disposal,False,False
Person search,2022-10-19T17:20:00+00:00,False,,52.629069,1.292894,Male,10-17,White - English/Welsh/Scottish/Northern Irish/British,White,Police and Criminal Evidence Act 1984 (section 1),Offensive weapons,A no further action disposal,False,False
Person search,2022-10-19T17:20:00+00:00,False,,52.629069,1.292894,Male,10-17,White - English/Welsh/Scottish/Northern Irish/British,White,Police and Criminal Evidence Act 1984 (section 1),Offensive weapons,A no further action disposal,False,False
Person search,2022-10-19T17:52:00+00:00,False,,52.718171,1.421012,Male,10-17,White - English/Welsh/Scottish/Northern Irish/British,White,Police and Criminal Evidence Act 1984 (section 1),Articles for use in criminal damage,Community resolution,False,False
Person search,2022-10-19T18:54:00+00:00,False,,52.378089,1.105318,Male,25-34,White - English/Welsh/Scottish/Northern Irish/British,White,Misuse of Drugs Act 1971 (section 23),Controlled drugs,A no further action disposal,False,False
Person search,2022-10-19T19:03:00+00:00,False,,52.378089,1.105318,Male,25-34,White - English/Welsh/Scottish/Northern Irish/British,White,Misuse of Drugs Act 1971 (section 23),Controlled drugs,A no further action disposal,False,False
Person search,2022-10-19T21:55:04+00:00,False,,52.612727,1.316429,Male,18-24,White - English/Welsh/Scottish/Northern Irish/British,White,Misuse of Drugs Act 1971 (section 23),Controlled drugs,Community resolution,True,False
Person search,2022-10-20T10:07:00+00:00,False,,52.558202,1.714469,Male,18-24,Other ethnic group - Any other ethnic group,Other,Misuse of Drugs Act 1971 (section 23),Controlled drugs,Arrest,False,False
Person search,2022-10-20T10:07:00+00:00,False,,52.558202,1.714469,Male,over 34,Other ethnic group - Any other ethnic group,Other,Misuse of Drugs Act 1971 (section 23),Controlled drugs,Arrest,False,False
Person search,2022-10-20T18:41:00+00:00,False,,52.735574,0.411681,Female,25-34,White - English/Welsh/Scottish/Northern Irish/British,White,Misuse of Drugs Act 1971 (section 23),Controlled drugs,Arrest,False,False
Person search,2022-10-20T20:03:00+00:00,False,,52.699810,1.240809,Male,10-17,White - Any other White background,White,Police and Criminal Evidence Act 1984 (section 1),Offensive weapons,A no further action disposal,False,False
Person search,2022-10-20T21:24:51+00:00,False,,52.582219,1.134367,Male,18-24,White - English/Welsh/Scottish/Northern Irish/British,White,Misuse of Drugs Act 1971 (section 23),Controlled drugs,A no further action disposal,False,False
Person search,2022-10-20T22:45:00+00:00,False,,52.682486,0.935327,Male,over 34,White - Any other White background,White,Misuse of Drugs Act 1971 (section 23),Controlled drugs,A no further action disposal,False,False
Person search,2022-10-21T09:00:00+00:00,False,,52.668913,0.802542,Male,25-34,White - Any other White background,White,Police and Criminal Evidence Act 1984 (section 1),Stolen goods,Arrest,True,False
Person search,2022-10-21T09:08:00+00:00,False,,52.668913,0.802542,Male,18-24,White - English/Welsh/Scottish/Northern Irish/British,White,Police and Criminal Evidence Act 1984 (section 1),Article for use in theft,A no further action disposal,False,False
Person search,2022-10-21T09:20:00+00:00,False,,52.668913,0.802542,Male,25-34,White - English/Welsh/Scottish/Northern Irish/British,White,Police and Criminal Evidence Act 1984 (section 1),Article for use in theft,A no further action disposal,False,False
Person search,2022-10-21T10:11:11+00:00,False,,52.602046,1.736929,Male,18-24,White - English/Welsh/Scottish/Northern Irish/British,White,Misuse of Drugs Act 1971 (section 23),Controlled drugs,Arrest,False,False
Person search,2022-10-21T11:36:03+00:00,False,,52.588454,1.721829,Female,18-24,White - Any other White background,White,Misuse of Drugs Act 1971 (section 23),Controlled drugs,Arrest,True,False
Person search,2022-10-21T14:00:00+00:00,False,,52.624450,1.299848,Male,25-34,Other ethnic group - Not stated,White,Misuse of Drugs Act 1971 (section 23),Controlled drugs,A no further action disposal,False,False
Person search,2022-10-21T15:00:00+00:00,False,,52.627637,1.297161,Male,10-17,White - English/Welsh/Scottish/Northern Irish/British,White,Misuse of Drugs Act 1971 (section 23),Controlled drugs,Arrest,True,False
Person search,2022-10-21T17:28:00+00:00,False,,52.755100,0.410966,Female,25-34,White - English/Welsh/Scottish/Northern Irish/British,White,Police and Criminal Evidence Act 1984 (section 1),Offensive weapons,A no further action disposal,False,False
Person search,2022-10-21T18:00:00+00:00,False,,52.516849,1.014575,Male,over 34,White - English/Welsh/Scottish/Northern Irish/British,White,Misuse of Drugs Act 1971 (section 23),Controlled drugs,Community resolution,True,False
Person search,2022-10-21T20:00:00+00:00,False,,52.690900,0.206986,Male,10-17,White - Any other White background,White,Misuse of Drugs Act 1971 (section 23),Controlled drugs,Arrest,True,False
Person search,2022-10-21T20:00:00+00:00,False,,52.690900,0.206986,Male,10-17,White - Any other White background,White,Misuse of Drugs Act 1971 (section 23),Controlled drugs,Arrest,True,False
Person search,2022-10-22T15:08:00+00:00,False,,52.616094,1.295717,Male,10-17,Other ethnic group - Not stated,Black,Police and Criminal Evidence Act 1984 (section 1),Offensive weapons,A no further action disposal,False,False
Person search,2022-10-22T16:00:00+00:00,False,,52.631954,1.288765,Male,25-34,White - English/Welsh/Scottish/Northern Irish/British,White,Misuse of Drugs Act 1971 (section 23),Controlled drugs,A no further action disposal,True,False
Person search,2022-10-22T17:13:00+00:00,False,,52.616094,1.295717,Male,10-17,Black/African/Caribbean/Black British - African,Black,Police and Criminal Evidence Act 1984 (section 1),Offensive weapons,A no further action disposal,False,False
Person search,2022-10-22T17:45:00+00:00,False,,52.618488,1.220816,Female,18-24,White - English/Welsh/Scottish/Northern Irish/British,White,Police and Criminal Evidence Act 1984 (section 1),Offensive weapons,A no further action disposal,False,False
Person search,2022-10-22T19:00:00+00:00,False,,52.750051,0.407234,Male,10-17,White - Any other White background,White,Police and Criminal Evidence Act 1984 (section 1),Articles for use in criminal damage,Community resolution,True,False
Person search,2022-10-22T19:24:00+00:00,False,,52.413098,0.748213,Male,18-24,Other ethnic group - Not stated,White,Misuse of Drugs Act 1971 (section 23),Controlled drugs,Arrest,True,False
Person search,2022-10-22T22:34:00+00:00,False,,52.772872,0.431445,Male,over 34,White - English/Welsh/Scottish/Northern Irish/British,White,Misuse of Drugs Act 1971 (section 23),Controlled drugs,A no further action disposal,False,False
Person search,2022-10-23T10:30:00+00:00,False,,52.561672,1.717980,Male,over 34,Other ethnic group - Not stated,White,Misuse of Drugs Act 1971 (section 23),Controlled drugs,A no further action disposal,False,False
Person search,2022-10-23T15:15:00+00:00,False,,52.627637,1.297161,Male,10-17,Other ethnic group - Not stated,White,Misuse of Drugs Act 1971 (section 23),Controlled drugs,A no further action disposal,True,False
Person search,2022-10-23T16:12:00+00:00,False,,52.754417,0.399013,Male,over 34,Other ethnic group - Not stated,Black,Police and Criminal Evidence Act 1984 (section 1),Stolen goods,A no further action disposal,False,False
Person search,2022-10-23T18:00:00+00:00,False,,52.746119,0.400691,Male,over 34,White - English/Welsh/Scottish/Northern Irish/British,White,Misuse of Drugs Act 1971 (section 23),Controlled drugs,Summons / charged by post,True,False
Person search,2022-10-24T15:38:00+00:00,False,,52.701519,1.628176,Male,18-24,White - English/Welsh/Scottish/Northern Irish/British,White,Misuse of Drugs Act 1971 (section 23),Controlled drugs,A no further action disposal,False,False
Person search,2022-10-24T15:40:33+00:00,False,,52.701519,1.628176,Male,18-24,White - English/Welsh/Scottish/Northern Irish/British,White,Misuse of Drugs Act 1971 (section 23),Controlled drugs,A no further action disposal,False,False
Person search,2022-10-24T17:23:00+00:00,False,,52.404462,0.737869,Male,18-24,White - English/Welsh/Scottish/Northern Irish/British,White,Police and Criminal Evidence Act 1984 (section 1),Offensive weapons,Arrest,True,False
Person search,2022-10-24T18:05:00+00:00,False,,52.642261,1.243425,Male,25-34,White - English/Welsh/Scottish/Northern Irish/British,White,Misuse of Drugs Act 1971 (section 23),Controlled drugs,A no further action disposal,True,False
Person search,2022-10-24T19:00:00+00:00,False,,52.756394,0.405702,Male,over 34,White - English/Welsh/Scottish/Northern Irish/British,White,Misuse of Drugs Act 1971 (section 23),Controlled drugs,Summons / charged by post,True,False
Person search,2022-10-24T19:50:00+00:00,False,,52.633239,1.243481,Male,over 34,Other ethnic group - Not stated,Asian,Misuse of Drugs Act 1971 (section 23),Controlled drugs,Community resolution,False,False
Person search,2022-10-24T20:40:00+00:00,False,,52.618600,1.731985,Male,25-34,White - English/Welsh/Scottish/Northern Irish/British,White,Police and Criminal Evidence Act 1984 (section 1),Stolen goods,A no further action disposal,False,False
Person search,2022-10-24T21:51:00+00:00,False,,52.628361,1.299767,Male,over 34,Other ethnic group - Not stated,Black,Misuse of Drugs Act 1971 (section 23),Controlled drugs,A no further action disposal,False,False
Person search,2022-10-24T23:33:00+00:00,False,,52.715895,0.512763,Male,25-34,White - English/Welsh/Scottish/Northern Irish/British,White,Police and Criminal Evidence Act 1984 (section 1),Offensive weapons,A no further action disposal,False,False
Person search,2022-10-25T00:00:00+00:00,False,,52.606392,0.366971,Female,25-34,White - English/Welsh/Scottish/Northern Irish/British,White,Misuse of Drugs Act 1971 (section 23),Controlled drugs,A no further action disposal,False,False
Person search,2022-10-25T00:19:00+00:00,False,,52.751467,0.403015,Male,over 34,White - English/Welsh/Scottish/Northern Irish/British,White,Police and Criminal Evidence Act 1984 (section 1),Firearms,A no further action disposal,False,False
Person search,2022-10-25T07:24:00+00:00,False,,52.640991,1.215817,Male,over 34,White - English/Welsh/Scottish/Northern Irish/British,White,Misuse of Drugs Act 1971 (section 23),Controlled drugs,A no further action disposal,False,False
Person search,2022-10-25T12:45:00+00:00,False,,52.637318,1.319237,Male,18-24,Other ethnic group - Not stated,Black,Misuse of Drugs Act 1971 (section 23),Controlled drugs,Arrest,True,True
Person search,2022-10-25T14:55:00+00:00,False,,,,Male,25-34,White - English/Welsh/Scottish/Northern Irish/British,White,Misuse of Drugs Act 1971 (section 23),Controlled drugs,A no further action disposal,True,False
Person search,2022-10-25T14:55:00+00:00,False,,,,Male,25-34,White - English/Welsh/Scottish/Northern Irish/British,White,Misuse of Drugs Act 1971 (section 23),Controlled drugs,Arrest,True,False
Person search,2022-10-25T17:30:00+00:00,False,,52.830203,0.854588,Female,over 34,White - English/Welsh/Scottish/Northern Irish/British,White,Misuse of Drugs Act 1971 (section 23),Controlled drugs,Arrest,False,False
Person search,2022-10-25T18:15:00+00:00,False,,52.929985,1.293100,Male,10-17,White - English/Welsh/Scottish/Northern Irish/British,White,Police and Criminal Evidence Act 1984 (section 1),Offensive weapons,A no further action disposal,False,False
Person search,2022-10-25T21:13:07+00:00,False,,52.765973,0.411774,Male,over 34,White - English/Welsh/Scottish/Northern Irish/British,White,Misuse of Drugs Act 1971 (section 23),Controlled drugs,A no further action disposal,False,False
Person search,2022-10-25T23:30:00+00:00,False,,52.407842,0.734814,Male,25-34,White - English/Welsh/Scottish/Northern Irish/British,White,Misuse of Drugs Act 1971 (section 23),Controlled drugs,A no further action disposal,False,False
Person search,2022-10-26T00:03:00+00:00,False,,52.566933,1.696490,Male,18-24,White - English/Welsh/Scottish/Northern Irish/British,White,Police and Criminal Evidence Act 1984 (section 1),Article for use in theft,A no further action disposal,False,False
Person search,2022-10-26T13:30:00+00:00,False,,,,Male,over 34,White - English/Welsh/Scottish/Northern Irish/British,White,Misuse of Drugs Act 1971 (section 23),Controlled drugs,Arrest,False,False
Person search,2022-10-26T17:05:00+00:00,False,,52.591403,1.733585,Male,10-17,White - English/Welsh/Scottish/Northern Irish/British,White,Police and Criminal Evidence Act 1984 (section 1),Stolen goods,A no further action disposal,False,False
Person search,2022-10-26T19:20:00+00:00,False,,52.671157,0.956565,Male,18-24,White - English/Welsh/Scottish/Northern Irish/British,White,Police and Criminal Evidence Act 1984 (section 1),Fireworks,Penalty Notice for Disorder,False,False
Person search,2022-10-26T20:45:00+00:00,False,,52.740656,0.409398,Male,over 34,White - English/Welsh/Scottish/Northern Irish/British,White,Misuse of Drugs Act 1971 (section 23),Controlled drugs,Arrest,True,False
Person search,2022-10-26T22:30:00+00:00,False,,52.545331,1.707863,Female,18-24,White - English/Welsh/Scottish/Northern Irish/British,White,Misuse of Drugs Act 1971 (section 23),Controlled drugs,Arrest,False,False
Person search,2022-10-26T23:30:00+00:00,False,,52.583399,0.292085,Male,25-34,White - English/Welsh/Scottish/Northern Irish/British,White,Misuse of Drugs Act 1971 (section 23),Controlled drugs,Summons / charged by post,False,False
Person search,2022-10-26T23:30:00+00:00,False,,52.583399,0.292085,Male,25-34,White - English/Welsh/Scottish/Northern Irish/British,White,Misuse of Drugs Act 1971 (section 23),Controlled drugs,Summons / charged by post,True,False
Person search,2022-10-26T23:30:00+00:00,False,,52.418222,0.733530,Male,10-17,Other ethnic group - Not stated,White,Misuse of Drugs Act 1971 (section 23),Controlled drugs,A no further action disposal,False,False
Person search,2022-10-26T23:45:00+00:00,False,,52.418222,0.733530,Male,10-17,Other ethnic group - Not stated,White,Misuse of Drugs Act 1971 (section 23),Controlled drugs,A no further action disposal,False,False
Person search,2022-10-27T04:28:00+00:00,False,,52.820554,1.391064,Male,18-24,White - English/Welsh/Scottish/Northern Irish/British,White,Misuse of Drugs Act 1971 (section 23),Controlled drugs,A no further action disposal,False,False
Person search,2022-10-27T16:00:00+00:00,False,,52.637251,1.299437,Male,over 34,White - English/Welsh/Scottish/Northern Irish/British,White,Misuse of Drugs Act 1971 (section 23),Controlled drugs,A no further action disposal,False,False
Person search,2022-10-27T16:00:00+00:00,False,,52.637251,1.299437,Male,over 34,Black/African/Caribbean/Black British - Caribbean,Black,Misuse of Drugs Act 1971 (section 23),Controlled drugs,A no further action disposal,False,False
Person search,2022-10-27T18:00:00+00:00,False,,52.876094,0.502518,Male,18-24,White - English/Welsh/Scottish/Northern Irish/British,White,Misuse of Drugs Act 1971 (section 23),Controlled drugs,Arrest,True,False
Person search,2022-10-27T18:00:00+00:00,False,,52.876094,0.502518,Male,18-24,White - English/Welsh/Scottish/Northern Irish/British,White,Misuse of Drugs Act 1971 (section 23),Controlled drugs,Arrest,True,False
Person search,2022-10-27T20:30:00+00:00,False,,52.675732,1.416538,Male,18-24,White - Any other White background,White,Police and Criminal Evidence Act 1984 (section 1),Article for use in theft,A no further action disposal,False,False
Person search,2022-10-27T20:30:00+00:00,False,,52.675732,1.416538,Male,18-24,White - Any other White background,White,Police and Criminal Evidence Act 1984 (section 1),Article for use in theft,A no further action disposal,False,False
Person search,2022-10-27T21:30:00+00:00,False,,52.609290,1.725149,Male,10-17,White - English/Welsh/Scottish/Northern Irish/British,White,Police and Criminal Evidence Act 1984 (section 1),Articles for use in criminal damage,A no further action disposal,False,False
Person search,2022-10-27T21:30:00+00:00,False,,52.609290,1.725149,Male,10-17,White - English/Welsh/Scottish/Northern Irish/British,White,Police and Criminal Evidence Act 1984 (section 1),Articles for use in criminal damage,A no further action disposal,False,False
Person search,2022-10-27T21:30:00+00:00,False,,52.609290,1.725149,Male,10-17,White - English/Welsh/Scottish/Northern Irish/British,White,Police and Criminal Evidence Act 1984 (section 1),Articles for use in criminal damage,A no further action disposal,False,False
Person search,2022-10-27T22:04:00+00:00,False,,52.580397,1.716908,Male,25-34,White - English/Welsh/Scottish/Northern Irish/British,White,Misuse of Drugs Act 1971 (section 23),Controlled drugs,A no further action disposal,False,False
Person search,2022-10-27T22:24:00+00:00,False,,52.595434,1.238766,Male,18-24,White - English/Welsh/Scottish/Northern Irish/British,White,Misuse of Drugs Act 1971 (section 23),Controlled drugs,A no further action disposal,False,False
Person search,2022-10-27T22:31:00+00:00,False,,52.646063,1.728484,Male,18-24,White - English/Welsh/Scottish/Northern Irish/British,White,Police and Criminal Evidence Act 1984 (section 1),Articles for use in criminal damage,A no further action disposal,False,False
Person search,2022-10-27T23:05:00+00:00,False,,52.416367,0.750299,Male,18-24,Other ethnic group - Not stated,White,Misuse of Drugs Act 1971 (section 23),Controlled drugs,A no further action disposal,False,False
Person search,2022-10-27T23:50:00+00:00,False,,52.628141,1.294878,Male,over 34,White - English/Welsh/Scottish/Northern Irish/British,White,Police and Criminal Evidence Act 1984 (section 1),Articles for use in criminal damage,A no further action disposal,False,False
Person search,2022-10-28T11:42:00+00:00,False,,52.534889,0.560866,Male,25-34,White - English/Welsh/Scottish/Northern Irish/British,White,Misuse of Drugs Act 1971 (section 23),Controlled drugs,Arrest,False,False
Person search,2022-10-28T13:47:00+00:00,False,,52.627726,1.291049,Male,over 34,Other ethnic group - Not stated,White,Police and Criminal Evidence Act 1984 (section 1),Offensive weapons,A no further action disposal,False,False
Person search,2022-10-28T18:00:00+00:00,False,,52.869655,0.499116,Male,25-34,White - English/Welsh/Scottish/Northern Irish/British,White,Misuse of Drugs Act 1971 (section 23),Controlled drugs,A no further action disposal,True,False
Person search,2022-10-28T18:00:00+00:00,False,,52.869655,0.499116,Male,18-24,White - English/Welsh/Scottish/Northern Irish/British,White,Misuse of Drugs Act 1971 (section 23),Controlled drugs,A no further action disposal,True,False
Person search,2022-10-28T20:30:00+00:00,False,,52.614492,1.309264,Female,25-34,White - English/Welsh/Scottish/Northern Irish/British,White,Police and Criminal Evidence Act 1984 (section 1),Stolen goods,Arrest,True,False
Person search,2022-10-28T20:30:00+00:00,False,,52.614492,1.309264,Male,over 34,White - English/Welsh/Scottish/Northern Irish/British,White,Police and Criminal Evidence Act 1984 (section 1),Stolen goods,Arrest,True,False
Person search,2022-10-28T20:30:00+00:00,False,,52.628795,1.292090,Male,10-17,White - English/Welsh/Scottish/Northern Irish/British,White,Misuse of Drugs Act 1971 (section 23),Controlled drugs,Community resolution,False,False
Person search,2022-10-28T22:10:00+00:00,False,,52.679078,0.965978,Female,10-17,White - English/Welsh/Scottish/Northern Irish/British,White,Misuse of Drugs Act 1971 (section 23),Controlled drugs,A no further action disposal,False,False
Person search,2022-10-28T22:10:00+00:00,False,,52.679078,0.965978,Female,10-17,White - English/Welsh/Scottish/Northern Irish/British,White,Misuse of Drugs Act 1971 (section 23),Controlled drugs,A no further action disposal,False,False
Person search,2022-10-28T22:10:00+00:00,False,,52.679078,0.965978,Male,10-17,White - English/Welsh/Scottish/Northern Irish/British,White,Misuse of Drugs Act 1971 (section 23),Controlled drugs,A no further action disposal,False,False
Person search,2022-10-28T22:10:00+00:00,False,,52.679078,0.965978,Female,10-17,White - English/Welsh/Scottish/Northern Irish/British,White,Misuse of Drugs Act 1971 (section 23),Controlled drugs,A no further action disposal,False,False
Person search,2022-10-28T22:44:00+00:00,False,,52.636501,1.279808,Male,10-17,White - English/Welsh/Scottish/Northern Irish/British,White,Misuse of Drugs Act 1971 (section 23),Controlled drugs,A no further action disposal,False,False
Person search,2022-10-28T22:44:00+00:00,False,,52.636501,1.279808,Female,18-24,White - Any other White background,White,Misuse of Drugs Act 1971 (section 23),Controlled drugs,A no further action disposal,False,False
Person search,2022-10-28T22:55:00+00:00,False,,52.637859,1.280471,Male,10-17,White - English/Welsh/Scottish/Northern Irish/British,White,Police and Criminal Evidence Act 1984 (section 1),Stolen goods,A no further action disposal,True,False
Person search,2022-10-28T22:55:00+00:00,False,,52.637859,1.280471,Female,18-24,White - English/Welsh/Scottish/Northern Irish/British,White,Police and Criminal Evidence Act 1984 (section 1),Stolen goods,A no further action disposal,False,False
Person search,2022-10-28T22:55:00+00:00,False,,52.637859,1.280471,Male,18-24,White - Any other White background,White,Police and Criminal Evidence Act 1984 (section 1),Stolen goods,A no further action disposal,True,False
Person search,2022-10-29T15:55:00+00:00,False,,52.607581,1.736248,Male,over 34,White - Any other White background,White,Police and Criminal Evidence Act 1984 (section 1),Articles for use in criminal damage,Arrest,False,False
Person search,2022-10-29T18:05:00+00:00,False,,52.721742,0.231881,Male,25-34,White - English/Welsh/Scottish/Northern Irish/British,White,Misuse of Drugs Act 1971 (section 23),Controlled drugs,Arrest,True,False
Person search,2022-10-29T19:35:00+00:00,False,,52.626797,1.306306,Male,25-34,White - English/Welsh/Scottish/Northern Irish/British,White,Police and Criminal Evidence Act 1984 (section 1),Offensive weapons,Arrest,False,False
Person search,2022-10-29T20:21:00+00:00,False,,52.815965,1.394908,Male,10-17,White - Any other White background,White,Misuse of Drugs Act 1971 (section 23),Controlled drugs,A no further action disposal,False,False
Person search,2022-10-29T22:00:00+00:00,False,,52.755292,0.397950,Male,18-24,White - Any other White background,White,Misuse of Drugs Act 1971 (section 23),Controlled drugs,Summons / charged by post,True,False
Person search,2022-10-29T22:36:00+00:00,False,,52.738645,0.418087,Male,25-34,White - English/Welsh/Scottish/Northern Irish/British,White,Misuse of Drugs Act 1971 (section 23),Controlled drugs,A no further action disposal,False,False
Person search,2022-10-29T22:37:00+00:00,False,,52.739948,0.423833,Male,25-34,White - English/Welsh/Scottish/Northern Irish/British,White,Misuse of Drugs Act 1971 (section 23),Controlled drugs,A no further action disposal,False,False
Person search,2022-10-29T23:45:00+00:00,False,,52.755292,0.397950,Male,25-34,White - English/Welsh/Scottish/Northern Irish/British,White,Misuse of Drugs Act 1971 (section 23),Controlled drugs,Summons / charged by post,True,False
Person search,2022-10-29T23:55:00+00:00,False,,52.519215,0.520699,Male,18-24,White - English/Welsh/Scottish/Northern Irish/British,White,Misuse of Drugs Act 1971 (section 23),Controlled drugs,Community resolution,True,False
Person search,2022-10-29T23:59:00+00:00,False,,52.628816,1.301979,Male,,White - English/Welsh/Scottish/Northern Irish/British,White,Police and Criminal Evidence Act 1984 (section 1),Offensive weapons,A no further action disposal,False,False
Person search,2022-10-30T02:21:00+00:00,False,,52.417851,0.756098,Male,over 34,White - English/Welsh/Scottish/Northern Irish/British,White,Police and Criminal Evidence Act 1984 (section 1),Article for use in theft,A no further action disposal,False,False
Person search,2022-10-30T11:18:00+00:00,False,,52.522155,0.538779,Male,18-24,White - Any other White background,White,Misuse of Drugs Act 1971 (section 23),Controlled drugs,A no further action disposal,False,False
Person search,2022-10-30T11:45:00+00:00,False,,52.523125,0.522456,Female,18-24,Mixed/Multiple ethnic groups - White and Black Caribbean,Other,Misuse of Drugs Act 1971 (section 23),Controlled drugs,A no further action disposal,False,False
Person search,2022-10-30T11:45:00+00:00,False,,52.523125,0.522456,Female,25-34,White - English/Welsh/Scottish/Northern Irish/British,White,Misuse of Drugs Act 1971 (section 23),Controlled drugs,A no further action disposal,False,False
Person search,2022-10-30T12:15:00+00:00,False,,52.523125,0.522456,Female,over 34,White - English/Welsh/Scottish/Northern Irish/British,White,Misuse of Drugs Act 1971 (section 23),Controlled drugs,A no further action disposal,False,False
Person search,2022-10-30T13:45:00+00:00,True,,52.445979,0.603430,Male,over 34,Other ethnic group - Not stated,White,Misuse of Drugs Act 1971 (section 23),Controlled drugs,A no further action disposal,False,False
Person search,2022-10-30T16:54:00+00:00,False,,52.641829,1.239164,Female,18-24,White - English/Welsh/Scottish/Northern Irish/British,White,Misuse of Drugs Act 1971 (section 23),Controlled drugs,A no further action disposal,True,False
Person search,2022-10-30T16:54:00+00:00,False,,52.641829,1.239164,Male,25-34,Black/African/Caribbean/Black British - African,Black,Misuse of Drugs Act 1971 (section 23),Controlled drugs,A no further action disposal,False,False
Person search,2022-10-30T16:54:00+00:00,False,,52.641829,1.239164,Male,18-24,White - Any other White background,White,Misuse of Drugs Act 1971 (section 23),Controlled drugs,A no further action disposal,False,False
Person search,2022-10-30T18:18:00+00:00,False,,52.410195,0.740754,Male,18-24,White - Any other White background,White,Misuse of Drugs Act 1971 (section 23),Controlled drugs,A no further action disposal,False,False
Person search,2022-10-30T18:25:00+00:00,False,,52.410195,0.740754,Male,25-34,White - Any other White background,White,Misuse of Drugs Act 1971 (section 23),Controlled drugs,A no further action disposal,False,False
Person search,2022-10-30T18:27:00+00:00,False,,52.410195,0.740754,Male,25-34,White - Any other White background,White,Misuse of Drugs Act 1971 (section 23),Controlled drugs,A no further action disposal,False,False
Person search,2022-10-30T19:30:00+00:00,False,,52.630641,1.285207,Male,over 34,Other ethnic group - Not stated,White,Misuse of Drugs Act 1971 (section 23),Controlled drugs,Community resolution,True,False
Person search,2022-10-30T19:30:00+00:00,False,,52.630555,1.284743,Male,over 34,Other ethnic group - Not stated,White,Misuse of Drugs Act 1971 (section 23),Controlled drugs,A no further action disposal,False,False
Person search,2022-10-30T20:34:00+00:00,False,,52.673121,0.943072,Male,25-34,White - English/Welsh/Scottish/Northern Irish/British,White,Misuse of Drugs Act 1971 (section 23),Controlled drugs,A no further action disposal,False,False
Person search,2022-10-30T21:31:00+00:00,False,,52.674105,0.180726,Female,over 34,White - Any other White background,White,Misuse of Drugs Act 1971 (section 23),Controlled drugs,Arrest,False,False
Person search,2022-10-30T22:46:00+00:00,False,,52.757816,0.418897,Male,25-34,,Asian,Police and Criminal Evidence Act 1984 (section 1),Article for use in theft,A no further action disposal,False,False
Person search,2022-10-31T11:30:00+00:00,False,,52.418273,0.738343,Male,over 34,Black/African/Caribbean/Black British - Caribbean,Black,Misuse of Drugs Act 1971 (section 23),Controlled drugs,A no further action disposal,False,False
Person search,2022-10-31T11:40:00+00:00,False,,52.624043,1.289280,Female,18-24,White - English/Welsh/Scottish/Northern Irish/British,White,Misuse of Drugs Act 1971 (section 23),Controlled drugs,A no further action disposal,False,False
Person search,2022-10-31T15:15:00+00:00,False,,52.404462,0.737869,Male,over 34,White - Any other White background,White,Misuse of Drugs Act 1971 (section 23),Controlled drugs,A no further action disposal,False,False
Person search,2022-10-31T16:26:00+00:00,False,,52.750693,0.395504,Male,over 34,White - Any other White background,White,Police and Criminal Evidence Act 1984 (section 1),Stolen goods,A no further action disposal,False,False
Person search,2022-10-31T19:51:00+00:00,False,,,,Male,18-24,White - English/Welsh/Scottish/Northern Irish/British,White,Police and Criminal Evidence Act 1984 (section 1),Fireworks,A no further action disposal,False,False
Person search,2022-10-31T21:44:00+00:00,False,,52.749997,0.425340,Male,18-24,White - English/Welsh/Scottish/Northern Irish/British,White,Misuse of Drugs Act 1971 (section 23),Controlled drugs,Community resolution,True,False
Person search,2022-10-31T21:50:00+00:00,False,,52.753110,0.430522,Male,10-17,White - English/Welsh/Scottish/Northern Irish/British,White,Misuse of Drugs Act 1971 (section 23),Controlled drugs,A no further action disposal,False,False
Person search,2022-10-31T22:15:00+00:00,False,,52.756267,0.403101,Male,over 34,White - English/Welsh/Scottish/Northern Irish/British,White,Misuse of Drugs Act 1971 (section 23),Controlled drugs,Caution (simple or conditional),True,False
Person search,2022-10-31T22:30:00+00:00,False,,52.623253,1.243274,Male,10-17,White - English/Welsh/Scottish/Northern Irish/British,White,Misuse of Drugs Act 1971 (section 23),Controlled drugs,A no further action disposal,True,False
Person search,2022-10-31T23:30:00+00:00,False,,52.413092,0.746507,Male,18-24,White - English/Welsh/Scottish/Northern Irish/British,White,Police and Criminal Evidence Act 1984 (section 1),Offensive weapons,A no further action disposal,False,False
