Type,Date,Part of a policing operation,Policing operation,Latitude,Longitude,Gender,Age range,Self-defined ethnicity,Officer-defined ethnicity,Legislation,Object of search,Outcome,Outcome linked to object of search,Removal of more than just outer clothing
Person search,2023-05-31T23:17:30+00:00,False,,51.281931,-0.077097,Male,10-17,White - English/Welsh/Scottish/Northern Irish/British,White,,Article for use in theft,Community resolution,True,
Person search,2023-06-01T00:03:28+00:00,False,,51.332629,-0.265169,Male,25-34,White - English/Welsh/Scottish/Northern Irish/British,White,,Offensive weapons,A no further action disposal,False,
Person search,2023-06-01T00:31:14+00:00,False,,51.421714,-0.410704,Male,25-34,White - English/Welsh/Scottish/Northern Irish/British,White,,Article for use in theft,A no further action disposal,False,
Person search,2023-06-01T00:34:21+00:00,False,,51.421714,-0.410704,Male,,White - English/Welsh/Scottish/Northern Irish/British,White,,Article for use in theft,A no further action disposal,False,
Person search,2023-06-01T00:44:20+00:00,False,,51.421714,-0.410704,Male,25-34,White - English/Welsh/Scottish/Northern Irish/British,White,,Stolen goods,A no further action disposal,False,
Person search,2023-06-01T01:14:15+00:00,False,,51.282516,-0.075997,Male,10-17,White - English/Welsh/Scottish/Northern Irish/British,White,,Stolen goods,Community resolution,True,
Person search,2023-06-01T05:03:26+00:00,False,,51.311872,-0.214154,Male,10-17,White - English/Welsh/Scottish/Northern Irish/British,White,,Article for use in theft,Arrest,True,
Person search,2023-06-01T05:03:58+00:00,False,,51.311872,-0.214154,Male,10-17,White - English/Welsh/Scottish/Northern Irish/British,White,,Stolen goods,Arrest,False,
Person search,2023-06-01T05:07:18+00:00,False,,51.311872,-0.214154,Male,10-17,White - English/Welsh/Scottish/Northern Irish/British,White,,Stolen goods,Arrest,True,
Person search,2023-06-01T15:20:00+00:00,False,,51.434362,-0.506138,Male,18-24,White - English/Welsh/Scottish/Northern Irish/British,White,,,Arrest,True,
Person search,2023-06-01T16:50:06+00:00,False,,51.455715,-0.575982,Male,25-34,White - English/Welsh/Scottish/Northern Irish/British,White,,Controlled drugs,Community resolution,True,
Person search,2023-06-01T22:42:10+00:00,False,,51.241693,-0.570337,Male,25-34,White - English/Welsh/Scottish/Northern Irish/British,White,,Offensive weapons,A no further action disposal,False,
Person search,2023-06-02T01:56:18+00:00,False,,51.387671,-0.402973,Male,over 34,,White,,Controlled drugs,Arrest,True,
Person search,2023-06-02T02:25:46+00:00,False,,51.364254,-0.346486,Male,18-24,,White,,Stolen goods,Summons / charged by post,False,
Person search,2023-06-02T05:44:04+00:00,False,,51.387671,-0.402973,Male,over 34,Other ethnic group - Any other ethnic group,White,,,Arrest,True,
Person search,2023-06-02T11:57:44+00:00,False,,51.314510,-0.250140,Male,18-24,White - English/Welsh/Scottish/Northern Irish/British,White,,,A no further action disposal,False,
Person search,2023-06-02T12:11:15+00:00,False,,51.139805,-0.487904,Male,over 34,,White,,Article for use in theft,A no further action disposal,False,
Person search,2023-06-02T12:34:21+00:00,False,,51.314510,-0.250140,Male,18-24,,White,,,A no further action disposal,False,
Person search,2023-06-02T14:24:32+00:00,True,,51.315056,-0.258399,Male,25-34,White - English/Welsh/Scottish/Northern Irish/British,White,,Articles for use in criminal damage,A no further action disposal,False,
Person search,2023-06-02T14:29:42+00:00,False,,51.333694,-0.269105,Male,18-24,,White,,Controlled drugs,Arrest,True,
Person search,2023-06-02T18:41:42+00:00,False,,51.334193,-0.268742,Male,18-24,,White,,Controlled drugs,A no further action disposal,True,
Person search,2023-06-02T18:48:47+00:00,True,,51.314510,-0.250140,Female,25-34,,White,,Controlled drugs,A no further action disposal,False,
Person search,2023-06-02T18:51:55+00:00,True,,51.314510,-0.250140,Male,25-34,,White,,Controlled drugs,A no further action disposal,False,
Person search,2023-06-02T19:22:53+00:00,False,,51.334193,-0.268742,Male,18-24,,Asian,,Controlled drugs,A no further action disposal,False,
Person search,2023-06-02T19:49:23+00:00,False,,51.317382,-0.568875,Male,10-17,White - English/Welsh/Scottish/Northern Irish/British,White,,Articles for use in criminal damage,Community resolution,False,
Person search,2023-06-02T20:20:16+00:00,False,,51.434468,-0.505257,Male,18-24,White - English/Welsh/Scottish/Northern Irish/British,White,,,Community resolution,True,
Person search,2023-06-02T21:27:31+00:00,False,,51.393608,-0.448633,Male,10-17,White - English/Welsh/Scottish/Northern Irish/British,White,,Stolen goods,A no further action disposal,False,
Person search,2023-06-02T21:28:32+00:00,False,,51.193818,-0.554388,Male,18-24,White - English/Welsh/Scottish/Northern Irish/British,White,,Controlled drugs,Community resolution,True,
Person search,2023-06-02T21:37:38+00:00,False,,51.193224,-0.557197,Male,18-24,White - English/Welsh/Scottish/Northern Irish/British,White,,Controlled drugs,A no further action disposal,False,
Person search,2023-06-02T22:14:12+00:00,False,,51.187043,-0.610492,Male,18-24,White - English/Welsh/Scottish/Northern Irish/British,White,,Controlled drugs,A no further action disposal,False,
Person search,2023-06-02T22:19:34+00:00,False,,51.193224,-0.557197,Male,10-17,White - English/Welsh/Scottish/Northern Irish/British,White,,Controlled drugs,Community resolution,True,
Person search,2023-06-02T22:23:24+00:00,False,,51.195145,-0.558397,Male,10-17,White - English/Welsh/Scottish/Northern Irish/British,White,,Controlled drugs,A no further action disposal,False,
Person search,2023-06-02T22:26:56+00:00,False,,51.378167,-0.281611,Male,25-34,,White,,Controlled drugs,Arrest,False,
Person search,2023-06-02T22:30:11+00:00,False,,51.193632,-0.556784,Male,10-17,White - English/Welsh/Scottish/Northern Irish/British,White,,Controlled drugs,A no further action disposal,False,
Person search,2023-06-02T22:41:58+00:00,False,,51.385929,-0.431101,Male,18-24,White - English/Welsh/Scottish/Northern Irish/British,White,,Controlled drugs,Community resolution,True,
Person search,2023-06-02T22:54:23+00:00,False,,51.385929,-0.431101,Female,18-24,White - English/Welsh/Scottish/Northern Irish/British,White,,Controlled drugs,A no further action disposal,False,
Person search,2023-06-03T03:43:18+00:00,False,,51.370400,-0.361494,Female,18-24,White - English/Welsh/Scottish/Northern Irish/British,White,,Controlled drugs,A no further action disposal,False,
Person search,2023-06-03T03:52:45+00:00,False,,51.370400,-0.361494,Female,10-17,White - English/Welsh/Scottish/Northern Irish/British,White,,Controlled drugs,A no further action disposal,False,
Person search,2023-06-03T07:59:29+00:00,False,,51.262226,-0.430916,Female,over 34,White - English/Welsh/Scottish/Northern Irish/British,White,,Stolen goods,Community resolution,True,
Person search,2023-06-03T10:29:25+00:00,True,,51.312265,-0.247944,Male,18-24,White - English/Welsh/Scottish/Northern Irish/British,White,,Articles for use in criminal damage,A no further action disposal,False,
Person search,2023-06-03T10:30:51+00:00,True,,51.312265,-0.247944,Female,25-34,,White,,Articles for use in criminal damage,Arrest,False,
Person search,2023-06-03T11:00:11+00:00,False,,51.307008,-0.253090,Male,25-34,,White,,Offensive weapons,Arrest,True,
Person search,2023-06-03T12:37:13+00:00,False,,51.315056,-0.258399,Male,25-34,White - English/Welsh/Scottish/Northern Irish/British,White,,Articles for use in criminal damage,A no further action disposal,False,
Person search,2023-06-03T14:09:41+00:00,False,,51.322200,-0.253866,Male,25-34,White - English/Welsh/Scottish/Northern Irish/British,White,,Controlled drugs,A no further action disposal,False,
Person search,2023-06-03T14:09:49+00:00,False,,51.322200,-0.253866,Male,25-34,White - English/Welsh/Scottish/Northern Irish/British,White,,Controlled drugs,A no further action disposal,False,
Person search,2023-06-03T14:14:04+00:00,False,,51.323434,-0.254565,Male,18-24,White - English/Welsh/Scottish/Northern Irish/British,White,,Controlled drugs,A no further action disposal,False,
Person search,2023-06-03T17:02:29+00:00,False,,51.332629,-0.265169,Male,10-17,,Black,,Offensive weapons,A no further action disposal,False,
Person search,2023-06-03T20:13:46+00:00,False,,51.375318,-0.408389,Female,25-34,White - English/Welsh/Scottish/Northern Irish/British,White,,Offensive weapons,A no further action disposal,False,
Person search,2023-06-03T20:28:19+00:00,False,,51.314510,-0.250140,Male,over 34,White - English/Welsh/Scottish/Northern Irish/British,White,,Offensive weapons,A no further action disposal,False,
Person search,2023-06-03T21:36:41+00:00,False,,51.231319,-0.048063,Male,10-17,,White,,Offensive weapons,A no further action disposal,False,
Vehicle search,2023-06-03T21:57:15+00:00,False,,51.434095,-0.504909,,,,,,Offensive weapons,Arrest,True,
Person search,2023-06-03T22:37:55+00:00,False,,51.231319,-0.048063,Male,10-17,White - English/Welsh/Scottish/Northern Irish/British,White,,Offensive weapons,A no further action disposal,False,
Person search,2023-06-03T23:33:42+00:00,False,,51.414986,-0.531935,Male,18-24,Mixed/Multiple ethnic groups - Any other Mixed/Multiple ethnic background,Black,,Controlled drugs,A no further action disposal,False,
Person search,2023-06-03T23:36:02+00:00,False,,51.414986,-0.531935,Female,18-24,White - English/Welsh/Scottish/Northern Irish/British,White,,Controlled drugs,Community resolution,True,
Person search,2023-06-03T23:50:28+00:00,False,,51.414986,-0.531935,Female,10-17,White - English/Welsh/Scottish/Northern Irish/British,White,,Controlled drugs,A no further action disposal,False,
Person search,2023-06-04T00:06:03+00:00,False,,51.342764,-0.705416,Male,18-24,,White,,Controlled drugs,A no further action disposal,False,
Person search,2023-06-04T00:07:36+00:00,False,,51.414986,-0.531935,Female,18-24,White - English/Welsh/Scottish/Northern Irish/British,White,,Controlled drugs,Community resolution,True,
Person search,2023-06-04T00:12:42+00:00,False,,51.374710,-0.673798,Male,18-24,,White,,,A no further action disposal,False,
Person search,2023-06-04T00:21:11+00:00,False,,51.394986,-0.403926,Male,18-24,White - English/Welsh/Scottish/Northern Irish/British,White,,Controlled drugs,Arrest,False,
Person search,2023-06-04T00:31:12+00:00,False,,51.394986,-0.403926,Female,18-24,White - English/Welsh/Scottish/Northern Irish/British,White,,Controlled drugs,A no further action disposal,False,
Person search,2023-06-04T00:31:54+00:00,False,,51.369358,-0.377075,Male,18-24,White - Any other White background,White,,,A no further action disposal,False,
Person search,2023-06-04T00:35:59+00:00,False,,51.394986,-0.403926,Female,18-24,White - English/Welsh/Scottish/Northern Irish/British,White,,Controlled drugs,A no further action disposal,False,
Person search,2023-06-04T00:47:10+00:00,False,,51.434362,-0.506138,Male,18-24,,White,,,A no further action disposal,False,
Vehicle search,2023-06-04T05:20:24+00:00,False,,51.370486,-0.491121,,,,,,Controlled drugs,Arrest,True,
Person search,2023-06-04T06:19:37+00:00,True,,51.314510,-0.250140,Male,25-34,,Asian,,Controlled drugs,Arrest,False,
Vehicle search,2023-06-04T06:20:36+00:00,False,,51.434468,-0.505257,,,,,,Controlled drugs,Arrest,True,
Person search,2023-06-04T09:57:48+00:00,False,,51.321264,-0.559168,Male,25-34,,Asian,,Controlled drugs,Arrest,True,
Person search,2023-06-04T15:18:17+00:00,False,,51.270235,-0.722048,Male,over 34,Asian/Asian British - Pakistani,Asian,,Firearms,Arrest,False,
Person search,2023-06-04T15:47:33+00:00,False,,51.272456,-0.721170,Male,over 34,,Other,,Firearms,Arrest,False,
Person search,2023-06-04T20:01:52+00:00,False,,51.457412,-0.478411,Male,18-24,Asian/Asian British - Indian,Asian,,Controlled drugs,A no further action disposal,False,
Person search,2023-06-04T20:10:03+00:00,False,,51.450421,-0.480155,Male,,White - English/Welsh/Scottish/Northern Irish/British,White,,Controlled drugs,A no further action disposal,False,
Person search,2023-06-05T04:06:08+00:00,False,,51.385736,-0.514936,Female,18-24,,White,,Offensive weapons,A no further action disposal,True,
Person search,2023-06-05T10:38:31+00:00,False,,51.310040,-0.759293,Male,over 34,White - Any other White background,White,,Stolen goods,A no further action disposal,False,
Person search,2023-06-05T11:23:20+00:00,False,,51.262213,-0.153270,Male,18-24,Mixed/Multiple ethnic groups - Any other Mixed/Multiple ethnic background,Black,,Controlled drugs,A no further action disposal,False,
Person search,2023-06-05T14:57:43+00:00,False,,51.449622,-0.471949,Male,18-24,White - English/Welsh/Scottish/Northern Irish/British,White,,Controlled drugs,Community resolution,True,
Person search,2023-06-05T15:41:27+00:00,False,,51.462692,-0.499610,Male,18-24,White - English/Welsh/Scottish/Northern Irish/British,White,,Controlled drugs,Arrest,True,
Person search,2023-06-05T17:48:02+00:00,False,,51.225563,-0.365797,Male,10-17,White - English/Welsh/Scottish/Northern Irish/British,White,,Offensive weapons,A no further action disposal,False,
Person search,2023-06-05T18:05:21+00:00,False,,51.225563,-0.365797,Male,10-17,White - English/Welsh/Scottish/Northern Irish/British,White,,Offensive weapons,A no further action disposal,False,
Person search,2023-06-05T18:05:35+00:00,False,,51.225563,-0.365797,Male,10-17,White - English/Welsh/Scottish/Northern Irish/British,White,,Offensive weapons,A no further action disposal,False,
Person search,2023-06-06T00:26:05+00:00,False,,51.247747,-0.553686,Male,25-34,White - English/Welsh/Scottish/Northern Irish/British,White,,Offensive weapons,Community resolution,False,
Person search,2023-06-06T00:39:56+00:00,False,,51.239503,-0.576622,Female,over 34,,White,,Stolen goods,Arrest,True,
Person search,2023-06-06T00:59:38+00:00,False,,51.237678,-0.567811,Male,18-24,,Asian,,Controlled drugs,A no further action disposal,False,
Person search,2023-06-06T01:04:53+00:00,False,,51.237678,-0.567811,Female,18-24,,Asian,,Controlled drugs,A no further action disposal,False,
Person search,2023-06-06T01:07:41+00:00,False,,51.237678,-0.567811,Female,18-24,,Asian,,Controlled drugs,A no further action disposal,False,
Person search,2023-06-06T01:21:18+00:00,False,,51.237678,-0.567811,Male,18-24,,Black,,Controlled drugs,A no further action disposal,False,
Person search,2023-06-06T02:27:51+00:00,False,,51.334284,-0.263341,Male,over 34,Mixed/Multiple ethnic groups - Any other Mixed/Multiple ethnic background,Black,,Stolen goods,A no further action disposal,False,
Person search,2023-06-06T07:59:08+00:00,False,,51.237678,-0.567811,Male,18-24,Mixed/Multiple ethnic groups - White and Asian,Asian,,Controlled drugs,Community resolution,True,
Person search,2023-06-06T08:14:56+00:00,False,,51.171370,-0.163153,Female,over 34,White - English/Welsh/Scottish/Northern Irish/British,White,,Controlled drugs,Khat or Cannabis warning,True,
Person search,2023-06-06T10:04:27+00:00,False,,51.332039,-0.267818,Male,25-34,White - English/Welsh/Scottish/Northern Irish/British,White,,Stolen goods,Community resolution,False,
Person search,2023-06-06T10:35:34+00:00,False,,51.434468,-0.505257,Female,18-24,White - English/Welsh/Scottish/Northern Irish/British,White,,Offensive weapons,A no further action disposal,False,
Person search,2023-06-06T12:59:32+00:00,False,,51.301594,-0.724750,Male,18-24,White - English/Welsh/Scottish/Northern Irish/British,White,,Offensive weapons,A no further action disposal,False,
Person search,2023-06-06T13:10:54+00:00,False,,51.301594,-0.724750,Male,10-17,,White,,Offensive weapons,Arrest,False,
Vehicle search,2023-06-06T22:21:30+00:00,False,,51.237678,-0.567811,,,,,,Controlled drugs,A no further action disposal,False,
Person search,2023-06-07T10:18:49+00:00,False,,51.424262,-0.435657,Male,25-34,White - English/Welsh/Scottish/Northern Irish/British,White,,Offensive weapons,Arrest,False,
Person search,2023-06-07T11:17:16+00:00,False,,51.422142,-0.434507,Male,25-34,White - English/Welsh/Scottish/Northern Irish/British,White,,Offensive weapons,A no further action disposal,False,
Person search,2023-06-07T17:37:07+00:00,False,,51.156253,-0.163196,Male,18-24,,White,,Stolen goods,Arrest,True,
Person search,2023-06-07T17:46:23+00:00,False,,51.155990,-0.163049,Female,18-24,,White,,Stolen goods,Arrest,True,
Person search,2023-06-07T19:32:12+00:00,False,,51.197416,-0.795897,Male,10-17,White - English/Welsh/Scottish/Northern Irish/British,White,,Article for use in theft,A no further action disposal,False,
Person search,2023-06-07T19:37:11+00:00,False,,51.196513,-0.796436,Male,10-17,White - English/Welsh/Scottish/Northern Irish/British,White,,Stolen goods,A no further action disposal,False,
Person search,2023-06-07T20:13:09+00:00,False,,51.404644,-0.513346,Female,18-24,White - English/Welsh/Scottish/Northern Irish/British,White,,,A no further action disposal,False,
Person search,2023-06-07T20:15:40+00:00,False,,51.404644,-0.513346,Male,25-34,White - English/Welsh/Scottish/Northern Irish/British,White,,Controlled drugs,Arrest,True,
Person search,2023-06-07T23:17:02+00:00,False,,51.332629,-0.265169,Female,,,White,,Controlled drugs,A no further action disposal,False,
Person search,2023-06-07T23:20:35+00:00,False,,51.314510,-0.250140,Male,25-34,White - English/Welsh/Scottish/Northern Irish/British,White,,Controlled drugs,Community resolution,True,
Person search,2023-06-07T23:21:16+00:00,False,,51.332629,-0.265169,Female,,,White,,Controlled drugs,A no further action disposal,False,
Person search,2023-06-08T00:35:21+00:00,False,,51.435710,-0.435755,Male,over 34,White - English/Welsh/Scottish/Northern Irish/British,White,,Stolen goods,Arrest,True,
Person search,2023-06-08T04:08:11+00:00,False,,51.434468,-0.505257,Female,over 34,,White,,Article for use in theft,Arrest,False,
Person search,2023-06-08T16:35:59+00:00,False,,51.232056,-0.333325,Male,over 34,,White,,Stolen goods,A no further action disposal,False,
Person search,2023-06-08T17:25:56+00:00,False,,51.243290,-0.571563,Male,25-34,,White,,Controlled drugs,Community resolution,False,
Person search,2023-06-08T17:46:18+00:00,False,,51.242576,-0.567602,Male,18-24,,White,,Controlled drugs,A no further action disposal,False,
Person search,2023-06-08T18:50:39+00:00,False,,51.434095,-0.504909,Male,over 34,White - English/Welsh/Scottish/Northern Irish/British,White,,Controlled drugs,,True,
Person search,2023-06-08T21:31:50+00:00,False,,51.433805,-0.533922,Female,10-17,White - English/Welsh/Scottish/Northern Irish/British,White,,Articles for use in criminal damage,A no further action disposal,False,
Person search,2023-06-08T21:35:26+00:00,False,,51.433805,-0.533922,Male,10-17,,White,,Stolen goods,A no further action disposal,False,
Person search,2023-06-08T21:42:20+00:00,False,,51.433805,-0.533922,Male,18-24,White - English/Welsh/Scottish/Northern Irish/British,White,,Stolen goods,A no further action disposal,False,
Person search,2023-06-08T22:57:24+00:00,False,,51.434468,-0.505257,Male,10-17,,White,,Stolen goods,Community resolution,True,
Person search,2023-06-08T23:52:20+00:00,False,,51.333576,-0.380263,Male,25-34,,White,,Stolen goods,A no further action disposal,False,
Person search,2023-06-09T00:01:01+00:00,False,,51.434095,-0.504909,Male,25-34,White - English/Welsh/Scottish/Northern Irish/British,White,,Offensive weapons,A no further action disposal,False,
Person search,2023-06-09T00:10:55+00:00,False,,51.333576,-0.380263,Male,over 34,White - Any other White background,White,,Stolen goods,A no further action disposal,False,
Person search,2023-06-09T00:15:31+00:00,False,,51.434095,-0.504909,Male,25-34,White - English/Welsh/Scottish/Northern Irish/British,White,,Offensive weapons,A no further action disposal,False,
Person search,2023-06-09T04:32:41+00:00,False,,51.256132,-0.544581,Male,18-24,White - English/Welsh/Scottish/Northern Irish/British,White,,Firearms,A no further action disposal,True,
Person search,2023-06-09T17:46:59+00:00,False,,,,Male,over 34,Asian/Asian British - Pakistani,Asian,,Stolen goods,Arrest,True,
Person search,2023-06-09T22:26:47+00:00,False,,51.239503,-0.576622,Female,25-34,White - Any other White background,White,,Controlled drugs,Community resolution,True,
Person search,2023-06-09T22:28:55+00:00,False,,51.434095,-0.504909,Female,10-17,White - English/Welsh/Scottish/Northern Irish/British,White,,Offensive weapons,A no further action disposal,True,
Person search,2023-06-10T00:33:28+00:00,False,,51.333173,-0.266067,Male,25-34,Asian/Asian British - Indian,Asian,,Controlled drugs,A no further action disposal,False,
Person search,2023-06-10T02:13:41+00:00,False,,51.562758,0.115539,Male,10-17,Black/African/Caribbean/Black British - Any other Black/African/Caribbean background,Black,,,A no further action disposal,False,
Person search,2023-06-10T10:39:37+00:00,False,,51.422422,-0.435289,Male,over 34,,White,,Controlled drugs,A no further action disposal,False,
Person search,2023-06-10T14:53:50+00:00,False,,51.417837,-0.411917,Male,18-24,Black/African/Caribbean/Black British - Caribbean,Black,,Offensive weapons,A no further action disposal,False,
Vehicle search,2023-06-10T15:20:41+00:00,False,,51.240369,-0.739236,,,,,,Stolen goods,A no further action disposal,False,
Person search,2023-06-10T18:58:04+00:00,False,,51.235990,-0.187225,Male,25-34,White - English/Welsh/Scottish/Northern Irish/British,White,,Controlled drugs,,True,
Person search,2023-06-10T20:47:47+00:00,False,,51.366540,-0.489857,Male,10-17,,White,,Stolen goods,Arrest,False,
Person search,2023-06-10T22:45:36+00:00,False,,51.282516,-0.075997,Male,25-34,White - English/Welsh/Scottish/Northern Irish/British,White,,Controlled drugs,A no further action disposal,False,
Person search,2023-06-10T23:45:49+00:00,False,,51.405158,-0.411968,Female,18-24,Black/African/Caribbean/Black British - Any other Black/African/Caribbean background,Black,,Offensive weapons,A no further action disposal,False,
Person search,2023-06-11T03:52:32+00:00,False,,51.388839,-0.498782,Female,over 34,White - English/Welsh/Scottish/Northern Irish/British,White,,,Arrest,True,
Person search,2023-06-11T13:23:05+00:00,False,,51.432504,-0.457818,Male,18-24,White - Any other White background,White,,Controlled drugs,A no further action disposal,True,
Person search,2023-06-11T16:16:00+00:00,False,,51.434095,-0.504909,Male,10-17,White - English/Welsh/Scottish/Northern Irish/British,White,,Stolen goods,A no further action disposal,False,
Person search,2023-06-11T16:28:42+00:00,False,,51.434095,-0.504909,Male,10-17,White - English/Welsh/Scottish/Northern Irish/British,White,,Stolen goods,A no further action disposal,False,
Person search,2023-06-11T23:50:04+00:00,False,,51.323814,-0.580917,Male,25-34,Asian/Asian British - Any other Asian background,Asian,,Controlled drugs,A no further action disposal,True,
Person search,2023-06-11T23:55:55+00:00,False,,51.323814,-0.580917,Male,18-24,Asian/Asian British - Any other Asian background,Asian,,Controlled drugs,A no further action disposal,False,
Person search,2023-06-11T23:55:58+00:00,False,,51.236929,-0.210252,Male,over 34,White - English/Welsh/Scottish/Northern Irish/British,White,,Controlled drugs,A no further action disposal,False,
Person search,2023-06-11T23:57:25+00:00,False,,51.391345,-0.411900,Male,18-24,White - Any other White background,White,,,Arrest,True,
Person search,2023-06-11T23:58:39+00:00,False,,51.323059,-0.583940,Male,25-34,Asian/Asian British - Any other Asian background,Asian,,Controlled drugs,A no further action disposal,False,
Person search,2023-06-12T06:16:03+00:00,False,,51.237522,-0.186850,Male,25-34,White - English/Welsh/Scottish/Northern Irish/British,White,,Article for use in theft,A no further action disposal,False,
Person search,2023-06-12T10:52:16+00:00,False,,51.241116,-0.169331,Male,over 34,White - English/Welsh/Scottish/Northern Irish/British,White,,,Community resolution,True,
Person search,2023-06-12T18:10:59+00:00,False,,51.434333,-0.510239,Male,10-17,White - Gypsy or Irish Traveller,White,,Offensive weapons,A no further action disposal,False,
Person search,2023-06-12T19:50:45+00:00,False,,51.239503,-0.576622,Male,18-24,White - English/Welsh/Scottish/Northern Irish/British,White,,Controlled drugs,A no further action disposal,False,
Person search,2023-06-12T22:33:40+00:00,False,,51.313682,-0.627892,Male,18-24,White - English/Welsh/Scottish/Northern Irish/British,White,,Controlled drugs,A no further action disposal,False,
Person search,2023-06-12T23:14:43+00:00,False,,51.209093,-0.797239,Male,25-34,White - English/Welsh/Scottish/Northern Irish/British,White,,Controlled drugs,Arrest,False,
Person search,2023-06-13T12:22:54+00:00,False,,51.249521,-0.159926,Male,18-24,White - English/Welsh/Scottish/Northern Irish/British,White,,Controlled drugs,A no further action disposal,False,
Person search,2023-06-13T22:02:33+00:00,False,,51.323320,-0.198926,Male,25-34,,White,,Stolen goods,A no further action disposal,False,
Person search,2023-06-13T22:56:34+00:00,False,,51.238081,-0.795194,Male,over 34,,White,,Offensive weapons,Arrest,False,
Person search,2023-06-14T01:02:38+00:00,False,,51.368892,-0.363013,Female,18-24,,White,,Controlled drugs,A no further action disposal,False,
Person search,2023-06-14T01:14:07+00:00,False,,51.370400,-0.361494,Male,18-24,White - English/Welsh/Scottish/Northern Irish/British,White,,Offensive weapons,,True,
Person search,2023-06-14T01:29:25+00:00,False,,51.239503,-0.576622,Male,,White - English/Welsh/Scottish/Northern Irish/British,White,,Controlled drugs,Community resolution,True,
Person search,2023-06-14T01:35:37+00:00,False,,51.239503,-0.576622,Male,,White - English/Welsh/Scottish/Northern Irish/British,White,,Controlled drugs,Community resolution,True,
Person search,2023-06-14T01:44:52+00:00,False,,51.381545,-0.414682,Male,18-24,White - English/Welsh/Scottish/Northern Irish/British,White,,Offensive weapons,A no further action disposal,True,
Person search,2023-06-14T01:57:37+00:00,False,,51.321173,-0.553933,Male,,Asian/Asian British - Bangladeshi,Asian,,,A no further action disposal,False,
Person search,2023-06-14T02:02:33+00:00,False,,51.395674,-0.377366,Male,18-24,,White,,Controlled drugs,Community resolution,True,
Person search,2023-06-14T11:50:42+00:00,False,,51.385253,-0.595358,Female,18-24,White - English/Welsh/Scottish/Northern Irish/British,White,,Controlled drugs,Community resolution,False,
Person search,2023-06-14T12:30:33+00:00,False,,51.385253,-0.595358,Male,18-24,White - English/Welsh/Scottish/Northern Irish/British,White,,Controlled drugs,A no further action disposal,False,
Person search,2023-06-14T19:02:01+00:00,False,,51.424637,-0.432782,Male,over 34,White - English/Welsh/Scottish/Northern Irish/British,White,,,Community resolution,True,
Person search,2023-06-14T19:04:07+00:00,False,,51.323929,-0.195859,Male,18-24,,White,,Controlled drugs,A no further action disposal,False,
Person search,2023-06-14T19:14:01+00:00,False,,51.323929,-0.195859,Male,18-24,,White,,Controlled drugs,Community resolution,True,
Person search,2023-06-14T20:09:22+00:00,False,,51.370486,-0.491121,Male,over 34,,Asian,,Stolen goods,Caution (simple or conditional),False,
Person search,2023-06-14T20:12:22+00:00,False,,51.240135,-0.165215,Male,18-24,,White,,Offensive weapons,Arrest,False,
Person search,2023-06-14T23:58:16+00:00,False,,51.356695,-0.485815,Male,over 34,,White,,Controlled drugs,A no further action disposal,False,
Person search,2023-06-14T23:59:11+00:00,False,,51.370486,-0.491121,Male,over 34,,White,,Controlled drugs,A no further action disposal,False,
Person search,2023-06-15T00:55:49+00:00,False,,51.332907,-0.551698,Male,25-34,Asian/Asian British - Pakistani,Asian,,Controlled drugs,Arrest,False,
Person search,2023-06-15T01:09:01+00:00,False,,51.332907,-0.551698,Male,25-34,,Asian,,Stolen goods,A no further action disposal,False,
Person search,2023-06-15T04:18:18+00:00,False,,51.332629,-0.265169,Male,18-24,White - English/Welsh/Scottish/Northern Irish/British,White,,Stolen goods,Arrest,True,
Person search,2023-06-15T05:09:14+00:00,False,,51.256132,-0.544581,Male,18-24,,Black,,Article for use in theft,Arrest,True,
Person search,2023-06-15T05:22:27+00:00,False,,51.256132,-0.544581,Male,18-24,,Asian,,Article for use in theft,Arrest,True,
Person search,2023-06-15T05:26:09+00:00,False,,51.256132,-0.544581,Male,18-24,,Asian,,Article for use in theft,Arrest,True,
Person search,2023-06-15T05:27:30+00:00,False,,51.256132,-0.544581,Male,18-24,,Asian,,Article for use in theft,Arrest,True,
Person search,2023-06-15T05:28:26+00:00,False,,51.256132,-0.544581,Male,10-17,,Asian,,Article for use in theft,Arrest,True,
Person search,2023-06-15T09:04:02+00:00,False,,51.375597,-0.480220,Male,25-34,White - Any other White background,White,,Controlled drugs,Arrest,True,
Person search,2023-06-15T09:09:08+00:00,False,,51.432938,-0.503048,Male,,Black/African/Caribbean/Black British - African,Black,,,A no further action disposal,False,
Person search,2023-06-15T11:12:14+00:00,False,,51.324596,-0.198316,Male,over 34,,White,,Article for use in theft,A no further action disposal,False,
Person search,2023-06-15T11:32:29+00:00,False,,51.376993,-0.526886,Male,over 34,,White,,Offensive weapons,Arrest,False,
Person search,2023-06-15T12:04:19+00:00,False,,51.435642,-0.509189,Female,18-24,White - English/Welsh/Scottish/Northern Irish/British,White,,Stolen goods,A no further action disposal,False,
Person search,2023-06-15T12:04:51+00:00,False,,51.434333,-0.510239,Male,18-24,,Asian,,Stolen goods,A no further action disposal,False,
Person search,2023-06-15T19:04:27+00:00,False,,51.239503,-0.576622,Female,over 34,,White,,Controlled drugs,A no further action disposal,False,
Person search,2023-06-15T20:13:51+00:00,False,,51.242549,-0.235694,Male,18-24,,White,,Firearms,A no further action disposal,False,
Person search,2023-06-15T20:15:46+00:00,False,,51.242549,-0.235694,Female,18-24,,White,,Firearms,A no further action disposal,False,
Person search,2023-06-15T20:18:15+00:00,False,,51.242549,-0.235694,Male,10-17,,White,,Firearms,A no further action disposal,False,
Person search,2023-06-15T20:19:28+00:00,False,,51.242549,-0.235694,Male,18-24,,White,,Firearms,A no further action disposal,False,
Person search,2023-06-15T20:20:23+00:00,False,,51.242549,-0.235694,Male,18-24,,White,,Firearms,A no further action disposal,False,
Person search,2023-06-15T20:26:14+00:00,False,,51.242549,-0.235694,Male,18-24,,White,,Firearms,A no further action disposal,False,
Person search,2023-06-15T22:48:35+00:00,False,,51.418898,-0.413966,,25-34,Black/African/Caribbean/Black British - African,Black,,Offensive weapons,Community resolution,False,
Person search,2023-06-16T01:04:05+00:00,False,,51.295264,-0.326906,Female,over 34,,White,,Controlled drugs,A no further action disposal,False,
Person search,2023-06-16T11:51:16+00:00,False,,51.239503,-0.576622,Male,18-24,White - English/Welsh/Scottish/Northern Irish/British,White,,Controlled drugs,Community resolution,True,
Person search,2023-06-16T13:30:00+00:00,False,,51.171370,-0.163153,Male,over 34,,White,,Offensive weapons,A no further action disposal,False,
Person search,2023-06-16T17:52:16+00:00,False,,51.252593,-0.557231,Male,25-34,White - Any other White background,White,,Controlled drugs,Arrest,True,
Person search,2023-06-16T20:41:25+00:00,False,,51.336225,-0.262636,Male,18-24,White - English/Welsh/Scottish/Northern Irish/British,White,,Controlled drugs,A no further action disposal,False,
Person search,2023-06-16T21:17:00+00:00,False,,51.215038,-0.635808,Male,25-34,,Asian,,Controlled drugs,A no further action disposal,True,
Person search,2023-06-16T21:21:17+00:00,False,,51.215038,-0.635808,Male,18-24,,Asian,,Controlled drugs,A no further action disposal,True,
Person search,2023-06-17T01:37:29+00:00,False,,51.155604,-0.155512,Male,25-34,White - Any other White background,White,,Article for use in theft,A no further action disposal,False,
Person search,2023-06-17T04:09:13+00:00,False,,51.239503,-0.576622,Female,18-24,White - English/Welsh/Scottish/Northern Irish/British,White,,Controlled drugs,Community resolution,True,
Person search,2023-06-17T04:39:11+00:00,False,,51.428169,-0.564684,Male,18-24,White - English/Welsh/Scottish/Northern Irish/British,White,,Controlled drugs,Community resolution,True,
Person search,2023-06-17T14:14:21+00:00,False,,51.336504,-0.745774,Male,10-17,,Black,,Offensive weapons,A no further action disposal,False,
Person search,2023-06-17T16:37:19+00:00,False,,51.339230,-0.744264,Male,10-17,White - English/Welsh/Scottish/Northern Irish/British,White,,Offensive weapons,A no further action disposal,False,
Person search,2023-06-17T16:47:00+00:00,False,,51.339230,-0.744264,Male,10-17,Asian/Asian British - Any other Asian background,Asian,,Offensive weapons,A no further action disposal,False,
Person search,2023-06-17T19:17:29+00:00,False,,51.237522,-0.186850,Female,10-17,White - English/Welsh/Scottish/Northern Irish/British,White,,Stolen goods,A no further action disposal,False,
Person search,2023-06-17T19:21:46+00:00,False,,51.237522,-0.186850,Female,10-17,White - English/Welsh/Scottish/Northern Irish/British,White,,Stolen goods,A no further action disposal,False,
Person search,2023-06-17T19:22:15+00:00,False,,51.237522,-0.186850,Female,10-17,Mixed/Multiple ethnic groups - Any other Mixed/Multiple ethnic background,White,,Stolen goods,A no further action disposal,False,
Person search,2023-06-17T19:36:25+00:00,False,,51.421299,-0.496481,Male,25-34,White - English/Welsh/Scottish/Northern Irish/British,White,,,A no further action disposal,False,
Person search,2023-06-17T20:14:00+00:00,False,,51.163112,-0.637097,Female,10-17,White - English/Welsh/Scottish/Northern Irish/British,White,,Offensive weapons,A no further action disposal,False,
Person search,2023-06-17T20:35:37+00:00,False,,51.327293,-0.636844,Male,10-17,White - English/Welsh/Scottish/Northern Irish/British,White,,Stolen goods,A no further action disposal,False,
Person search,2023-06-17T21:58:15+00:00,False,,51.237522,-0.186850,Male,,,Black,,Controlled drugs,A no further action disposal,False,
Person search,2023-06-17T23:41:22+00:00,False,,51.274441,-0.013107,Male,18-24,,White,,Controlled drugs,Community resolution,True,
Person search,2023-06-18T16:03:33+00:00,False,,51.402498,-0.381193,Male,over 34,White - English/Welsh/Scottish/Northern Irish/British,White,,Offensive weapons,A no further action disposal,False,
Person search,2023-06-18T20:11:54+00:00,False,,51.237117,-0.575665,Male,10-17,,White,,,A no further action disposal,False,
Person search,2023-06-18T22:03:01+00:00,False,,51.339647,-0.358384,Male,25-34,White - English/Welsh/Scottish/Northern Irish/British,White,,Controlled drugs,Community resolution,True,
Person search,2023-06-19T00:30:01+00:00,False,,51.423320,-0.476854,Male,25-34,,White,,Controlled drugs,A no further action disposal,False,
Person search,2023-06-19T03:58:34+00:00,False,,51.347446,-0.656464,Male,10-17,,White,,Stolen goods,Arrest,True,
Person search,2023-06-19T06:02:10+00:00,False,,51.344525,-0.255415,Male,10-17,Asian/Asian British - Any other Asian background,Asian,,Offensive weapons,A no further action disposal,False,
Person search,2023-06-19T08:24:19+00:00,True,,51.343423,-0.258071,Female,10-17,,White,,Offensive weapons,A no further action disposal,False,
Person search,2023-06-19T10:29:04+00:00,False,,51.404644,-0.513346,Male,,,Asian,,Controlled drugs,A no further action disposal,False,
Person search,2023-06-19T10:30:19+00:00,False,,51.404644,-0.513346,Male,18-24,Black/African/Caribbean/Black British - Any other Black/African/Caribbean background,Black,,Controlled drugs,Community resolution,True,
Person search,2023-06-19T11:06:23+00:00,False,,51.264712,-0.331069,Male,10-17,Black/African/Caribbean/Black British - Caribbean,Black,,Offensive weapons,Arrest,False,
Person search,2023-06-19T12:40:25+00:00,False,,51.404644,-0.513346,Male,10-17,,Asian,,Controlled drugs,A no further action disposal,False,
Person search,2023-06-19T14:10:52+00:00,False,,51.308358,-0.333302,Female,10-17,White - English/Welsh/Scottish/Northern Irish/British,White,,Offensive weapons,A no further action disposal,False,
Person search,2023-06-19T14:10:58+00:00,False,,51.308358,-0.333302,Male,10-17,White - English/Welsh/Scottish/Northern Irish/British,White,,Offensive weapons,A no further action disposal,False,
Person search,2023-06-19T14:13:23+00:00,False,,51.297690,-0.064776,Male,over 34,Asian/Asian British - Any other Asian background,Asian,,Offensive weapons,A no further action disposal,False,
Person search,2023-06-19T16:17:18+00:00,False,,51.287353,-0.077057,Male,25-34,Asian/Asian British - Any other Asian background,Asian,,Stolen goods,Arrest,True,
Person search,2023-06-19T20:28:07+00:00,False,,51.187043,-0.610492,Male,10-17,White - English/Welsh/Scottish/Northern Irish/British,White,,Controlled drugs,Community resolution,True,
Person search,2023-06-19T20:29:02+00:00,False,,51.272344,-0.318908,,18-24,,White,,Offensive weapons,A no further action disposal,False,
Person search,2023-06-19T20:56:11+00:00,False,,51.282536,-0.078362,Male,25-34,,White,,Controlled drugs,A no further action disposal,False,
Person search,2023-06-19T21:56:28+00:00,False,,51.423320,-0.476854,Male,over 34,,White,,Controlled drugs,Arrest,True,
Person search,2023-06-19T22:08:27+00:00,False,,51.316672,-0.595688,Male,over 34,,White,,Article for use in theft,A no further action disposal,False,
Person search,2023-06-19T22:15:42+00:00,False,,51.316672,-0.595688,Female,over 34,,White,,Article for use in theft,A no further action disposal,False,
Person search,2023-06-19T22:24:28+00:00,False,,51.316672,-0.595688,Female,over 34,,White,,Stolen goods,Arrest,False,
Person search,2023-06-19T22:29:23+00:00,False,,51.316672,-0.595688,Female,over 34,,White,,Stolen goods,A no further action disposal,False,
Person search,2023-06-19T23:53:38+00:00,False,,51.185654,-0.610076,Male,25-34,White - Any other White background,White,,Offensive weapons,A no further action disposal,False,
Person search,2023-06-20T00:50:01+00:00,False,,51.378167,-0.281611,Male,25-34,,Asian,,Stolen goods,Summons / charged by post,True,
Person search,2023-06-20T02:14:05+00:00,False,,51.315531,-0.345756,Male,18-24,White - Any other White background,White,,Controlled drugs,A no further action disposal,True,
Person search,2023-06-20T02:14:44+00:00,False,,51.315531,-0.345756,Male,18-24,White - Any other White background,White,,Controlled drugs,A no further action disposal,True,
Person search,2023-06-20T18:38:17+00:00,False,,51.237928,-0.571371,Male,over 34,,White,,Controlled drugs,A no further action disposal,True,
Person search,2023-06-20T18:39:28+00:00,False,,51.315089,-0.622110,Male,over 34,,White,,Offensive weapons,A no further action disposal,False,
Person search,2023-06-20T18:51:52+00:00,False,,51.315089,-0.622110,Male,25-34,,White,,Offensive weapons,A no further action disposal,False,
Person search,2023-06-20T20:00:52+00:00,False,,51.316819,-0.565463,Female,10-17,,White,,Stolen goods,Arrest,True,
Person search,2023-06-20T20:18:09+00:00,False,,51.239503,-0.576622,Male,,White - English/Welsh/Scottish/Northern Irish/British,White,,Controlled drugs,A no further action disposal,False,
Person search,2023-06-20T23:14:23+00:00,False,,51.369701,-0.398110,Male,10-17,White - English/Welsh/Scottish/Northern Irish/British,White,,Articles for use in criminal damage,A no further action disposal,False,
Person search,2023-06-21T00:04:46+00:00,False,,51.386362,-0.421155,Male,10-17,White - English/Welsh/Scottish/Northern Irish/British,White,,Article for use in theft,A no further action disposal,False,
Person search,2023-06-21T00:07:59+00:00,False,,51.386362,-0.421155,Male,10-17,,White,,Stolen goods,A no further action disposal,False,
Person search,2023-06-21T04:57:51+00:00,False,,51.422343,-0.561759,Male,25-34,Black/African/Caribbean/Black British - Caribbean,Black,,Controlled drugs,Community resolution,True,
Person search,2023-06-21T05:05:27+00:00,False,,51.369701,-0.398110,Male,10-17,White - English/Welsh/Scottish/Northern Irish/British,White,,Stolen goods,A no further action disposal,False,
Person search,2023-06-21T11:17:39+00:00,False,,51.400656,-0.356129,Male,18-24,,White,,Offensive weapons,A no further action disposal,False,
Person search,2023-06-21T20:33:29+00:00,False,,51.322052,-0.615515,Female,25-34,,Asian,,Controlled drugs,A no further action disposal,False,
Person search,2023-06-21T21:34:27+00:00,False,,51.239503,-0.576622,Male,25-34,,Asian,,Controlled drugs,Community resolution,True,
Person search,2023-06-22T02:00:37+00:00,False,,51.174903,-0.016058,Male,10-17,White - English/Welsh/Scottish/Northern Irish/British,White,,Article for use in theft,A no further action disposal,False,
Person search,2023-06-22T02:01:58+00:00,False,,51.174903,-0.016058,Male,10-17,White - English/Welsh/Scottish/Northern Irish/British,White,,Articles for use in criminal damage,A no further action disposal,False,
Person search,2023-06-22T02:03:03+00:00,False,,51.174903,-0.016058,Male,10-17,White - English/Welsh/Scottish/Northern Irish/British,White,,Stolen goods,A no further action disposal,False,
Person search,2023-06-22T10:35:23+00:00,False,,51.239503,-0.576622,Male,over 34,,White,,Offensive weapons,Arrest,True,
Vehicle search,2023-06-22T15:52:30+00:00,False,,51.187043,-0.610492,,,,,,Controlled drugs,Summons / charged by post,False,
Person search,2023-06-22T16:16:52+00:00,False,,51.256132,-0.544581,Male,over 34,,White,,Firearms,Arrest,False,
Person search,2023-06-22T16:23:19+00:00,False,,51.256132,-0.544581,Male,10-17,,White,,Firearms,A no further action disposal,False,
Person search,2023-06-22T19:58:03+00:00,False,,51.354098,-0.247311,Male,25-34,Black/African/Caribbean/Black British - Caribbean,Black,,Controlled drugs,Arrest,True,
Person search,2023-06-22T21:33:52+00:00,False,,51.236255,-0.186327,Male,10-17,White - English/Welsh/Scottish/Northern Irish/British,White,,Controlled drugs,Community resolution,True,
Person search,2023-06-22T22:05:57+00:00,False,,51.204523,-0.167504,Male,25-34,White - English/Welsh/Scottish/Northern Irish/British,White,,Articles for use in criminal damage,Arrest,False,
Person search,2023-06-22T22:45:42+00:00,False,,51.237522,-0.186850,Male,10-17,White - English/Welsh/Scottish/Northern Irish/British,White,,Offensive weapons,A no further action disposal,False,
Person search,2023-06-23T13:03:15+00:00,False,,51.400228,-0.383516,Male,18-24,White - English/Welsh/Scottish/Northern Irish/British,White,,Offensive weapons,A no further action disposal,False,
Person search,2023-06-23T15:52:09+00:00,False,,51.240020,-0.168830,Male,over 34,White - English/Welsh/Scottish/Northern Irish/British,White,,Stolen goods,A no further action disposal,False,
Person search,2023-06-23T16:34:34+00:00,False,,51.239671,-0.577147,Female,18-24,White - Any other White background,White,,Stolen goods,Arrest,False,
Person search,2023-06-23T18:03:31+00:00,False,,51.434362,-0.506138,Male,10-17,,White,,Offensive weapons,Arrest,True,
Person search,2023-06-23T18:13:35+00:00,False,,51.236255,-0.186327,Male,18-24,White - English/Welsh/Scottish/Northern Irish/British,Black,,,A no further action disposal,True,
Person search,2023-06-23T20:44:07+00:00,False,,51.236929,-0.210252,Male,25-34,Asian/Asian British - Bangladeshi,Asian,,Controlled drugs,Community resolution,False,
Person search,2023-06-23T20:48:24+00:00,False,,51.236929,-0.210252,Male,25-34,Asian/Asian British - Any other Asian background,Asian,,Controlled drugs,Community resolution,True,
Person search,2023-06-23T22:35:51+00:00,False,,51.237522,-0.186850,Male,,White - English/Welsh/Scottish/Northern Irish/British,White,,,A no further action disposal,True,
Person search,2023-06-24T02:11:15+00:00,False,,51.239503,-0.576622,Female,18-24,,White,,Stolen goods,Arrest,False,
Person search,2023-06-24T02:29:00+00:00,False,,51.434362,-0.506138,Male,over 34,,White,,,Arrest,False,
Person search,2023-06-24T13:08:52+00:00,False,,51.242120,-0.572931,Male,over 34,White - English/Welsh/Scottish/Northern Irish/British,White,,Stolen goods,A no further action disposal,False,
Vehicle search,2023-06-24T14:57:33+00:00,False,,51.434468,-0.505257,,,,,,Controlled drugs,Community resolution,True,
Person search,2023-06-24T20:27:41+00:00,False,,51.203912,-0.810328,Male,over 34,White - English/Welsh/Scottish/Northern Irish/British,White,,Offensive weapons,A no further action disposal,False,
Person search,2023-06-24T22:24:36+00:00,False,,51.429778,-0.479718,Male,10-17,,White,,Offensive weapons,A no further action disposal,False,
Person search,2023-06-24T22:27:51+00:00,False,,51.427979,-0.483129,Male,10-17,,Black,,Offensive weapons,A no further action disposal,False,
Person search,2023-06-25T16:40:35+00:00,False,,51.441092,-0.476392,Male,10-17,,White,,Articles for use in criminal damage,A no further action disposal,False,
Person search,2023-06-25T16:50:16+00:00,False,,51.441092,-0.476392,Male,10-17,,White,,Article for use in theft,A no further action disposal,False,
Person search,2023-06-25T20:52:44+00:00,False,,51.284778,-0.335074,Male,18-24,White - English/Welsh/Scottish/Northern Irish/British,White,,Controlled drugs,Community resolution,True,
Person search,2023-06-25T22:59:25+00:00,False,,51.239503,-0.576622,,10-17,White - English/Welsh/Scottish/Northern Irish/British,White,,Stolen goods,Community resolution,True,
Person search,2023-06-26T01:11:07+00:00,False,,51.251429,-0.575996,Male,18-24,,White,,Controlled drugs,A no further action disposal,False,
Person search,2023-06-26T05:29:14+00:00,False,,51.237522,-0.186850,Male,over 34,White - English/Welsh/Scottish/Northern Irish/British,White,,Offensive weapons,A no further action disposal,False,
Person search,2023-06-26T10:52:40+00:00,False,,51.403992,0.512054,Female,25-34,,Black,,Controlled drugs,A no further action disposal,False,
Person search,2023-06-26T12:18:23+00:00,False,,51.237984,-0.581081,Male,10-17,,Asian,,Controlled drugs,Community resolution,True,
Person search,2023-06-26T13:22:59+00:00,False,,51.239503,-0.576622,Male,18-24,,Black,,Controlled drugs,Community resolution,True,
Person search,2023-06-26T13:41:44+00:00,False,,51.155990,-0.163049,Female,25-34,White - English/Welsh/Scottish/Northern Irish/British,White,,Stolen goods,Community resolution,True,
Person search,2023-06-26T16:53:06+00:00,False,,51.368991,-0.490251,Male,10-17,White - English/Welsh/Scottish/Northern Irish/British,White,,,Community resolution,True,
Person search,2023-06-26T17:15:51+00:00,False,,51.373372,-0.482018,Male,,,Asian,,Controlled drugs,A no further action disposal,False,
Person search,2023-06-26T18:47:20+00:00,False,,51.239503,-0.576622,Male,10-17,,White,,Controlled drugs,Arrest,True,
Person search,2023-06-26T21:05:23+00:00,False,,51.498261,-0.458885,Male,25-34,,Asian,,Controlled drugs,Community resolution,False,
Person search,2023-06-26T21:14:13+00:00,False,,51.496341,-0.458589,Female,18-24,,Black,,Stolen goods,A no further action disposal,False,
Person search,2023-06-26T21:17:22+00:00,False,,51.239629,-0.170220,Female,10-17,White - English/Welsh/Scottish/Northern Irish/British,White,,Offensive weapons,A no further action disposal,False,
Person search,2023-06-26T21:39:14+00:00,False,,51.246075,-0.569872,Male,18-24,,White,,Controlled drugs,A no further action disposal,False,
Person search,2023-06-26T21:46:55+00:00,False,,51.246075,-0.569872,Male,18-24,,White,,Controlled drugs,A no further action disposal,False,
Person search,2023-06-26T22:02:00+00:00,False,,51.282516,-0.075997,Female,10-17,White - English/Welsh/Scottish/Northern Irish/British,White,,Offensive weapons,A no further action disposal,False,
Person search,2023-06-27T03:33:03+00:00,False,,51.370400,-0.361494,Male,18-24,,White,,Article for use in theft,A no further action disposal,False,
Person search,2023-06-27T11:05:49+00:00,False,,51.242712,-0.569904,Male,18-24,,White,,Controlled drugs,A no further action disposal,False,
Person search,2023-06-27T11:43:09+00:00,False,,51.169089,-0.161642,Male,10-17,,Asian,,Article for use in theft,A no further action disposal,False,
Person search,2023-06-27T11:50:26+00:00,False,,51.323929,-0.195859,Female,25-34,,White,,Controlled drugs,A no further action disposal,False,
Person search,2023-06-27T18:10:34+00:00,False,,51.344133,-0.280572,Male,10-17,,Asian,,Offensive weapons,A no further action disposal,False,
Vehicle search,2023-06-27T21:59:58+00:00,False,,51.321264,-0.559168,,,,,,Stolen goods,Arrest,True,
Person search,2023-06-28T11:11:04+00:00,False,,51.311872,-0.214154,Male,25-34,,White,,Stolen goods,Summons / charged by post,False,
Person search,2023-06-28T11:17:25+00:00,False,,51.310147,-0.217248,Male,18-24,,White,,Stolen goods,A no further action disposal,False,
Person search,2023-06-28T13:21:45+00:00,False,,51.260507,-0.198885,Male,18-24,,White,,Article for use in theft,A no further action disposal,False,
Person search,2023-06-28T13:30:47+00:00,False,,51.455613,-0.459789,Male,18-24,,Asian,,Controlled drugs,Arrest,True,
Person search,2023-06-28T14:40:27+00:00,False,,51.370486,-0.491121,Male,10-17,,Black,,Offensive weapons,A no further action disposal,False,
Person search,2023-06-28T15:42:12+00:00,False,,51.237522,-0.186850,Male,,Mixed/Multiple ethnic groups - White and Black Caribbean,Black,,Article for use in theft,A no further action disposal,False,
Person search,2023-06-28T16:06:30+00:00,False,,51.456534,-0.459326,Male,18-24,Asian/Asian British - Pakistani,Asian,,Controlled drugs,A no further action disposal,True,
Person search,2023-06-28T16:12:49+00:00,False,,51.239339,-0.167782,Male,25-34,,Black,,Stolen goods,Community resolution,False,
Person search,2023-06-28T16:18:13+00:00,False,,51.260507,-0.198885,Male,18-24,,White,,Stolen goods,A no further action disposal,False,
Person search,2023-06-28T19:41:13+00:00,False,,51.239503,-0.576622,Male,18-24,White - Any other White background,White,,,Arrest,True,
Person search,2023-06-28T23:17:15+00:00,False,,51.237522,-0.186850,Female,18-24,,Black,,Controlled drugs,A no further action disposal,True,
Person search,2023-06-29T03:17:29+00:00,False,,51.241350,-0.601493,Male,18-24,White - English/Welsh/Scottish/Northern Irish/British,White,,Stolen goods,A no further action disposal,False,
Person search,2023-06-29T15:20:07+00:00,False,,51.411582,-0.509454,Female,25-34,,White,,Offensive weapons,Arrest,False,
Person search,2023-06-29T16:11:33+00:00,False,,51.390824,-0.323495,Male,10-17,White - English/Welsh/Scottish/Northern Irish/British,White,,Controlled drugs,A no further action disposal,False,
Person search,2023-06-29T16:33:55+00:00,False,,51.390824,-0.323495,Male,10-17,White - English/Welsh/Scottish/Northern Irish/British,White,,Controlled drugs,A no further action disposal,False,
Person search,2023-06-29T16:42:25+00:00,False,,51.390824,-0.323495,Male,10-17,Black/African/Caribbean/Black British - Any other Black/African/Caribbean background,Black,,Controlled drugs,A no further action disposal,False,
Person search,2023-06-29T17:37:14+00:00,False,,51.419111,-0.511769,Male,18-24,White - English/Welsh/Scottish/Northern Irish/British,White,,Stolen goods,Community resolution,False,
Person search,2023-06-29T17:47:53+00:00,False,,51.238932,-0.172282,Male,,,Black,,Controlled drugs,A no further action disposal,False,
Person search,2023-06-29T17:47:57+00:00,False,,51.238932,-0.172282,Male,,,White,,Controlled drugs,A no further action disposal,False,
Person search,2023-06-29T17:48:11+00:00,False,,51.419417,-0.511098,Male,18-24,White - English/Welsh/Scottish/Northern Irish/British,White,,Stolen goods,Community resolution,False,
Person search,2023-06-29T22:33:04+00:00,False,,51.239503,-0.576622,Male,18-24,White - English/Welsh/Scottish/Northern Irish/British,White,,Controlled drugs,Arrest,True,
Person search,2023-06-29T22:37:37+00:00,False,,51.376993,-0.526886,Male,18-24,White - Any other White background,White,,Controlled drugs,Community resolution,True,
Person search,2023-06-29T23:24:56+00:00,False,,51.264578,-0.542623,Male,over 34,White - English/Welsh/Scottish/Northern Irish/British,White,,Article for use in theft,Caution (simple or conditional),True,
Person search,2023-06-30T00:43:51+00:00,False,,51.117402,-0.183283,Male,18-24,Mixed/Multiple ethnic groups - Any other Mixed/Multiple ethnic background,Black,,Controlled drugs,A no further action disposal,False,
Person search,2023-06-30T00:55:51+00:00,False,,51.117402,-0.183283,Male,18-24,White - English/Welsh/Scottish/Northern Irish/British,White,,Offensive weapons,A no further action disposal,False,
Person search,2023-06-30T03:32:19+00:00,False,,51.282516,-0.075997,Male,25-34,,White,,Stolen goods,A no further action disposal,False,
Person search,2023-06-30T12:21:46+00:00,False,,51.256132,-0.544581,Male,25-34,White - English/Welsh/Scottish/Northern Irish/British,White,,Offensive weapons,A no further action disposal,False,
Person search,2023-06-30T14:49:07+00:00,False,,51.455593,-0.478155,Male,18-24,Asian/Asian British - Indian,Asian,,Controlled drugs,Community resolution,True,
Person search,2023-06-30T14:51:35+00:00,False,,51.455593,-0.478155,Female,18-24,Asian/Asian British - Indian,Asian,,Controlled drugs,A no further action disposal,True,
Person search,2023-06-30T15:25:02+00:00,False,,51.239503,-0.576622,Male,over 34,White - Any other White background,White,,Stolen goods,A no further action disposal,True,
Person search,2023-06-30T16:07:02+00:00,True,,51.237390,-0.575928,Male,over 34,Black/African/Caribbean/Black British - Any other Black/African/Caribbean background,Other,,Stolen goods,A no further action disposal,False,
Person search,2023-06-30T16:27:18+00:00,False,,51.239503,-0.576622,Female,25-34,White - English/Welsh/Scottish/Northern Irish/British,White,,Stolen goods,Arrest,False,
Person search,2023-06-30T17:43:23+00:00,False,,51.236923,-0.208104,Female,10-17,White - English/Welsh/Scottish/Northern Irish/British,White,,Controlled drugs,Arrest,False,
Person search,2023-06-30T17:44:37+00:00,False,,51.435915,-0.503799,Male,over 34,Other ethnic group - Any other ethnic group,Asian,,Controlled drugs,Community resolution,True,
Person search,2023-06-30T17:45:52+00:00,False,,51.236923,-0.208104,Male,10-17,White - English/Welsh/Scottish/Northern Irish/British,White,,Controlled drugs,A no further action disposal,False,
Person search,2023-06-30T19:07:03+00:00,False,,51.236923,-0.208104,Female,10-17,White - English/Welsh/Scottish/Northern Irish/British,White,,Controlled drugs,Arrest,False,
Person search,2023-06-30T20:07:23+00:00,False,,51.456342,-0.481844,Male,18-24,Asian/Asian British - Any other Asian background,Asian,,Controlled drugs,Community resolution,True,
Person search,2023-06-30T20:14:30+00:00,False,,51.236923,-0.208104,Female,10-17,White - English/Welsh/Scottish/Northern Irish/British,White,,Controlled drugs,A no further action disposal,False,
Person search,2023-06-30T20:21:28+00:00,False,,51.236923,-0.208104,Female,10-17,White - English/Welsh/Scottish/Northern Irish/British,White,,Controlled drugs,A no further action disposal,False,
Person search,2023-06-30T20:24:11+00:00,False,,51.348413,-0.463012,Male,10-17,White - English/Welsh/Scottish/Northern Irish/British,White,,Articles for use in criminal damage,A no further action disposal,False,
Person search,2023-06-30T20:24:45+00:00,False,,51.348413,-0.463012,Male,10-17,White - English/Welsh/Scottish/Northern Irish/British,White,,Articles for use in criminal damage,A no further action disposal,False,
Person search,2023-06-30T20:29:13+00:00,False,,51.348413,-0.463012,Male,10-17,White - Any other White background,White,,Articles for use in criminal damage,A no further action disposal,False,
Person search,2023-06-30T20:30:42+00:00,False,,51.348413,-0.463012,Male,10-17,White - English/Welsh/Scottish/Northern Irish/British,White,,Articles for use in criminal damage,A no further action disposal,False,
Person search,2023-06-30T20:33:00+00:00,False,,51.348413,-0.463012,Male,10-17,White - English/Welsh/Scottish/Northern Irish/British,White,,Articles for use in criminal damage,A no further action disposal,False,
Person search,2023-06-30T20:33:43+00:00,False,,51.348413,-0.463012,Male,10-17,White - English/Welsh/Scottish/Northern Irish/British,White,,Articles for use in criminal damage,A no further action disposal,False,
Person search,2023-06-30T20:35:58+00:00,False,,51.348413,-0.463012,Male,10-17,White - English/Welsh/Scottish/Northern Irish/British,White,,Articles for use in criminal damage,A no further action disposal,False,
Person search,2023-06-30T20:36:23+00:00,False,,51.348413,-0.463012,Male,10-17,White - English/Welsh/Scottish/Northern Irish/British,White,,Articles for use in criminal damage,A no further action disposal,False,
Person search,2023-06-30T20:40:45+00:00,False,,51.348413,-0.463012,Male,10-17,White - English/Welsh/Scottish/Northern Irish/British,White,,Articles for use in criminal damage,A no further action disposal,False,
Person search,2023-06-30T21:02:13+00:00,False,,51.457921,-0.473932,Male,18-24,White - English/Welsh/Scottish/Northern Irish/British,White,,Stolen goods,Arrest,True,
Person search,2023-06-30T21:03:12+00:00,False,,51.457921,-0.473932,Female,18-24,White - English/Welsh/Scottish/Northern Irish/British,White,,Stolen goods,Arrest,False,
Person search,2023-06-30T21:04:27+00:00,False,,51.457921,-0.473932,Male,18-24,White - English/Welsh/Scottish/Northern Irish/British,White,,Offensive weapons,Arrest,False,
Person search,2023-06-30T21:10:28+00:00,False,,51.236923,-0.208104,Male,10-17,White - English/Welsh/Scottish/Northern Irish/British,White,,Controlled drugs,A no further action disposal,False,
Person search,2023-06-30T21:28:33+00:00,False,,51.457921,-0.473932,Female,18-24,,White,,Stolen goods,A no further action disposal,False,
Person search,2023-06-30T21:35:14+00:00,False,,51.236923,-0.208104,Male,10-17,Mixed/Multiple ethnic groups - White and Black Caribbean,Black,,Controlled drugs,A no further action disposal,False,
