Type,Date,Part of a policing operation,Policing operation,Latitude,Longitude,Gender,Age range,Self-defined ethnicity,Officer-defined ethnicity,Legislation,Object of search,Outcome,Outcome linked to object of search,Removal of more than just outer clothing
Person search,2023-08-01T12:21:00+00:00,,,50.612702,-2.461942,Male,25-34,White - English/Welsh/Scottish/Northern Irish/British,White,Misuse of Drugs Act 1971 (section 23),Controlled drugs,Arrest,True,True
Person search,2023-08-01T12:21:00+00:00,,,50.612702,-2.461942,Male,25-34,Black/African/Caribbean/Black British - Caribbean,Black,Misuse of Drugs Act 1971 (section 23),Controlled drugs,Arrest,True,True
Person search,2023-08-03T01:00:00+00:00,,,50.718314,-1.981002,Male,10-17,White - English/Welsh/Scottish/Northern Irish/British,White,Police and Criminal Evidence Act 1984 (section 1),Offensive weapons,,,False
Person search,2023-08-03T02:13:00+00:00,,,50.712809,-2.004877,Male,18-24,White - English/Welsh/Scottish/Northern Irish/British,,Police and Criminal Evidence Act 1984 (section 1),Article for use in theft,,,False
Person search,2023-08-03T02:46:00+00:00,,,50.718940,-1.980895,Male,10-17,White - English/Welsh/Scottish/Northern Irish/British,White,Police and Criminal Evidence Act 1984 (section 1),Offensive weapons,,,False
Person search,2023-08-03T12:38:00+00:00,,,50.750920,-1.935508,Male,over 34,White - English/Welsh/Scottish/Northern Irish/British,White,Misuse of Drugs Act 1971 (section 23),Controlled drugs,,,False
Person search,2023-08-04T11:57:00+00:00,,,50.729946,-1.826566,Male,10-17,Other ethnic group - Any other ethnic group,,Police and Criminal Evidence Act 1984 (section 1),Offensive weapons,,,False
Person search,2023-08-04T11:57:00+00:00,,,50.729946,-1.826566,Male,10-17,Mixed/Multiple ethnic groups - Any other Mixed/Multiple ethnic background,,Police and Criminal Evidence Act 1984 (section 1),Offensive weapons,,,False
Person search,2023-08-04T11:57:00+00:00,,,50.729946,-1.826566,Male,10-17,Other ethnic group - Any other ethnic group,,Police and Criminal Evidence Act 1984 (section 1),Offensive weapons,,,False
Person search,2023-08-04T11:57:00+00:00,,,50.729946,-1.826566,Male,10-17,Other ethnic group - Any other ethnic group,,Police and Criminal Evidence Act 1984 (section 1),Offensive weapons,,,False
Person search,2023-08-04T11:57:00+00:00,,,50.729946,-1.826566,Male,10-17,Other ethnic group - Any other ethnic group,,Police and Criminal Evidence Act 1984 (section 1),Offensive weapons,,,False
Person search,2023-08-04T16:17:00+00:00,,,50.723914,-1.869088,Male,over 34,Other ethnic group - Not stated,White,Police and Criminal Evidence Act 1984 (section 1),Offensive weapons,,,False
Person search,2023-08-04T19:35:00+00:00,,,51.007971,-2.181122,Male,over 34,White - English/Welsh/Scottish/Northern Irish/British,White,Misuse of Drugs Act 1971 (section 23),Controlled drugs,,,False
Person search,2023-08-04T20:10:00+00:00,,,50.717671,-1.946716,Male,over 34,Asian/Asian British - Indian,Asian,Misuse of Drugs Act 1971 (section 23),Controlled drugs,Arrest,True,False
Person search,2023-08-04T22:50:00+00:00,,,50.609333,-2.447296,Male,18-24,Mixed/Multiple ethnic groups - Any other Mixed/Multiple ethnic background,,Misuse of Drugs Act 1971 (section 23),Controlled drugs,,,False
Person search,2023-08-04T22:51:00+00:00,,,50.609333,-2.447296,Male,18-24,White - English/Welsh/Scottish/Northern Irish/British,White,Misuse of Drugs Act 1971 (section 23),Evidence of offences under the Act,,,False
Person search,2023-08-04T22:55:00+00:00,,,50.609333,-2.447296,Male,18-24,White - English/Welsh/Scottish/Northern Irish/British,White,Misuse of Drugs Act 1971 (section 23),Controlled drugs,A no further action disposal,,False
Person search,2023-08-05T00:32:00+00:00,,,50.721120,-1.879962,Male,18-24,White - English/Welsh/Scottish/Northern Irish/British,White,Police and Criminal Evidence Act 1984 (section 1),Offensive weapons,A no further action disposal,,False
Person search,2023-08-05T00:35:00+00:00,,,50.717535,-1.875169,Male,18-24,Other ethnic group - Not stated,White,Police and Criminal Evidence Act 1984 (section 1),Offensive weapons,A no further action disposal,,False
Person search,2023-08-05T00:42:00+00:00,,,50.714571,-1.986478,Male,over 34,Mixed/Multiple ethnic groups - Any other Mixed/Multiple ethnic background,,Police and Criminal Evidence Act 1984 (section 1),Offensive weapons,,,False
Person search,2023-08-05T01:20:00+00:00,,,50.722301,-1.866628,Male,18-24,Other ethnic group - Not stated,,Police and Criminal Evidence Act 1984 (section 1),Offensive weapons,Arrest,True,False
Person search,2023-08-05T22:00:00+00:00,,,50.719362,-1.880632,Male,18-24,White - English/Welsh/Scottish/Northern Irish/British,White,Misuse of Drugs Act 1971 (section 23),Controlled drugs,Community resolution,True,False
Person search,2023-08-05T22:01:00+00:00,,,50.719362,-1.880632,Male,10-17,White - English/Welsh/Scottish/Northern Irish/British,White,Misuse of Drugs Act 1971 (section 23),Controlled drugs,,,False
Person search,2023-08-05T23:07:00+00:00,,,50.808547,-1.963176,Male,10-17,White - English/Welsh/Scottish/Northern Irish/British,White,Police and Criminal Evidence Act 1984 (section 1),Evidence of offences under the Act,A no further action disposal,,False
Person search,2023-08-06T02:17:00+00:00,,,50.733818,-2.757458,Male,over 34,Other ethnic group - Not stated,White,Police and Criminal Evidence Act 1984 (section 1),Article for use in theft,,,False
Person search,2023-08-06T05:08:00+00:00,,,50.722814,-1.859246,Male,over 34,White - English/Welsh/Scottish/Northern Irish/British,White,Misuse of Drugs Act 1971 (section 23),Controlled drugs,A no further action disposal,,False
Person search,2023-08-06T12:05:00+00:00,,,50.719499,-1.887133,Male,over 34,Other ethnic group - Not stated,White,Police and Criminal Evidence Act 1984 (section 1),Offensive weapons,A no further action disposal,,False
Person search,2023-08-06T12:31:00+00:00,,,50.754794,-1.857635,Male,18-24,Black/African/Caribbean/Black British - Any other Black/African/Caribbean background,Asian,Police and Criminal Evidence Act 1984 (section 1),Offensive weapons,,,False
Person search,2023-08-06T15:17:00+00:00,,,50.719362,-1.880632,Male,18-24,Other ethnic group - Not stated,Black,Police and Criminal Evidence Act 1984 (section 1),Offensive weapons,,,False
Person search,2023-08-06T20:58:00+00:00,,,50.725289,-1.861080,Male,25-34,White - English/Welsh/Scottish/Northern Irish/British,White,Misuse of Drugs Act 1971 (section 23),Controlled drugs,,,False
Person search,2023-08-06T21:10:00+00:00,,,50.745219,-1.879546,Male,over 34,White - English/Welsh/Scottish/Northern Irish/British,White,Police and Criminal Evidence Act 1984 (section 1),Offensive weapons,Arrest,True,False
Person search,2023-08-06T21:20:00+00:00,,,50.745219,-1.879546,Male,25-34,White - English/Welsh/Scottish/Northern Irish/British,White,Police and Criminal Evidence Act 1984 (section 1),Offensive weapons,,,False
Person search,2023-08-06T22:00:00+00:00,,,50.728351,-1.939733,Female,10-17,White - English/Welsh/Scottish/Northern Irish/British,White,Police and Criminal Evidence Act 1984 (section 1),Articles for use in criminal damage,,,False
Person search,2023-08-06T22:00:00+00:00,,,50.728351,-1.939733,Female,10-17,,,Police and Criminal Evidence Act 1984 (section 1),Articles for use in criminal damage,,,False
Person search,2023-08-07T01:27:00+00:00,,,50.606164,-1.954557,Male,10-17,White - English/Welsh/Scottish/Northern Irish/British,White,Firearms Act 1968 (section 47),Firearms,,,False
Person search,2023-08-07T01:30:00+00:00,,,50.606164,-1.954557,Male,10-17,Other ethnic group - Not stated,,Firearms Act 1968 (section 47),Firearms,,,False
Person search,2023-08-07T01:36:00+00:00,,,50.606164,-1.954557,Female,10-17,White - English/Welsh/Scottish/Northern Irish/British,White,Firearms Act 1968 (section 47),Firearms,,,False
Person search,2023-08-07T01:38:00+00:00,,,50.606164,-1.954557,Female,10-17,Other ethnic group - Not stated,White,Firearms Act 1968 (section 47),Firearms,,,False
Person search,2023-08-07T04:22:00+00:00,,,50.719314,-1.873408,Male,over 34,Other ethnic group - Not stated,White,Police and Criminal Evidence Act 1984 (section 1),Articles for use in criminal damage,A no further action disposal,,False
Person search,2023-08-07T04:28:00+00:00,,,50.720496,-1.876634,Male,25-34,White - English/Welsh/Scottish/Northern Irish/British,White,Police and Criminal Evidence Act 1984 (section 1),Article for use in theft,,,False
Person search,2023-08-07T19:23:00+00:00,,,50.751466,-1.886624,Male,10-17,White - English/Welsh/Scottish/Northern Irish/British,White,Firearms Act 1968 (section 47),Firearms,Arrest,True,False
Person search,2023-08-08T16:10:00+00:00,,,50.718263,-1.874699,Male,25-34,White - English/Welsh/Scottish/Northern Irish/British,White,Misuse of Drugs Act 1971 (section 23),Controlled drugs,,,False
Person search,2023-08-08T20:10:00+00:00,,,50.721854,-1.868811,Male,25-34,White - Any other White background,White,Misuse of Drugs Act 1971 (section 23),Controlled drugs,A no further action disposal,,False
Person search,2023-08-08T21:20:00+00:00,,,50.738303,-1.822128,Male,over 34,Other ethnic group - Not stated,White,Misuse of Drugs Act 1971 (section 23),Controlled drugs,A no further action disposal,,False
Person search,2023-08-09T14:12:00+00:00,,,50.611782,-2.455757,Male,25-34,White - English/Welsh/Scottish/Northern Irish/British,White,Police and Criminal Evidence Act 1984 (section 1),Stolen goods,,,False
Person search,2023-08-09T20:25:00+00:00,,,50.710026,-2.437774,Male,over 34,Other ethnic group - Not stated,White,Police and Criminal Evidence Act 1984 (section 1),Offensive weapons,,,False
Person search,2023-08-10T03:05:00+00:00,,,50.729873,-1.914539,Male,over 34,Other ethnic group - Not stated,White,Police and Criminal Evidence Act 1984 (section 1),Stolen goods,,,False
Person search,2023-08-10T15:56:00+00:00,,,50.607758,-2.454559,Female,over 34,Other ethnic group - Not stated,White,Police and Criminal Evidence Act 1984 (section 1),Stolen goods,Arrest,True,False
Person search,2023-08-11T06:55:00+00:00,,,50.800751,-1.891309,Female,10-17,White - English/Welsh/Scottish/Northern Irish/British,White,Police and Criminal Evidence Act 1984 (section 1),Stolen goods,Community resolution,True,False
Person search,2023-08-11T06:55:00+00:00,,,50.800751,-1.891309,Female,10-17,White - English/Welsh/Scottish/Northern Irish/British,White,Police and Criminal Evidence Act 1984 (section 1),Stolen goods,Community resolution,True,False
Person search,2023-08-11T08:48:00+00:00,,,50.722814,-1.859246,Male,25-34,Other ethnic group - Not stated,White,Police and Criminal Evidence Act 1984 (section 1),Offensive weapons,,,False
Person search,2023-08-11T09:45:00+00:00,,,50.730501,-1.830616,Male,over 34,Other ethnic group - Not stated,White,Misuse of Drugs Act 1971 (section 23),Controlled drugs,A no further action disposal,,False
Person search,2023-08-11T10:40:00+00:00,,,50.730501,-1.830616,Male,over 34,White - English/Welsh/Scottish/Northern Irish/British,White,Misuse of Drugs Act 1971 (section 23),Controlled drugs,,,False
Person search,2023-08-11T11:13:00+00:00,,,50.730501,-1.830616,Male,over 34,White - English/Welsh/Scottish/Northern Irish/British,White,Misuse of Drugs Act 1971 (section 23),Controlled drugs,A no further action disposal,,False
Person search,2023-08-11T12:45:00+00:00,,,,,Female,over 34,White - English/Welsh/Scottish/Northern Irish/British,White,Misuse of Drugs Act 1971 (section 23),Controlled drugs,,,False
Person search,2023-08-11T13:11:00+00:00,,,50.722071,-1.878217,Male,over 34,Other ethnic group - Not stated,White,Misuse of Drugs Act 1971 (section 23),Controlled drugs,,,True
Person search,2023-08-11T15:32:00+00:00,,,50.720850,-1.871293,Male,over 34,Other ethnic group - Not stated,White,Police and Criminal Evidence Act 1984 (section 1),Stolen goods,,,False
Person search,2023-08-11T16:01:00+00:00,,,50.722814,-1.859246,Male,25-34,White - English/Welsh/Scottish/Northern Irish/British,White,Police and Criminal Evidence Act 1984 (section 1),Offensive weapons,,,False
Person search,2023-08-11T18:31:00+00:00,,,50.719362,-1.880632,Male,25-34,Asian/Asian British - Any other Asian background,Other,Criminal Justice and Public Order Act 1994 (section 60),Offensive weapons,A no further action disposal,,False
Person search,2023-08-11T18:44:00+00:00,,,50.720496,-1.876634,Male,18-24,Other ethnic group - Not stated,,Criminal Justice and Public Order Act 1994 (section 60),,A no further action disposal,,False
Person search,2023-08-11T18:44:00+00:00,,,50.720496,-1.876634,Male,25-34,White - English/Welsh/Scottish/Northern Irish/British,White,Criminal Justice and Public Order Act 1994 (section 60),Offensive weapons,A no further action disposal,,False
Person search,2023-08-11T19:01:00+00:00,,,50.718723,-1.875321,Male,25-34,Black/African/Caribbean/Black British - African,White,Criminal Justice and Public Order Act 1994 (section 60),Offensive weapons,,,False
Person search,2023-08-11T19:21:00+00:00,,,50.720496,-1.876634,Male,10-17,White - English/Welsh/Scottish/Northern Irish/British,White,Criminal Justice and Public Order Act 1994 (section 60),Offensive weapons,,,False
Person search,2023-08-11T20:00:00+00:00,,,50.717535,-1.875169,Male,over 34,Other ethnic group - Not stated,White,Criminal Justice and Public Order Act 1994 (section 60),Offensive weapons,,,False
Person search,2023-08-11T23:22:00+00:00,,,50.733653,-1.952366,Male,25-34,Mixed/Multiple ethnic groups - Any other Mixed/Multiple ethnic background,White,Police and Criminal Evidence Act 1984 (section 1),Article for use in theft,A no further action disposal,,False
Person search,2023-08-11T23:44:00+00:00,,,50.720496,-1.876634,Male,18-24,Other ethnic group - Not stated,,Criminal Justice and Public Order Act 1994 (section 60),Offensive weapons,,,False
Person search,2023-08-11T23:44:00+00:00,,,50.720496,-1.876634,Male,25-34,White - English/Welsh/Scottish/Northern Irish/British,White,Criminal Justice and Public Order Act 1994 (section 60),Offensive weapons,,,False
Person search,2023-08-12T00:21:00+00:00,,,50.720496,-1.876634,Male,10-17,White - English/Welsh/Scottish/Northern Irish/British,White,Criminal Justice and Public Order Act 1994 (section 60),Offensive weapons,,,False
Person search,2023-08-12T18:31:00+00:00,,,50.716097,-1.875668,Female,25-34,Other ethnic group - Not stated,White,Misuse of Drugs Act 1971 (section 23),Controlled drugs,A no further action disposal,,False
Person search,2023-08-12T21:32:00+00:00,,,,,Male,10-17,White - English/Welsh/Scottish/Northern Irish/British,White,Criminal Justice and Public Order Act 1994 (section 60),Offensive weapons,,,False
Person search,2023-08-13T00:50:00+00:00,,,,,Male,25-34,Other ethnic group - Not stated,White,Misuse of Drugs Act 1971 (section 23),Controlled drugs,Arrest,True,False
Person search,2023-08-13T05:27:00+00:00,,,50.716097,-1.875668,Male,over 34,White - English/Welsh/Scottish/Northern Irish/British,White,Misuse of Drugs Act 1971 (section 23),Controlled drugs,,,False
Person search,2023-08-13T19:25:00+00:00,,,50.720364,-1.841730,Male,25-34,White - English/Welsh/Scottish/Northern Irish/British,White,Police and Criminal Evidence Act 1984 (section 1),Offensive weapons,,,False
Person search,2023-08-13T22:41:00+00:00,,,50.732512,-1.954237,Male,18-24,White - English/Welsh/Scottish/Northern Irish/British,White,Misuse of Drugs Act 1971 (section 23),Controlled drugs,Community resolution,True,False
Person search,2023-08-13T23:15:00+00:00,,,50.732512,-1.954237,Male,18-24,White - English/Welsh/Scottish/Northern Irish/British,White,Misuse of Drugs Act 1971 (section 23),Controlled drugs,Community resolution,True,False
Person search,2023-08-14T08:30:00+00:00,,,50.752738,-1.823576,Male,18-24,Other ethnic group - Not stated,,Misuse of Drugs Act 1971 (section 23),Controlled drugs,Arrest,True,False
Person search,2023-08-14T14:54:00+00:00,,,50.745936,-1.789074,Male,10-17,Mixed/Multiple ethnic groups - White and Black Caribbean,,Police and Criminal Evidence Act 1984 (section 1),Article for use in theft,,,False
Person search,2023-08-14T14:54:00+00:00,,,50.745936,-1.789074,Male,10-17,White - English/Welsh/Scottish/Northern Irish/British,White,Police and Criminal Evidence Act 1984 (section 1),Article for use in theft,,,False
Person search,2023-08-14T20:53:00+00:00,,,50.751466,-1.886624,Male,10-17,White - English/Welsh/Scottish/Northern Irish/British,White,Police and Criminal Evidence Act 1984 (section 1),Offensive weapons,,,False
Person search,2023-08-14T21:17:00+00:00,,,50.726499,-1.865228,Male,over 34,Other ethnic group - Not stated,,Misuse of Drugs Act 1971 (section 23),Controlled drugs,A no further action disposal,,False
Person search,2023-08-14T21:35:00+00:00,,,50.609477,-2.456427,Male,over 34,Other ethnic group - Not stated,White,Misuse of Drugs Act 1971 (section 23),Controlled drugs,,,False
Person search,2023-08-15T13:25:00+00:00,,,50.743753,-1.879365,Male,25-34,White - English/Welsh/Scottish/Northern Irish/British,White,Police and Criminal Evidence Act 1984 (section 1),Offensive weapons,,,False
Person search,2023-08-15T23:35:00+00:00,,,50.712485,-1.988674,Male,18-24,White - English/Welsh/Scottish/Northern Irish/British,White,Police and Criminal Evidence Act 1984 (section 1),Article for use in theft,,,False
Person search,2023-08-16T20:10:00+00:00,,,50.701783,-2.443984,Male,over 34,White - Any other White background,White,Misuse of Drugs Act 1971 (section 23),Controlled drugs,Arrest,True,False
Person search,2023-08-17T20:57:00+00:00,,,50.722002,-1.824187,Male,18-24,Mixed/Multiple ethnic groups - Any other Mixed/Multiple ethnic background,White,Police and Criminal Evidence Act 1984 (section 1),Offensive weapons,,,False
Person search,2023-08-18T18:30:00+00:00,,,50.719314,-1.873408,Male,10-17,White - English/Welsh/Scottish/Northern Irish/British,White,Misuse of Drugs Act 1971 (section 23),Controlled drugs,A no further action disposal,,False
Person search,2023-08-18T18:42:00+00:00,,,50.719314,-1.873408,Male,10-17,White - English/Welsh/Scottish/Northern Irish/British,White,Misuse of Drugs Act 1971 (section 23),Controlled drugs,A no further action disposal,,False
Person search,2023-08-18T19:16:00+00:00,,,50.528016,-2.440855,Female,25-34,White - English/Welsh/Scottish/Northern Irish/British,White,Police and Criminal Evidence Act 1984 (section 1),Offensive weapons,,,False
Person search,2023-08-18T20:11:00+00:00,,,50.716639,-1.877523,Male,18-24,Other ethnic group - Not stated,White,Misuse of Drugs Act 1971 (section 23),Controlled drugs,A no further action disposal,,False
Person search,2023-08-18T20:31:00+00:00,,,50.722626,-1.972479,Male,over 34,Mixed/Multiple ethnic groups - Any other Mixed/Multiple ethnic background,,Police and Criminal Evidence Act 1984 (section 1),Offensive weapons,,,False
Person search,2023-08-18T20:55:00+00:00,,,50.719362,-1.880632,Male,18-24,Other ethnic group - Not stated,,Police and Criminal Evidence Act 1984 (section 1),Offensive weapons,A no further action disposal,,False
Person search,2023-08-18T22:30:00+00:00,,,,,Male,25-34,White - English/Welsh/Scottish/Northern Irish/British,White,Misuse of Drugs Act 1971 (section 23),Controlled drugs,A no further action disposal,,True
Person search,2023-08-18T23:15:00+00:00,,,50.722170,-1.869603,Male,18-24,Other ethnic group - Not stated,Other,Misuse of Drugs Act 1971 (section 23),Controlled drugs,,,False
Person search,2023-08-19T12:49:00+00:00,,,50.625535,-2.448535,Male,over 34,White - English/Welsh/Scottish/Northern Irish/British,White,,,,,
Person search,2023-08-19T14:25:00+00:00,,,50.606535,-2.461330,Male,10-17,White - English/Welsh/Scottish/Northern Irish/British,White,Firearms Act 1968 (section 47),Firearms,,,False
Person search,2023-08-19T14:59:00+00:00,,,50.766907,-1.978735,Male,over 34,White - English/Welsh/Scottish/Northern Irish/British,White,,,,,False
Person search,2023-08-19T17:35:00+00:00,,,50.754208,-1.915686,Male,18-24,Black/African/Caribbean/Black British - African,Black,Police and Criminal Evidence Act 1984 (section 1),Offensive weapons,Arrest,True,False
Person search,2023-08-19T20:12:00+00:00,,,50.754794,-1.857635,Female,over 34,White - English/Welsh/Scottish/Northern Irish/British,White,Misuse of Drugs Act 1971 (section 23),Controlled drugs,A no further action disposal,,False
Person search,2023-08-19T21:00:00+00:00,,,50.606498,-2.459309,Male,over 34,Other ethnic group - Not stated,White,Misuse of Drugs Act 1971 (section 23),Controlled drugs,,,False
Person search,2023-08-19T21:47:00+00:00,,,50.608861,-2.448337,Male,18-24,White - English/Welsh/Scottish/Northern Irish/British,White,Misuse of Drugs Act 1971 (section 23),Controlled drugs,A no further action disposal,,False
Person search,2023-08-19T22:55:00+00:00,,,50.719362,-1.880632,Male,over 34,Other ethnic group - Not stated,White,Misuse of Drugs Act 1971 (section 23),Controlled drugs,Community resolution,True,False
Person search,2023-08-19T23:12:00+00:00,,,50.721120,-1.879962,Male,25-34,Other ethnic group - Not stated,White,Misuse of Drugs Act 1971 (section 23),Controlled drugs,A no further action disposal,,False
Person search,2023-08-20T01:34:00+00:00,,,50.614025,-2.454761,Female,over 34,Other ethnic group - Not stated,White,Police and Criminal Evidence Act 1984 (section 1),Stolen goods,A no further action disposal,,False
Person search,2023-08-20T01:34:00+00:00,,,50.614025,-2.454761,Male,over 34,Other ethnic group - Not stated,White,Police and Criminal Evidence Act 1984 (section 1),Stolen goods,A no further action disposal,,False
Person search,2023-08-20T14:01:00+00:00,,,50.728029,-1.838120,Female,over 34,Mixed/Multiple ethnic groups - White and Asian,White,Police and Criminal Evidence Act 1984 (section 1),Offensive weapons,Arrest,True,False
Person search,2023-08-20T17:02:00+00:00,,,50.761130,-1.989787,Male,10-17,White - English/Welsh/Scottish/Northern Irish/British,White,Misuse of Drugs Act 1971 (section 23),Controlled drugs,,,False
Person search,2023-08-20T17:02:00+00:00,,,50.761130,-1.989787,Male,10-17,White - English/Welsh/Scottish/Northern Irish/British,White,Misuse of Drugs Act 1971 (section 23),Controlled drugs,,,False
Person search,2023-08-20T17:02:00+00:00,,,50.756860,-1.986318,Male,10-17,White - English/Welsh/Scottish/Northern Irish/British,White,Misuse of Drugs Act 1971 (section 23),Controlled drugs,,,False
Person search,2023-08-20T17:04:00+00:00,,,50.756860,-1.986318,Male,10-17,White - English/Welsh/Scottish/Northern Irish/British,White,Misuse of Drugs Act 1971 (section 23),Controlled drugs,,,False
Person search,2023-08-21T13:55:00+00:00,,,50.748372,-1.894321,Male,10-17,Other ethnic group - Not stated,White,Police and Criminal Evidence Act 1984 (section 1),Offensive weapons,A no further action disposal,,False
Person search,2023-08-21T13:55:00+00:00,,,50.748372,-1.894321,Male,10-17,Mixed/Multiple ethnic groups - White and Black Caribbean,White,Police and Criminal Evidence Act 1984 (section 1),Offensive weapons,A no further action disposal,,False
Person search,2023-08-22T05:37:00+00:00,,,50.763006,-1.847967,Male,18-24,White - English/Welsh/Scottish/Northern Irish/British,White,Misuse of Drugs Act 1971 (section 23),Controlled drugs,Arrest,True,False
Person search,2023-08-22T14:04:00+00:00,,,50.615192,-2.455253,Male,18-24,White - English/Welsh/Scottish/Northern Irish/British,White,Misuse of Drugs Act 1971 (section 23),Controlled drugs,,,False
Person search,2023-08-22T14:42:00+00:00,,,50.643960,-2.471201,Male,25-34,White - English/Welsh/Scottish/Northern Irish/British,White,Misuse of Drugs Act 1971 (section 23),Controlled drugs,,,True
Person search,2023-08-22T17:00:00+00:00,,,50.605936,-2.453623,Male,over 34,Other ethnic group - Not stated,White,Police and Criminal Evidence Act 1984 (section 1),Offensive weapons,,,False
Person search,2023-08-23T11:00:00+00:00,,,50.875688,-1.875757,Female,over 34,White - English/Welsh/Scottish/Northern Irish/British,White,Police and Criminal Evidence Act 1984 (section 1),Stolen goods,Arrest,True,False
Person search,2023-08-23T13:15:00+00:00,,,50.601500,-2.458808,Male,18-24,White - English/Welsh/Scottish/Northern Irish/British,White,Misuse of Drugs Act 1971 (section 23),Controlled drugs,,,True
Person search,2023-08-23T13:15:00+00:00,,,50.601500,-2.458808,Male,18-24,White - English/Welsh/Scottish/Northern Irish/British,White,Misuse of Drugs Act 1971 (section 23),Controlled drugs,A no further action disposal,,True
Person search,2023-08-23T15:06:00+00:00,,,50.610938,-2.453699,Male,under 10,White - English/Welsh/Scottish/Northern Irish/British,White,Misuse of Drugs Act 1971 (section 23),Controlled drugs,,,False
Person search,2023-08-23T15:06:00+00:00,,,50.610938,-2.453699,Female,25-34,White - English/Welsh/Scottish/Northern Irish/British,White,Misuse of Drugs Act 1971 (section 23),Controlled drugs,,,False
Person search,2023-08-24T01:02:00+00:00,,,50.798469,-1.969725,Female,10-17,Other ethnic group - Not stated,White,Misuse of Drugs Act 1971 (section 23),Controlled drugs,,,False
Person search,2023-08-24T01:02:00+00:00,,,50.798469,-1.969725,Male,10-17,Other ethnic group - Not stated,White,Misuse of Drugs Act 1971 (section 23),Controlled drugs,,,False
Person search,2023-08-24T01:02:00+00:00,,,50.798469,-1.969725,Male,10-17,Black/African/Caribbean/Black British - African,White,Misuse of Drugs Act 1971 (section 23),Controlled drugs,,,False
Person search,2023-08-24T01:02:00+00:00,,,50.798469,-1.969725,Female,10-17,White - English/Welsh/Scottish/Northern Irish/British,White,Misuse of Drugs Act 1971 (section 23),Controlled drugs,,,False
Person search,2023-08-24T04:22:00+00:00,,,50.733682,-1.937317,Male,over 34,White - English/Welsh/Scottish/Northern Irish/British,White,Police and Criminal Evidence Act 1984 (section 1),Article for use in theft,,,False
Person search,2023-08-24T04:40:00+00:00,,,50.728791,-1.938188,Male,over 34,White - English/Welsh/Scottish/Northern Irish/British,White,Police and Criminal Evidence Act 1984 (section 1),Stolen goods,,,False
Person search,2023-08-24T14:17:00+00:00,,,50.617219,-2.456671,Male,10-17,Other ethnic group - Not stated,White,Misuse of Drugs Act 1971 (section 23),Controlled drugs,,,False
Person search,2023-08-24T18:41:00+00:00,,,50.719362,-1.880632,Male,over 34,Other ethnic group - Not stated,White,Misuse of Drugs Act 1971 (section 23),Controlled drugs,Community resolution,True,False
Person search,2023-08-24T20:30:00+00:00,,,,,Male,25-34,Other ethnic group - Not stated,White,Misuse of Drugs Act 1971 (section 23),Controlled drugs,,,False
Person search,2023-08-25T11:15:00+00:00,,,50.617693,-2.457383,Male,25-34,Other ethnic group - Not stated,White,Misuse of Drugs Act 1971 (section 23),Controlled drugs,,,False
Person search,2023-08-25T13:25:00+00:00,,,50.615153,-2.458461,Female,over 34,White - English/Welsh/Scottish/Northern Irish/British,White,Misuse of Drugs Act 1971 (section 23),Controlled drugs,,,False
Person search,2023-08-25T13:30:00+00:00,,,50.615153,-2.458461,Male,over 34,White - English/Welsh/Scottish/Northern Irish/British,White,Misuse of Drugs Act 1971 (section 23),Controlled drugs,,,False
Person search,2023-08-25T13:35:00+00:00,,,50.615153,-2.458461,Male,over 34,White - English/Welsh/Scottish/Northern Irish/British,White,Misuse of Drugs Act 1971 (section 23),Controlled drugs,A no further action disposal,,False
Person search,2023-08-25T13:39:00+00:00,,,50.615153,-2.458461,Male,over 34,Other ethnic group - Not stated,White,Misuse of Drugs Act 1971 (section 23),Controlled drugs,A no further action disposal,,False
Person search,2023-08-25T17:32:00+00:00,,,50.721908,-1.980625,Female,10-17,White - English/Welsh/Scottish/Northern Irish/British,White,Misuse of Drugs Act 1971 (section 23),Controlled drugs,A no further action disposal,,False
Person search,2023-08-26T00:32:00+00:00,,,50.722109,-1.871842,Male,over 34,Black/African/Caribbean/Black British - Caribbean,Black,Misuse of Drugs Act 1971 (section 23),Controlled drugs,Arrest,True,False
Person search,2023-08-26T03:06:00+00:00,,,50.722109,-1.871842,Female,10-17,White - English/Welsh/Scottish/Northern Irish/British,White,Misuse of Drugs Act 1971 (section 23),Controlled drugs,,,False
Person search,2023-08-26T03:06:00+00:00,,,50.722109,-1.871842,Male,over 34,Other ethnic group - Not stated,White,Misuse of Drugs Act 1971 (section 23),Controlled drugs,,,False
Person search,2023-08-26T03:06:00+00:00,,,50.722109,-1.871842,Male,over 34,Other ethnic group - Not stated,,Misuse of Drugs Act 1971 (section 23),Controlled drugs,Community resolution,True,False
Person search,2023-08-26T04:16:00+00:00,,,50.719453,-1.978983,Male,25-34,Other ethnic group - Any other ethnic group,White,Misuse of Drugs Act 1971 (section 23),Controlled drugs,,,False
Person search,2023-08-26T04:16:00+00:00,,,50.719453,-1.978983,Male,over 34,Asian/Asian British - Indian,Asian,Misuse of Drugs Act 1971 (section 23),Controlled drugs,,,False
Person search,2023-08-26T19:36:00+00:00,,,50.612017,-2.457653,Male,10-17,Other ethnic group - Not stated,White,Police and Criminal Evidence Act 1984 (section 1),Offensive weapons,,,False
Person search,2023-08-27T01:27:00+00:00,,,50.718835,-1.879528,Male,18-24,White - English/Welsh/Scottish/Northern Irish/British,White,Police and Criminal Evidence Act 1984 (section 1),Offensive weapons,A no further action disposal,,False
Person search,2023-08-27T02:05:00+00:00,,,50.732302,-1.852586,Male,over 34,Other ethnic group - Not stated,White,Misuse of Drugs Act 1971 (section 23),Controlled drugs,Arrest,True,False
Person search,2023-08-27T14:06:00+00:00,,,50.615153,-2.458461,Male,10-17,Other ethnic group - Not stated,,Police and Criminal Evidence Act 1984 (section 1),,,,False
Person search,2023-08-27T23:55:00+00:00,,,50.721968,-1.882835,Female,over 34,Other ethnic group - Not stated,,Misuse of Drugs Act 1971 (section 23),Controlled drugs,,,False
Person search,2023-08-27T23:55:00+00:00,,,50.721968,-1.882835,Male,over 34,Other ethnic group - Not stated,,Misuse of Drugs Act 1971 (section 23),Controlled drugs,,,False
Person search,2023-08-28T02:28:00+00:00,,,50.715188,-2.435187,Male,25-34,Mixed/Multiple ethnic groups - White and Asian,White,Police and Criminal Evidence Act 1984 (section 1),Article for use in theft,A no further action disposal,,False
Person search,2023-08-28T07:35:00+00:00,,,50.821070,-1.887244,Male,25-34,White - English/Welsh/Scottish/Northern Irish/British,White,Police and Criminal Evidence Act 1984 (section 1),Stolen goods,,,False
Person search,2023-08-29T10:19:00+00:00,,,50.717535,-1.875169,Male,25-34,White - Any other White background,White,Misuse of Drugs Act 1971 (section 23),Controlled drugs,A no further action disposal,,False
Person search,2023-08-29T13:24:00+00:00,,,50.724544,-1.896755,Male,25-34,White - English/Welsh/Scottish/Northern Irish/British,White,Misuse of Drugs Act 1971 (section 23),Controlled drugs,,,False
Person search,2023-08-29T14:32:00+00:00,,,50.853161,-2.161073,Male,10-17,White - English/Welsh/Scottish/Northern Irish/British,White,Police and Criminal Evidence Act 1984 (section 1),Offensive weapons,,,False
Person search,2023-08-29T14:32:00+00:00,,,50.853161,-2.161073,Male,10-17,White - English/Welsh/Scottish/Northern Irish/British,White,Police and Criminal Evidence Act 1984 (section 1),Offensive weapons,A no further action disposal,,False
Person search,2023-08-29T18:11:00+00:00,,,50.614128,-2.456090,Male,25-34,White - English/Welsh/Scottish/Northern Irish/British,White,Police and Criminal Evidence Act 1984 (section 1),Stolen goods,A no further action disposal,,False
Person search,2023-08-29T22:30:00+00:00,,,50.730996,-1.844216,Male,18-24,Asian/Asian British - Any other Asian background,Asian,Misuse of Drugs Act 1971 (section 23),Controlled drugs,Arrest,True,False
Person search,2023-08-31T17:35:00+00:00,,,50.740248,-1.737685,Male,10-17,White - English/Welsh/Scottish/Northern Irish/British,White,Police and Criminal Evidence Act 1984 (section 1),Firearms,,,False
