Type,Date,Part of a policing operation,Policing operation,Latitude,Longitude,Gender,Age range,Self-defined ethnicity,Officer-defined ethnicity,Legislation,Object of search,Outcome,Outcome linked to object of search,Removal of more than just outer clothing
Person search,2023-07-31T23:50:00+00:00,,,53.049190,-2.177729,Male,,,,Police and Criminal Evidence Act 1984 (section 1),Anything to threaten or harm anyone,Arrest,True,False
Person search,2023-07-31T23:50:00+00:00,,,53.049190,-2.177729,Female,,,,Police and Criminal Evidence Act 1984 (section 1),Anything to threaten or harm anyone,A no further action disposal,False,False
Person search,2023-08-01T01:01:00+00:00,,,52.619695,-1.637433,Male,,,,Misuse of Drugs Act 1971 (section 23),Controlled drugs,A no further action disposal,False,False
Person search,2023-08-01T01:30:00+00:00,,,53.002180,-2.181291,Male,,,,Police and Criminal Evidence Act 1984 (section 1),Anything to threaten or harm anyone,A no further action disposal,False,False
Person search,2023-08-01T01:45:00+00:00,,,53.011161,-2.228009,Male,,,,Misuse of Drugs Act 1971 (section 23),Controlled drugs,A no further action disposal,False,False
Person search,2023-08-01T01:45:00+00:00,,,53.011161,-2.228009,Male,,,,Misuse of Drugs Act 1971 (section 23),Controlled drugs,Community resolution,True,False
Person search,2023-08-01T02:05:00+00:00,,,53.007668,-2.225740,Male,,,,Police and Criminal Evidence Act 1984 (section 1),Anything to threaten or harm anyone,A no further action disposal,False,False
Person and Vehicle search,2023-08-01T09:15:00+00:00,,,52.696180,-2.056111,Male,,,,Misuse of Drugs Act 1971 (section 23),Controlled drugs,Arrest,True,False
Person and Vehicle search,2023-08-01T09:20:00+00:00,,,52.696180,-2.056111,Female,,,,Misuse of Drugs Act 1971 (section 23),Controlled drugs,Arrest,True,False
Person search,2023-08-01T11:24:00+00:00,,,52.619757,-1.652248,Male,,,,Misuse of Drugs Act 1971 (section 23),Controlled drugs,A no further action disposal,False,False
Vehicle search,2023-08-01T12:22:00+00:00,,,53.004212,-2.186470,Other,,,,Police and Criminal Evidence Act 1984 (section 1),Stolen goods,Arrest,False,
Vehicle search,2023-08-01T13:40:00+00:00,,,52.619757,-1.652248,Other,,,,Misuse of Drugs Act 1971 (section 23),Controlled drugs,A no further action disposal,False,
Person search,2023-08-01T13:45:00+00:00,,,,,Male,,,,Misuse of Drugs Act 1971 (section 23),Controlled drugs,A no further action disposal,False,False
Person and Vehicle search,2023-08-01T13:45:00+00:00,,,52.617446,-1.648766,Male,,,,Misuse of Drugs Act 1971 (section 23),Controlled drugs,Community resolution,True,False
Person search,2023-08-01T14:00:00+00:00,,,53.029304,-2.184909,Female,,,,Misuse of Drugs Act 1971 (section 23),Controlled drugs,Arrest,True,False
Person search,2023-08-01T15:10:00+00:00,,,53.011161,-2.228009,Male,,,,Police and Criminal Evidence Act 1984 (section 1),Article for use in theft,Community resolution,False,False
Person and Vehicle search,2023-08-01T15:30:00+00:00,,,52.627550,-1.708518,Male,,,,Misuse of Drugs Act 1971 (section 23),Controlled drugs,Arrest,True,False
Vehicle search,2023-08-01T15:59:00+00:00,,,52.646805,-2.110003,Other,,,,Misuse of Drugs Act 1971 (section 23),Controlled drugs,A no further action disposal,False,
Person and Vehicle search,2023-08-01T16:55:00+00:00,,,52.900197,-1.865836,Female,,,,Misuse of Drugs Act 1971 (section 23),Controlled drugs,Caution (simple or conditional),True,False
Person and Vehicle search,2023-08-01T17:22:00+00:00,,,53.015841,-2.255922,Male,,,,Misuse of Drugs Act 1971 (section 23),Controlled drugs,A no further action disposal,False,False
Person search,2023-08-01T17:30:00+00:00,,,53.109554,-2.032077,Male,,,,Misuse of Drugs Act 1971 (section 23),Controlled drugs,A no further action disposal,False,False
Person and Vehicle search,2023-08-01T18:20:00+00:00,,,52.534243,-2.103786,Male,,,,Police and Criminal Evidence Act 1984 (section 1),Article for use in theft,Summons / charged by post,False,False
Person and Vehicle search,2023-08-01T18:45:00+00:00,,,53.034612,-2.034019,Male,,,,Misuse of Drugs Act 1971 (section 23),Controlled drugs,A no further action disposal,True,False
Person and Vehicle search,2023-08-01T18:45:00+00:00,,,53.034612,-2.034019,Male,,,,Misuse of Drugs Act 1971 (section 23),Controlled drugs,A no further action disposal,False,False
Person search,2023-08-01T19:00:00+00:00,,,53.034612,-2.034019,Male,,,,Misuse of Drugs Act 1971 (section 23),Psychoactive substances,Community resolution,True,False
Person and Vehicle search,2023-08-01T19:00:00+00:00,,,53.034612,-2.034019,Male,,,,Misuse of Drugs Act 1971 (section 23),Controlled drugs,Community resolution,True,False
Person search,2023-08-01T20:15:00+00:00,,,52.804050,-2.122570,Male,,,,Police and Criminal Evidence Act 1984 (section 1),Stolen goods,A no further action disposal,False,False
Person search,2023-08-01T20:15:00+00:00,,,52.804050,-2.122570,Male,,,,Police and Criminal Evidence Act 1984 (section 1),Stolen goods,A no further action disposal,False,False
Person search,2023-08-01T20:15:00+00:00,,,52.804050,-2.122570,Male,,,,Police and Criminal Evidence Act 1984 (section 1),Stolen goods,A no further action disposal,False,False
Person search,2023-08-01T20:15:00+00:00,,,52.804050,-2.122570,Male,,,,Police and Criminal Evidence Act 1984 (section 1),Stolen goods,A no further action disposal,False,False
Person search,2023-08-01T20:15:00+00:00,,,52.804050,-2.122570,Male,,,,Police and Criminal Evidence Act 1984 (section 1),Stolen goods,A no further action disposal,False,False
Person search,2023-08-01T20:15:00+00:00,,,52.804050,-2.122570,Male,,,,Police and Criminal Evidence Act 1984 (section 1),Stolen goods,A no further action disposal,False,False
Person search,2023-08-01T20:15:00+00:00,,,52.804050,-2.122570,Male,,,,Police and Criminal Evidence Act 1984 (section 1),Stolen goods,A no further action disposal,False,False
Person search,2023-08-01T20:15:00+00:00,,,52.804050,-2.122570,Male,,,,Police and Criminal Evidence Act 1984 (section 1),Stolen goods,A no further action disposal,False,False
Person search,2023-08-01T20:15:00+00:00,,,52.804050,-2.122570,Male,,,,Police and Criminal Evidence Act 1984 (section 1),Stolen goods,A no further action disposal,False,False
Person search,2023-08-01T20:15:00+00:00,,,52.804050,-2.122570,Male,,,,Police and Criminal Evidence Act 1984 (section 1),Stolen goods,A no further action disposal,False,False
Person search,2023-08-01T22:00:00+00:00,,,52.978682,-2.097583,Male,,,,Police and Criminal Evidence Act 1984 (section 1),Stolen goods,A no further action disposal,False,False
Vehicle search,2023-08-01T22:30:00+00:00,,,52.716510,-2.113072,Other,,,,Misuse of Drugs Act 1971 (section 23),Controlled drugs,Community resolution,True,
Person and Vehicle search,2023-08-01T22:40:00+00:00,,,53.048894,-2.177325,Male,,,,Firearms Act 1968 (section 47),Firearms,A no further action disposal,False,False
Person search,2023-08-02T04:40:00+00:00,,,52.996412,-2.153942,Male,,,,Police and Criminal Evidence Act 1984 (section 1),Article for use in theft,A no further action disposal,False,False
Person search,2023-08-02T04:40:00+00:00,,,52.997701,-2.157641,Female,,,,Police and Criminal Evidence Act 1984 (section 1),Anything to threaten or harm anyone,A no further action disposal,False,False
Person search,2023-08-02T06:15:00+00:00,,,53.008769,-2.203241,Male,,,,Police and Criminal Evidence Act 1984 (section 1),Anything to threaten or harm anyone,A no further action disposal,False,False
Person search,2023-08-02T11:10:00+00:00,,,52.806289,-2.112281,Male,,,,Police and Criminal Evidence Act 1984 (section 1),Anything to threaten or harm anyone,A no further action disposal,False,False
Person search,2023-08-02T11:12:00+00:00,,,53.025891,-2.176739,Male,,,,Police and Criminal Evidence Act 1984 (section 1),Stolen goods,Arrest,True,False
Vehicle search,2023-08-02T13:30:00+00:00,,,53.058807,-2.190034,Other,,,,Misuse of Drugs Act 1971 (section 23),Controlled drugs,A no further action disposal,True,
Person and Vehicle search,2023-08-02T14:25:00+00:00,,,53.033770,-2.185420,Male,,,,Police and Criminal Evidence Act 1984 (section 1),Offensive weapons,Community resolution,True,False
Person and Vehicle search,2023-08-02T15:30:00+00:00,,,52.810117,-1.641401,Male,,,,Misuse of Drugs Act 1971 (section 23),Controlled drugs,Arrest,True,False
Person and Vehicle search,2023-08-02T21:20:00+00:00,,,52.706900,-1.996094,Male,,,,Misuse of Drugs Act 1971 (section 23),Controlled drugs,Arrest,False,False
Person search,2023-08-03T00:45:00+00:00,,,53.110708,-2.179786,Female,,,,Police and Criminal Evidence Act 1984 (section 1),Article for use in theft,A no further action disposal,False,False
Person search,2023-08-03T08:00:00+00:00,,,53.026339,-2.178187,Male,,,,Misuse of Drugs Act 1971 (section 23),Controlled drugs,A no further action disposal,True,False
Person search,2023-08-03T09:15:00+00:00,,,53.021139,-2.174990,Male,,,,Misuse of Drugs Act 1971 (section 23),Stolen goods,A no further action disposal,True,False
Person search,2023-08-03T10:00:00+00:00,,,52.981342,-2.198719,Male,,,,Police and Criminal Evidence Act 1984 (section 1),Anything to threaten or harm anyone,A no further action disposal,False,False
Person search,2023-08-03T10:33:00+00:00,,,52.989504,-2.134789,Male,,,,Misuse of Drugs Act 1971 (section 23),Controlled drugs,A no further action disposal,False,False
Person search,2023-08-03T11:15:00+00:00,,,52.761059,-1.927598,Female,,,,Police and Criminal Evidence Act 1984 (section 1),Stolen goods,A no further action disposal,False,False
Person and Vehicle search,2023-08-03T11:15:00+00:00,,,52.761059,-1.927598,Male,,,,Police and Criminal Evidence Act 1984 (section 1),Stolen goods,A no further action disposal,False,False
Person search,2023-08-03T14:18:00+00:00,,,53.012543,-2.229074,Male,,,,Police and Criminal Evidence Act 1984 (section 1),Articles for use in criminal damage,Community resolution,False,False
Person and Vehicle search,2023-08-03T15:00:00+00:00,,,52.610579,-1.646118,Male,,,,Misuse of Drugs Act 1971 (section 23),Controlled drugs,A no further action disposal,False,False
Person search,2023-08-03T15:07:00+00:00,,,52.896215,-1.857881,Male,,,,Police and Criminal Evidence Act 1984 (section 1),Anything to threaten or harm anyone,A no further action disposal,False,False
Person search,2023-08-03T15:30:00+00:00,,,52.610579,-1.646118,Female,,,,Misuse of Drugs Act 1971 (section 23),Controlled drugs,Community resolution,True,False
Person search,2023-08-03T16:00:00+00:00,,,52.611825,-1.648220,Male,,,,Misuse of Drugs Act 1971 (section 23),Controlled drugs,Arrest,True,False
Person search,2023-08-03T16:40:00+00:00,,,52.896215,-1.857881,Male,,,,Police and Criminal Evidence Act 1984 (section 1),Anything to threaten or harm anyone,A no further action disposal,False,False
Person search,2023-08-03T17:50:00+00:00,,,53.029253,-2.177036,Male,,,,Misuse of Drugs Act 1971 (section 23),Controlled drugs,Community resolution,True,False
Person search,2023-08-03T18:00:00+00:00,,,53.029253,-2.177036,Female,,,,Misuse of Drugs Act 1971 (section 23),Controlled drugs,Community resolution,True,False
Person search,2023-08-03T18:30:00+00:00,,,53.003337,-2.183069,Male,,,,Police and Criminal Evidence Act 1984 (section 1),Firearms,A no further action disposal,False,False
Person and Vehicle search,2023-08-03T19:10:00+00:00,,,53.032246,-2.183013,Male,,,,Misuse of Drugs Act 1971 (section 23),Controlled drugs,A no further action disposal,False,False
Person search,2023-08-03T20:00:00+00:00,,,53.049804,-2.198303,Male,,,,Police and Criminal Evidence Act 1984 (section 1),Stolen goods,A no further action disposal,False,False
Vehicle search,2023-08-03T21:00:00+00:00,,,52.886918,-2.182191,Other,,,,Police and Criminal Evidence Act 1984 (section 1),Stolen goods,A no further action disposal,False,
Person search,2023-08-03T22:20:00+00:00,,,52.991601,-2.162014,Male,,,,Police and Criminal Evidence Act 1984 (section 1),Controlled drugs,A no further action disposal,False,False
Person search,2023-08-04T00:45:00+00:00,,,53.024639,-2.159708,Female,,,,Police and Criminal Evidence Act 1984 (section 1),Stolen goods,Arrest,True,False
Person search,2023-08-04T02:00:00+00:00,,,52.993000,-2.143635,Male,,,,Police and Criminal Evidence Act 1984 (section 1),Article for use in theft,A no further action disposal,False,False
Person and Vehicle search,2023-08-04T02:30:00+00:00,,,52.987722,-2.136929,Male,,,,Misuse of Drugs Act 1971 (section 23),Controlled drugs,A no further action disposal,False,False
Person search,2023-08-04T03:30:00+00:00,,,53.010150,-2.225291,Male,,,,Misuse of Drugs Act 1971 (section 23),Controlled drugs,A no further action disposal,False,False
Person search,2023-08-04T03:40:00+00:00,,,53.010150,-2.225291,Male,,,,Misuse of Drugs Act 1971 (section 23),Controlled drugs,A no further action disposal,False,False
Person search,2023-08-04T03:40:00+00:00,,,53.010150,-2.225291,Male,,,,Misuse of Drugs Act 1971 (section 23),Controlled drugs,A no further action disposal,False,False
Person search,2023-08-04T03:45:00+00:00,,,53.010150,-2.225291,Male,,,,Misuse of Drugs Act 1971 (section 23),Controlled drugs,A no further action disposal,False,False
Person search,2023-08-04T03:55:00+00:00,,,53.010150,-2.225291,Female,,,,Misuse of Drugs Act 1971 (section 23),Controlled drugs,A no further action disposal,False,False
Person search,2023-08-04T04:26:00+00:00,,,53.033198,-2.256383,Male,,,,Misuse of Drugs Act 1971 (section 23),Controlled drugs,Community resolution,False,False
Person and Vehicle search,2023-08-04T11:35:00+00:00,,,53.008945,-2.183555,Male,,,,Misuse of Drugs Act 1971 (section 23),Controlled drugs,Community resolution,True,False
Person search,2023-08-04T15:00:00+00:00,,,52.793662,-2.127123,Male,,,,Police and Criminal Evidence Act 1984 (section 1),Anything to threaten or harm anyone,A no further action disposal,False,False
Person search,2023-08-04T15:30:00+00:00,,,52.979470,-2.101055,Male,,,,Police and Criminal Evidence Act 1984 (section 1),Stolen goods,A no further action disposal,False,False
Person search,2023-08-04T15:45:00+00:00,,,52.997701,-2.157641,Male,,,,Police and Criminal Evidence Act 1984 (section 1),Anything to threaten or harm anyone,A no further action disposal,False,False
Person search,2023-08-04T15:55:00+00:00,,,52.811195,-2.139814,Male,,,,Police and Criminal Evidence Act 1984 (section 1),Anything to threaten or harm anyone,Arrest,True,False
Person search,2023-08-04T15:59:00+00:00,,,52.794873,-2.120527,Male,,,,Police and Criminal Evidence Act 1984 (section 1),Anything to threaten or harm anyone,A no further action disposal,False,False
Person search,2023-08-04T16:00:00+00:00,,,53.002794,-2.185257,Male,,,,Misuse of Drugs Act 1971 (section 23),Controlled drugs,Community resolution,False,False
Person search,2023-08-04T16:30:00+00:00,,,53.011161,-2.228009,Male,,,,Police and Criminal Evidence Act 1984 (section 1),Stolen goods,A no further action disposal,True,False
Person and Vehicle search,2023-08-04T21:00:00+00:00,,,52.650665,-1.806025,Male,,,,Police and Criminal Evidence Act 1984 (section 1),Article for use in theft,A no further action disposal,False,False
Person search,2023-08-04T21:00:00+00:00,,,52.650665,-1.806025,Male,,,,Police and Criminal Evidence Act 1984 (section 1),Article for use in theft,A no further action disposal,False,False
Vehicle search,2023-08-04T21:00:00+00:00,,,52.650665,-1.806025,Male,,,,Police and Criminal Evidence Act 1984 (section 1),Article for use in theft,A no further action disposal,False,False
Vehicle search,2023-08-04T21:00:00+00:00,,,52.650665,-1.806025,Male,,,,Police and Criminal Evidence Act 1984 (section 1),Article for use in theft,A no further action disposal,False,False
Person and Vehicle search,2023-08-04T21:00:00+00:00,,,52.651142,-1.806777,Male,,,,Police and Criminal Evidence Act 1984 (section 1),Article for use in theft,A no further action disposal,False,False
Person and Vehicle search,2023-08-04T21:00:00+00:00,,,52.651142,-1.806777,Male,,,,Police and Criminal Evidence Act 1984 (section 1),Article for use in theft,A no further action disposal,False,False
Person search,2023-08-04T21:20:00+00:00,,,52.713849,-2.005982,Male,,,,Police and Criminal Evidence Act 1984 (section 1),Offensive weapons,A no further action disposal,False,False
Person and Vehicle search,2023-08-04T22:15:00+00:00,,,52.997725,-2.153455,Female,,,,Police and Criminal Evidence Act 1984 (section 1),Stolen goods,Community resolution,False,False
Person and Vehicle search,2023-08-04T22:15:00+00:00,,,52.997725,-2.153455,Male,,,,Police and Criminal Evidence Act 1984 (section 1),Stolen goods,Community resolution,False,False
Person search,2023-08-04T22:28:00+00:00,,,52.997725,-2.153455,Male,,,,Police and Criminal Evidence Act 1984 (section 1),Stolen goods,Community resolution,False,False
Person search,2023-08-04T22:45:00+00:00,,,,,Male,,,,Police and Criminal Evidence Act 1984 (section 1),Article for use in theft,A no further action disposal,False,False
Person search,2023-08-04T22:55:00+00:00,,,53.010150,-2.225291,Male,,,,Misuse of Drugs Act 1971 (section 23),Controlled drugs,Community resolution,True,False
Person search,2023-08-04T23:50:00+00:00,,,53.025641,-2.175500,Male,,,,Police and Criminal Evidence Act 1984 (section 1),Anything to threaten or harm anyone,A no further action disposal,False,False
Person search,2023-08-05T01:42:00+00:00,,,52.687738,-2.034397,Male,,,,Misuse of Drugs Act 1971 (section 23),Controlled drugs,A no further action disposal,False,False
Person search,2023-08-05T04:01:00+00:00,,,53.049413,-2.178715,Male,,,,Police and Criminal Evidence Act 1984 (section 1),Article for use in theft,Arrest,True,False
Person search,2023-08-05T08:20:00+00:00,,,53.023653,-2.176625,Male,,,,Police and Criminal Evidence Act 1984 (section 1),Anything to threaten or harm anyone,A no further action disposal,True,False
Person search,2023-08-05T12:10:00+00:00,,,52.633758,-1.692771,Male,,,,Misuse of Drugs Act 1971 (section 23),Controlled drugs,A no further action disposal,True,False
Person search,2023-08-05T16:53:00+00:00,,,53.012543,-2.229074,Male,,,,Police and Criminal Evidence Act 1984 (section 1),Anything to threaten or harm anyone,Community resolution,False,False
Person search,2023-08-05T17:30:00+00:00,,,53.012543,-2.229074,Male,,,,Police and Criminal Evidence Act 1984 (section 1),Offensive weapons,A no further action disposal,False,False
Person search,2023-08-05T18:30:00+00:00,,,52.682473,-1.819331,Male,,,,Police and Criminal Evidence Act 1984 (section 1),Stolen goods,Community resolution,True,False
Person and Vehicle search,2023-08-05T19:45:00+00:00,,,52.667828,-1.969481,Male,,,,Misuse of Drugs Act 1971 (section 23),Controlled drugs,A no further action disposal,False,False
Person and Vehicle search,2023-08-05T19:50:00+00:00,,,52.667828,-1.969481,Female,,,,Misuse of Drugs Act 1971 (section 23),Controlled drugs,Community resolution,True,False
Person and Vehicle search,2023-08-05T19:55:00+00:00,,,52.667828,-1.969481,Male,,,,Misuse of Drugs Act 1971 (section 23),Controlled drugs,A no further action disposal,False,False
Person search,2023-08-05T23:45:00+00:00,,,52.976557,-2.137013,Male,,,,Police and Criminal Evidence Act 1984 (section 1),Anything to threaten or harm anyone,A no further action disposal,False,False
Person search,2023-08-05T23:45:00+00:00,,,52.976557,-2.137013,Male,,,,Police and Criminal Evidence Act 1984 (section 1),Anything to threaten or harm anyone,A no further action disposal,False,False
Person search,2023-08-06T00:30:00+00:00,,,52.689950,-2.033171,Male,,,,Misuse of Drugs Act 1971 (section 23),Controlled drugs,A no further action disposal,False,False
Person and Vehicle search,2023-08-06T03:00:00+00:00,,,53.026339,-2.178187,Male,,,,Police and Criminal Evidence Act 1984 (section 1),Offensive weapons,Arrest,False,False
Person search,2023-08-06T03:35:00+00:00,,,53.026339,-2.178187,Male,,,,Police and Criminal Evidence Act 1984 (section 1),Offensive weapons,A no further action disposal,False,False
Person search,2023-08-06T03:36:00+00:00,,,53.026339,-2.178187,Male,,,,Police and Criminal Evidence Act 1984 (section 1),Offensive weapons,Arrest,False,False
Person search,2023-08-06T03:43:00+00:00,,,53.026339,-2.178187,Male,,,,Police and Criminal Evidence Act 1984 (section 1),Anything to threaten or harm anyone,A no further action disposal,False,False
Person search,2023-08-06T09:40:00+00:00,,,52.804050,-2.122570,Female,,,,Police and Criminal Evidence Act 1984 (section 1),Offensive weapons,A no further action disposal,False,False
Person search,2023-08-06T10:34:00+00:00,,,53.029823,-2.186521,Male,,,,Police and Criminal Evidence Act 1984 (section 1),Article for use in theft,Arrest,True,False
Person search,2023-08-06T11:30:00+00:00,,,52.818599,-2.127300,Male,,,,Police and Criminal Evidence Act 1984 (section 1),Offensive weapons,Arrest,True,False
Person search,2023-08-06T13:48:00+00:00,,,53.009492,-2.230936,Male,,,,Police and Criminal Evidence Act 1984 (section 1),Evidence of offences under the Act,A no further action disposal,True,False
Person search,2023-08-06T13:50:00+00:00,,,52.813753,-2.119393,Male,,,,Police and Criminal Evidence Act 1984 (section 1),Controlled drugs,Arrest,True,False
Person search,2023-08-06T14:00:00+00:00,,,53.009492,-2.230936,Male,,,,Police and Criminal Evidence Act 1984 (section 1),Articles for use in criminal damage,A no further action disposal,False,False
Person search,2023-08-06T21:16:00+00:00,,,52.804050,-2.122570,Female,,,,Police and Criminal Evidence Act 1984 (section 1),Anything to threaten or harm anyone,A no further action disposal,False,False
Person search,2023-08-06T21:28:00+00:00,,,52.804770,-2.121460,Male,,,,Police and Criminal Evidence Act 1984 (section 1),Anything to threaten or harm anyone,A no further action disposal,False,False
Person and Vehicle search,2023-08-06T22:00:00+00:00,,,53.020117,-2.206410,Male,,,,Misuse of Drugs Act 1971 (section 23),Controlled drugs,A no further action disposal,False,False
Person and Vehicle search,2023-08-06T22:05:00+00:00,,,53.020117,-2.206410,Male,,,,Misuse of Drugs Act 1971 (section 23),Controlled drugs,A no further action disposal,False,False
Person and Vehicle search,2023-08-06T23:05:00+00:00,,,52.994944,-2.116153,Male,,,,Misuse of Drugs Act 1971 (section 23),Controlled drugs,Community resolution,False,False
Person search,2023-08-06T23:30:00+00:00,,,53.022125,-2.098739,Male,,,,Misuse of Drugs Act 1971 (section 23),Controlled drugs,Community resolution,True,False
Person and Vehicle search,2023-08-07T01:00:00+00:00,,,52.969619,-2.088107,Male,,,,Misuse of Drugs Act 1971 (section 23),Controlled drugs,Community resolution,True,False
Person search,2023-08-07T01:50:00+00:00,,,52.969619,-2.088107,Male,,,,Misuse of Drugs Act 1971 (section 23),Controlled drugs,A no further action disposal,False,False
Vehicle search,2023-08-07T08:00:00+00:00,,,52.672850,-1.923661,Other,,,,Misuse of Drugs Act 1971 (section 23),Controlled drugs,A no further action disposal,True,
Person search,2023-08-07T13:35:00+00:00,,,53.029253,-2.177036,Male,,,,Misuse of Drugs Act 1971 (section 23),Controlled drugs,A no further action disposal,True,False
Person search,2023-08-07T16:13:00+00:00,,,52.784087,-2.110148,Male,,,,Misuse of Drugs Act 1971 (section 23),Controlled drugs,,False,False
Person search,2023-08-07T16:30:00+00:00,,,53.023653,-2.176625,Male,,,,Misuse of Drugs Act 1971 (section 23),Controlled drugs,A no further action disposal,True,False
Person search,2023-08-07T16:30:00+00:00,,,53.023653,-2.176625,Male,,,,Misuse of Drugs Act 1971 (section 23),Controlled drugs,A no further action disposal,True,False
Person search,2023-08-07T17:30:00+00:00,,,52.808046,-2.117968,Male,,,,Police and Criminal Evidence Act 1984 (section 1),Articles for use in criminal damage,A no further action disposal,False,False
Person search,2023-08-07T17:50:00+00:00,,,53.030283,-2.179411,Female,,,,Misuse of Drugs Act 1971 (section 23),Controlled drugs,A no further action disposal,True,True
Person search,2023-08-07T18:00:00+00:00,,,53.029253,-2.177036,Female,,,,Misuse of Drugs Act 1971 (section 23),Controlled drugs,A no further action disposal,True,True
Person search,2023-08-07T19:41:00+00:00,,,53.014864,-2.192315,Male,,,,Police and Criminal Evidence Act 1984 (section 1),Anything to threaten or harm anyone,A no further action disposal,False,False
Person search,2023-08-07T22:31:00+00:00,,,53.017197,-2.247881,Male,,,,Police and Criminal Evidence Act 1984 (section 1),Offensive weapons,A no further action disposal,False,False
Person search,2023-08-08T01:00:00+00:00,,,,,Male,,,,Police and Criminal Evidence Act 1984 (section 1),Offensive weapons,A no further action disposal,False,False
Person search,2023-08-08T02:38:00+00:00,,,52.612455,-1.683453,Male,,,,Police and Criminal Evidence Act 1984 (section 1),Article for use in theft,A no further action disposal,False,False
Person search,2023-08-08T02:40:00+00:00,,,52.612455,-1.683453,Female,,,,Police and Criminal Evidence Act 1984 (section 1),Article for use in theft,A no further action disposal,False,False
Person search,2023-08-08T06:55:00+00:00,,,53.022205,-2.229662,Male,,,,Police and Criminal Evidence Act 1984 (section 1),Anything to threaten or harm anyone,A no further action disposal,False,False
Person search,2023-08-08T09:00:00+00:00,,,52.808662,-2.121530,Male,,,,Police and Criminal Evidence Act 1984 (section 1),Stolen goods,Arrest,False,False
Person and Vehicle search,2023-08-08T11:10:00+00:00,,,52.897145,-1.861356,Male,,,,Police and Criminal Evidence Act 1984 (section 1),Article for use in theft,Arrest,True,False
Person and Vehicle search,2023-08-08T11:45:00+00:00,,,52.897145,-1.861356,Male,,,,Police and Criminal Evidence Act 1984 (section 1),Stolen goods,A no further action disposal,False,False
Vehicle search,2023-08-08T12:00:00+00:00,,,53.023505,-2.179412,Male,,,,Police and Criminal Evidence Act 1984 (section 1),Stolen goods,A no further action disposal,False,False
Person and Vehicle search,2023-08-08T13:00:00+00:00,,,53.007125,-2.227794,Male,,,,Misuse of Drugs Act 1971 (section 23),Controlled drugs,A no further action disposal,False,False
Person search,2023-08-08T14:00:00+00:00,,,52.801989,-2.115756,Female,,,,Police and Criminal Evidence Act 1984 (section 1),Stolen goods,Community resolution,False,False
Person search,2023-08-08T14:55:00+00:00,,,52.984969,-1.987089,Male,,,,Misuse of Drugs Act 1971 (section 23),Controlled drugs,A no further action disposal,False,False
Vehicle search,2023-08-08T15:00:00+00:00,,,52.793926,-2.115319,Other,,,,Misuse of Drugs Act 1971 (section 23),Controlled drugs,Caution (simple or conditional),True,
Person search,2023-08-08T15:00:00+00:00,,,52.802036,-2.114021,Male,,,,Misuse of Drugs Act 1971 (section 23),Controlled drugs,A no further action disposal,False,False
Person search,2023-08-08T15:15:00+00:00,,,53.032424,-2.178510,Male,,,,Misuse of Drugs Act 1971 (section 23),Controlled drugs,A no further action disposal,False,False
Person search,2023-08-08T16:00:00+00:00,,,52.801989,-2.115756,Female,,,,Police and Criminal Evidence Act 1984 (section 1),Stolen goods,Community resolution,False,False
Vehicle search,2023-08-08T17:15:00+00:00,,,52.614612,-2.001094,Other,,,,Police and Criminal Evidence Act 1984 (section 1),Article for use in theft,A no further action disposal,False,
Person search,2023-08-08T18:20:00+00:00,,,52.979531,-2.103363,Male,,,,Misuse of Drugs Act 1971 (section 23),Controlled drugs,A no further action disposal,False,False
Vehicle search,2023-08-09T05:21:00+00:00,,,52.804277,-1.594916,Other,,,,Police and Criminal Evidence Act 1984 (section 1),Offensive weapons,Community resolution,True,
Person and Vehicle search,2023-08-09T13:10:00+00:00,,,53.023902,-2.178594,Male,,,,Police and Criminal Evidence Act 1984 (section 1),Article for use in theft,A no further action disposal,False,False
Person search,2023-08-09T16:20:00+00:00,,,52.992198,-2.158858,Female,,,,Police and Criminal Evidence Act 1984 (section 1),Stolen goods,A no further action disposal,True,False
Person and Vehicle search,2023-08-09T19:40:00+00:00,,,53.010675,-2.203504,Male,,,,Misuse of Drugs Act 1971 (section 23),Controlled drugs,Community resolution,True,False
Person search,2023-08-09T21:28:00+00:00,,,53.007668,-2.225740,Male,,,,Misuse of Drugs Act 1971 (section 23),Controlled drugs,A no further action disposal,False,False
Person search,2023-08-09T21:35:00+00:00,,,53.007668,-2.225740,Male,,,,Misuse of Drugs Act 1971 (section 23),Controlled drugs,A no further action disposal,False,False
Person search,2023-08-09T23:06:00+00:00,,,53.018866,-2.207493,Male,,,,Police and Criminal Evidence Act 1984 (section 1),Articles for use in criminal damage,A no further action disposal,False,False
Person search,2023-08-10T00:10:00+00:00,,,52.630170,-1.653037,Male,,,,Police and Criminal Evidence Act 1984 (section 1),Article for use in theft,A no further action disposal,False,False
Person search,2023-08-10T00:10:00+00:00,,,52.630170,-1.653037,Male,,,,Police and Criminal Evidence Act 1984 (section 1),Article for use in theft,Community resolution,True,False
Person search,2023-08-10T08:20:00+00:00,,,52.804601,-2.119827,Male,,,,Firearms Act 1968 (section 47),Firearms,A no further action disposal,True,False
Person search,2023-08-10T08:50:00+00:00,,,52.804601,-2.119827,Male,,,,Firearms Act 1968 (section 47),Firearms,A no further action disposal,True,False
Person search,2023-08-10T12:04:00+00:00,,,53.022485,-2.142853,Male,,,,Police and Criminal Evidence Act 1984 (section 1),Article for use in theft,A no further action disposal,False,False
Person search,2023-08-10T14:55:00+00:00,,,52.612455,-1.683453,Male,,,,Misuse of Drugs Act 1971 (section 23),Controlled drugs,Arrest,True,False
Person search,2023-08-10T17:30:00+00:00,,,53.043016,-2.227085,Male,,,,Police and Criminal Evidence Act 1984 (section 1),Anything to threaten or harm anyone,A no further action disposal,False,False
Person and Vehicle search,2023-08-10T18:45:00+00:00,,,52.671708,-1.922229,Male,,,,Misuse of Drugs Act 1971 (section 23),Controlled drugs,A no further action disposal,True,False
Person search,2023-08-10T19:30:00+00:00,,,53.085763,-2.240974,Male,,,,Police and Criminal Evidence Act 1984 (section 1),Anything to threaten or harm anyone,A no further action disposal,False,False
Person and Vehicle search,2023-08-10T21:00:00+00:00,,,53.020292,-2.149972,Male,,,,Police and Criminal Evidence Act 1984 (section 1),Offensive weapons,A no further action disposal,False,False
Person search,2023-08-11T04:35:00+00:00,,,53.036876,-2.247412,Male,,,,Misuse of Drugs Act 1971 (section 23),Controlled drugs,A no further action disposal,False,False
Person search,2023-08-11T06:17:00+00:00,,,53.012169,-2.222276,Male,,,,Police and Criminal Evidence Act 1984 (section 1),Stolen goods,A no further action disposal,False,False
Person search,2023-08-11T06:17:00+00:00,,,53.012169,-2.222276,Male,,,,Police and Criminal Evidence Act 1984 (section 1),Anything to threaten or harm anyone,A no further action disposal,False,False
Person search,2023-08-11T07:30:00+00:00,,,53.003585,-2.185573,Male,,,,Police and Criminal Evidence Act 1984 (section 1),Stolen goods,A no further action disposal,False,False
Person and Vehicle search,2023-08-11T11:50:00+00:00,,,53.021505,-2.209428,Male,,,,Misuse of Drugs Act 1971 (section 23),Controlled drugs,A no further action disposal,False,False
Person search,2023-08-11T13:55:00+00:00,,,52.970321,-2.056839,Male,,,,Police and Criminal Evidence Act 1984 (section 1),Anything to threaten or harm anyone,A no further action disposal,False,False
Person search,2023-08-11T13:55:00+00:00,,,52.970321,-2.056839,Male,,,,Police and Criminal Evidence Act 1984 (section 1),Anything to threaten or harm anyone,A no further action disposal,False,False
Person search,2023-08-11T15:15:00+00:00,,,52.686474,-2.021733,Male,,,,Police and Criminal Evidence Act 1984 (section 1),Article for use in theft,A no further action disposal,False,False
Person search,2023-08-11T15:15:00+00:00,,,53.015659,-2.276923,Male,,,,Police and Criminal Evidence Act 1984 (section 1),Anything to threaten or harm anyone,Arrest,False,False
Person search,2023-08-11T18:45:00+00:00,,,52.686213,-1.977279,Male,,,,Police and Criminal Evidence Act 1984 (section 1),Anything to threaten or harm anyone,A no further action disposal,False,False
Person search,2023-08-11T21:15:00+00:00,,,53.040608,-2.214189,Male,,,,Misuse of Drugs Act 1971 (section 23),Controlled drugs,A no further action disposal,False,False
Person search,2023-08-11T21:20:00+00:00,,,53.040608,-2.214189,Female,,,,Misuse of Drugs Act 1971 (section 23),Controlled drugs,A no further action disposal,False,False
Person search,2023-08-11T22:10:00+00:00,,,52.797061,-2.117448,Male,,,,Misuse of Drugs Act 1971 (section 23),Controlled drugs,A no further action disposal,False,False
Person search,2023-08-11T22:33:00+00:00,,,52.797061,-2.117448,Male,,,,Misuse of Drugs Act 1971 (section 23),Controlled drugs,A no further action disposal,False,False
Vehicle search,2023-08-11T23:05:00+00:00,,,52.673877,-2.031074,Male,,,,Misuse of Drugs Act 1971 (section 23),Controlled drugs,A no further action disposal,False,False
Person and Vehicle search,2023-08-12T00:05:00+00:00,,,52.992998,-2.129497,Male,,,,Misuse of Drugs Act 1971 (section 23),Controlled drugs,A no further action disposal,False,False
Person search,2023-08-12T00:40:00+00:00,,,52.954486,-1.987887,Male,,,,Police and Criminal Evidence Act 1984 (section 1),Anything to threaten or harm anyone,Community resolution,False,False
Person search,2023-08-12T00:40:00+00:00,,,52.989504,-2.134789,Male,,,,Police and Criminal Evidence Act 1984 (section 1),Anything to threaten or harm anyone,A no further action disposal,False,False
Person search,2023-08-12T01:00:00+00:00,,,52.987969,-2.133399,Male,,,,Misuse of Drugs Act 1971 (section 23),Controlled drugs,Arrest,False,False
Person search,2023-08-12T03:15:00+00:00,,,52.683863,-1.829325,Male,,,,Misuse of Drugs Act 1971 (section 23),Anything to threaten or harm anyone,Community resolution,True,False
Person search,2023-08-12T03:25:00+00:00,,,52.683863,-1.829325,Male,,,,Police and Criminal Evidence Act 1984 (section 1),Anything to threaten or harm anyone,A no further action disposal,False,False
Person search,2023-08-12T03:25:00+00:00,,,52.684137,-1.832120,Male,,,,Police and Criminal Evidence Act 1984 (section 1),Anything to threaten or harm anyone,A no further action disposal,False,False
Person search,2023-08-12T03:30:00+00:00,,,52.683863,-1.829325,Male,,,,Police and Criminal Evidence Act 1984 (section 1),Anything to threaten or harm anyone,A no further action disposal,False,False
Person search,2023-08-12T03:30:00+00:00,,,52.683863,-1.829325,Male,,,,Police and Criminal Evidence Act 1984 (section 1),Anything to threaten or harm anyone,A no further action disposal,False,False
Person search,2023-08-12T05:05:00+00:00,,,53.124678,-2.166534,Male,,,,Police and Criminal Evidence Act 1984 (section 1),Article for use in theft,Community resolution,False,False
Person search,2023-08-12T11:55:00+00:00,,,53.076986,-2.135406,Male,,,,Police and Criminal Evidence Act 1984 (section 1),Article for use in theft,A no further action disposal,False,False
Vehicle search,2023-08-12T14:25:00+00:00,,,52.796555,-2.101118,Other,,,,Misuse of Drugs Act 1971 (section 23),Controlled drugs,Arrest,False,
Person search,2023-08-12T14:30:00+00:00,,,52.796555,-2.101118,Male,,,,Misuse of Drugs Act 1971 (section 23),Controlled drugs,Arrest,False,False
Person search,2023-08-12T16:00:00+00:00,,,52.671066,-2.019152,Male,,,,Police and Criminal Evidence Act 1984 (section 1),Goods on which duty has not been paid etc.,A no further action disposal,False,False
Person and Vehicle search,2023-08-12T16:40:00+00:00,,,52.671066,-2.019152,Male,,,,Police and Criminal Evidence Act 1984 (section 1),Anything to threaten or harm anyone,A no further action disposal,False,False
Person search,2023-08-12T16:40:00+00:00,,,52.671066,-2.019152,Male,,,,Police and Criminal Evidence Act 1984 (section 1),Anything to threaten or harm anyone,A no further action disposal,False,False
Person search,2023-08-12T16:40:00+00:00,,,52.671066,-2.019152,Male,,,,Police and Criminal Evidence Act 1984 (section 1),Anything to threaten or harm anyone,A no further action disposal,False,False
Person search,2023-08-12T16:40:00+00:00,,,52.671066,-2.019152,Male,,,,Police and Criminal Evidence Act 1984 (section 1),Anything to threaten or harm anyone,A no further action disposal,False,False
Person search,2023-08-12T16:45:00+00:00,,,52.671066,-2.019152,Male,,,,Police and Criminal Evidence Act 1984 (section 1),Anything to threaten or harm anyone,A no further action disposal,False,False
Person and Vehicle search,2023-08-12T17:30:00+00:00,,,53.029079,-2.221707,Female,,,,Police and Criminal Evidence Act 1984 (section 1),Anything to threaten or harm anyone,A no further action disposal,False,False
Person search,2023-08-12T17:50:00+00:00,,,52.995170,-2.202313,Male,,,,Police and Criminal Evidence Act 1984 (section 1),Firearms,Community resolution,True,False
Person search,2023-08-12T17:50:00+00:00,,,52.995170,-2.202313,Male,,,,Police and Criminal Evidence Act 1984 (section 1),Anything to threaten or harm anyone,A no further action disposal,False,False
Person search,2023-08-12T18:12:00+00:00,,,53.006443,-2.185839,Male,,,,Police and Criminal Evidence Act 1984 (section 1),Article for use in theft,Community resolution,True,False
Person search,2023-08-12T19:00:00+00:00,,,52.898223,-1.861189,Male,,,,Police and Criminal Evidence Act 1984 (section 1),Articles for use in criminal damage,Arrest,True,False
Person search,2023-08-12T19:07:00+00:00,,,53.000311,-2.208193,Male,,,,Police and Criminal Evidence Act 1984 (section 1),Firearms,Community resolution,False,False
Vehicle search,2023-08-12T19:20:00+00:00,,,53.010153,-2.156122,Other,,,,Misuse of Drugs Act 1971 (section 23),Controlled drugs,A no further action disposal,False,
Person search,2023-08-12T20:00:00+00:00,,,52.815031,-1.637532,Male,,,,Police and Criminal Evidence Act 1984 (section 1),Article for use in theft,A no further action disposal,False,False
Person search,2023-08-12T20:00:00+00:00,,,52.815031,-1.637532,Male,,,,Police and Criminal Evidence Act 1984 (section 1),Article for use in theft,A no further action disposal,False,False
Person search,2023-08-12T20:00:00+00:00,,,52.815031,-1.637532,Male,,,,Police and Criminal Evidence Act 1984 (section 1),Article for use in theft,A no further action disposal,False,False
Vehicle search,2023-08-12T22:00:00+00:00,,,53.023245,-2.190637,Other,,,,Police and Criminal Evidence Act 1984 (section 1),Stolen goods,A no further action disposal,True,
Person and Vehicle search,2023-08-12T22:20:00+00:00,,,52.672256,-1.822168,Male,,,,Misuse of Drugs Act 1971 (section 23),Controlled drugs,A no further action disposal,False,False
Person and Vehicle search,2023-08-12T22:47:00+00:00,,,52.978682,-2.097583,Male,,,,Misuse of Drugs Act 1971 (section 23),Controlled drugs,A no further action disposal,False,False
Person search,2023-08-13T00:20:00+00:00,,,53.029747,-2.188713,Male,,,,Police and Criminal Evidence Act 1984 (section 1),Article for use in theft,Arrest,True,False
Person and Vehicle search,2023-08-13T00:28:00+00:00,,,52.708491,-2.004042,Male,,,,Misuse of Drugs Act 1971 (section 23),Controlled drugs,Arrest,True,False
Person search,2023-08-13T00:30:00+00:00,,,53.029747,-2.188713,Male,,,,Police and Criminal Evidence Act 1984 (section 1),Article for use in theft,Arrest,True,False
Person search,2023-08-13T00:30:00+00:00,,,53.029747,-2.188713,Female,,,,Police and Criminal Evidence Act 1984 (section 1),Article for use in theft,Arrest,True,False
Person search,2023-08-13T00:40:00+00:00,,,53.030470,-2.192041,Female,,,,Misuse of Drugs Act 1971 (section 23),Psychoactive substances,A no further action disposal,False,False
Person search,2023-08-13T04:20:00+00:00,,,52.990315,-2.141123,Male,,,,Misuse of Drugs Act 1971 (section 23),Controlled drugs,A no further action disposal,False,False
Person search,2023-08-13T15:26:00+00:00,,,52.793502,-1.623341,Female,,,,Police and Criminal Evidence Act 1984 (section 1),Offensive weapons,A no further action disposal,False,False
Person search,2023-08-13T17:05:00+00:00,,,53.061542,-2.209951,Male,,,,Police and Criminal Evidence Act 1984 (section 1),Anything to threaten or harm anyone,A no further action disposal,False,False
Person search,2023-08-13T17:27:00+00:00,,,52.795871,-1.622090,Female,,,,Misuse of Drugs Act 1971 (section 23),Controlled drugs,A no further action disposal,True,False
Person search,2023-08-13T17:27:00+00:00,,,52.795871,-1.622090,Other,,,,Misuse of Drugs Act 1971 (section 23),Controlled drugs,A no further action disposal,False,False
Person search,2023-08-13T17:40:00+00:00,,,52.803827,-1.619277,Male,,,,Police and Criminal Evidence Act 1984 (section 1),Controlled drugs,Community resolution,True,False
Person and Vehicle search,2023-08-13T21:14:00+00:00,,,52.592532,-2.248693,Male,,,,Misuse of Drugs Act 1971 (section 23),Controlled drugs,A no further action disposal,False,False
Person and Vehicle search,2023-08-13T21:14:00+00:00,,,52.592532,-2.248693,Male,,,,Misuse of Drugs Act 1971 (section 23),Controlled drugs,A no further action disposal,False,False
Person and Vehicle search,2023-08-13T21:14:00+00:00,,,52.592532,-2.248693,Male,,,,Misuse of Drugs Act 1971 (section 23),Controlled drugs,A no further action disposal,False,False
Person search,2023-08-13T22:13:00+00:00,,,53.022005,-2.189991,Male,,,,Police and Criminal Evidence Act 1984 (section 1),Anything to threaten or harm anyone,Arrest,False,False
Person search,2023-08-13T23:00:00+00:00,,,53.012169,-2.222276,Male,,,,Police and Criminal Evidence Act 1984 (section 1),Article for use in theft,A no further action disposal,False,False
Person search,2023-08-13T23:09:00+00:00,,,53.022005,-2.189991,Male,,,,Police and Criminal Evidence Act 1984 (section 1),Offensive weapons,Arrest,False,False
Person search,2023-08-13T23:10:00+00:00,,,53.022005,-2.189991,Male,,,,Police and Criminal Evidence Act 1984 (section 1),Anything to threaten or harm anyone,Arrest,False,False
Person and Vehicle search,2023-08-14T08:30:00+00:00,,,52.806404,-1.618349,Female,,,,Police and Criminal Evidence Act 1984 (section 1),Article for use in theft,A no further action disposal,False,False
Person search,2023-08-14T09:30:00+00:00,,,52.806404,-1.618349,Male,,,,Police and Criminal Evidence Act 1984 (section 1),Article for use in theft,A no further action disposal,False,False
Person search,2023-08-14T11:30:00+00:00,,,53.025021,-2.175289,Male,,,,Misuse of Drugs Act 1971 (section 23),Controlled drugs,Community resolution,True,False
Person search,2023-08-14T13:30:00+00:00,,,53.026777,-2.173671,Male,,,,Police and Criminal Evidence Act 1984 (section 1),Stolen goods,Arrest,True,False
Person search,2023-08-14T16:30:00+00:00,,,52.807525,-1.606472,Male,,,,Police and Criminal Evidence Act 1984 (section 1),Anything to threaten or harm anyone,A no further action disposal,False,False
Person search,2023-08-14T16:40:00+00:00,,,52.807379,-2.119479,Male,,,,Misuse of Drugs Act 1971 (section 23),Controlled drugs,Community resolution,True,False
Person search,2023-08-14T19:00:00+00:00,,,52.807862,-1.630130,Male,,,,Police and Criminal Evidence Act 1984 (section 1),Anything to threaten or harm anyone,Community resolution,False,False
Person and Vehicle search,2023-08-14T21:35:00+00:00,,,52.653134,-1.908322,Male,,,,Misuse of Drugs Act 1971 (section 23),Controlled drugs,Arrest,True,False
Person search,2023-08-14T22:00:00+00:00,,,52.972703,-2.157267,Female,,,,Police and Criminal Evidence Act 1984 (section 1),Anything to threaten or harm anyone,A no further action disposal,False,False
Person search,2023-08-14T23:35:00+00:00,,,52.989504,-2.134789,Male,,,,Police and Criminal Evidence Act 1984 (section 1),Article for use in theft,A no further action disposal,False,False
Person search,2023-08-14T23:35:00+00:00,,,52.997701,-2.157641,Male,,,,Police and Criminal Evidence Act 1984 (section 1),Article for use in theft,Arrest,True,False
Person search,2023-08-14T23:40:00+00:00,,,52.998072,-2.155840,Male,,,,Police and Criminal Evidence Act 1984 (section 1),Article for use in theft,A no further action disposal,False,False
Person search,2023-08-14T23:49:00+00:00,,,52.998072,-2.155840,Male,,,,Police and Criminal Evidence Act 1984 (section 1),Article for use in theft,A no further action disposal,False,False
Person search,2023-08-15T00:58:00+00:00,,,53.010150,-2.225291,Male,,,,Misuse of Drugs Act 1971 (section 23),Controlled drugs,Community resolution,True,False
Person search,2023-08-15T01:00:00+00:00,,,52.807545,-1.626587,Male,,,,Police and Criminal Evidence Act 1984 (section 1),Anything to threaten or harm anyone,Community resolution,False,False
Person search,2023-08-15T01:19:00+00:00,,,53.032388,-2.184475,Male,,,,Police and Criminal Evidence Act 1984 (section 1),Articles for use in criminal damage,A no further action disposal,False,False
Person search,2023-08-15T01:28:00+00:00,,,53.029747,-2.188713,Male,,,,Police and Criminal Evidence Act 1984 (section 1),Article for use in theft,A no further action disposal,False,False
Person search,2023-08-15T02:30:00+00:00,,,53.011525,-2.183953,Male,,,,Police and Criminal Evidence Act 1984 (section 1),Anything to threaten or harm anyone,A no further action disposal,False,False
Person search,2023-08-15T09:35:00+00:00,,,53.048894,-2.177325,Male,,,,Police and Criminal Evidence Act 1984 (section 1),Anything to threaten or harm anyone,Summons / charged by post,True,False
Person search,2023-08-15T10:10:00+00:00,,,52.790350,-1.630219,Male,,,,Police and Criminal Evidence Act 1984 (section 1),Anything to threaten or harm anyone,Arrest,False,False
Person search,2023-08-15T10:10:00+00:00,,,52.790350,-1.630219,Male,,,,Misuse of Drugs Act 1971 (section 23),Anything to threaten or harm anyone,Arrest,False,False
Person and Vehicle search,2023-08-15T23:05:00+00:00,,,52.827951,-1.650233,Male,,,,Police and Criminal Evidence Act 1984 (section 1),Offensive weapons,A no further action disposal,False,False
Person and Vehicle search,2023-08-15T23:30:00+00:00,,,52.827625,-1.652477,Male,,,,Police and Criminal Evidence Act 1984 (section 1),Offensive weapons,A no further action disposal,True,False
Person search,2023-08-16T02:15:00+00:00,,,53.009245,-2.223542,Male,,,,Police and Criminal Evidence Act 1984 (section 1),Article for use in theft,,False,False
Person search,2023-08-16T09:00:00+00:00,,,52.988152,-2.137854,Female,,,,Police and Criminal Evidence Act 1984 (section 1),Controlled drugs,A no further action disposal,True,False
Person search,2023-08-16T10:54:00+00:00,,,52.973037,-2.107860,Male,,,,Police and Criminal Evidence Act 1984 (section 1),Anything to threaten or harm anyone,A no further action disposal,False,False
Person search,2023-08-16T11:00:00+00:00,,,53.010150,-2.225291,Male,,,,Misuse of Drugs Act 1971 (section 23),Anything to threaten or harm anyone,A no further action disposal,True,False
Person search,2023-08-16T11:40:00+00:00,,,53.020894,-2.199154,Female,,,,Misuse of Drugs Act 1971 (section 23),Controlled drugs,A no further action disposal,False,True
Person search,2023-08-16T13:20:00+00:00,,,52.690131,-2.029088,Male,,,,Police and Criminal Evidence Act 1984 (section 1),Anything to threaten or harm anyone,A no further action disposal,False,False
Person search,2023-08-16T13:57:00+00:00,,,52.798092,-2.136925,Other,,,,Police and Criminal Evidence Act 1984 (section 1),Stolen goods,Arrest,True,False
Person search,2023-08-16T18:45:00+00:00,,,52.819443,-2.127570,Male,,,,Police and Criminal Evidence Act 1984 (section 1),Offensive weapons,A no further action disposal,False,False
Person and Vehicle search,2023-08-16T19:35:00+00:00,,,52.679620,-1.822819,Female,,,,Police and Criminal Evidence Act 1984 (section 1),Controlled drugs,A no further action disposal,False,False
Person search,2023-08-16T19:37:00+00:00,,,52.682041,-1.818682,Male,,,,Misuse of Drugs Act 1971 (section 23),Controlled drugs,A no further action disposal,False,False
Person search,2023-08-16T20:37:00+00:00,,,53.008083,-2.188618,Male,,,,Misuse of Drugs Act 1971 (section 23),Controlled drugs,A no further action disposal,False,False
Person search,2023-08-16T23:25:00+00:00,,,52.703682,-1.991389,Female,,,,Misuse of Drugs Act 1971 (section 23),Controlled drugs,A no further action disposal,False,False
Person search,2023-08-17T02:00:00+00:00,,,52.991185,-2.135122,Male,,,,Police and Criminal Evidence Act 1984 (section 1),Stolen goods,Community resolution,False,False
Person search,2023-08-17T02:05:00+00:00,,,52.666221,-1.986339,Male,,,,Police and Criminal Evidence Act 1984 (section 1),Article for use in theft,A no further action disposal,False,False
Person search,2023-08-17T02:15:00+00:00,,,52.666221,-1.986339,Male,,,,Police and Criminal Evidence Act 1984 (section 1),Article for use in theft,A no further action disposal,False,False
Person search,2023-08-17T05:18:00+00:00,,,53.002180,-2.181291,Male,,,,Misuse of Drugs Act 1971 (section 23),Controlled drugs,A no further action disposal,False,False
Vehicle search,2023-08-17T05:30:00+00:00,,,53.002180,-2.181291,Other,,,,Misuse of Drugs Act 1971 (section 23),Controlled drugs,Caution (simple or conditional),False,
Person search,2023-08-17T06:33:00+00:00,,,53.004553,-2.181375,Male,,,,Misuse of Drugs Act 1971 (section 23),Controlled drugs,Community resolution,True,False
Person search,2023-08-17T14:15:00+00:00,,,53.020457,-2.185527,Male,,,,Police and Criminal Evidence Act 1984 (section 1),Firearms,Arrest,False,False
Person search,2023-08-17T14:45:00+00:00,,,53.019578,-2.184778,Male,,,,Police and Criminal Evidence Act 1984 (section 1),Anything to threaten or harm anyone,A no further action disposal,False,False
Person search,2023-08-17T15:00:00+00:00,,,53.019578,-2.184778,Male,,,,Police and Criminal Evidence Act 1984 (section 1),Firearms,A no further action disposal,False,False
Person search,2023-08-17T15:00:00+00:00,,,53.020457,-2.185527,Male,,,,Police and Criminal Evidence Act 1984 (section 1),Anything to threaten or harm anyone,Arrest,False,False
Person search,2023-08-17T15:30:00+00:00,,,52.785270,-1.629906,Male,,,,Misuse of Drugs Act 1971 (section 23),Controlled drugs,A no further action disposal,False,False
Person search,2023-08-17T16:15:00+00:00,,,52.985035,-2.136593,Male,,,,Police and Criminal Evidence Act 1984 (section 1),Article for use in theft,A no further action disposal,False,False
Person search,2023-08-17T17:34:00+00:00,,,53.024639,-2.159708,Female,,,,Police and Criminal Evidence Act 1984 (section 1),Offensive weapons,A no further action disposal,False,False
Person search,2023-08-17T17:43:00+00:00,,,53.024639,-2.159708,Male,,,,Police and Criminal Evidence Act 1984 (section 1),Offensive weapons,Arrest,True,False
Person search,2023-08-17T21:23:00+00:00,,,52.813389,-1.635543,Male,,,,Police and Criminal Evidence Act 1984 (section 1),Anything to threaten or harm anyone,A no further action disposal,False,False
Person search,2023-08-18T00:50:00+00:00,,,52.972156,-2.085000,Male,,,,Police and Criminal Evidence Act 1984 (section 1),Article for use in theft,A no further action disposal,False,False
Person search,2023-08-18T15:00:00+00:00,,,52.688489,-2.012532,Male,,,,Police and Criminal Evidence Act 1984 (section 1),Article for use in theft,Arrest,False,False
Vehicle search,2023-08-18T20:00:00+00:00,,,52.671066,-2.019152,Female,,,,Police and Criminal Evidence Act 1984 (section 1),Article for use in theft,A no further action disposal,False,False
Person search,2023-08-18T20:14:00+00:00,,,52.671066,-2.019152,Male,,,,Police and Criminal Evidence Act 1984 (section 1),Article for use in theft,A no further action disposal,False,False
Person search,2023-08-18T20:22:00+00:00,,,52.671066,-2.019152,Male,,,,Police and Criminal Evidence Act 1984 (section 1),Article for use in theft,A no further action disposal,False,False
Person and Vehicle search,2023-08-18T23:30:00+00:00,,,52.671260,-2.036706,Male,,,,Misuse of Drugs Act 1971 (section 23),Controlled drugs,Arrest,True,False
Person search,2023-08-19T00:00:00+00:00,,,53.070538,-2.260993,Male,,,,Misuse of Drugs Act 1971 (section 23),Controlled drugs,A no further action disposal,False,False
Person search,2023-08-19T01:07:00+00:00,,,52.796636,-2.136935,Male,,,,Misuse of Drugs Act 1971 (section 23),Controlled drugs,A no further action disposal,False,False
Person and Vehicle search,2023-08-19T01:07:00+00:00,,,52.796636,-2.136935,Male,,,,Misuse of Drugs Act 1971 (section 23),Controlled drugs,Community resolution,False,False
Person search,2023-08-19T01:45:00+00:00,,,53.106383,-2.024486,Female,,,,Police and Criminal Evidence Act 1984 (section 1),Anything to threaten or harm anyone,A no further action disposal,False,False
Person search,2023-08-19T03:03:00+00:00,,,52.626125,-1.668921,Male,,,,Police and Criminal Evidence Act 1984 (section 1),Article for use in theft,Arrest,False,False
Person search,2023-08-19T03:10:00+00:00,,,52.620228,-1.666070,Male,,,,Police and Criminal Evidence Act 1984 (section 1),Article for use in theft,Arrest,True,False
Person search,2023-08-19T03:14:00+00:00,,,52.626125,-1.668921,Male,,,,Police and Criminal Evidence Act 1984 (section 1),Article for use in theft,Arrest,False,False
Person and Vehicle search,2023-08-19T03:15:00+00:00,,,52.616581,-1.676791,Male,,,,Police and Criminal Evidence Act 1984 (section 1),Article for use in theft,A no further action disposal,False,False
Person search,2023-08-19T08:40:00+00:00,,,53.006261,-2.186896,Male,,,,Misuse of Drugs Act 1971 (section 23),Controlled drugs,A no further action disposal,False,False
Person search,2023-08-19T10:44:00+00:00,,,52.694368,-1.826576,Male,,,,Misuse of Drugs Act 1971 (section 23),Controlled drugs,Community resolution,True,False
Person search,2023-08-19T11:00:00+00:00,,,52.694368,-1.826576,Male,,,,Misuse of Drugs Act 1971 (section 23),Controlled drugs,A no further action disposal,False,False
Person search,2023-08-19T11:04:00+00:00,,,52.782155,-2.087460,Male,,,,Police and Criminal Evidence Act 1984 (section 1),Anything to threaten or harm anyone,A no further action disposal,False,False
Person search,2023-08-19T12:00:00+00:00,,,52.813389,-1.635543,Male,,,,Misuse of Drugs Act 1971 (section 23),Controlled drugs,Arrest,True,False
Person and Vehicle search,2023-08-19T14:00:00+00:00,,,52.989269,-2.144099,Male,,,,Police and Criminal Evidence Act 1984 (section 1),Article for use in theft,Arrest,True,False
Person search,2023-08-19T20:40:00+00:00,,,53.110419,-2.167898,Male,,,,Police and Criminal Evidence Act 1984 (section 1),Offensive weapons,A no further action disposal,False,False
Vehicle search,2023-08-19T23:20:00+00:00,,,53.066066,-2.218614,Male,,,,Misuse of Drugs Act 1971 (section 23),Controlled drugs,A no further action disposal,False,False
Person and Vehicle search,2023-08-19T23:20:00+00:00,,,53.067199,-2.218366,Male,,,,Misuse of Drugs Act 1971 (section 23),Evidence of offences under the Act,A no further action disposal,False,False
Vehicle search,2023-08-19T23:20:00+00:00,,,53.066066,-2.218614,Male,,,,Misuse of Drugs Act 1971 (section 23),Controlled drugs,A no further action disposal,False,False
Person search,2023-08-20T04:00:00+00:00,,,53.077987,-2.249589,Male,,,,Police and Criminal Evidence Act 1984 (section 1),Anything to threaten or harm anyone,A no further action disposal,False,False
Person search,2023-08-20T08:59:00+00:00,,,52.782155,-2.087460,Male,,,,Police and Criminal Evidence Act 1984 (section 1),Offensive weapons,Arrest,True,False
Person search,2023-08-20T09:50:00+00:00,,,52.997202,-2.139850,Male,,,,Misuse of Drugs Act 1971 (section 23),Controlled drugs,A no further action disposal,False,False
Person and Vehicle search,2023-08-20T11:00:00+00:00,,,52.989168,-2.230410,Female,,,,Misuse of Drugs Act 1971 (section 23),Controlled drugs,Arrest,False,False
Person search,2023-08-20T16:20:00+00:00,,,52.799910,-1.643146,Male,,,,Misuse of Drugs Act 1971 (section 23),Controlled drugs,A no further action disposal,False,False
Person search,2023-08-20T16:30:00+00:00,,,52.801543,-1.630302,Male,,,,Police and Criminal Evidence Act 1984 (section 1),Anything to threaten or harm anyone,A no further action disposal,True,False
Person search,2023-08-20T16:45:00+00:00,,,52.802826,-1.629505,Male,,,,Misuse of Drugs Act 1971 (section 23),Controlled drugs,A no further action disposal,False,False
Person and Vehicle search,2023-08-21T00:11:00+00:00,,,53.092237,-2.178758,Female,,,,Misuse of Drugs Act 1971 (section 23),Controlled drugs,A no further action disposal,False,False
Person search,2023-08-21T01:35:00+00:00,,,52.703091,-2.038672,Male,,,,Police and Criminal Evidence Act 1984 (section 1),Article for use in theft,Arrest,True,False
Person search,2023-08-21T02:52:00+00:00,,,53.014277,-2.234017,Male,,,,Misuse of Drugs Act 1971 (section 23),Controlled drugs,A no further action disposal,False,False
Person search,2023-08-21T11:55:00+00:00,,,52.980916,-2.121090,Male,,,,Police and Criminal Evidence Act 1984 (section 1),Evidence of offences under the Act,Community resolution,True,False
Person search,2023-08-21T14:45:00+00:00,,,52.800014,-2.102788,Male,,,,Misuse of Drugs Act 1971 (section 23),Controlled drugs,Arrest,False,False
Person search,2023-08-21T15:15:00+00:00,,,52.952176,-1.989346,Male,,,,Police and Criminal Evidence Act 1984 (section 1),Offensive weapons,Arrest,True,False
Person search,2023-08-21T18:05:00+00:00,,,52.652943,-2.018302,Male,,,,Police and Criminal Evidence Act 1984 (section 1),Article for use in theft,Arrest,True,False
Person search,2023-08-21T18:08:00+00:00,,,52.652943,-2.018302,Male,,,,Police and Criminal Evidence Act 1984 (section 1),Article for use in theft,A no further action disposal,False,False
Person search,2023-08-21T18:10:00+00:00,,,52.650903,-2.016970,Male,,,,Police and Criminal Evidence Act 1984 (section 1),Stolen goods,Arrest,False,False
Person search,2023-08-21T19:20:00+00:00,,,53.030728,-2.188046,Male,,,,Police and Criminal Evidence Act 1984 (section 1),Anything to threaten or harm anyone,A no further action disposal,False,False
Person search,2023-08-21T19:39:00+00:00,,,53.049228,-2.187590,Female,,,,Police and Criminal Evidence Act 1984 (section 1),Firearms,A no further action disposal,False,False
Person search,2023-08-21T19:39:00+00:00,,,53.049228,-2.187590,Male,,,,Police and Criminal Evidence Act 1984 (section 1),Firearms,A no further action disposal,False,False
Person search,2023-08-21T19:39:00+00:00,,,53.049228,-2.187590,Female,,,,Police and Criminal Evidence Act 1984 (section 1),Firearms,A no further action disposal,False,False
Person search,2023-08-21T20:20:00+00:00,,,53.048123,-2.192925,Male,,,,Firearms Act 1968 (section 47),Firearms,A no further action disposal,False,False
Person search,2023-08-21T20:30:00+00:00,,,53.050691,-2.189237,Male,,,,Firearms Act 1968 (section 47),Firearms,A no further action disposal,False,False
Person search,2023-08-21T22:00:00+00:00,,,52.534240,-1.903483,Male,,,,Police and Criminal Evidence Act 1984 (section 1),Stolen goods,Arrest,False,False
Person and Vehicle search,2023-08-21T22:00:00+00:00,,,52.534240,-1.903483,Male,,,,Police and Criminal Evidence Act 1984 (section 1),Stolen goods,Arrest,False,False
Person search,2023-08-21T23:30:00+00:00,,,52.973210,-2.104644,Male,,,,Police and Criminal Evidence Act 1984 (section 1),Evidence of offences under the Act,A no further action disposal,False,False
Person search,2023-08-22T00:00:00+00:00,,,52.779995,-2.079065,Male,,,,Police and Criminal Evidence Act 1984 (section 1),Article for use in theft,A no further action disposal,False,False
Person search,2023-08-22T00:08:00+00:00,,,53.025223,-2.184712,Male,,,,Police and Criminal Evidence Act 1984 (section 1),Anything to threaten or harm anyone,Arrest,False,False
Person search,2023-08-22T01:00:00+00:00,,,52.769228,-2.058621,Male,,,,Police and Criminal Evidence Act 1984 (section 1),Article for use in theft,A no further action disposal,False,False
Person search,2023-08-22T01:00:00+00:00,,,52.690957,-2.032698,Male,,,,Police and Criminal Evidence Act 1984 (section 1),Article for use in theft,A no further action disposal,True,False
Person search,2023-08-22T01:15:00+00:00,,,53.014277,-2.234017,Male,,,,Misuse of Drugs Act 1971 (section 23),Controlled drugs,A no further action disposal,False,False
Person and Vehicle search,2023-08-22T01:25:00+00:00,,,52.982426,-2.121645,Male,,,,Police and Criminal Evidence Act 1984 (section 1),Offensive weapons,Community resolution,False,False
Person search,2023-08-22T04:01:00+00:00,,,53.023970,-2.213630,Male,,,,Police and Criminal Evidence Act 1984 (section 1),Article for use in theft,Arrest,False,False
Person search,2023-08-22T07:40:00+00:00,,,52.607192,-1.638009,Female,,,,Misuse of Drugs Act 1971 (section 23),Controlled drugs,A no further action disposal,False,False
Person search,2023-08-22T07:40:00+00:00,,,52.607192,-1.638009,Male,,,,Misuse of Drugs Act 1971 (section 23),Controlled drugs,A no further action disposal,False,False
Person search,2023-08-22T07:40:00+00:00,,,52.607192,-1.638009,Female,,,,Misuse of Drugs Act 1971 (section 23),Controlled drugs,A no further action disposal,True,False
Person search,2023-08-22T10:45:00+00:00,,,53.105607,-2.020457,Female,,,,Police and Criminal Evidence Act 1984 (section 1),Offensive weapons,A no further action disposal,False,False
Person search,2023-08-22T15:00:00+00:00,,,52.804601,-2.119827,Female,,,,Misuse of Drugs Act 1971 (section 23),Controlled drugs,A no further action disposal,False,False
Person search,2023-08-22T15:00:00+00:00,,,52.804601,-2.119827,Female,,,,Misuse of Drugs Act 1971 (section 23),Controlled drugs,A no further action disposal,False,False
Person search,2023-08-22T16:51:00+00:00,,,53.015986,-2.175249,Male,,,,Police and Criminal Evidence Act 1984 (section 1),Offensive weapons,A no further action disposal,False,False
Person search,2023-08-22T17:00:00+00:00,,,53.012637,-2.179263,Male,,,,Police and Criminal Evidence Act 1984 (section 1),Anything to threaten or harm anyone,Community resolution,False,False
Person search,2023-08-22T17:20:00+00:00,,,53.015986,-2.175249,Male,,,,Firearms Act 1968 (section 47),Stolen goods,A no further action disposal,False,False
Person search,2023-08-22T17:20:00+00:00,,,53.015986,-2.175249,Male,,,,Firearms Act 1968 (section 47),Stolen goods,A no further action disposal,False,False
Person search,2023-08-22T17:20:00+00:00,,,53.015986,-2.175249,Male,,,,Firearms Act 1968 (section 47),Stolen goods,A no further action disposal,False,False
Person search,2023-08-22T17:20:00+00:00,,,53.015986,-2.175249,Male,,,,Firearms Act 1968 (section 47),Stolen goods,A no further action disposal,False,False
Person search,2023-08-22T17:20:00+00:00,,,53.015986,-2.175249,Male,,,,Firearms Act 1968 (section 47),Stolen goods,A no further action disposal,False,False
Person and Vehicle search,2023-08-22T18:20:00+00:00,,,52.762698,-1.707395,Male,,,,Misuse of Drugs Act 1971 (section 23),Controlled drugs,Arrest,True,False
Person search,2023-08-22T18:30:00+00:00,,,53.029747,-2.188713,Male,,,,Police and Criminal Evidence Act 1984 (section 1),Stolen goods,Caution (simple or conditional),True,False
Person search,2023-08-22T19:14:00+00:00,,,52.979063,-2.103317,Male,,,,Misuse of Drugs Act 1971 (section 23),Controlled drugs,A no further action disposal,False,False
Person search,2023-08-22T19:17:00+00:00,,,53.030283,-2.179411,Male,,,,Misuse of Drugs Act 1971 (section 23),Controlled drugs,A no further action disposal,True,False
Person search,2023-08-22T19:30:00+00:00,,,52.712546,-1.996582,Male,,,,Misuse of Drugs Act 1971 (section 23),Controlled drugs,A no further action disposal,False,False
Person search,2023-08-22T19:30:00+00:00,,,52.708716,-1.997841,Male,,,,Misuse of Drugs Act 1971 (section 23),Controlled drugs,A no further action disposal,False,False
Person search,2023-08-22T20:28:00+00:00,,,52.648093,-1.708855,Male,,,,Police and Criminal Evidence Act 1984 (section 1),Articles for use in criminal damage,Community resolution,False,False
Person search,2023-08-22T20:28:00+00:00,,,52.648093,-1.708855,Male,,,,Police and Criminal Evidence Act 1984 (section 1),Articles for use in criminal damage,Community resolution,False,False
Person search,2023-08-22T20:50:00+00:00,,,52.648093,-1.708855,Female,,,,Police and Criminal Evidence Act 1984 (section 1),Articles for use in criminal damage,Community resolution,False,False
Person search,2023-08-22T20:50:00+00:00,,,52.648093,-1.708855,Female,,,,Police and Criminal Evidence Act 1984 (section 1),Articles for use in criminal damage,Community resolution,False,False
Vehicle search,2023-08-22T21:43:00+00:00,,,,,Other,,,,Police and Criminal Evidence Act 1984 (section 1),Article for use in theft,A no further action disposal,False,
Person search,2023-08-22T22:10:00+00:00,,,52.719098,-2.017353,Male,,,,Police and Criminal Evidence Act 1984 (section 1),Article for use in theft,A no further action disposal,False,False
Person and Vehicle search,2023-08-23T00:45:00+00:00,,,52.682658,-2.039866,Male,,,,Misuse of Drugs Act 1971 (section 23),Controlled drugs,A no further action disposal,False,False
Person search,2023-08-23T01:03:00+00:00,,,52.682658,-2.039866,Male,,,,Misuse of Drugs Act 1971 (section 23),Controlled drugs,A no further action disposal,False,False
Person search,2023-08-23T03:54:00+00:00,,,53.022125,-2.098739,Male,,,,Police and Criminal Evidence Act 1984 (section 1),Offensive weapons,A no further action disposal,False,False
Person and Vehicle search,2023-08-23T15:00:00+00:00,,,52.813389,-1.635543,Female,,,,Misuse of Drugs Act 1971 (section 23),Controlled drugs,Arrest,True,False
Person search,2023-08-23T17:15:00+00:00,,,52.808240,-2.120891,Male,,,,Police and Criminal Evidence Act 1984 (section 1),Stolen goods,A no further action disposal,False,False
Person search,2023-08-23T17:19:00+00:00,,,52.808662,-2.121530,Male,,,,Police and Criminal Evidence Act 1984 (section 1),Stolen goods,A no further action disposal,False,False
Person search,2023-08-23T18:22:00+00:00,,,52.983968,-2.133685,Male,,,,Police and Criminal Evidence Act 1984 (section 1),Anything to threaten or harm anyone,A no further action disposal,False,False
Person search,2023-08-23T18:50:00+00:00,,,52.799448,-2.112842,Male,,,,Misuse of Drugs Act 1971 (section 23),Controlled drugs,A no further action disposal,True,False
Person search,2023-08-23T20:00:00+00:00,,,52.806252,-2.113438,Male,,,,Police and Criminal Evidence Act 1984 (section 1),Anything to threaten or harm anyone,Arrest,True,False
Person search,2023-08-23T23:14:00+00:00,,,53.041750,-2.213777,Male,,,,Misuse of Drugs Act 1971 (section 23),Controlled drugs,A no further action disposal,False,False
Person search,2023-08-23T23:20:00+00:00,,,53.042908,-2.214618,Male,,,,Misuse of Drugs Act 1971 (section 23),Controlled drugs,A no further action disposal,False,False
Person and Vehicle search,2023-08-23T23:25:00+00:00,,,53.042908,-2.214618,Male,,,,Misuse of Drugs Act 1971 (section 23),Controlled drugs,A no further action disposal,False,False
Person search,2023-08-23T23:26:00+00:00,,,53.034413,-2.224776,Male,,,,Misuse of Drugs Act 1971 (section 23),Controlled drugs,A no further action disposal,False,False
Person search,2023-08-24T03:10:00+00:00,,,52.680325,-1.931414,Male,,,,Police and Criminal Evidence Act 1984 (section 1),Article for use in theft,Arrest,True,False
Person search,2023-08-24T03:10:00+00:00,,,52.680325,-1.931414,Male,,,,Police and Criminal Evidence Act 1984 (section 1),Article for use in theft,Arrest,True,False
Person search,2023-08-24T03:10:00+00:00,,,52.680325,-1.931414,Male,,,,Police and Criminal Evidence Act 1984 (section 1),Article for use in theft,Arrest,True,False
Person search,2023-08-24T08:00:00+00:00,,,52.687381,-2.025402,Male,,,,Police and Criminal Evidence Act 1984 (section 1),Article for use in theft,Arrest,True,False
Person and Vehicle search,2023-08-24T10:10:00+00:00,,,53.000311,-2.208193,Male,,,,Police and Criminal Evidence Act 1984 (section 1),Anything to threaten or harm anyone,A no further action disposal,False,False
Person search,2023-08-24T11:55:00+00:00,,,52.682662,-1.831844,Male,,,,Police and Criminal Evidence Act 1984 (section 1),Offensive weapons,A no further action disposal,False,False
Person search,2023-08-24T12:12:00+00:00,,,52.998905,-2.164455,Male,,,,Police and Criminal Evidence Act 1984 (section 1),Anything to threaten or harm anyone,A no further action disposal,False,False
Person search,2023-08-24T12:40:00+00:00,,,53.025856,-2.169836,Male,,,,Police and Criminal Evidence Act 1984 (section 1),Offensive weapons,A no further action disposal,False,False
Person search,2023-08-24T13:23:00+00:00,,,52.681660,-1.835161,Male,,,,Police and Criminal Evidence Act 1984 (section 1),Anything to threaten or harm anyone,A no further action disposal,False,False
Person search,2023-08-24T15:50:00+00:00,,,52.804998,-2.118434,Female,,,,Police and Criminal Evidence Act 1984 (section 1),Offensive weapons,A no further action disposal,False,False
Person search,2023-08-24T17:45:00+00:00,,,52.820828,-1.649207,Female,,,,Police and Criminal Evidence Act 1984 (section 1),Anything to threaten or harm anyone,A no further action disposal,False,False
Person search,2023-08-24T18:05:00+00:00,,,52.820828,-1.649207,Male,,,,Police and Criminal Evidence Act 1984 (section 1),Anything to threaten or harm anyone,A no further action disposal,False,False
Person search,2023-08-24T21:00:00+00:00,,,,,Male,,,,Police and Criminal Evidence Act 1984 (section 1),Anything to threaten or harm anyone,A no further action disposal,False,False
Person search,2023-08-24T22:25:00+00:00,,,52.771098,-2.058297,Male,,,,Misuse of Drugs Act 1971 (section 23),Controlled drugs,A no further action disposal,False,False
Vehicle search,2023-08-24T22:25:00+00:00,,,52.779995,-2.079065,Other,,,,Misuse of Drugs Act 1971 (section 23),Controlled drugs,Community resolution,True,
Vehicle search,2023-08-24T22:25:00+00:00,,,52.771098,-2.058297,Female,,,,Misuse of Drugs Act 1971 (section 23),Controlled drugs,Community resolution,False,False
Person and Vehicle search,2023-08-24T22:44:00+00:00,,,53.024084,-2.171006,Male,,,,Misuse of Drugs Act 1971 (section 23),Controlled drugs,A no further action disposal,False,False
Person search,2023-08-24T22:53:00+00:00,,,53.024084,-2.171006,Male,,,,Misuse of Drugs Act 1971 (section 23),Controlled drugs,A no further action disposal,True,False
Person and Vehicle search,2023-08-24T23:40:00+00:00,,,53.013487,-2.198911,Male,,,,Misuse of Drugs Act 1971 (section 23),Evidence of offences under the Act,A no further action disposal,False,False
Person search,2023-08-25T01:00:00+00:00,,,52.607119,-2.057104,Male,,,,Police and Criminal Evidence Act 1984 (section 1),Article for use in theft,A no further action disposal,False,False
Person search,2023-08-25T01:00:00+00:00,,,52.607119,-2.057104,Male,,,,Police and Criminal Evidence Act 1984 (section 1),Article for use in theft,A no further action disposal,False,False
Person search,2023-08-25T01:08:00+00:00,,,52.607119,-2.057104,Male,,,,Police and Criminal Evidence Act 1984 (section 1),Article for use in theft,A no further action disposal,False,False
Person search,2023-08-25T01:35:00+00:00,,,52.812277,-1.639276,Male,,,,Police and Criminal Evidence Act 1984 (section 1),Article for use in theft,A no further action disposal,False,False
Person search,2023-08-25T01:50:00+00:00,,,52.810542,-1.642213,Male,,,,Police and Criminal Evidence Act 1984 (section 1),Article for use in theft,A no further action disposal,False,False
Person search,2023-08-25T02:15:00+00:00,,,52.809193,-1.633412,Male,,,,Misuse of Drugs Act 1971 (section 23),Controlled drugs,Khat or Cannabis warning,True,False
Person search,2023-08-25T03:15:00+00:00,,,52.951951,-2.114103,Male,,,,Misuse of Drugs Act 1971 (section 23),Controlled drugs,A no further action disposal,False,False
Person search,2023-08-25T07:20:00+00:00,,,52.975251,-2.093003,Male,,,,Police and Criminal Evidence Act 1984 (section 1),Anything to threaten or harm anyone,A no further action disposal,False,False
Person search,2023-08-25T08:50:00+00:00,,,53.030283,-2.179411,Female,,,,Misuse of Drugs Act 1971 (section 23),Controlled drugs,A no further action disposal,True,False
Person search,2023-08-25T10:00:00+00:00,,,53.022205,-2.229662,Female,,,,Police and Criminal Evidence Act 1984 (section 1),Articles for use in criminal damage,Community resolution,False,False
Person search,2023-08-25T10:25:00+00:00,,,53.011161,-2.228009,Male,,,,Misuse of Drugs Act 1971 (section 23),Controlled drugs,A no further action disposal,False,False
Person search,2023-08-25T11:40:00+00:00,,,,,Male,,,,Misuse of Drugs Act 1971 (section 23),Controlled drugs,A no further action disposal,False,False
Vehicle search,2023-08-25T11:40:00+00:00,,,53.037347,-2.191893,Other,,,,Misuse of Drugs Act 1971 (section 23),Controlled drugs,Summons / charged by post,False,
Person search,2023-08-25T18:00:00+00:00,,,52.636612,-1.687209,Male,,,,Police and Criminal Evidence Act 1984 (section 1),Anything to threaten or harm anyone,A no further action disposal,False,False
Person search,2023-08-25T18:00:00+00:00,,,52.636612,-1.687209,Male,,,,Police and Criminal Evidence Act 1984 (section 1),Anything to threaten or harm anyone,A no further action disposal,False,False
Person search,2023-08-25T19:37:00+00:00,,,52.761652,-1.927953,Other,,,,Police and Criminal Evidence Act 1984 (section 1),Article for use in theft,A no further action disposal,False,False
Person search,2023-08-25T20:27:00+00:00,,,53.025021,-2.175289,Male,,,,Misuse of Drugs Act 1971 (section 23),Controlled drugs,Community resolution,True,False
Person search,2023-08-25T20:45:00+00:00,,,53.117357,-2.071646,Male,,,,Misuse of Drugs Act 1971 (section 23),Controlled drugs,Community resolution,True,False
Person and Vehicle search,2023-08-25T20:45:00+00:00,,,53.117357,-2.071646,Male,,,,Misuse of Drugs Act 1971 (section 23),Controlled drugs,A no further action disposal,False,False
Person and Vehicle search,2023-08-25T21:00:00+00:00,,,,,Male,,,,Misuse of Drugs Act 1971 (section 23),Controlled drugs,Arrest,True,False
Person search,2023-08-25T21:00:00+00:00,,,,,Male,,,,Misuse of Drugs Act 1971 (section 23),Controlled drugs,A no further action disposal,False,False
Person and Vehicle search,2023-08-25T21:10:00+00:00,,,52.690957,-2.032698,Male,,,,Misuse of Drugs Act 1971 (section 23),Controlled drugs,A no further action disposal,False,False
Person search,2023-08-25T22:40:00+00:00,,,52.622010,-2.226319,Male,,,,Police and Criminal Evidence Act 1984 (section 1),Anything to threaten or harm anyone,A no further action disposal,False,False
Person search,2023-08-26T00:30:00+00:00,,,53.026339,-2.178187,Male,,,,Police and Criminal Evidence Act 1984 (section 1),Anything to threaten or harm anyone,A no further action disposal,True,False
Person search,2023-08-26T00:50:00+00:00,,,52.991777,-2.194268,Male,,,,Police and Criminal Evidence Act 1984 (section 1),Article for use in theft,A no further action disposal,False,False
Person search,2023-08-26T01:00:00+00:00,,,52.991777,-2.194268,Male,,,,Police and Criminal Evidence Act 1984 (section 1),Anything to threaten or harm anyone,A no further action disposal,False,False
Person search,2023-08-26T01:08:00+00:00,,,52.991777,-2.194268,Male,,,,Police and Criminal Evidence Act 1984 (section 1),Evidence of offences under the Act,A no further action disposal,False,False
Person search,2023-08-26T02:51:00+00:00,,,53.050524,-2.246103,Male,,,,Police and Criminal Evidence Act 1984 (section 1),Article for use in theft,A no further action disposal,False,False
Person search,2023-08-26T07:50:00+00:00,,,52.618679,-1.649495,Male,,,,Misuse of Drugs Act 1971 (section 23),Controlled drugs,A no further action disposal,False,False
Person search,2023-08-26T11:25:00+00:00,,,52.989504,-2.134789,Male,,,,Police and Criminal Evidence Act 1984 (section 1),Offensive weapons,Community resolution,True,False
Person search,2023-08-26T16:10:00+00:00,,,52.804601,-2.119827,Male,,,,Misuse of Drugs Act 1971 (section 23),Controlled drugs,A no further action disposal,False,False
Person search,2023-08-26T23:30:00+00:00,,,53.046273,-2.197601,Male,,,,Police and Criminal Evidence Act 1984 (section 1),Anything to threaten or harm anyone,A no further action disposal,False,False
Person search,2023-08-27T01:00:00+00:00,,,52.807862,-1.630130,Female,,,,Misuse of Drugs Act 1971 (section 23),Controlled drugs,Arrest,True,True
Person search,2023-08-27T01:08:00+00:00,,,53.106337,-2.025397,Male,,,,Misuse of Drugs Act 1971 (section 23),Controlled drugs,A no further action disposal,False,False
Person search,2023-08-27T07:09:00+00:00,,,52.625926,-2.192745,Male,,,,Police and Criminal Evidence Act 1984 (section 1),Evidence of offences under the Act,Arrest,True,False
Person search,2023-08-27T07:25:00+00:00,,,52.595057,-2.105672,Male,,,,Police and Criminal Evidence Act 1984 (section 1),Controlled drugs,Arrest,False,False
Person and Vehicle search,2023-08-27T14:37:00+00:00,,,52.804103,-2.114634,Female,,,,Police and Criminal Evidence Act 1984 (section 1),Stolen goods,A no further action disposal,False,False
Person and Vehicle search,2023-08-27T16:17:00+00:00,,,52.804103,-2.114634,Male,,,,Police and Criminal Evidence Act 1984 (section 1),Article for use in theft,Community resolution,False,False
Person search,2023-08-27T17:11:00+00:00,,,52.804050,-2.122570,Male,,,,Police and Criminal Evidence Act 1984 (section 1),Anything to threaten or harm anyone,Arrest,False,False
Person search,2023-08-27T17:45:00+00:00,,,52.710946,-2.001615,Female,,,,Police and Criminal Evidence Act 1984 (section 1),Anything to threaten or harm anyone,A no further action disposal,False,False
Person search,2023-08-27T17:55:00+00:00,,,52.710946,-2.001615,Male,,,,Police and Criminal Evidence Act 1984 (section 1),Anything to threaten or harm anyone,A no further action disposal,False,False
Person search,2023-08-27T23:20:00+00:00,,,52.791665,-1.619457,Male,,,,Misuse of Drugs Act 1971 (section 23),Controlled drugs,A no further action disposal,False,False
Person search,2023-08-27T23:24:00+00:00,,,52.791665,-1.619457,Male,,,,Misuse of Drugs Act 1971 (section 23),Controlled drugs,A no further action disposal,False,False
Person and Vehicle search,2023-08-27T23:45:00+00:00,,,52.758583,-1.937278,Female,,,,Police and Criminal Evidence Act 1984 (section 1),Controlled drugs,A no further action disposal,False,False
Person and Vehicle search,2023-08-27T23:45:00+00:00,,,52.758583,-1.937278,Female,,,,Police and Criminal Evidence Act 1984 (section 1),Anything to threaten or harm anyone,A no further action disposal,False,False
Person search,2023-08-28T02:30:00+00:00,,,52.637771,-1.664267,Male,,,,Police and Criminal Evidence Act 1984 (section 1),Article for use in theft,Arrest,False,False
Person search,2023-08-28T08:50:00+00:00,,,52.725875,-2.051781,Male,,,,Misuse of Drugs Act 1971 (section 23),Controlled drugs,A no further action disposal,True,False
Person search,2023-08-28T13:30:00+00:00,,,53.010787,-2.221121,Male,,,,Police and Criminal Evidence Act 1984 (section 1),Article for use in theft,A no further action disposal,False,False
Person search,2023-08-28T13:30:00+00:00,,,53.010787,-2.221121,Female,,,,Police and Criminal Evidence Act 1984 (section 1),Stolen goods,A no further action disposal,False,False
Person search,2023-08-28T13:35:00+00:00,,,53.012699,-2.217792,Male,,,,Police and Criminal Evidence Act 1984 (section 1),Stolen goods,A no further action disposal,False,False
Person search,2023-08-28T14:40:00+00:00,,,53.021568,-2.176617,Male,,,,Police and Criminal Evidence Act 1984 (section 1),Article for use in theft,A no further action disposal,False,False
Person search,2023-08-28T17:55:00+00:00,,,52.989818,-2.099425,Male,,,,Misuse of Drugs Act 1971 (section 23),Controlled drugs,A no further action disposal,False,False
Person and Vehicle search,2023-08-28T18:14:00+00:00,,,52.565576,-1.681031,Female,,,,Misuse of Drugs Act 1971 (section 23),Controlled drugs,A no further action disposal,False,False
Person search,2023-08-28T19:37:00+00:00,,,52.804497,-2.115792,Male,,,,Police and Criminal Evidence Act 1984 (section 1),Anything to threaten or harm anyone,A no further action disposal,False,False
Person search,2023-08-28T20:33:00+00:00,,,53.025891,-2.176739,Male,,,,Police and Criminal Evidence Act 1984 (section 1),Evidence of offences under the Act,Community resolution,False,False
Person and Vehicle search,2023-08-28T21:50:00+00:00,,,53.044791,-2.167270,Male,,,,Police and Criminal Evidence Act 1984 (section 1),Firearms,A no further action disposal,False,False
Person and Vehicle search,2023-08-28T22:00:00+00:00,,,53.044791,-2.167270,Female,,,,Firearms Act 1968 (section 47),Firearms,A no further action disposal,False,False
Person and Vehicle search,2023-08-28T22:40:00+00:00,,,52.633522,-1.643510,Male,,,,Police and Criminal Evidence Act 1984 (section 1),Articles for use in criminal damage,Arrest,False,False
Person search,2023-08-29T03:15:00+00:00,,,52.703546,-2.014046,Male,,,,Police and Criminal Evidence Act 1984 (section 1),Article for use in theft,A no further action disposal,False,False
Person search,2023-08-29T04:15:00+00:00,,,53.014674,-2.169777,Male,,,,Police and Criminal Evidence Act 1984 (section 1),Article for use in theft,A no further action disposal,False,False
Person search,2023-08-29T07:09:00+00:00,,,53.042136,-2.192913,Male,,,,Police and Criminal Evidence Act 1984 (section 1),Anything to threaten or harm anyone,A no further action disposal,False,False
Person search,2023-08-29T07:09:00+00:00,,,53.042136,-2.192913,Male,,,,Police and Criminal Evidence Act 1984 (section 1),Anything to threaten or harm anyone,A no further action disposal,False,False
Person search,2023-08-29T12:00:00+00:00,,,52.678623,-2.032364,Male,,,,Misuse of Drugs Act 1971 (section 23),Controlled drugs,Summons / charged by post,False,True
Person search,2023-08-29T13:33:00+00:00,,,52.629949,-2.201081,Male,,,,Police and Criminal Evidence Act 1984 (section 1),Article for use in theft,Arrest,False,False
Person search,2023-08-29T13:35:00+00:00,,,52.710946,-2.001615,Male,,,,Misuse of Drugs Act 1971 (section 23),Controlled drugs,A no further action disposal,False,False
Person and Vehicle search,2023-08-29T13:45:00+00:00,,,52.710946,-2.001615,Female,,,,Misuse of Drugs Act 1971 (section 23),Controlled drugs,A no further action disposal,False,False
Person and Vehicle search,2023-08-29T14:15:00+00:00,,,52.723288,-2.012083,Male,,,,Misuse of Drugs Act 1971 (section 23),Controlled drugs,Arrest,True,False
Person search,2023-08-29T14:20:00+00:00,,,52.723288,-2.012083,Male,,,,Misuse of Drugs Act 1971 (section 23),Controlled drugs,Summons / charged by post,True,False
Person search,2023-08-29T17:00:00+00:00,,,52.725715,-2.113866,Male,,,,Police and Criminal Evidence Act 1984 (section 1),Stolen goods,A no further action disposal,False,False
Person search,2023-08-29T18:20:00+00:00,,,52.629949,-2.201081,Male,,,,Police and Criminal Evidence Act 1984 (section 1),Article for use in theft,A no further action disposal,False,False
Person search,2023-08-29T20:00:00+00:00,,,52.820027,-1.639702,Male,,,,Police and Criminal Evidence Act 1984 (section 1),Offensive weapons,A no further action disposal,False,False
Person search,2023-08-29T20:29:00+00:00,,,52.820027,-1.639702,Male,,,,Police and Criminal Evidence Act 1984 (section 1),Offensive weapons,A no further action disposal,False,False
Person search,2023-08-29T21:19:00+00:00,,,,,Male,,,,Police and Criminal Evidence Act 1984 (section 1),Anything to threaten or harm anyone,A no further action disposal,False,False
Person search,2023-08-29T21:19:00+00:00,,,,,Male,,,,Police and Criminal Evidence Act 1984 (section 1),Offensive weapons,A no further action disposal,False,False
Person search,2023-08-29T22:00:00+00:00,,,53.110708,-2.017602,Male,,,,Misuse of Drugs Act 1971 (section 23),Controlled drugs,Community resolution,True,False
Person search,2023-08-29T23:25:00+00:00,,,53.103398,-2.027576,Female,,,,Misuse of Drugs Act 1971 (section 23),Controlled drugs,A no further action disposal,False,False
Person search,2023-08-29T23:25:00+00:00,,,53.103398,-2.027576,Male,,,,Misuse of Drugs Act 1971 (section 23),Controlled drugs,A no further action disposal,False,False
Vehicle search,2023-08-29T23:45:00+00:00,,,,,Other,,,,Misuse of Drugs Act 1971 (section 23),Controlled drugs,A no further action disposal,False,
Vehicle search,2023-08-29T23:45:00+00:00,,,,,Other,,,,Misuse of Drugs Act 1971 (section 23),Controlled drugs,A no further action disposal,False,
Person search,2023-08-29T23:50:00+00:00,,,53.024668,-2.171307,Female,,,,Police and Criminal Evidence Act 1984 (section 1),Article for use in theft,A no further action disposal,False,False
Person search,2023-08-30T00:50:00+00:00,,,53.004858,-2.107775,Male,,,,Misuse of Drugs Act 1971 (section 23),Controlled drugs,Community resolution,True,False
Person and Vehicle search,2023-08-30T00:50:00+00:00,,,53.000222,-2.105856,Other,,,,Misuse of Drugs Act 1971 (section 23),Controlled drugs,A no further action disposal,False,False
Person search,2023-08-30T01:58:00+00:00,,,53.054237,-2.186179,Male,,,,Misuse of Drugs Act 1971 (section 23),Controlled drugs,A no further action disposal,False,False
Person search,2023-08-30T03:38:00+00:00,,,52.810005,-2.118032,Female,,,,Police and Criminal Evidence Act 1984 (section 1),Article for use in theft,Arrest,False,False
Person search,2023-08-30T03:38:00+00:00,,,52.810005,-2.118032,Female,,,,Police and Criminal Evidence Act 1984 (section 1),Article for use in theft,A no further action disposal,False,False
Person search,2023-08-30T16:25:00+00:00,,,52.803620,-2.121145,Male,,,,Police and Criminal Evidence Act 1984 (section 1),Anything to threaten or harm anyone,A no further action disposal,False,False
Person search,2023-08-30T16:25:00+00:00,,,52.803620,-2.121145,Male,,,,Police and Criminal Evidence Act 1984 (section 1),Controlled drugs,A no further action disposal,False,False
Person search,2023-08-30T16:31:00+00:00,,,52.803620,-2.121145,Male,,,,Police and Criminal Evidence Act 1984 (section 1),Offensive weapons,A no further action disposal,False,False
Person search,2023-08-30T16:36:00+00:00,,,52.803620,-2.121145,Male,,,,Police and Criminal Evidence Act 1984 (section 1),Anything to threaten or harm anyone,A no further action disposal,False,False
Person search,2023-08-30T16:40:00+00:00,,,52.803620,-2.121145,Male,,,,Police and Criminal Evidence Act 1984 (section 1),Anything to threaten or harm anyone,A no further action disposal,False,False
Person search,2023-08-30T17:30:00+00:00,,,53.014277,-2.234017,Male,,,,Misuse of Drugs Act 1971 (section 23),Controlled drugs,Arrest,True,True
Person search,2023-08-30T17:34:00+00:00,,,53.097314,-2.179615,Male,,,,Misuse of Drugs Act 1971 (section 23),Controlled drugs,A no further action disposal,False,False
Person search,2023-08-30T18:06:00+00:00,,,52.798382,-1.631590,Male,,,,Police and Criminal Evidence Act 1984 (section 1),Articles for use in criminal damage,A no further action disposal,False,False
Person search,2023-08-30T20:34:00+00:00,,,,,Male,,,,Misuse of Drugs Act 1971 (section 23),Controlled drugs,Community resolution,True,False
Person search,2023-08-30T22:08:00+00:00,,,53.031448,-2.218990,Male,,,,Misuse of Drugs Act 1971 (section 23),Controlled drugs,A no further action disposal,False,False
Person search,2023-08-31T09:30:00+00:00,,,52.787243,-2.118608,Female,,,,Police and Criminal Evidence Act 1984 (section 1),Stolen goods,A no further action disposal,False,False
Person search,2023-08-31T13:35:00+00:00,,,52.615469,-1.646020,Male,,,,Misuse of Drugs Act 1971 (section 23),Controlled drugs,Arrest,True,False
Person and Vehicle search,2023-08-31T13:40:00+00:00,,,52.615469,-1.646020,Male,,,,Misuse of Drugs Act 1971 (section 23),Controlled drugs,Arrest,True,False
Person search,2023-08-31T17:18:00+00:00,,,52.813389,-1.635543,Male,,,,Misuse of Drugs Act 1971 (section 23),Controlled drugs,A no further action disposal,False,False
Person search,2023-08-31T18:25:00+00:00,,,53.032536,-2.169519,Male,,,,Misuse of Drugs Act 1971 (section 23),Controlled drugs,A no further action disposal,True,False
Person and Vehicle search,2023-08-31T19:28:00+00:00,,,52.656287,-2.017667,Male,,,,Misuse of Drugs Act 1971 (section 23),Controlled drugs,A no further action disposal,False,False
Person search,2023-08-31T21:00:00+00:00,,,52.807545,-1.626587,Male,,,,Police and Criminal Evidence Act 1984 (section 1),Stolen goods,A no further action disposal,True,False
Person and Vehicle search,2023-08-31T21:33:00+00:00,,,52.798382,-1.631590,Male,,,,Police and Criminal Evidence Act 1984 (section 1),Articles for use in criminal damage,A no further action disposal,False,False
Person search,2023-08-31T21:41:00+00:00,,,52.798382,-1.631590,Male,,,,Police and Criminal Evidence Act 1984 (section 1),Articles for use in criminal damage,A no further action disposal,False,False
Person search,2023-08-31T22:50:00+00:00,,,53.009492,-2.230936,Male,,,,Misuse of Drugs Act 1971 (section 23),Controlled drugs,A no further action disposal,False,False
