Type,Date,Part of a policing operation,Policing operation,Latitude,Longitude,Gender,Age range,Self-defined ethnicity,Officer-defined ethnicity,Legislation,Object of search,Outcome,Outcome linked to object of search,Removal of more than just outer clothing
Person search,2023-03-01T04:37:00+00:00,False,,51.097860,-0.194290,Male,25-34,White - English/Welsh/Scottish/Northern Irish/British,White,Misuse of Drugs Act 1971 (section 23),Controlled drugs,A no further action disposal,True,False
Person search,2023-03-01T10:10:00+00:00,False,,,,Male,18-24,Black/African/Caribbean/Black British - Any other Black/African/Caribbean background,Black,Misuse of Drugs Act 1971 (section 23),Controlled drugs,Arrest,True,False
Person search,2023-03-01T11:52:00+00:00,False,,51.161150,-0.169781,Male,over 34,White - English/Welsh/Scottish/Northern Irish/British,White,Police and Criminal Evidence Act 1984 (section 1),Stolen goods,A no further action disposal,,False
Person search,2023-03-01T12:30:00+00:00,True,,50.827445,-0.142279,Male,10-17,White - English/Welsh/Scottish/Northern Irish/British,White,Misuse of Drugs Act 1971 (section 23),,A no further action disposal,False,True
Person search,2023-03-01T15:16:00+00:00,False,,51.140738,-0.159066,Male,10-17,White - English/Welsh/Scottish/Northern Irish/British,White,Police and Criminal Evidence Act 1984 (section 1),Stolen goods,A no further action disposal,,False
Person search,2023-03-01T17:56:00+00:00,False,,50.990089,0.131614,Male,10-17,Black/African/Caribbean/Black British - Any other Black/African/Caribbean background,Black,Police and Criminal Evidence Act 1984 (section 1),Article for use in theft,Community resolution,True,False
Person search,2023-03-01T18:00:00+00:00,False,,50.809892,-0.371757,Male,10-17,,White,Misuse of Drugs Act 1971 (section 23),Controlled drugs,A no further action disposal,,False
Person search,2023-03-01T18:00:00+00:00,False,,50.990526,0.132275,Male,10-17,Black/African/Caribbean/Black British - Any other Black/African/Caribbean background,White,Police and Criminal Evidence Act 1984 (section 1),Article for use in theft,Community resolution,True,False
Person search,2023-03-01T18:04:00+00:00,False,,50.990526,0.132275,Male,10-17,,Black,Police and Criminal Evidence Act 1984 (section 1),Article for use in theft,Community resolution,True,False
Person search,2023-03-01T19:30:00+00:00,False,,50.823684,-0.133831,Male,25-34,,White,Misuse of Drugs Act 1971 (section 23),,Arrest,True,True
Person search,2023-03-01T19:43:00+00:00,True,,50.823684,-0.133831,Male,18-24,White - English/Welsh/Scottish/Northern Irish/British,White,Misuse of Drugs Act 1971 (section 23),,A no further action disposal,,False
Person search,2023-03-01T20:19:00+00:00,False,,50.850849,-0.229232,Male,10-17,White - English/Welsh/Scottish/Northern Irish/British,White,Police and Criminal Evidence Act 1984 (section 1),Article for use in theft,A no further action disposal,,False
Person search,2023-03-01T20:20:00+00:00,False,,50.829736,-0.173458,Male,18-24,White - Any other White background,White,Misuse of Drugs Act 1971 (section 23),Controlled drugs,Arrest,True,False
Person search,2023-03-01T20:20:00+00:00,False,,50.821774,0.246571,Female,over 34,,White,Misuse of Drugs Act 1971 (section 23),Controlled drugs,A no further action disposal,,False
Person search,2023-03-01T20:23:00+00:00,False,,50.834263,-0.171918,Male,over 34,Asian/Asian British - Any other Asian background,Other,Misuse of Drugs Act 1971 (section 23),Controlled drugs,Arrest,True,True
Person search,2023-03-01T20:24:00+00:00,False,,50.850849,-0.229232,Male,10-17,White - English/Welsh/Scottish/Northern Irish/British,White,Police and Criminal Evidence Act 1984 (section 1),Article for use in theft,A no further action disposal,,False
Person search,2023-03-01T20:24:00+00:00,False,,50.850849,-0.229232,Male,10-17,White - English/Welsh/Scottish/Northern Irish/British,White,Police and Criminal Evidence Act 1984 (section 1),Article for use in theft,A no further action disposal,,False
Person search,2023-03-01T20:30:00+00:00,False,,50.767683,0.282767,Female,over 34,White - English/Welsh/Scottish/Northern Irish/British,White,Misuse of Drugs Act 1971 (section 23),,A no further action disposal,,False
Person search,2023-03-01T21:30:00+00:00,False,,50.858704,0.564494,Male,18-24,White - English/Welsh/Scottish/Northern Irish/British,White,Police and Criminal Evidence Act 1984 (section 1),Articles for use in criminal damage,A no further action disposal,,False
Person search,2023-03-01T22:15:00+00:00,False,,51.092552,-0.263572,Male,over 34,Asian/Asian British - Pakistani,Asian,Misuse of Drugs Act 1971 (section 23),Controlled drugs,Arrest,True,
Person search,2023-03-01T23:22:00+00:00,False,,50.888521,-0.325425,Male,18-24,White - English/Welsh/Scottish/Northern Irish/British,White,Misuse of Drugs Act 1971 (section 23),Controlled drugs,A no further action disposal,,False
Person search,2023-03-02T10:00:00+00:00,False,,50.867110,-0.122353,Male,25-34,White - English/Welsh/Scottish/Northern Irish/British,White,Police and Criminal Evidence Act 1984 (section 1),Article for use in theft,A no further action disposal,,False
Person search,2023-03-02T14:00:00+00:00,True,,50.771877,0.272036,Male,10-17,White - English/Welsh/Scottish/Northern Irish/British,White,Misuse of Drugs Act 1971 (section 23),Controlled drugs,Caution (simple or conditional),True,False
Person search,2023-03-02T14:05:00+00:00,False,,50.771877,0.272036,Male,10-17,,Other,Misuse of Drugs Act 1971 (section 23),Controlled drugs,A no further action disposal,False,True
Person search,2023-03-02T14:05:00+00:00,False,,50.857504,-0.096668,Male,18-24,,Black,Misuse of Drugs Act 1971 (section 23),Controlled drugs,A no further action disposal,False,False
Person search,2023-03-02T14:25:00+00:00,False,,50.771877,0.272036,Male,10-17,Mixed/Multiple ethnic groups - Any other Mixed/Multiple ethnic background,White,Misuse of Drugs Act 1971 (section 23),Controlled drugs,A no further action disposal,,True
Person search,2023-03-02T14:29:00+00:00,False,,50.771877,0.272036,Male,10-17,Black/African/Caribbean/Black British - Any other Black/African/Caribbean background,Black,Misuse of Drugs Act 1971 (section 23),Controlled drugs,A no further action disposal,True,True
Person search,2023-03-02T14:47:00+00:00,False,,50.855713,0.581027,Male,18-24,White - English/Welsh/Scottish/Northern Irish/British,White,Police and Criminal Evidence Act 1984 (section 1),Stolen goods,Community resolution,True,False
Person search,2023-03-02T14:58:00+00:00,False,,50.823434,-0.145662,Male,10-17,Black/African/Caribbean/Black British - Any other Black/African/Caribbean background,Black,Firearms Act 1968 (section 47),Firearms,A no further action disposal,,False
Person search,2023-03-02T15:10:00+00:00,False,,50.823878,-0.144210,Male,18-24,Black/African/Caribbean/Black British - African,Black,Police and Criminal Evidence Act 1984 (section 1),Offensive weapons,A no further action disposal,,False
Person search,2023-03-02T16:50:00+00:00,False,,50.828656,-0.176823,Male,25-34,White - Any other White background,White,Misuse of Drugs Act 1971 (section 23),,Arrest,,True
Person search,2023-03-02T16:52:00+00:00,False,,50.896338,0.058528,Male,over 34,,White,Police and Criminal Evidence Act 1984 (section 1),Stolen goods,A no further action disposal,,False
Person search,2023-03-02T18:00:00+00:00,False,,50.823684,-0.133831,Male,25-34,White - Any other White background,White,Misuse of Drugs Act 1971 (section 23),,A no further action disposal,,True
Person search,2023-03-02T18:30:00+00:00,False,,50.823684,-0.133831,Male,25-34,White - Any other White background,White,Misuse of Drugs Act 1971 (section 23),Controlled drugs,Arrest,,True
Person search,2023-03-02T19:40:00+00:00,False,,50.823684,-0.133831,Male,10-17,White - English/Welsh/Scottish/Northern Irish/British,White,Police and Criminal Evidence Act 1984 (section 1),Offensive weapons,Arrest,True,False
Person search,2023-03-02T20:05:00+00:00,False,,51.122926,-0.195013,Male,25-34,White - English/Welsh/Scottish/Northern Irish/British,White,Police and Criminal Evidence Act 1984 (section 1),Stolen goods,Community resolution,True,False
Person search,2023-03-02T20:05:00+00:00,False,,51.061723,0.182242,Male,25-34,White - English/Welsh/Scottish/Northern Irish/British,White,Police and Criminal Evidence Act 1984 (section 1),Stolen goods,Caution (simple or conditional),True,False
Person search,2023-03-02T20:30:00+00:00,False,,51.061723,0.182242,Male,over 34,White - English/Welsh/Scottish/Northern Irish/British,White,Police and Criminal Evidence Act 1984 (section 1),Stolen goods,A no further action disposal,False,False
Person search,2023-03-03T03:04:00+00:00,False,,50.823684,-0.133831,Female,10-17,White - English/Welsh/Scottish/Northern Irish/British,White,Police and Criminal Evidence Act 1984 (section 1),Offensive weapons,A no further action disposal,,False
Person search,2023-03-03T10:27:00+00:00,False,,51.162985,-0.173870,Male,25-34,White - English/Welsh/Scottish/Northern Irish/British,White,Police and Criminal Evidence Act 1984 (section 1),Stolen goods,A no further action disposal,,False
Person search,2023-03-03T11:17:00+00:00,False,,50.893746,0.165478,Male,over 34,White - English/Welsh/Scottish/Northern Irish/British,White,Misuse of Drugs Act 1971 (section 23),Controlled drugs,A no further action disposal,,False
Person search,2023-03-03T11:45:00+00:00,False,,50.898645,0.167597,Male,over 34,White - English/Welsh/Scottish/Northern Irish/British,White,Misuse of Drugs Act 1971 (section 23),,A no further action disposal,,False
Person search,2023-03-03T11:46:00+00:00,False,,50.893746,0.165478,Male,over 34,White - English/Welsh/Scottish/Northern Irish/British,White,Police and Criminal Evidence Act 1984 (section 1),Stolen goods,A no further action disposal,True,False
Person search,2023-03-03T13:23:00+00:00,False,,50.824887,-0.152817,Male,18-24,White - English/Welsh/Scottish/Northern Irish/British,White,Misuse of Drugs Act 1971 (section 23),Controlled drugs,A no further action disposal,,False
Person search,2023-03-03T13:30:00+00:00,False,,50.808315,-0.544347,Male,18-24,White - English/Welsh/Scottish/Northern Irish/British,White,Misuse of Drugs Act 1971 (section 23),Controlled drugs,Community resolution,True,False
Person search,2023-03-03T15:05:00+00:00,True,,50.828882,-0.410615,Male,10-17,White - English/Welsh/Scottish/Northern Irish/British,White,Misuse of Drugs Act 1971 (section 23),Controlled drugs,A no further action disposal,False,False
Person search,2023-03-03T15:20:00+00:00,False,,50.810802,-0.380285,Female,25-34,White - English/Welsh/Scottish/Northern Irish/British,White,Police and Criminal Evidence Act 1984 (section 1),Stolen goods,A no further action disposal,,False
Person search,2023-03-03T16:00:00+00:00,False,,50.845978,-0.114113,Male,25-34,White - English/Welsh/Scottish/Northern Irish/British,White,Misuse of Drugs Act 1971 (section 23),Controlled drugs,Community resolution,True,False
Person search,2023-03-03T18:48:00+00:00,False,,50.787841,0.297725,Male,10-17,White - English/Welsh/Scottish/Northern Irish/British,White,Misuse of Drugs Act 1971 (section 23),Controlled drugs,A no further action disposal,False,False
Person search,2023-03-03T18:48:00+00:00,False,,50.766565,0.289293,Male,10-17,White - English/Welsh/Scottish/Northern Irish/British,White,Misuse of Drugs Act 1971 (section 23),Controlled drugs,Community resolution,True,False
Person search,2023-03-03T21:10:00+00:00,False,,50.847684,-0.126028,Female,25-34,White - English/Welsh/Scottish/Northern Irish/British,White,Misuse of Drugs Act 1971 (section 23),Controlled drugs,A no further action disposal,,False
Person search,2023-03-03T21:17:00+00:00,False,,50.853554,-0.227908,Male,10-17,White - English/Welsh/Scottish/Northern Irish/British,White,Police and Criminal Evidence Act 1984 (section 1),Offensive weapons,A no further action disposal,,False
Person search,2023-03-03T21:24:00+00:00,False,,50.842857,-0.124665,Male,10-17,,White,Police and Criminal Evidence Act 1984 (section 1),Offensive weapons,A no further action disposal,,False
Person search,2023-03-03T21:34:00+00:00,False,,51.129479,-0.198888,Male,25-34,Black/African/Caribbean/Black British - Caribbean,Black,Misuse of Drugs Act 1971 (section 23),Controlled drugs,A no further action disposal,,False
Person search,2023-03-03T21:35:00+00:00,False,,50.830462,-0.781123,Male,over 34,White - English/Welsh/Scottish/Northern Irish/British,White,Police and Criminal Evidence Act 1984 (section 1),Offensive weapons,A no further action disposal,,False
Person search,2023-03-03T21:36:00+00:00,False,,51.129479,-0.198888,Male,18-24,,Black,Misuse of Drugs Act 1971 (section 23),,A no further action disposal,,False
Person search,2023-03-03T22:30:00+00:00,False,,50.854699,0.575642,Male,18-24,White - English/Welsh/Scottish/Northern Irish/British,White,Misuse of Drugs Act 1971 (section 23),Controlled drugs,Community resolution,True,False
Person search,2023-03-03T22:40:00+00:00,False,,50.854699,0.575642,Male,10-17,White - English/Welsh/Scottish/Northern Irish/British,White,Misuse of Drugs Act 1971 (section 23),Controlled drugs,Community resolution,True,False
Person search,2023-03-03T23:23:00+00:00,False,,50.852672,0.567588,Male,18-24,White - English/Welsh/Scottish/Northern Irish/British,White,Misuse of Drugs Act 1971 (section 23),Controlled drugs,A no further action disposal,,False
Person search,2023-03-04T00:50:00+00:00,False,,50.855080,0.577937,Male,18-24,White - English/Welsh/Scottish/Northern Irish/British,White,Misuse of Drugs Act 1971 (section 23),Controlled drugs,Community resolution,True,False
Person search,2023-03-04T00:55:00+00:00,False,,51.142418,-0.075152,Male,25-34,White - English/Welsh/Scottish/Northern Irish/British,White,Police and Criminal Evidence Act 1984 (section 1),Article for use in theft,Arrest,True,False
Person search,2023-03-04T02:10:00+00:00,False,,50.828302,-0.414241,Male,25-34,White - English/Welsh/Scottish/Northern Irish/British,White,Misuse of Drugs Act 1971 (section 23),Controlled drugs,Arrest,True,False
Person search,2023-03-04T02:10:00+00:00,False,,50.832219,-0.276957,Male,25-34,White - English/Welsh/Scottish/Northern Irish/British,White,Misuse of Drugs Act 1971 (section 23),Controlled drugs,Community resolution,True,False
Person search,2023-03-04T16:00:00+00:00,False,,50.824270,-0.134369,Female,18-24,White - English/Welsh/Scottish/Northern Irish/British,White,Misuse of Drugs Act 1971 (section 23),Controlled drugs,A no further action disposal,,False
Person search,2023-03-04T16:05:00+00:00,False,,50.828761,-0.170357,Female,10-17,White - English/Welsh/Scottish/Northern Irish/British,White,Police and Criminal Evidence Act 1984 (section 1),Offensive weapons,Community resolution,False,False
Person search,2023-03-04T16:39:00+00:00,False,,50.816258,-0.552504,Male,18-24,,White,Police and Criminal Evidence Act 1984 (section 1),Offensive weapons,A no further action disposal,,False
Person search,2023-03-04T16:51:00+00:00,False,,50.826605,-0.324347,Male,10-17,White - English/Welsh/Scottish/Northern Irish/British,White,Police and Criminal Evidence Act 1984 (section 1),Article for use in theft,A no further action disposal,False,False
Person search,2023-03-04T16:51:00+00:00,False,,50.826605,-0.324347,Male,10-17,White - English/Welsh/Scottish/Northern Irish/British,White,Police and Criminal Evidence Act 1984 (section 1),Article for use in theft,A no further action disposal,,False
Person search,2023-03-04T17:29:00+00:00,False,,50.818959,-0.376425,Male,over 34,White - English/Welsh/Scottish/Northern Irish/British,White,Police and Criminal Evidence Act 1984 (section 1),Article for use in theft,A no further action disposal,,False
Person search,2023-03-04T17:38:00+00:00,False,,51.113511,-0.185271,Female,10-17,White - English/Welsh/Scottish/Northern Irish/British,White,Police and Criminal Evidence Act 1984 (section 1),Stolen goods,Community resolution,True,False
Person search,2023-03-04T17:54:00+00:00,False,,51.113126,-0.185323,Female,10-17,White - English/Welsh/Scottish/Northern Irish/British,White,Police and Criminal Evidence Act 1984 (section 1),Stolen goods,Community resolution,True,False
Person search,2023-03-04T18:06:00+00:00,False,,51.010615,-0.079587,Male,25-34,White - English/Welsh/Scottish/Northern Irish/British,White,Police and Criminal Evidence Act 1984 (section 1),Offensive weapons,A no further action disposal,,False
Person search,2023-03-04T23:10:00+00:00,False,,51.083998,-0.195172,Female,25-34,White - English/Welsh/Scottish/Northern Irish/British,White,Misuse of Drugs Act 1971 (section 23),Controlled drugs,A no further action disposal,,False
Person search,2023-03-04T23:10:00+00:00,False,,51.083998,-0.195172,Female,18-24,White - English/Welsh/Scottish/Northern Irish/British,White,Misuse of Drugs Act 1971 (section 23),Controlled drugs,A no further action disposal,,False
Person search,2023-03-04T23:10:00+00:00,False,,51.083998,-0.195172,Male,25-34,,Other,Misuse of Drugs Act 1971 (section 23),Controlled drugs,A no further action disposal,,False
Person search,2023-03-05T03:45:00+00:00,False,,50.861735,-0.112980,Male,25-34,White - English/Welsh/Scottish/Northern Irish/British,White,Police and Criminal Evidence Act 1984 (section 1),Offensive weapons,A no further action disposal,,False
Person search,2023-03-05T07:15:00+00:00,False,,50.781625,-0.734930,Male,10-17,White - English/Welsh/Scottish/Northern Irish/British,White,Police and Criminal Evidence Act 1984 (section 1),Article for use in theft,Arrest,True,False
Person search,2023-03-05T07:15:00+00:00,False,,50.781625,-0.734930,Male,10-17,White - English/Welsh/Scottish/Northern Irish/British,White,Police and Criminal Evidence Act 1984 (section 1),Article for use in theft,A no further action disposal,,False
Person search,2023-03-05T07:20:00+00:00,False,,50.780636,-0.737467,Male,25-34,,White,Police and Criminal Evidence Act 1984 (section 1),Article for use in theft,A no further action disposal,,False
Person search,2023-03-05T08:16:00+00:00,False,,50.789205,-0.671776,Male,10-17,Black/African/Caribbean/Black British - Any other Black/African/Caribbean background,White,Police and Criminal Evidence Act 1984 (section 1),Article for use in theft,A no further action disposal,,False
Person search,2023-03-05T08:20:00+00:00,False,,50.783017,-0.724097,Male,10-17,White - English/Welsh/Scottish/Northern Irish/British,White,Police and Criminal Evidence Act 1984 (section 1),Article for use in theft,A no further action disposal,,False
Person search,2023-03-05T08:30:00+00:00,False,,50.782281,-0.725848,Male,10-17,,Black,Police and Criminal Evidence Act 1984 (section 1),Article for use in theft,A no further action disposal,,False
Person search,2023-03-05T15:45:00+00:00,False,,50.833701,-0.126892,Male,25-34,Black/African/Caribbean/Black British - African,Black,Misuse of Drugs Act 1971 (section 23),,Arrest,True,False
Person search,2023-03-05T16:40:00+00:00,False,,50.824734,-0.141450,,18-24,White - English/Welsh/Scottish/Northern Irish/British,White,Police and Criminal Evidence Act 1984 (section 1),Articles for use in criminal damage,A no further action disposal,,False
Person search,2023-03-05T16:40:00+00:00,False,,50.823684,-0.133831,,18-24,Asian/Asian British - Any other Asian background,Asian,Police and Criminal Evidence Act 1984 (section 1),Articles for use in criminal damage,Community resolution,True,False
Person search,2023-03-05T18:48:00+00:00,False,,50.789205,-0.671776,Male,25-34,White - Any other White background,White,Misuse of Drugs Act 1971 (section 23),Controlled drugs,Arrest,True,False
Person search,2023-03-05T19:15:00+00:00,False,,51.116206,-0.181516,Male,18-24,White - English/Welsh/Scottish/Northern Irish/British,White,Misuse of Drugs Act 1971 (section 23),Controlled drugs,A no further action disposal,True,False
Person search,2023-03-05T19:15:00+00:00,False,,51.116206,-0.181516,Female,18-24,White - English/Welsh/Scottish/Northern Irish/British,White,Misuse of Drugs Act 1971 (section 23),Controlled drugs,A no further action disposal,True,False
Person search,2023-03-05T21:54:00+00:00,False,,50.793409,0.240854,Female,over 34,White - English/Welsh/Scottish/Northern Irish/British,White,Misuse of Drugs Act 1971 (section 23),Controlled drugs,A no further action disposal,,False
Person search,2023-03-05T21:57:00+00:00,False,,50.793409,0.240854,Male,over 34,White - English/Welsh/Scottish/Northern Irish/British,White,Misuse of Drugs Act 1971 (section 23),Controlled drugs,A no further action disposal,,False
Person search,2023-03-05T22:08:00+00:00,False,,50.793409,0.240854,Male,18-24,White - English/Welsh/Scottish/Northern Irish/British,White,Misuse of Drugs Act 1971 (section 23),Controlled drugs,Community resolution,,False
Person search,2023-03-05T22:20:00+00:00,False,,50.793568,0.240053,Male,18-24,White - Irish,White,Misuse of Drugs Act 1971 (section 23),Controlled drugs,Community resolution,True,False
Person search,2023-03-05T23:20:00+00:00,False,,50.823391,-0.144087,Male,25-34,White - Any other White background,White,Police and Criminal Evidence Act 1984 (section 1),Offensive weapons,A no further action disposal,,False
Person search,2023-03-06T00:15:00+00:00,False,,50.874756,0.008338,Male,10-17,White - English/Welsh/Scottish/Northern Irish/British,White,Police and Criminal Evidence Act 1984 (section 1),Articles for use in criminal damage,A no further action disposal,,False
Person search,2023-03-06T00:15:00+00:00,False,,50.874756,0.008338,Male,10-17,White - English/Welsh/Scottish/Northern Irish/British,White,Police and Criminal Evidence Act 1984 (section 1),Articles for use in criminal damage,A no further action disposal,,False
Person search,2023-03-06T00:32:00+00:00,False,,50.876013,0.007923,Male,10-17,White - English/Welsh/Scottish/Northern Irish/British,White,Police and Criminal Evidence Act 1984 (section 1),Articles for use in criminal damage,A no further action disposal,,False
Person search,2023-03-06T02:14:00+00:00,False,,50.840781,-0.275789,Male,25-34,,White,Police and Criminal Evidence Act 1984 (section 1),Article for use in theft,A no further action disposal,,False
Person search,2023-03-06T02:30:00+00:00,False,,50.841264,-0.247251,Male,25-34,,White,Police and Criminal Evidence Act 1984 (section 1),Article for use in theft,A no further action disposal,,False
Person search,2023-03-06T02:56:00+00:00,False,,50.840781,-0.275789,Male,over 34,White - Any other White background,White,Police and Criminal Evidence Act 1984 (section 1),Article for use in theft,A no further action disposal,,False
Person search,2023-03-06T10:00:00+00:00,False,,50.822411,-0.142422,Male,18-24,Black/African/Caribbean/Black British - Any other Black/African/Caribbean background,Black,Misuse of Drugs Act 1971 (section 23),Controlled drugs,Arrest,True,False
Person search,2023-03-06T11:35:00+00:00,False,,50.827346,-0.147935,Male,10-17,Mixed/Multiple ethnic groups - Any other Mixed/Multiple ethnic background,Black,Misuse of Drugs Act 1971 (section 23),Controlled drugs,Arrest,True,False
Person search,2023-03-06T15:30:00+00:00,False,,50.837463,-0.124810,Male,over 34,White - English/Welsh/Scottish/Northern Irish/British,White,Police and Criminal Evidence Act 1984 (section 1),Offensive weapons,A no further action disposal,False,False
Person search,2023-03-06T16:04:00+00:00,False,,51.017650,-0.451775,Male,over 34,Other ethnic group - Arab,Other,Misuse of Drugs Act 1971 (section 23),,A no further action disposal,,True
Person search,2023-03-06T17:35:00+00:00,False,,50.838596,-0.410753,Female,10-17,White - English/Welsh/Scottish/Northern Irish/British,White,Police and Criminal Evidence Act 1984 (section 1),Stolen goods,Arrest,True,False
Person search,2023-03-07T04:25:00+00:00,False,,50.823684,-0.133831,Male,over 34,,White,Police and Criminal Evidence Act 1984 (section 1),Offensive weapons,A no further action disposal,False,False
Person search,2023-03-07T15:25:00+00:00,False,,50.834626,-0.235686,Female,10-17,White - English/Welsh/Scottish/Northern Irish/British,White,Police and Criminal Evidence Act 1984 (section 1),Stolen goods,Arrest,True,False
Person search,2023-03-07T17:04:00+00:00,False,,50.855509,0.580873,Male,18-24,White - English/Welsh/Scottish/Northern Irish/British,White,Police and Criminal Evidence Act 1984 (section 1),Offensive weapons,A no further action disposal,,False
Person search,2023-03-07T17:21:00+00:00,False,,50.791434,-0.676367,Male,25-34,White - Any other White background,White,Misuse of Drugs Act 1971 (section 23),Controlled drugs,A no further action disposal,,False
Person search,2023-03-07T17:29:00+00:00,False,,50.791434,-0.676367,Male,25-34,White - English/Welsh/Scottish/Northern Irish/British,White,Misuse of Drugs Act 1971 (section 23),Controlled drugs,A no further action disposal,,False
Person search,2023-03-07T18:50:00+00:00,False,,51.131062,-0.195439,Male,25-34,Asian/Asian British - Pakistani,Asian,Misuse of Drugs Act 1971 (section 23),Controlled drugs,Summons / charged by post,True,
Person search,2023-03-07T21:05:00+00:00,False,,50.828302,-0.414241,Female,18-24,White - English/Welsh/Scottish/Northern Irish/British,White,Misuse of Drugs Act 1971 (section 23),Controlled drugs,A no further action disposal,,False
Person search,2023-03-07T21:05:00+00:00,False,,50.828302,-0.414241,Female,18-24,White - English/Welsh/Scottish/Northern Irish/British,White,Misuse of Drugs Act 1971 (section 23),Controlled drugs,Community resolution,True,False
Person search,2023-03-07T22:35:00+00:00,False,,50.890583,-0.328764,Male,18-24,White - English/Welsh/Scottish/Northern Irish/British,White,Misuse of Drugs Act 1971 (section 23),Controlled drugs,A no further action disposal,True,False
Person search,2023-03-07T22:40:00+00:00,False,,50.890212,-0.329900,Male,18-24,White - English/Welsh/Scottish/Northern Irish/British,White,Misuse of Drugs Act 1971 (section 23),Controlled drugs,Community resolution,True,False
Person search,2023-03-07T22:40:00+00:00,False,,50.890212,-0.329900,Female,18-24,White - English/Welsh/Scottish/Northern Irish/British,White,Misuse of Drugs Act 1971 (section 23),Controlled drugs,A no further action disposal,False,False
Person search,2023-03-08T00:20:00+00:00,False,,50.838813,-0.111490,Male,,,White,Misuse of Drugs Act 1971 (section 23),Controlled drugs,A no further action disposal,,False
Person search,2023-03-08T00:25:00+00:00,False,,50.838813,-0.111490,Male,over 34,White - English/Welsh/Scottish/Northern Irish/British,White,Police and Criminal Evidence Act 1984 (section 1),Article for use in theft,A no further action disposal,,False
Person search,2023-03-08T14:00:00+00:00,False,,50.823684,-0.133831,Male,25-34,Other ethnic group - Any other ethnic group,Asian,Police and Criminal Evidence Act 1984 (section 1),Offensive weapons,Arrest,True,False
Person search,2023-03-08T14:15:00+00:00,False,,50.839060,-0.149346,Male,25-34,White - Any other White background,White,Misuse of Drugs Act 1971 (section 23),Controlled drugs,Arrest,True,False
Person search,2023-03-08T15:00:00+00:00,False,,51.117402,-0.183283,Male,over 34,Other ethnic group - Any other ethnic group,Other,Police and Criminal Evidence Act 1984 (section 1),Article for use in theft,Arrest,True,False
Person search,2023-03-08T15:08:00+00:00,False,,50.813140,-0.368607,Female,10-17,White - English/Welsh/Scottish/Northern Irish/British,White,Misuse of Drugs Act 1971 (section 23),Controlled drugs,A no further action disposal,True,False
Person search,2023-03-08T15:30:00+00:00,False,,50.813140,-0.368607,Male,10-17,White - English/Welsh/Scottish/Northern Irish/British,White,Police and Criminal Evidence Act 1984 (section 1),Offensive weapons,A no further action disposal,,False
Person search,2023-03-08T15:30:00+00:00,False,,50.824266,-0.167026,Male,over 34,Black/African/Caribbean/Black British - Caribbean,Black,Misuse of Drugs Act 1971 (section 23),Controlled drugs,A no further action disposal,,False
Person search,2023-03-08T17:00:00+00:00,False,,50.835915,-0.774548,Male,,,White,Police and Criminal Evidence Act 1984 (section 1),Stolen goods,A no further action disposal,,False
Person search,2023-03-08T17:00:00+00:00,False,,50.813140,-0.368607,Male,10-17,White - English/Welsh/Scottish/Northern Irish/British,White,Police and Criminal Evidence Act 1984 (section 1),Offensive weapons,A no further action disposal,,False
Person search,2023-03-08T17:10:00+00:00,False,,50.835915,-0.774548,Male,25-34,,White,Police and Criminal Evidence Act 1984 (section 1),Stolen goods,A no further action disposal,,False
Person search,2023-03-08T17:54:00+00:00,False,,50.840901,0.464907,Male,over 34,White - English/Welsh/Scottish/Northern Irish/British,White,Misuse of Drugs Act 1971 (section 23),Controlled drugs,Community resolution,True,False
Person search,2023-03-08T19:30:00+00:00,False,,50.777939,-0.737597,Male,10-17,,White,Police and Criminal Evidence Act 1984 (section 1),Articles for use in criminal damage,Community resolution,,False
Person search,2023-03-08T19:30:00+00:00,False,,50.777939,-0.737597,Male,10-17,White - English/Welsh/Scottish/Northern Irish/British,White,Police and Criminal Evidence Act 1984 (section 1),Articles for use in criminal damage,Community resolution,True,False
Person search,2023-03-08T19:30:00+00:00,False,,50.777939,-0.737597,Male,10-17,White - English/Welsh/Scottish/Northern Irish/British,White,Police and Criminal Evidence Act 1984 (section 1),Article for use in theft,Community resolution,,False
Person search,2023-03-08T22:30:00+00:00,False,,50.787841,0.297725,Female,over 34,White - English/Welsh/Scottish/Northern Irish/British,White,Police and Criminal Evidence Act 1984 (section 1),Stolen goods,Summons / charged by post,True,False
Person search,2023-03-09T02:25:00+00:00,False,,50.825859,-0.136421,Male,10-17,,White,Police and Criminal Evidence Act 1984 (section 1),Offensive weapons,A no further action disposal,,False
Person search,2023-03-09T11:00:00+00:00,False,,51.161150,-0.169781,Female,25-34,,White,Police and Criminal Evidence Act 1984 (section 1),Stolen goods,A no further action disposal,,False
Person search,2023-03-09T12:00:00+00:00,False,,50.822323,-0.134631,Male,25-34,Other ethnic group - Any other ethnic group,White,Misuse of Drugs Act 1971 (section 23),Controlled drugs,Arrest,,True
Person search,2023-03-09T14:51:00+00:00,False,,50.873993,0.011362,Female,over 34,White - English/Welsh/Scottish/Northern Irish/British,White,Police and Criminal Evidence Act 1984 (section 1),Article for use in theft,Community resolution,True,False
Person search,2023-03-09T15:15:00+00:00,False,,51.358523,-0.112457,Female,10-17,White - Any other White background,White,Misuse of Drugs Act 1971 (section 23),Controlled drugs,A no further action disposal,,False
Person search,2023-03-09T15:45:00+00:00,False,,50.823684,-0.133831,Male,over 34,,White,Misuse of Drugs Act 1971 (section 23),Controlled drugs,A no further action disposal,,False
Person search,2023-03-09T18:03:00+00:00,False,,51.116094,-0.168018,Female,25-34,,White,Police and Criminal Evidence Act 1984 (section 1),Article for use in theft,A no further action disposal,,False
Person search,2023-03-09T19:15:00+00:00,False,,50.854740,-0.716217,Male,25-34,White - Any other White background,White,Misuse of Drugs Act 1971 (section 23),Controlled drugs,A no further action disposal,,False
Person search,2023-03-09T20:10:00+00:00,False,,50.822539,-0.127339,Male,10-17,White - English/Welsh/Scottish/Northern Irish/British,White,Police and Criminal Evidence Act 1984 (section 1),Article for use in theft,A no further action disposal,,False
Person search,2023-03-09T20:10:00+00:00,False,,50.823684,-0.133831,Male,10-17,White - English/Welsh/Scottish/Northern Irish/British,White,Police and Criminal Evidence Act 1984 (section 1),Offensive weapons,Arrest,True,False
Person search,2023-03-09T20:28:00+00:00,False,,50.854475,-0.712545,Male,25-34,White - Any other White background,White,Misuse of Drugs Act 1971 (section 23),Controlled drugs,A no further action disposal,,
Person search,2023-03-09T20:45:00+00:00,False,,50.769031,0.291059,Female,,White - English/Welsh/Scottish/Northern Irish/British,White,Police and Criminal Evidence Act 1984 (section 1),Stolen goods,A no further action disposal,,False
Person search,2023-03-10T00:30:00+00:00,False,,50.862533,-0.134093,Male,over 34,White - English/Welsh/Scottish/Northern Irish/British,White,Police and Criminal Evidence Act 1984 (section 1),Articles for use in criminal damage,A no further action disposal,,False
Person search,2023-03-10T15:20:00+00:00,False,,50.824265,0.238171,Male,10-17,,Other,Police and Criminal Evidence Act 1984 (section 1),Offensive weapons,A no further action disposal,,False
Person search,2023-03-10T15:40:00+00:00,False,,50.823988,0.238967,Male,over 34,White - English/Welsh/Scottish/Northern Irish/British,White,Misuse of Drugs Act 1971 (section 23),,A no further action disposal,,False
Person search,2023-03-10T18:00:00+00:00,False,,50.823684,-0.133831,Female,25-34,,White,Misuse of Drugs Act 1971 (section 23),,A no further action disposal,,False
Person search,2023-03-10T18:10:00+00:00,False,,50.822936,-0.130219,Male,25-34,White - English/Welsh/Scottish/Northern Irish/British,White,Misuse of Drugs Act 1971 (section 23),,A no further action disposal,,False
Person search,2023-03-10T18:30:00+00:00,False,,50.830774,-0.392473,Male,over 34,Mixed/Multiple ethnic groups - White and Black African,Black,Misuse of Drugs Act 1971 (section 23),Controlled drugs,Arrest,True,False
Person search,2023-03-10T19:00:00+00:00,False,,50.822936,-0.130219,Male,over 34,Black/African/Caribbean/Black British - African,Black,Misuse of Drugs Act 1971 (section 23),Controlled drugs,A no further action disposal,,True
Person search,2023-03-10T19:30:00+00:00,False,,50.955293,-0.128657,Male,10-17,Black/African/Caribbean/Black British - African,Black,Police and Criminal Evidence Act 1984 (section 1),Offensive weapons,A no further action disposal,,False
Person search,2023-03-10T19:35:00+00:00,False,,50.825540,-0.175396,Female,over 34,White - English/Welsh/Scottish/Northern Irish/British,White,Police and Criminal Evidence Act 1984 (section 1),Stolen goods,Arrest,True,False
Person search,2023-03-10T21:45:00+00:00,False,,50.850728,0.555511,Female,10-17,White - English/Welsh/Scottish/Northern Irish/British,White,Misuse of Drugs Act 1971 (section 23),Controlled drugs,A no further action disposal,,False
Person search,2023-03-10T21:45:00+00:00,False,,50.850728,0.555511,Female,10-17,White - English/Welsh/Scottish/Northern Irish/British,White,Misuse of Drugs Act 1971 (section 23),Controlled drugs,A no further action disposal,,False
Person search,2023-03-10T21:45:00+00:00,False,,50.850728,0.555511,Male,18-24,White - English/Welsh/Scottish/Northern Irish/British,White,Misuse of Drugs Act 1971 (section 23),Controlled drugs,Community resolution,True,False
Person search,2023-03-10T22:00:00+00:00,False,,50.840901,0.464907,Female,10-17,White - English/Welsh/Scottish/Northern Irish/British,White,Misuse of Drugs Act 1971 (section 23),Controlled drugs,A no further action disposal,,False
Person search,2023-03-10T23:05:00+00:00,False,,51.108622,-0.195856,Male,10-17,White - English/Welsh/Scottish/Northern Irish/British,White,Police and Criminal Evidence Act 1984 (section 1),Offensive weapons,A no further action disposal,,False
Person search,2023-03-10T23:40:00+00:00,False,,50.858005,0.558232,Male,10-17,White - English/Welsh/Scottish/Northern Irish/British,White,Police and Criminal Evidence Act 1984 (section 1),Article for use in theft,A no further action disposal,,False
Person search,2023-03-10T23:40:00+00:00,False,,50.858005,0.558232,Male,10-17,White - English/Welsh/Scottish/Northern Irish/British,White,Police and Criminal Evidence Act 1984 (section 1),Article for use in theft,A no further action disposal,,False
Person search,2023-03-10T23:40:00+00:00,False,,50.858005,0.558232,Male,10-17,White - English/Welsh/Scottish/Northern Irish/British,White,Police and Criminal Evidence Act 1984 (section 1),Article for use in theft,A no further action disposal,,False
Person search,2023-03-11T00:25:00+00:00,False,,51.115010,-0.189092,Male,over 34,White - English/Welsh/Scottish/Northern Irish/British,White,Misuse of Drugs Act 1971 (section 23),Controlled drugs,A no further action disposal,,False
Person search,2023-03-11T00:35:00+00:00,False,,50.828302,-0.414241,Male,18-24,White - Any other White background,White,Misuse of Drugs Act 1971 (section 23),Controlled drugs,Community resolution,True,False
Person search,2023-03-11T00:38:00+00:00,False,,51.115010,-0.189092,Male,,White - English/Welsh/Scottish/Northern Irish/British,White,Misuse of Drugs Act 1971 (section 23),Controlled drugs,A no further action disposal,,False
Person search,2023-03-11T02:35:00+00:00,False,,50.802515,-0.667085,Male,18-24,White - English/Welsh/Scottish/Northern Irish/British,White,Police and Criminal Evidence Act 1984 (section 1),Stolen goods,Arrest,,False
Person search,2023-03-11T02:38:00+00:00,False,,50.802515,-0.667085,Male,18-24,White - English/Welsh/Scottish/Northern Irish/British,White,Police and Criminal Evidence Act 1984 (section 1),Article for use in theft,Arrest,,False
Person search,2023-03-11T03:12:00+00:00,False,,50.822977,-0.366631,Male,10-17,White - English/Welsh/Scottish/Northern Irish/British,White,Misuse of Drugs Act 1971 (section 23),Controlled drugs,Arrest,True,
Person search,2023-03-11T15:45:00+00:00,False,,50.824224,-0.150671,Male,18-24,,Other,Police and Criminal Evidence Act 1984 (section 1),Offensive weapons,A no further action disposal,,False
Person search,2023-03-11T15:45:00+00:00,False,,50.824224,-0.150671,Male,10-17,,Other,Police and Criminal Evidence Act 1984 (section 1),Offensive weapons,A no further action disposal,,False
Person search,2023-03-11T18:45:00+00:00,False,,50.787841,0.297725,Male,10-17,White - Any other White background,White,Firearms Act 1968 (section 47),Firearms,Arrest,True,False
Person search,2023-03-11T18:54:00+00:00,False,,50.769843,0.279894,Male,10-17,Mixed/Multiple ethnic groups - White and Black African,Black,Firearms Act 1968 (section 47),Firearms,A no further action disposal,,False
Person search,2023-03-11T19:20:00+00:00,False,,51.161622,-0.177556,Male,over 34,White - English/Welsh/Scottish/Northern Irish/British,White,Police and Criminal Evidence Act 1984 (section 1),Article for use in theft,A no further action disposal,,False
Person search,2023-03-11T20:43:00+00:00,False,,50.787888,-0.699308,Female,25-34,White - English/Welsh/Scottish/Northern Irish/British,White,Misuse of Drugs Act 1971 (section 23),Controlled drugs,A no further action disposal,,False
Person search,2023-03-11T22:16:00+00:00,False,,50.837266,-0.074611,Male,18-24,,White,Misuse of Drugs Act 1971 (section 23),Controlled drugs,Community resolution,True,False
Person search,2023-03-11T22:50:00+00:00,False,,50.789205,-0.671776,Male,18-24,White - English/Welsh/Scottish/Northern Irish/British,White,Misuse of Drugs Act 1971 (section 23),Controlled drugs,Community resolution,True,False
Person search,2023-03-11T23:00:00+00:00,False,,50.820024,-0.139905,Male,18-24,White - English/Welsh/Scottish/Northern Irish/British,White,Police and Criminal Evidence Act 1984 (section 1),Article for use in theft,A no further action disposal,,False
Person search,2023-03-12T01:45:00+00:00,False,,,,Female,18-24,Other ethnic group - Any other ethnic group,White,Misuse of Drugs Act 1971 (section 23),Controlled drugs,A no further action disposal,,False
Person search,2023-03-12T01:45:00+00:00,False,,50.790293,-0.663829,Female,18-24,Other ethnic group - Any other ethnic group,White,Misuse of Drugs Act 1971 (section 23),Controlled drugs,A no further action disposal,,
Person search,2023-03-12T02:15:00+00:00,False,,50.856193,0.597480,Male,10-17,White - English/Welsh/Scottish/Northern Irish/British,White,Police and Criminal Evidence Act 1984 (section 1),Offensive weapons,A no further action disposal,True,False
Person search,2023-03-12T02:49:00+00:00,False,,50.787270,-0.657460,Male,18-24,White - Gypsy or Irish Traveller,White,Misuse of Drugs Act 1971 (section 23),Controlled drugs,A no further action disposal,,False
Person search,2023-03-12T03:25:00+00:00,False,,51.115010,-0.189092,Male,18-24,Black/African/Caribbean/Black British - Any other Black/African/Caribbean background,Black,Police and Criminal Evidence Act 1984 (section 1),Offensive weapons,A no further action disposal,,False
Person search,2023-03-12T03:50:00+00:00,False,,51.115010,-0.189092,Male,,Black/African/Caribbean/Black British - Any other Black/African/Caribbean background,Black,Police and Criminal Evidence Act 1984 (section 1),Offensive weapons,A no further action disposal,,False
Person search,2023-03-12T05:40:00+00:00,False,,50.832210,-0.134862,Male,,White - Any other White background,White,Police and Criminal Evidence Act 1984 (section 1),Article for use in theft,A no further action disposal,,False
Person search,2023-03-12T08:00:00+00:00,False,,50.806863,-0.520406,Male,10-17,White - English/Welsh/Scottish/Northern Irish/British,White,Police and Criminal Evidence Act 1984 (section 1),Articles for use in criminal damage,A no further action disposal,False,False
Person search,2023-03-12T11:40:00+00:00,False,,51.113511,-0.185271,Male,18-24,White - English/Welsh/Scottish/Northern Irish/British,White,Police and Criminal Evidence Act 1984 (section 1),Offensive weapons,Arrest,,False
Vehicle search,2023-03-12T13:10:00+00:00,False,,50.842489,-0.769461,,,,,Misuse of Drugs Act 1971 (section 23),Controlled drugs,A no further action disposal,False,
Person search,2023-03-12T15:50:00+00:00,False,,50.884144,0.010519,Male,25-34,White - English/Welsh/Scottish/Northern Irish/British,White,Firearms Act 1968 (section 47),Firearms,Arrest,,False
Person search,2023-03-12T15:59:00+00:00,False,,50.860261,0.458723,Male,,Black/African/Caribbean/Black British - Any other Black/African/Caribbean background,Black,Firearms Act 1968 (section 47),Firearms,Arrest,,False
Person search,2023-03-12T17:04:00+00:00,False,,51.113750,-0.195385,Male,18-24,Black/African/Caribbean/Black British - Any other Black/African/Caribbean background,White,Police and Criminal Evidence Act 1984 (section 1),Offensive weapons,A no further action disposal,,False
Person search,2023-03-12T18:40:00+00:00,False,,50.769999,0.280667,Male,over 34,White - Any other White background,White,Police and Criminal Evidence Act 1984 (section 1),Offensive weapons,Arrest,True,False
Person search,2023-03-12T21:15:00+00:00,False,,50.858704,0.564494,Male,over 34,White - English/Welsh/Scottish/Northern Irish/British,White,Police and Criminal Evidence Act 1984 (section 1),Offensive weapons,A no further action disposal,True,False
Person search,2023-03-12T21:30:00+00:00,False,,50.855188,0.585630,Female,over 34,White - English/Welsh/Scottish/Northern Irish/British,White,Police and Criminal Evidence Act 1984 (section 1),Offensive weapons,A no further action disposal,,False
Person search,2023-03-13T02:30:00+00:00,False,,50.820597,-0.132457,Male,10-17,White - English/Welsh/Scottish/Northern Irish/British,White,Misuse of Drugs Act 1971 (section 23),Controlled drugs,A no further action disposal,,False
Person search,2023-03-13T08:35:00+00:00,False,,51.301508,0.491489,Male,25-34,,White,Police and Criminal Evidence Act 1984 (section 1),Article for use in theft,Summons / charged by post,True,False
Person search,2023-03-13T10:00:00+00:00,False,,50.852030,-0.553003,Male,over 34,White - English/Welsh/Scottish/Northern Irish/British,White,Police and Criminal Evidence Act 1984 (section 1),Stolen goods,Arrest,,False
Person search,2023-03-13T11:45:00+00:00,False,,50.783282,-0.672838,Female,,White - Any other White background,White,Police and Criminal Evidence Act 1984 (section 1),Stolen goods,A no further action disposal,True,False
Person search,2023-03-13T12:02:00+00:00,False,,51.068850,-0.311675,Male,over 34,White - English/Welsh/Scottish/Northern Irish/British,White,Police and Criminal Evidence Act 1984 (section 1),Offensive weapons,A no further action disposal,,False
Person search,2023-03-13T12:38:00+00:00,False,,51.117421,-0.173538,Male,over 34,,Asian,Misuse of Drugs Act 1971 (section 23),,Arrest,True,False
Person search,2023-03-13T16:56:00+00:00,False,,50.945530,-0.307315,Male,25-34,White - English/Welsh/Scottish/Northern Irish/British,White,Misuse of Drugs Act 1971 (section 23),Controlled drugs,A no further action disposal,,False
Person search,2023-03-13T17:45:00+00:00,False,,50.867110,-0.122353,Female,18-24,White - English/Welsh/Scottish/Northern Irish/British,White,Misuse of Drugs Act 1971 (section 23),,Arrest,,False
Person search,2023-03-13T17:50:00+00:00,False,,50.968123,-0.195850,Male,18-24,White - English/Welsh/Scottish/Northern Irish/British,White,Misuse of Drugs Act 1971 (section 23),Controlled drugs,A no further action disposal,,False
Person search,2023-03-13T17:58:00+00:00,False,,50.968123,-0.195850,Male,18-24,White - English/Welsh/Scottish/Northern Irish/British,White,Misuse of Drugs Act 1971 (section 23),Controlled drugs,A no further action disposal,,False
Person search,2023-03-13T19:56:00+00:00,False,,51.240135,-0.165215,Male,10-17,Mixed/Multiple ethnic groups - White and Black Caribbean,Black,Police and Criminal Evidence Act 1984 (section 1),,A no further action disposal,,False
Person search,2023-03-13T21:20:00+00:00,False,,51.113137,-0.190651,Male,18-24,,Black,Misuse of Drugs Act 1971 (section 23),,Community resolution,True,False
Person search,2023-03-13T21:22:00+00:00,False,,51.113530,-0.192193,Male,18-24,Black/African/Caribbean/Black British - Any other Black/African/Caribbean background,Black,Misuse of Drugs Act 1971 (section 23),,Community resolution,True,False
Person search,2023-03-13T22:30:00+00:00,False,,51.126313,-0.005007,Male,25-34,White - Any other White background,White,Misuse of Drugs Act 1971 (section 23),Controlled drugs,Arrest,True,True
Person search,2023-03-13T22:55:00+00:00,False,,50.850635,-0.681966,Male,18-24,White - English/Welsh/Scottish/Northern Irish/British,White,Police and Criminal Evidence Act 1984 (section 1),Offensive weapons,A no further action disposal,,False
Person search,2023-03-14T00:45:00+00:00,False,,50.884144,0.010519,Male,25-34,White - English/Welsh/Scottish/Northern Irish/British,White,Police and Criminal Evidence Act 1984 (section 1),Article for use in theft,Community resolution,False,False
Person search,2023-03-14T00:50:00+00:00,False,,50.967787,-0.191628,Male,25-34,White - English/Welsh/Scottish/Northern Irish/British,White,Misuse of Drugs Act 1971 (section 23),Controlled drugs,A no further action disposal,True,
Person search,2023-03-14T05:05:00+00:00,False,,51.116206,-0.181516,Male,over 34,,White,Police and Criminal Evidence Act 1984 (section 1),Article for use in theft,A no further action disposal,,False
Person search,2023-03-14T07:57:00+00:00,False,,50.823684,-0.133831,Male,over 34,Black/African/Caribbean/Black British - Any other Black/African/Caribbean background,Black,Police and Criminal Evidence Act 1984 (section 1),Offensive weapons,A no further action disposal,,False
Person search,2023-03-14T08:10:00+00:00,False,,50.771877,0.272036,Male,10-17,White - English/Welsh/Scottish/Northern Irish/British,White,Misuse of Drugs Act 1971 (section 23),Controlled drugs,A no further action disposal,,False
Person search,2023-03-14T10:29:00+00:00,False,,50.789205,-0.671776,Male,25-34,White - English/Welsh/Scottish/Northern Irish/British,White,Misuse of Drugs Act 1971 (section 23),Controlled drugs,Community resolution,True,
Person search,2023-03-14T10:29:00+00:00,False,,50.802515,-0.667085,Male,over 34,White - English/Welsh/Scottish/Northern Irish/British,White,Misuse of Drugs Act 1971 (section 23),Controlled drugs,A no further action disposal,,False
Person search,2023-03-14T12:00:00+00:00,False,,50.834978,-0.160201,Male,over 34,White - English/Welsh/Scottish/Northern Irish/British,White,Police and Criminal Evidence Act 1984 (section 1),Article for use in theft,Arrest,,False
Person search,2023-03-14T14:43:00+00:00,False,,50.818055,-0.482986,Male,,White - English/Welsh/Scottish/Northern Irish/British,White,Misuse of Drugs Act 1971 (section 23),Controlled drugs,Arrest,True,False
Person search,2023-03-14T14:54:00+00:00,False,,50.786743,-0.672740,Male,10-17,White - English/Welsh/Scottish/Northern Irish/British,White,Misuse of Drugs Act 1971 (section 23),Controlled drugs,Arrest,False,False
Person search,2023-03-15T01:35:00+00:00,False,,50.780785,0.121925,Male,10-17,White - English/Welsh/Scottish/Northern Irish/British,White,Misuse of Drugs Act 1971 (section 23),Controlled drugs,Community resolution,True,False
Person search,2023-03-15T04:00:00+00:00,False,,50.819847,-0.138975,Male,18-24,White - English/Welsh/Scottish/Northern Irish/British,White,Police and Criminal Evidence Act 1984 (section 1),Offensive weapons,A no further action disposal,,False
Person search,2023-03-15T04:00:00+00:00,False,,50.827989,0.247935,Male,18-24,,Black,Misuse of Drugs Act 1971 (section 23),,Community resolution,True,False
Person search,2023-03-15T04:55:00+00:00,False,,50.858704,0.564494,Female,over 34,White - English/Welsh/Scottish/Northern Irish/British,White,Misuse of Drugs Act 1971 (section 23),,A no further action disposal,True,False
Person search,2023-03-15T05:05:00+00:00,False,,50.858704,0.564494,Male,18-24,,White,Misuse of Drugs Act 1971 (section 23),,A no further action disposal,,False
Person search,2023-03-15T05:05:00+00:00,False,,50.855197,0.562810,Male,25-34,,White,Misuse of Drugs Act 1971 (section 23),,A no further action disposal,,False
Person search,2023-03-15T05:19:00+00:00,False,,50.858704,0.564494,Male,over 34,White - English/Welsh/Scottish/Northern Irish/British,White,Misuse of Drugs Act 1971 (section 23),,A no further action disposal,True,False
Person search,2023-03-15T09:15:00+00:00,False,,50.828424,-0.141616,Male,18-24,White - English/Welsh/Scottish/Northern Irish/British,White,Misuse of Drugs Act 1971 (section 23),Controlled drugs,A no further action disposal,,False
Person search,2023-03-15T14:15:00+00:00,False,,50.789450,-0.672748,Male,25-34,White - English/Welsh/Scottish/Northern Irish/British,White,Police and Criminal Evidence Act 1984 (section 1),Offensive weapons,A no further action disposal,,False
Person search,2023-03-15T16:29:00+00:00,False,,50.872249,0.528650,Male,10-17,White - English/Welsh/Scottish/Northern Irish/British,White,Police and Criminal Evidence Act 1984 (section 1),Stolen goods,A no further action disposal,,False
Person search,2023-03-15T16:30:00+00:00,False,,50.813140,-0.368607,Male,10-17,White - English/Welsh/Scottish/Northern Irish/British,White,Police and Criminal Evidence Act 1984 (section 1),Offensive weapons,A no further action disposal,,False
Person search,2023-03-15T18:29:00+00:00,False,,50.810004,-0.378912,Male,25-34,White - English/Welsh/Scottish/Northern Irish/British,White,Police and Criminal Evidence Act 1984 (section 1),Stolen goods,A no further action disposal,,False
Person search,2023-03-15T18:30:00+00:00,False,,50.821259,-0.409539,Male,over 34,White - English/Welsh/Scottish/Northern Irish/British,White,Police and Criminal Evidence Act 1984 (section 1),Stolen goods,A no further action disposal,,False
Person search,2023-03-15T21:10:00+00:00,False,,50.812924,-0.094549,Male,18-24,White - English/Welsh/Scottish/Northern Irish/British,White,Misuse of Drugs Act 1971 (section 23),,A no further action disposal,,False
Person search,2023-03-15T23:27:00+00:00,False,,50.858704,0.564494,Male,18-24,,White,Misuse of Drugs Act 1971 (section 23),Controlled drugs,Arrest,,False
Person search,2023-03-15T23:45:00+00:00,False,,50.820624,-0.134699,Male,18-24,,Black,Misuse of Drugs Act 1971 (section 23),,Arrest,True,False
Person search,2023-03-15T23:55:00+00:00,False,,50.819440,-0.115324,Male,25-34,,Black,Misuse of Drugs Act 1971 (section 23),,Arrest,True,False
Person search,2023-03-16T00:50:00+00:00,False,,50.787841,0.297725,Male,10-17,White - English/Welsh/Scottish/Northern Irish/British,White,Police and Criminal Evidence Act 1984 (section 1),Offensive weapons,Arrest,True,False
Person search,2023-03-16T00:55:00+00:00,False,,50.800427,0.286605,Male,10-17,White - English/Welsh/Scottish/Northern Irish/British,White,Police and Criminal Evidence Act 1984 (section 1),Offensive weapons,A no further action disposal,,False
Person search,2023-03-16T16:33:00+00:00,False,,50.839079,-0.779563,Male,,White - English/Welsh/Scottish/Northern Irish/British,White,Police and Criminal Evidence Act 1984 (section 1),Offensive weapons,A no further action disposal,,False
Person search,2023-03-16T18:00:00+00:00,False,,50.823684,-0.133831,Male,10-17,White - English/Welsh/Scottish/Northern Irish/British,White,Police and Criminal Evidence Act 1984 (section 1),Articles for use in criminal damage,A no further action disposal,,False
Person search,2023-03-16T18:18:00+00:00,False,,50.823684,-0.133831,Female,10-17,White - English/Welsh/Scottish/Northern Irish/British,White,Police and Criminal Evidence Act 1984 (section 1),Articles for use in criminal damage,A no further action disposal,,False
Person search,2023-03-16T18:27:00+00:00,False,,50.809892,-0.371757,Female,10-17,,White,Misuse of Drugs Act 1971 (section 23),,A no further action disposal,,False
Person search,2023-03-16T18:45:00+00:00,False,,50.831833,-0.132647,Male,10-17,White - English/Welsh/Scottish/Northern Irish/British,White,Police and Criminal Evidence Act 1984 (section 1),Articles for use in criminal damage,A no further action disposal,,False
Person search,2023-03-16T19:01:00+00:00,False,,50.823684,-0.133831,Male,10-17,White - English/Welsh/Scottish/Northern Irish/British,Black,Police and Criminal Evidence Act 1984 (section 1),Articles for use in criminal damage,A no further action disposal,,False
Person search,2023-03-16T19:05:00+00:00,False,,50.823684,-0.133831,Male,10-17,White - English/Welsh/Scottish/Northern Irish/British,White,Police and Criminal Evidence Act 1984 (section 1),Articles for use in criminal damage,A no further action disposal,,False
Person search,2023-03-16T20:30:00+00:00,False,,50.823684,-0.133831,Male,10-17,White - English/Welsh/Scottish/Northern Irish/British,White,Police and Criminal Evidence Act 1984 (section 1),Articles for use in criminal damage,A no further action disposal,,False
Person search,2023-03-16T21:40:00+00:00,False,,50.823684,-0.133831,Male,over 34,Black/African/Caribbean/Black British - Caribbean,Black,Police and Criminal Evidence Act 1984 (section 1),Offensive weapons,Arrest,False,True
Person search,2023-03-16T22:15:00+00:00,False,,50.823684,-0.133831,Male,over 34,White - English/Welsh/Scottish/Northern Irish/British,Black,Misuse of Drugs Act 1971 (section 23),Controlled drugs,A no further action disposal,,True
Person search,2023-03-16T23:38:00+00:00,False,,50.819440,-0.115324,Male,25-34,White - English/Welsh/Scottish/Northern Irish/British,White,Police and Criminal Evidence Act 1984 (section 1),Offensive weapons,A no further action disposal,,False
Person search,2023-03-17T00:05:00+00:00,False,,50.785136,-0.677750,Male,25-34,White - Any other White background,White,Misuse of Drugs Act 1971 (section 23),Controlled drugs,Arrest,True,
Person search,2023-03-17T03:10:00+00:00,False,,51.061485,-0.326114,Male,18-24,White - English/Welsh/Scottish/Northern Irish/British,White,Misuse of Drugs Act 1971 (section 23),Controlled drugs,Community resolution,True,False
Person search,2023-03-17T14:20:00+00:00,False,,50.999132,-0.113383,Male,10-17,White - Any other White background,White,Police and Criminal Evidence Act 1984 (section 1),Offensive weapons,A no further action disposal,,False
Person search,2023-03-17T15:00:00+00:00,False,,50.825635,-0.167157,Male,over 34,Black/African/Caribbean/Black British - African,Black,Misuse of Drugs Act 1971 (section 23),Controlled drugs,A no further action disposal,,True
Person search,2023-03-17T15:00:00+00:00,False,,,,Female,25-34,White - English/Welsh/Scottish/Northern Irish/British,White,Misuse of Drugs Act 1971 (section 23),Controlled drugs,A no further action disposal,,False
Person search,2023-03-17T16:15:00+00:00,False,,50.858704,0.564494,Male,18-24,White - English/Welsh/Scottish/Northern Irish/British,White,Misuse of Drugs Act 1971 (section 23),Controlled drugs,Arrest,True,False
Person search,2023-03-17T17:01:00+00:00,False,,50.784466,-0.674166,Male,18-24,White - Any other White background,White,Police and Criminal Evidence Act 1984 (section 1),Article for use in theft,A no further action disposal,,False
Person search,2023-03-17T17:02:00+00:00,False,,50.784466,-0.674166,Male,18-24,White - Any other White background,White,Police and Criminal Evidence Act 1984 (section 1),Article for use in theft,A no further action disposal,,False
Person search,2023-03-17T17:43:00+00:00,False,,51.024535,-0.356692,Male,10-17,White - English/Welsh/Scottish/Northern Irish/British,White,Police and Criminal Evidence Act 1984 (section 1),Offensive weapons,A no further action disposal,,False
Person search,2023-03-17T17:45:00+00:00,False,,51.030881,-0.341179,Male,10-17,White - English/Welsh/Scottish/Northern Irish/British,White,Police and Criminal Evidence Act 1984 (section 1),Offensive weapons,A no further action disposal,False,False
Person search,2023-03-17T17:49:00+00:00,False,,51.024535,-0.356692,Male,10-17,Other ethnic group - Any other ethnic group,White,Police and Criminal Evidence Act 1984 (section 1),Offensive weapons,A no further action disposal,,False
Person search,2023-03-17T19:14:00+00:00,False,,50.973233,-0.143775,Male,18-24,White - English/Welsh/Scottish/Northern Irish/British,White,Misuse of Drugs Act 1971 (section 23),Controlled drugs,Community resolution,True,False
Person search,2023-03-17T20:39:00+00:00,False,,50.789205,-0.671776,Male,10-17,White - English/Welsh/Scottish/Northern Irish/British,White,Police and Criminal Evidence Act 1984 (section 1),Articles for use in criminal damage,A no further action disposal,,False
Person search,2023-03-17T20:40:00+00:00,False,,50.789205,-0.671776,Male,10-17,White - English/Welsh/Scottish/Northern Irish/British,White,Police and Criminal Evidence Act 1984 (section 1),Articles for use in criminal damage,A no further action disposal,,False
Person search,2023-03-17T23:10:00+00:00,False,,50.823684,-0.133831,Male,over 34,White - English/Welsh/Scottish/Northern Irish/British,White,Firearms Act 1968 (section 47),Firearms,Arrest,,False
Person search,2023-03-18T01:30:00+00:00,False,,50.828763,-0.174461,Male,over 34,Mixed/Multiple ethnic groups - Any other Mixed/Multiple ethnic background,Black,Police and Criminal Evidence Act 1984 (section 1),Offensive weapons,A no further action disposal,,False
Person search,2023-03-18T01:32:00+00:00,False,,51.157100,-0.162176,Male,over 34,Mixed/Multiple ethnic groups - White and Black Caribbean,Black,Police and Criminal Evidence Act 1984 (section 1),Stolen goods,A no further action disposal,,False
Person search,2023-03-18T07:28:00+00:00,False,,50.859582,0.578526,Male,,White - English/Welsh/Scottish/Northern Irish/British,White,Police and Criminal Evidence Act 1984 (section 1),Offensive weapons,A no further action disposal,,False
Person search,2023-03-18T07:30:00+00:00,False,,50.858704,0.564494,Female,,White - English/Welsh/Scottish/Northern Irish/British,White,Police and Criminal Evidence Act 1984 (section 1),Offensive weapons,A no further action disposal,,True
Person search,2023-03-18T10:15:00+00:00,False,,51.127590,-0.155029,Male,18-24,White - English/Welsh/Scottish/Northern Irish/British,White,Misuse of Drugs Act 1971 (section 23),Controlled drugs,Community resolution,True,False
Person search,2023-03-18T10:43:00+00:00,False,,51.130037,-0.151716,Male,,White - English/Welsh/Scottish/Northern Irish/British,White,Misuse of Drugs Act 1971 (section 23),Controlled drugs,Community resolution,True,False
Vehicle search,2023-03-18T14:44:00+00:00,False,,51.101182,-0.207387,,,,,Misuse of Drugs Act 1971 (section 23),Controlled drugs,A no further action disposal,True,
Person search,2023-03-18T14:55:00+00:00,False,,50.823684,-0.133831,Male,10-17,,White,Police and Criminal Evidence Act 1984 (section 1),Offensive weapons,Community resolution,False,False
Person search,2023-03-18T15:00:00+00:00,False,,50.824103,-0.148134,Male,10-17,White - English/Welsh/Scottish/Northern Irish/British,White,Police and Criminal Evidence Act 1984 (section 1),Offensive weapons,Community resolution,False,False
Person search,2023-03-18T15:15:00+00:00,False,,50.823684,-0.133831,Male,10-17,,White,Police and Criminal Evidence Act 1984 (section 1),Offensive weapons,A no further action disposal,,False
Person search,2023-03-18T15:15:00+00:00,False,,50.823684,-0.133831,Female,10-17,,White,Police and Criminal Evidence Act 1984 (section 1),Offensive weapons,A no further action disposal,,
Person search,2023-03-18T18:35:00+00:00,False,,50.821760,-0.132652,Male,over 34,,White,Police and Criminal Evidence Act 1984 (section 1),Article for use in theft,A no further action disposal,,False
Person search,2023-03-18T21:10:00+00:00,False,,51.012216,-0.081816,Male,over 34,White - English/Welsh/Scottish/Northern Irish/British,White,Misuse of Drugs Act 1971 (section 23),Controlled drugs,Arrest,,False
Person search,2023-03-18T21:47:00+00:00,False,,50.821071,-0.145230,Male,18-24,White - English/Welsh/Scottish/Northern Irish/British,White,Misuse of Drugs Act 1971 (section 23),Controlled drugs,A no further action disposal,,False
Person search,2023-03-18T21:48:00+00:00,False,,50.821071,-0.145230,Male,25-34,White - English/Welsh/Scottish/Northern Irish/British,White,Misuse of Drugs Act 1971 (section 23),Controlled drugs,Arrest,,False
Person search,2023-03-18T23:50:00+00:00,False,,50.793537,0.052092,Male,18-24,White - Any other White background,White,Police and Criminal Evidence Act 1984 (section 1),Offensive weapons,A no further action disposal,,True
Person search,2023-03-19T01:00:00+00:00,False,,50.789205,-0.671776,Male,over 34,White - Any other White background,White,Misuse of Drugs Act 1971 (section 23),Controlled drugs,Arrest,,False
Person search,2023-03-19T02:10:00+00:00,False,,50.787270,-0.657460,Male,over 34,Black/African/Caribbean/Black British - Caribbean,Black,Misuse of Drugs Act 1971 (section 23),Controlled drugs,Community resolution,True,True
Person search,2023-03-19T06:17:00+00:00,False,,51.116206,-0.181516,Male,25-34,Other ethnic group - Arab,Other,Police and Criminal Evidence Act 1984 (section 1),Offensive weapons,Arrest,,False
Person search,2023-03-19T08:20:00+00:00,False,,50.830462,-0.781123,Male,18-24,,White,Police and Criminal Evidence Act 1984 (section 1),Stolen goods,A no further action disposal,,False
Person search,2023-03-19T08:20:00+00:00,False,,50.830462,-0.781123,Male,10-17,,White,Police and Criminal Evidence Act 1984 (section 1),Stolen goods,A no further action disposal,,False
Person search,2023-03-19T08:20:00+00:00,False,,50.830462,-0.781123,Male,10-17,,White,Police and Criminal Evidence Act 1984 (section 1),Stolen goods,A no further action disposal,True,False
Person search,2023-03-19T10:51:00+00:00,False,,51.038791,-0.183333,Male,18-24,White - English/Welsh/Scottish/Northern Irish/British,White,Misuse of Drugs Act 1971 (section 23),Controlled drugs,A no further action disposal,,
Person search,2023-03-19T11:03:00+00:00,False,,50.820120,-0.130190,Male,over 34,White - Any other White background,White,Misuse of Drugs Act 1971 (section 23),,Arrest,,False
Person search,2023-03-19T15:54:00+00:00,False,,50.867110,-0.122353,Female,25-34,White - Any other White background,White,Misuse of Drugs Act 1971 (section 23),Controlled drugs,A no further action disposal,,True
Person search,2023-03-19T16:00:00+00:00,False,,50.858704,0.564494,Male,25-34,Black/African/Caribbean/Black British - Any other Black/African/Caribbean background,Black,Police and Criminal Evidence Act 1984 (section 1),Stolen goods,A no further action disposal,True,False
Person search,2023-03-19T16:45:00+00:00,False,,50.833751,-0.269899,Female,10-17,White - English/Welsh/Scottish/Northern Irish/British,White,Police and Criminal Evidence Act 1984 (section 1),Stolen goods,A no further action disposal,,False
Person search,2023-03-19T16:55:00+00:00,False,,50.828302,-0.414241,Male,10-17,White - English/Welsh/Scottish/Northern Irish/British,White,Police and Criminal Evidence Act 1984 (section 1),Stolen goods,Summons / charged by post,True,False
Person search,2023-03-19T16:55:00+00:00,False,,50.833751,-0.269899,Male,10-17,White - English/Welsh/Scottish/Northern Irish/British,White,Police and Criminal Evidence Act 1984 (section 1),Stolen goods,Summons / charged by post,True,False
Person search,2023-03-20T02:26:00+00:00,False,,51.058108,-0.345357,Male,18-24,White - Any other White background,White,Misuse of Drugs Act 1971 (section 23),Controlled drugs,A no further action disposal,,
Person search,2023-03-20T02:43:00+00:00,False,,51.058108,-0.345357,Female,25-34,White - English/Welsh/Scottish/Northern Irish/British,White,Misuse of Drugs Act 1971 (section 23),Controlled drugs,A no further action disposal,,False
Person search,2023-03-20T02:45:00+00:00,False,,51.058108,-0.345357,Male,over 34,White - Any other White background,White,Misuse of Drugs Act 1971 (section 23),,A no further action disposal,,False
Person search,2023-03-20T08:30:00+00:00,False,,50.850489,-0.723053,Male,over 34,Black/African/Caribbean/Black British - Caribbean,Black,Misuse of Drugs Act 1971 (section 23),,Arrest,,False
Person search,2023-03-20T10:30:00+00:00,False,,50.823684,-0.133831,Male,18-24,White - English/Welsh/Scottish/Northern Irish/British,White,Police and Criminal Evidence Act 1984 (section 1),Stolen goods,Arrest,True,False
Person search,2023-03-20T14:30:00+00:00,False,,51.127323,0.001696,Male,10-17,,White,Misuse of Drugs Act 1971 (section 23),Controlled drugs,A no further action disposal,False,False
Person search,2023-03-20T14:51:00+00:00,False,,50.789205,-0.671776,Male,over 34,White - English/Welsh/Scottish/Northern Irish/British,White,Police and Criminal Evidence Act 1984 (section 1),Offensive weapons,A no further action disposal,,False
Person search,2023-03-20T15:18:00+00:00,False,,51.126391,-0.003732,Male,10-17,White - English/Welsh/Scottish/Northern Irish/British,White,Police and Criminal Evidence Act 1984 (section 1),Offensive weapons,A no further action disposal,False,False
Person search,2023-03-20T15:35:00+00:00,False,,50.825923,-0.133153,Male,over 34,,Black,Misuse of Drugs Act 1971 (section 23),Controlled drugs,A no further action disposal,,False
Person search,2023-03-20T17:00:00+00:00,False,,50.823684,-0.133831,Male,over 34,White - English/Welsh/Scottish/Northern Irish/British,White,Misuse of Drugs Act 1971 (section 23),Controlled drugs,Arrest,False,False
Person search,2023-03-20T19:10:00+00:00,False,,50.896468,0.056258,Male,25-34,White - English/Welsh/Scottish/Northern Irish/British,White,Police and Criminal Evidence Act 1984 (section 1),Offensive weapons,A no further action disposal,,False
Person search,2023-03-20T23:50:00+00:00,False,,51.116206,-0.181516,Male,18-24,White - Any other White background,White,Misuse of Drugs Act 1971 (section 23),Controlled drugs,A no further action disposal,,False
Person search,2023-03-21T00:01:00+00:00,False,,50.769857,0.287922,Male,over 34,White - English/Welsh/Scottish/Northern Irish/British,White,Police and Criminal Evidence Act 1984 (section 1),Article for use in theft,A no further action disposal,,False
Person search,2023-03-21T01:10:00+00:00,False,,50.820703,-0.139651,Male,25-34,White - English/Welsh/Scottish/Northern Irish/British,White,Misuse of Drugs Act 1971 (section 23),,Arrest,,False
Person search,2023-03-21T05:45:00+00:00,False,,50.819945,-0.125427,Male,18-24,White - English/Welsh/Scottish/Northern Irish/British,White,Police and Criminal Evidence Act 1984 (section 1),Article for use in theft,A no further action disposal,,False
Person search,2023-03-21T13:45:00+00:00,False,,51.161150,-0.169781,Male,over 34,White - English/Welsh/Scottish/Northern Irish/British,White,Police and Criminal Evidence Act 1984 (section 1),Stolen goods,A no further action disposal,True,False
Person search,2023-03-21T15:45:00+00:00,False,,50.875106,0.010969,Male,25-34,Black/African/Caribbean/Black British - Any other Black/African/Caribbean background,Black,Police and Criminal Evidence Act 1984 (section 1),Offensive weapons,Arrest,True,False
Person search,2023-03-21T15:45:00+00:00,False,,50.875106,0.010969,Male,25-34,Mixed/Multiple ethnic groups - Any other Mixed/Multiple ethnic background,Black,Police and Criminal Evidence Act 1984 (section 1),Offensive weapons,Arrest,True,False
Person search,2023-03-21T17:12:00+00:00,False,,51.006417,-0.106715,Male,over 34,White - English/Welsh/Scottish/Northern Irish/British,White,Police and Criminal Evidence Act 1984 (section 1),Offensive weapons,A no further action disposal,,False
Person search,2023-03-21T17:20:00+00:00,False,,51.006417,-0.106715,Male,over 34,White - English/Welsh/Scottish/Northern Irish/British,White,Police and Criminal Evidence Act 1984 (section 1),Offensive weapons,A no further action disposal,,False
Person search,2023-03-21T18:46:00+00:00,False,,51.113750,-0.195385,Male,18-24,Asian/Asian British - Any other Asian background,Other,Police and Criminal Evidence Act 1984 (section 1),Article for use in theft,Summons / charged by post,,False
Person search,2023-03-21T19:12:00+00:00,False,,50.848966,0.519363,Male,10-17,White - English/Welsh/Scottish/Northern Irish/British,White,Police and Criminal Evidence Act 1984 (section 1),Offensive weapons,A no further action disposal,,False
Person search,2023-03-21T19:16:00+00:00,False,,50.849732,0.525954,Male,10-17,White - English/Welsh/Scottish/Northern Irish/British,White,Police and Criminal Evidence Act 1984 (section 1),Offensive weapons,A no further action disposal,,False
Person search,2023-03-21T19:16:00+00:00,False,,50.849732,0.525954,Male,10-17,White - English/Welsh/Scottish/Northern Irish/British,White,Police and Criminal Evidence Act 1984 (section 1),Offensive weapons,A no further action disposal,,False
Person search,2023-03-21T19:17:00+00:00,False,,50.858704,0.564494,Male,10-17,White - English/Welsh/Scottish/Northern Irish/British,White,Police and Criminal Evidence Act 1984 (section 1),Offensive weapons,A no further action disposal,,False
Person search,2023-03-21T19:30:00+00:00,False,,50.959033,-0.143216,Male,,White - English/Welsh/Scottish/Northern Irish/British,White,Police and Criminal Evidence Act 1984 (section 1),Offensive weapons,A no further action disposal,,False
Person search,2023-03-21T20:00:00+00:00,False,,50.825923,-0.133153,Male,over 34,Black/African/Caribbean/Black British - Any other Black/African/Caribbean background,Black,Misuse of Drugs Act 1971 (section 23),,A no further action disposal,,True
Person search,2023-03-21T20:15:00+00:00,False,,50.823472,-0.135054,Male,10-17,,White,Police and Criminal Evidence Act 1984 (section 1),Offensive weapons,A no further action disposal,,False
Person search,2023-03-21T20:23:00+00:00,False,,50.823684,-0.133831,Female,over 34,White - English/Welsh/Scottish/Northern Irish/British,White,Misuse of Drugs Act 1971 (section 23),Controlled drugs,A no further action disposal,,True
Person search,2023-03-21T20:31:00+00:00,False,,51.062001,-0.325096,Female,10-17,White - English/Welsh/Scottish/Northern Irish/British,White,Police and Criminal Evidence Act 1984 (section 1),Stolen goods,Summons / charged by post,True,False
Person search,2023-03-21T21:00:00+00:00,False,,50.825168,-0.137627,Male,over 34,Asian/Asian British - Bangladeshi,Asian,Misuse of Drugs Act 1971 (section 23),,A no further action disposal,,False
Person search,2023-03-21T21:15:00+00:00,False,,50.823684,-0.133831,Female,10-17,White - English/Welsh/Scottish/Northern Irish/British,White,Police and Criminal Evidence Act 1984 (section 1),Offensive weapons,A no further action disposal,,False
Person search,2023-03-21T21:15:00+00:00,False,,50.827619,-0.170956,Female,10-17,White - English/Welsh/Scottish/Northern Irish/British,White,Police and Criminal Evidence Act 1984 (section 1),Offensive weapons,A no further action disposal,,False
Person search,2023-03-21T21:15:00+00:00,False,,50.828489,-0.171376,Male,10-17,White - English/Welsh/Scottish/Northern Irish/British,White,Police and Criminal Evidence Act 1984 (section 1),Offensive weapons,A no further action disposal,,False
Person search,2023-03-21T22:00:00+00:00,False,,50.859814,0.584294,Male,10-17,White - English/Welsh/Scottish/Northern Irish/British,White,Misuse of Drugs Act 1971 (section 23),Controlled drugs,Arrest,True,False
Person search,2023-03-21T22:00:00+00:00,False,,50.859814,0.584294,Male,18-24,White - English/Welsh/Scottish/Northern Irish/British,White,Misuse of Drugs Act 1971 (section 23),Controlled drugs,Arrest,True,False
Person search,2023-03-21T22:00:00+00:00,False,,50.819440,-0.115324,Male,over 34,Black/African/Caribbean/Black British - Caribbean,Black,Misuse of Drugs Act 1971 (section 23),,A no further action disposal,,True
Person search,2023-03-22T03:48:00+00:00,False,,50.813442,-0.378078,Male,over 34,White - Any other White background,White,Police and Criminal Evidence Act 1984 (section 1),Article for use in theft,Arrest,True,False
Person search,2023-03-22T14:25:00+00:00,False,,50.854560,-0.647772,Male,25-34,White - English/Welsh/Scottish/Northern Irish/British,White,Misuse of Drugs Act 1971 (section 23),Controlled drugs,A no further action disposal,,False
Person search,2023-03-22T14:55:00+00:00,False,,50.956252,-0.129558,Male,over 34,White - Any other White background,White,Police and Criminal Evidence Act 1984 (section 1),Article for use in theft,A no further action disposal,,False
Person search,2023-03-22T15:00:00+00:00,False,,50.768234,0.282638,Male,,Asian/Asian British - Indian,Asian,Police and Criminal Evidence Act 1984 (section 1),Article for use in theft,Community resolution,,False
Person search,2023-03-22T15:05:00+00:00,False,,50.956775,-0.132270,Female,over 34,White - Any other White background,White,Police and Criminal Evidence Act 1984 (section 1),Stolen goods,A no further action disposal,False,False
Person search,2023-03-22T15:10:00+00:00,False,,50.823684,-0.133831,Male,25-34,Black/African/Caribbean/Black British - African,Black,Police and Criminal Evidence Act 1984 (section 1),Offensive weapons,Arrest,False,False
Person search,2023-03-22T15:15:00+00:00,False,,50.956775,-0.132270,Female,over 34,White - Any other White background,White,Police and Criminal Evidence Act 1984 (section 1),Stolen goods,A no further action disposal,,True
Person search,2023-03-22T17:30:00+00:00,False,,50.825635,-0.167157,Male,over 34,,Black,Misuse of Drugs Act 1971 (section 23),Controlled drugs,A no further action disposal,,False
Person search,2023-03-22T17:45:00+00:00,False,,50.863412,0.583868,Female,25-34,White - English/Welsh/Scottish/Northern Irish/British,White,Misuse of Drugs Act 1971 (section 23),Controlled drugs,Arrest,True,False
Person search,2023-03-22T17:50:00+00:00,False,,50.863412,0.583868,Male,over 34,White - English/Welsh/Scottish/Northern Irish/British,White,Misuse of Drugs Act 1971 (section 23),Controlled drugs,Arrest,True,False
Person search,2023-03-22T17:50:00+00:00,False,,50.863412,0.583868,Male,25-34,White - English/Welsh/Scottish/Northern Irish/British,White,Misuse of Drugs Act 1971 (section 23),Controlled drugs,Arrest,True,False
Person search,2023-03-22T23:55:00+00:00,False,,50.842770,-0.767039,Male,25-34,White - English/Welsh/Scottish/Northern Irish/British,White,Misuse of Drugs Act 1971 (section 23),Controlled drugs,A no further action disposal,,True
Person search,2023-03-23T01:35:00+00:00,False,,50.789205,-0.671776,Male,25-34,White - English/Welsh/Scottish/Northern Irish/British,White,Misuse of Drugs Act 1971 (section 23),,A no further action disposal,,False
Person search,2023-03-23T03:51:00+00:00,False,,51.156262,-0.160908,Male,over 34,White - English/Welsh/Scottish/Northern Irish/British,White,Police and Criminal Evidence Act 1984 (section 1),Stolen goods,Arrest,True,False
Person search,2023-03-23T03:51:00+00:00,False,,51.161150,-0.169781,Male,over 34,White - English/Welsh/Scottish/Northern Irish/British,White,Police and Criminal Evidence Act 1984 (section 1),Stolen goods,Arrest,True,False
Person search,2023-03-23T04:26:00+00:00,False,,51.156262,-0.160908,Male,over 34,Black/African/Caribbean/Black British - Caribbean,Black,Police and Criminal Evidence Act 1984 (section 1),Stolen goods,Arrest,True,False
Person search,2023-03-23T14:00:00+00:00,False,,50.823118,-0.141074,Male,18-24,,White,Police and Criminal Evidence Act 1984 (section 1),Offensive weapons,A no further action disposal,,False
Person search,2023-03-23T14:10:00+00:00,False,,50.787841,0.297725,Male,,Asian/Asian British - Pakistani,Asian,Police and Criminal Evidence Act 1984 (section 1),Article for use in theft,Arrest,,False
Person search,2023-03-23T15:30:00+00:00,False,,50.848199,-0.212357,Male,18-24,White - English/Welsh/Scottish/Northern Irish/British,White,Misuse of Drugs Act 1971 (section 23),Controlled drugs,Arrest,True,
Person search,2023-03-23T23:55:00+00:00,False,,51.116206,-0.181516,Male,10-17,Asian/Asian British - Indian,Asian,Misuse of Drugs Act 1971 (section 23),Controlled drugs,A no further action disposal,,False
Person search,2023-03-24T00:05:00+00:00,False,,50.823684,-0.133831,Male,over 34,,White,Police and Criminal Evidence Act 1984 (section 1),Offensive weapons,Arrest,True,False
Person search,2023-03-24T10:30:00+00:00,False,,50.909941,-0.406319,Male,18-24,White - Any other White background,White,Misuse of Drugs Act 1971 (section 23),Controlled drugs,Arrest,True,False
Person search,2023-03-24T11:15:00+00:00,False,,50.843321,0.496216,Male,18-24,Mixed/Multiple ethnic groups - White and Black Caribbean,Black,Police and Criminal Evidence Act 1984 (section 1),Article for use in theft,Community resolution,False,False
Person search,2023-03-24T11:23:00+00:00,False,,50.843321,0.496216,Male,18-24,White - English/Welsh/Scottish/Northern Irish/British,White,Police and Criminal Evidence Act 1984 (section 1),Stolen goods,Community resolution,False,False
Person search,2023-03-24T11:30:00+00:00,False,,50.850192,-0.614230,Male,25-34,,White,Misuse of Drugs Act 1971 (section 23),Controlled drugs,Arrest,True,False
Person search,2023-03-24T11:30:00+00:00,False,,50.850192,-0.614230,Male,18-24,White - Any other White background,White,Misuse of Drugs Act 1971 (section 23),Controlled drugs,Arrest,False,False
Person search,2023-03-24T13:30:00+00:00,False,,50.821805,-0.139962,Male,25-34,White - English/Welsh/Scottish/Northern Irish/British,White,Police and Criminal Evidence Act 1984 (section 1),Offensive weapons,Arrest,False,False
Person search,2023-03-24T16:21:00+00:00,False,,51.125767,-0.177596,Male,over 34,Black/African/Caribbean/Black British - Any other Black/African/Caribbean background,White,Police and Criminal Evidence Act 1984 (section 1),Offensive weapons,A no further action disposal,True,False
Person search,2023-03-24T21:45:00+00:00,False,,50.918884,0.481484,Male,10-17,White - English/Welsh/Scottish/Northern Irish/British,White,Police and Criminal Evidence Act 1984 (section 1),Article for use in theft,A no further action disposal,,False
Person search,2023-03-24T21:50:00+00:00,False,,51.106631,-0.188091,Female,25-34,White - English/Welsh/Scottish/Northern Irish/British,White,Misuse of Drugs Act 1971 (section 23),Controlled drugs,A no further action disposal,True,False
Person search,2023-03-24T23:30:00+00:00,False,,50.846725,-0.143261,Male,over 34,White - English/Welsh/Scottish/Northern Irish/British,White,Police and Criminal Evidence Act 1984 (section 1),Article for use in theft,A no further action disposal,,False
Person search,2023-03-25T00:17:00+00:00,False,,50.821071,-0.145230,Male,18-24,Black/African/Caribbean/Black British - Any other Black/African/Caribbean background,Black,Misuse of Drugs Act 1971 (section 23),Controlled drugs,A no further action disposal,,False
Person search,2023-03-25T00:25:00+00:00,False,,51.104011,-0.225418,Male,,Black/African/Caribbean/Black British - Any other Black/African/Caribbean background,White,Police and Criminal Evidence Act 1984 (section 1),Offensive weapons,A no further action disposal,,False
Person search,2023-03-25T15:00:00+00:00,False,,50.789205,-0.671776,Male,,Mixed/Multiple ethnic groups - Any other Mixed/Multiple ethnic background,White,Misuse of Drugs Act 1971 (section 23),,A no further action disposal,,False
Person search,2023-03-25T17:20:00+00:00,False,,50.823684,-0.133831,Male,over 34,White - Any other White background,White,Misuse of Drugs Act 1971 (section 23),Controlled drugs,Community resolution,True,False
Person search,2023-03-25T17:22:00+00:00,False,,50.847531,-0.134038,Male,18-24,White - Any other White background,White,Misuse of Drugs Act 1971 (section 23),Controlled drugs,Arrest,True,False
Person search,2023-03-25T17:30:00+00:00,False,,50.811565,-0.364673,Female,over 34,White - English/Welsh/Scottish/Northern Irish/British,White,Misuse of Drugs Act 1971 (section 23),Controlled drugs,A no further action disposal,,False
Person search,2023-03-25T18:00:00+00:00,False,,51.061904,-0.328996,Male,18-24,Black/African/Caribbean/Black British - African,Black,Misuse of Drugs Act 1971 (section 23),Controlled drugs,Community resolution,True,
Person search,2023-03-25T21:10:00+00:00,False,,50.853596,-0.108037,Male,18-24,White - Any other White background,White,Misuse of Drugs Act 1971 (section 23),,Arrest,True,False
Person search,2023-03-25T21:39:00+00:00,False,,50.870466,0.548581,Male,18-24,Black/African/Caribbean/Black British - African,Black,Police and Criminal Evidence Act 1984 (section 1),Offensive weapons,A no further action disposal,,False
Person search,2023-03-26T14:25:00+00:00,False,,50.921888,-0.462282,Male,10-17,White - English/Welsh/Scottish/Northern Irish/British,White,Police and Criminal Evidence Act 1984 (section 1),Article for use in theft,A no further action disposal,,False
Person search,2023-03-26T15:00:00+00:00,False,,50.878215,0.540132,Male,25-34,White - English/Welsh/Scottish/Northern Irish/British,White,Misuse of Drugs Act 1971 (section 23),Controlled drugs,Arrest,True,False
Person search,2023-03-26T15:00:00+00:00,False,,51.012019,-0.347226,Male,10-17,White - English/Welsh/Scottish/Northern Irish/British,White,Police and Criminal Evidence Act 1984 (section 1),Article for use in theft,A no further action disposal,,False
Person search,2023-03-26T15:00:00+00:00,False,,50.993259,-0.405476,Male,10-17,White - English/Welsh/Scottish/Northern Irish/British,White,Police and Criminal Evidence Act 1984 (section 1),Article for use in theft,A no further action disposal,,False
Person search,2023-03-26T15:10:00+00:00,False,,,,Male,25-34,White - English/Welsh/Scottish/Northern Irish/British,White,Misuse of Drugs Act 1971 (section 23),Controlled drugs,Arrest,True,False
Person search,2023-03-26T15:15:00+00:00,False,,50.878215,0.540132,Male,over 34,White - English/Welsh/Scottish/Northern Irish/British,White,Misuse of Drugs Act 1971 (section 23),Controlled drugs,A no further action disposal,True,False
Person search,2023-03-26T16:10:00+00:00,False,,50.766565,0.289293,Male,25-34,Other ethnic group - Any other ethnic group,Other,Police and Criminal Evidence Act 1984 (section 1),Offensive weapons,Arrest,,False
Person search,2023-03-26T17:30:00+00:00,False,,50.819875,-0.526710,Male,25-34,White - Any other White background,White,Misuse of Drugs Act 1971 (section 23),,A no further action disposal,,False
Person search,2023-03-26T17:35:00+00:00,False,,50.819875,-0.526710,Male,18-24,White - Any other White background,White,Misuse of Drugs Act 1971 (section 23),,A no further action disposal,,False
Person search,2023-03-26T17:37:00+00:00,False,,50.819875,-0.526710,,25-34,White - Any other White background,White,Misuse of Drugs Act 1971 (section 23),,Summons / charged by post,False,False
Person search,2023-03-27T00:00:00+00:00,False,,51.157176,-0.156095,Female,25-34,White - English/Welsh/Scottish/Northern Irish/British,White,Police and Criminal Evidence Act 1984 (section 1),Offensive weapons,A no further action disposal,True,False
Person search,2023-03-27T00:35:00+00:00,False,,50.841428,-0.119708,Male,over 34,White - Any other White background,White,Misuse of Drugs Act 1971 (section 23),,Arrest,True,False
Person search,2023-03-27T02:00:00+00:00,False,,50.812414,-0.537719,Male,10-17,,White,Police and Criminal Evidence Act 1984 (section 1),Stolen goods,A no further action disposal,,False
Person search,2023-03-27T02:00:00+00:00,False,,50.812414,-0.537719,Male,10-17,,White,Police and Criminal Evidence Act 1984 (section 1),Stolen goods,A no further action disposal,,False
Person search,2023-03-27T08:12:00+00:00,False,,50.830462,-0.781123,Male,over 34,White - Any other White background,White,Police and Criminal Evidence Act 1984 (section 1),Article for use in theft,A no further action disposal,,False
Person search,2023-03-27T13:00:00+00:00,False,,50.768404,0.291369,Male,over 34,White - English/Welsh/Scottish/Northern Irish/British,White,Misuse of Drugs Act 1971 (section 23),,A no further action disposal,,False
Person search,2023-03-27T13:01:00+00:00,False,,50.767844,0.288774,Female,25-34,White - English/Welsh/Scottish/Northern Irish/British,White,Misuse of Drugs Act 1971 (section 23),Controlled drugs,A no further action disposal,,False
Person search,2023-03-27T14:00:00+00:00,False,,50.825923,-0.133153,Male,over 34,,White,Misuse of Drugs Act 1971 (section 23),Controlled drugs,Arrest,True,False
Person search,2023-03-27T17:00:00+00:00,False,,51.116206,-0.181516,Male,10-17,White - English/Welsh/Scottish/Northern Irish/British,White,Police and Criminal Evidence Act 1984 (section 1),Offensive weapons,A no further action disposal,,False
Person search,2023-03-27T17:15:00+00:00,False,,51.117278,-0.161499,Male,,White - English/Welsh/Scottish/Northern Irish/British,White,Police and Criminal Evidence Act 1984 (section 1),Offensive weapons,A no further action disposal,,False
Person search,2023-03-27T17:53:00+00:00,False,,51.118448,-0.162724,Male,10-17,White - English/Welsh/Scottish/Northern Irish/British,White,Police and Criminal Evidence Act 1984 (section 1),Offensive weapons,A no further action disposal,,False
Person search,2023-03-27T20:33:00+00:00,False,,50.812405,-0.386262,Male,18-24,White - English/Welsh/Scottish/Northern Irish/British,White,Misuse of Drugs Act 1971 (section 23),Controlled drugs,Community resolution,,False
Person search,2023-03-27T21:00:00+00:00,False,,50.859918,0.565726,Female,18-24,White - English/Welsh/Scottish/Northern Irish/British,White,Misuse of Drugs Act 1971 (section 23),Controlled drugs,A no further action disposal,False,False
Person search,2023-03-27T21:00:00+00:00,False,,50.824237,-0.139027,Male,over 34,,Black,Police and Criminal Evidence Act 1984 (section 1),Offensive weapons,A no further action disposal,,False
Person search,2023-03-28T02:44:00+00:00,False,,50.828302,-0.414241,Male,25-34,White - English/Welsh/Scottish/Northern Irish/British,White,Police and Criminal Evidence Act 1984 (section 1),Stolen goods,A no further action disposal,,False
Person search,2023-03-28T09:00:00+00:00,False,,50.787841,0.297725,Male,18-24,White - English/Welsh/Scottish/Northern Irish/British,White,Police and Criminal Evidence Act 1984 (section 1),Offensive weapons,Arrest,False,False
Person search,2023-03-28T09:28:00+00:00,False,,50.879506,0.231051,Male,25-34,White - English/Welsh/Scottish/Northern Irish/British,White,Misuse of Drugs Act 1971 (section 23),Controlled drugs,A no further action disposal,True,False
Person search,2023-03-28T10:45:00+00:00,False,,50.814997,-0.379288,Male,over 34,White - English/Welsh/Scottish/Northern Irish/British,White,Misuse of Drugs Act 1971 (section 23),,A no further action disposal,,False
Person search,2023-03-28T11:00:00+00:00,False,,50.823684,-0.133831,Male,18-24,White - English/Welsh/Scottish/Northern Irish/British,White,Police and Criminal Evidence Act 1984 (section 1),Offensive weapons,A no further action disposal,,False
Person search,2023-03-28T11:30:00+00:00,False,,51.116206,-0.181516,Male,10-17,Mixed/Multiple ethnic groups - White and Asian,Asian,Criminal Justice Act 1988 (section 139B),Offensive weapons,A no further action disposal,,False
Person search,2023-03-28T12:30:00+00:00,False,,50.830519,-0.138195,Male,10-17,White - English/Welsh/Scottish/Northern Irish/British,White,Police and Criminal Evidence Act 1984 (section 1),Articles for use in criminal damage,Community resolution,True,False
Person search,2023-03-28T15:00:00+00:00,False,,50.823684,-0.133831,Male,,White - English/Welsh/Scottish/Northern Irish/British,White,Police and Criminal Evidence Act 1984 (section 1),Fireworks,A no further action disposal,,False
Person search,2023-03-28T15:10:00+00:00,False,,50.823684,-0.133831,Male,,White - English/Welsh/Scottish/Northern Irish/British,White,Police and Criminal Evidence Act 1984 (section 1),Fireworks,A no further action disposal,True,False
Person search,2023-03-28T15:10:00+00:00,False,,50.829736,-0.173458,Female,10-17,White - English/Welsh/Scottish/Northern Irish/British,White,Police and Criminal Evidence Act 1984 (section 1),Fireworks,Community resolution,True,False
Person search,2023-03-28T15:30:00+00:00,False,,50.867110,-0.122353,Male,25-34,White - English/Welsh/Scottish/Northern Irish/British,White,Misuse of Drugs Act 1971 (section 23),Controlled drugs,A no further action disposal,,False
Person search,2023-03-28T15:40:00+00:00,False,,50.838895,-0.132806,Male,18-24,White - English/Welsh/Scottish/Northern Irish/British,White,Misuse of Drugs Act 1971 (section 23),,A no further action disposal,True,False
Person search,2023-03-28T15:45:00+00:00,False,,50.838895,-0.132806,Male,25-34,White - English/Welsh/Scottish/Northern Irish/British,White,Misuse of Drugs Act 1971 (section 23),Controlled drugs,A no further action disposal,True,False
Person search,2023-03-28T18:10:00+00:00,False,,50.787893,0.306028,Male,over 34,White - English/Welsh/Scottish/Northern Irish/British,White,Police and Criminal Evidence Act 1984 (section 1),Article for use in theft,A no further action disposal,,False
Person search,2023-03-28T23:14:00+00:00,False,,51.158467,-0.156415,Male,25-34,Asian/Asian British - Pakistani,Asian,Misuse of Drugs Act 1971 (section 23),Controlled drugs,A no further action disposal,,False
Person search,2023-03-28T23:14:00+00:00,False,,51.158467,-0.156415,Male,,Asian/Asian British - Pakistani,Asian,Misuse of Drugs Act 1971 (section 23),Controlled drugs,Arrest,,False
Person search,2023-03-29T11:15:00+00:00,False,,51.152853,-0.162030,Female,over 34,White - Any other White background,White,Police and Criminal Evidence Act 1984 (section 1),Stolen goods,A no further action disposal,True,False
Person search,2023-03-29T12:05:00+00:00,False,,50.825635,-0.167157,Male,over 34,White - English/Welsh/Scottish/Northern Irish/British,White,Misuse of Drugs Act 1971 (section 23),,Arrest,True,True
Person search,2023-03-29T13:00:00+00:00,False,,50.772765,0.290518,Male,over 34,White - English/Welsh/Scottish/Northern Irish/British,White,Misuse of Drugs Act 1971 (section 23),Controlled drugs,,True,False
Person search,2023-03-29T13:39:00+00:00,True,,50.819848,-0.359599,Male,10-17,White - English/Welsh/Scottish/Northern Irish/British,White,Misuse of Drugs Act 1971 (section 23),Controlled drugs,Arrest,True,False
Person search,2023-03-29T15:45:00+00:00,False,,50.768214,0.289133,Male,over 34,,White,Misuse of Drugs Act 1971 (section 23),Controlled drugs,A no further action disposal,,False
Person search,2023-03-29T16:53:00+00:00,False,,50.820871,-0.337203,Male,10-17,,White,Police and Criminal Evidence Act 1984 (section 1),Offensive weapons,A no further action disposal,,False
Person search,2023-03-29T17:45:00+00:00,False,,,,Male,25-34,White - English/Welsh/Scottish/Northern Irish/British,White,Misuse of Drugs Act 1971 (section 23),,A no further action disposal,,False
Person search,2023-03-29T19:03:00+00:00,False,,50.832407,-0.765026,Male,over 34,White - Any other White background,White,Police and Criminal Evidence Act 1984 (section 1),Article for use in theft,A no further action disposal,,False
Person search,2023-03-29T20:00:00+00:00,False,,50.862776,-0.125727,Male,10-17,White - English/Welsh/Scottish/Northern Irish/British,White,Misuse of Drugs Act 1971 (section 23),,A no further action disposal,,False
Person search,2023-03-29T21:05:00+00:00,False,,50.780150,-0.690955,Male,18-24,White - English/Welsh/Scottish/Northern Irish/British,White,Misuse of Drugs Act 1971 (section 23),Controlled drugs,Community resolution,True,False
Person search,2023-03-29T21:20:00+00:00,False,,50.854555,0.560530,Male,25-34,White - English/Welsh/Scottish/Northern Irish/British,White,Police and Criminal Evidence Act 1984 (section 1),Offensive weapons,Arrest,,False
Person search,2023-03-29T23:13:00+00:00,False,,50.812454,-0.531600,Male,25-34,White - Any other White background,White,Misuse of Drugs Act 1971 (section 23),,Summons / charged by post,,
Person search,2023-03-29T23:20:00+00:00,False,,51.116206,-0.181516,Male,10-17,White - English/Welsh/Scottish/Northern Irish/British,White,Police and Criminal Evidence Act 1984 (section 1),Offensive weapons,A no further action disposal,,False
Person search,2023-03-30T00:20:00+00:00,False,,51.116206,-0.181516,Male,10-17,White - English/Welsh/Scottish/Northern Irish/British,White,Misuse of Drugs Act 1971 (section 23),,A no further action disposal,False,False
Person search,2023-03-30T00:39:00+00:00,False,,51.161622,-0.177556,Male,over 34,White - English/Welsh/Scottish/Northern Irish/British,White,Police and Criminal Evidence Act 1984 (section 1),Stolen goods,A no further action disposal,,False
Person search,2023-03-30T01:30:00+00:00,False,,50.791144,0.312161,Male,18-24,,Black,Police and Criminal Evidence Act 1984 (section 1),Offensive weapons,A no further action disposal,,False
Person search,2023-03-30T02:25:00+00:00,False,,50.811599,-0.371017,Male,25-34,,White,Police and Criminal Evidence Act 1984 (section 1),Offensive weapons,A no further action disposal,,False
Person search,2023-03-30T17:10:00+00:00,False,,50.823684,-0.133831,Male,18-24,White - English/Welsh/Scottish/Northern Irish/British,White,Misuse of Drugs Act 1971 (section 23),Controlled drugs,A no further action disposal,,False
Person search,2023-03-30T21:45:00+00:00,False,,51.116206,-0.181516,Male,over 34,White - English/Welsh/Scottish/Northern Irish/British,White,Police and Criminal Evidence Act 1984 (section 1),Offensive weapons,Arrest,,False
Person search,2023-03-30T22:46:00+00:00,False,,50.849334,-0.180420,Male,18-24,White - Any other White background,Asian,Police and Criminal Evidence Act 1984 (section 1),Article for use in theft,A no further action disposal,,False
Vehicle search,2023-03-31T04:49:00+00:00,False,,50.812443,-0.382542,,,,,Misuse of Drugs Act 1971 (section 23),,Arrest,,
Person search,2023-03-31T11:45:00+00:00,False,,50.825292,-0.155627,Male,over 34,White - English/Welsh/Scottish/Northern Irish/British,White,Police and Criminal Evidence Act 1984 (section 1),Stolen goods,Community resolution,True,False
Person search,2023-03-31T12:50:00+00:00,False,,50.851959,-0.191400,Male,18-24,White - English/Welsh/Scottish/Northern Irish/British,White,Firearms Act 1968 (section 47),Firearms,A no further action disposal,,False
Person search,2023-03-31T12:50:00+00:00,False,,50.851959,-0.191400,Male,25-34,White - English/Welsh/Scottish/Northern Irish/British,White,Firearms Act 1968 (section 47),Firearms,A no further action disposal,,False
Person search,2023-03-31T13:17:00+00:00,False,,50.851959,-0.191400,Male,25-34,Black/African/Caribbean/Black British - Any other Black/African/Caribbean background,Black,Firearms Act 1968 (section 47),Firearms,A no further action disposal,,False
Person search,2023-03-31T18:04:00+00:00,False,,50.815560,-0.354000,Male,25-34,White - English/Welsh/Scottish/Northern Irish/British,White,Police and Criminal Evidence Act 1984 (section 1),Stolen goods,A no further action disposal,,False
Person search,2023-03-31T18:35:00+00:00,False,,50.802460,0.308490,Male,10-17,White - English/Welsh/Scottish/Northern Irish/British,White,Misuse of Drugs Act 1971 (section 23),Controlled drugs,A no further action disposal,,False
Person search,2023-03-31T21:08:00+00:00,False,,50.828302,-0.414241,Male,18-24,White - English/Welsh/Scottish/Northern Irish/British,White,Misuse of Drugs Act 1971 (section 23),Controlled drugs,A no further action disposal,False,False
Person search,2023-03-31T21:10:00+00:00,False,,50.828302,-0.414241,Male,18-24,White - English/Welsh/Scottish/Northern Irish/British,White,Misuse of Drugs Act 1971 (section 23),Controlled drugs,A no further action disposal,,False
Person search,2023-03-31T21:15:00+00:00,False,,50.828302,-0.414241,Female,10-17,White - English/Welsh/Scottish/Northern Irish/British,White,Misuse of Drugs Act 1971 (section 23),Controlled drugs,A no further action disposal,,False
Person search,2023-03-31T22:17:00+00:00,False,,51.048287,-0.280508,Male,18-24,White - English/Welsh/Scottish/Northern Irish/British,White,Misuse of Drugs Act 1971 (section 23),Controlled drugs,Community resolution,True,False
Person search,2023-03-31T22:20:00+00:00,False,,51.115010,-0.189092,Male,18-24,,Black,Psychoactive Substances Act 2016 (s36(2)),Psychoactive substances,A no further action disposal,,False
Person search,2023-03-31T22:20:00+00:00,False,,51.115010,-0.189092,Male,18-24,Black/African/Caribbean/Black British - Any other Black/African/Caribbean background,White,Misuse of Drugs Act 1971 (section 23),Controlled drugs,Community resolution,True,False
Person search,2023-03-31T22:20:00+00:00,False,,51.115010,-0.189092,Male,18-24,,Black,Psychoactive Substances Act 2016 (s36(2)),Psychoactive substances,A no further action disposal,,False
Person search,2023-03-31T22:20:00+00:00,False,,51.116206,-0.181516,Male,25-34,,Black,Psychoactive Substances Act 2016 (s36(2)),Psychoactive substances,A no further action disposal,,False
Person search,2023-03-31T22:25:00+00:00,False,,51.048287,-0.280508,Male,18-24,White - English/Welsh/Scottish/Northern Irish/British,White,Misuse of Drugs Act 1971 (section 23),Controlled drugs,Community resolution,True,False
Person search,2023-03-31T22:30:00+00:00,False,,51.048287,-0.280508,Male,18-24,Asian/Asian British - Pakistani,Asian,Misuse of Drugs Act 1971 (section 23),Controlled drugs,A no further action disposal,,False
Person search,2023-03-31T22:30:00+00:00,False,,51.116206,-0.181516,Male,18-24,Black/African/Caribbean/Black British - Any other Black/African/Caribbean background,Black,Misuse of Drugs Act 1971 (section 23),Controlled drugs,Community resolution,True,False
