Type,Date,Part of a policing operation,Policing operation,Latitude,Longitude,Gender,Age range,Self-defined ethnicity,Officer-defined ethnicity,Legislation,Object of search,Outcome,Outcome linked to object of search,Removal of more than just outer clothing
Person search,2023-03-01T00:05:36+00:00,False,,52.703948,-2.703597,Female,18-24,White - English/Welsh/Scottish/Northern Irish/British,White,Misuse of Drugs Act 1971 (section 23),Controlled drugs,Arrest,False,
Person search,2023-03-01T00:14:57+00:00,False,,52.403124,-2.226019,Male,18-24,White - English/Welsh/Scottish/Northern Irish/British,White,Misuse of Drugs Act 1971 (section 23),Controlled drugs,A no further action disposal,True,False
Person search,2023-03-01T00:15:38+00:00,False,,52.703932,-2.675507,Male,18-24,White - English/Welsh/Scottish/Northern Irish/British,White,Misuse of Drugs Act 1971 (section 23),Controlled drugs,Arrest,True,
Person search,2023-03-01T02:55:11+00:00,False,,,,Male,25-34,White - English/Welsh/Scottish/Northern Irish/British,White,Criminal Justice and Public Order Act 1994 (section 60),Offensive weapons,A no further action disposal,True,
Person search,2023-03-01T03:17:46+00:00,False,,52.643218,-2.437530,Male,over 34,Black/African/Caribbean/Black British - African,Black,Criminal Justice and Public Order Act 1994 (section 60),Anything to threaten or harm anyone,A no further action disposal,True,False
Person search,2023-03-01T10:59:32+00:00,False,,,,Female,25-34,Other ethnic group - Not stated,White,Misuse of Drugs Act 1971 (section 23),Controlled drugs,A no further action disposal,True,
Person search,2023-03-01T11:38:06+00:00,False,,,,Male,over 34,White - English/Welsh/Scottish/Northern Irish/British,White,Misuse of Drugs Act 1971 (section 23),Controlled drugs,A no further action disposal,True,
Person search,2023-03-01T20:23:00+00:00,False,,52.131733,-2.302595,Male,10-17,White - English/Welsh/Scottish/Northern Irish/British,White,Police and Criminal Evidence Act 1984 (section 1),Offensive weapons,A no further action disposal,True,
Person search,2023-03-01T20:23:49+00:00,False,,52.131733,-2.302595,Male,10-17,White - Any other White background,White,Police and Criminal Evidence Act 1984 (section 1),Offensive weapons,A no further action disposal,True,
Person and Vehicle search,2023-03-01T22:45:24+00:00,False,,52.703144,-2.603304,Male,over 34,White - English/Welsh/Scottish/Northern Irish/British,White,Wildlife and Countryside Act 1981 (section 19),Game or poaching equipment,Community resolution,True,
Person and Vehicle search,2023-03-01T22:45:24+00:00,False,,,,Male,18-24,White - Gypsy or Irish Traveller,White,Wildlife and Countryside Act 1981 (section 19),Game or poaching equipment,Community resolution,False,
Person and Vehicle search,2023-03-01T22:48:36+00:00,False,,52.703144,-2.603304,Male,18-24,White - English/Welsh/Scottish/Northern Irish/British,White,Wildlife and Countryside Act 1981 (section 19),Game or poaching equipment,Community resolution,True,
Person and Vehicle search,2023-03-01T22:53:05+00:00,False,,,,Male,18-24,White - Gypsy or Irish Traveller,White,Wildlife and Countryside Act 1981 (section 19),Game or poaching equipment,Community resolution,False,
Person and Vehicle search,2023-03-01T23:52:39+00:00,False,,52.861471,-3.051767,Male,18-24,White - English/Welsh/Scottish/Northern Irish/British,White,Misuse of Drugs Act 1971 (section 23),Controlled drugs,Arrest,True,
Person search,2023-03-02T03:43:13+00:00,False,,52.770018,-2.377083,Male,18-24,White - English/Welsh/Scottish/Northern Irish/British,White,Police and Criminal Evidence Act 1984 (section 1),Article for use in theft,A no further action disposal,True,
Person search,2023-03-02T12:30:00+00:00,True,,52.306517,-1.936200,Male,18-24,White - English/Welsh/Scottish/Northern Irish/British,White,Misuse of Drugs Act 1971 (section 23),Controlled drugs,Arrest,True,True
Person search,2023-03-02T13:30:44+00:00,False,,52.709648,-2.738961,Male,10-17,White - English/Welsh/Scottish/Northern Irish/British,White,Police and Criminal Evidence Act 1984 (section 1),Stolen goods,A no further action disposal,True,False
Person search,2023-03-02T14:24:23+00:00,True,,,,Male,18-24,White - English/Welsh/Scottish/Northern Irish/British,White,Misuse of Drugs Act 1971 (section 23),Controlled drugs,A no further action disposal,True,False
Person search,2023-03-02T16:53:59+00:00,True,,52.193422,-2.218662,Male,18-24,White - English/Welsh/Scottish/Northern Irish/British,White,Misuse of Drugs Act 1971 (section 23),Controlled drugs,Arrest,False,
Person search,2023-03-02T19:48:28+00:00,False,,,,Male,25-34,White - English/Welsh/Scottish/Northern Irish/British,White,Misuse of Drugs Act 1971 (section 23),Controlled drugs,A no further action disposal,True,False
Person search,2023-03-02T19:48:49+00:00,False,,,,Male,10-17,White - English/Welsh/Scottish/Northern Irish/British,White,Police and Criminal Evidence Act 1984 (section 1),Offensive weapons,Arrest,True,
Person search,2023-03-02T19:55:01+00:00,False,,52.653143,-2.439950,Male,10-17,White - English/Welsh/Scottish/Northern Irish/British,White,Police and Criminal Evidence Act 1984 (section 1),Offensive weapons,A no further action disposal,True,
Person search,2023-03-02T19:57:11+00:00,False,,52.674053,-2.447126,Male,25-34,White - English/Welsh/Scottish/Northern Irish/British,Mixed,Criminal Justice and Public Order Act 1994 (section 60),Anything to threaten or harm anyone,A no further action disposal,True,False
Person search,2023-03-02T20:00:44+00:00,False,,,,Male,18-24,White - English/Welsh/Scottish/Northern Irish/British,White,Police and Criminal Evidence Act 1984 (section 1),Anything to threaten or harm anyone,A no further action disposal,True,
Person and Vehicle search,2023-03-02T20:41:45+00:00,False,,52.213082,-3.035824,Male,10-17,White - English/Welsh/Scottish/Northern Irish/British,White,Misuse of Drugs Act 1971 (section 23),Controlled drugs,Community resolution,True,
Person search,2023-03-02T21:24:18+00:00,False,,,,Male,25-34,White - English/Welsh/Scottish/Northern Irish/British,White,Misuse of Drugs Act 1971 (section 23),Controlled drugs,Community resolution,True,
Person search,2023-03-02T22:10:56+00:00,False,,,,Male,over 34,White - English/Welsh/Scottish/Northern Irish/British,White,Misuse of Drugs Act 1971 (section 23),Controlled drugs,A no further action disposal,True,False
Person and Vehicle search,2023-03-03T00:32:00+00:00,False,,52.048966,-2.719041,Female,10-17,White - English/Welsh/Scottish/Northern Irish/British,White,Police and Criminal Evidence Act 1984 (section 1),Controlled drugs,A no further action disposal,True,
Person and Vehicle search,2023-03-03T09:40:00+00:00,False,,52.084901,-2.167346,Male,18-24,Black/African/Caribbean/Black British - Caribbean,Black,Misuse of Drugs Act 1971 (section 23),Controlled drugs,Arrest,False,
Person search,2023-03-03T10:16:28+00:00,False,,52.709268,-2.752202,Male,over 34,White - English/Welsh/Scottish/Northern Irish/British,White,Misuse of Drugs Act 1971 (section 23),Controlled drugs,A no further action disposal,True,
Person and Vehicle search,2023-03-03T13:26:59+00:00,False,,52.048998,-2.719698,Male,over 34,White - English/Welsh/Scottish/Northern Irish/British,White,Misuse of Drugs Act 1971 (section 23),Controlled drugs,Arrest,True,
Person and Vehicle search,2023-03-03T13:35:51+00:00,False,,52.059466,-2.708854,Female,over 34,White - English/Welsh/Scottish/Northern Irish/British,White,Misuse of Drugs Act 1971 (section 23),Controlled drugs,Arrest,False,
Person and Vehicle search,2023-03-03T13:43:18+00:00,False,,52.188406,-2.213181,Male,18-24,White - English/Welsh/Scottish/Northern Irish/British,White,Misuse of Drugs Act 1971 (section 23),Controlled drugs,Arrest,True,
Person search,2023-03-03T16:00:00+00:00,False,,52.729429,-2.719438,Male,25-34,Other ethnic group - Not stated,White,Misuse of Drugs Act 1971 (section 23),Controlled drugs,Arrest,True,
Person search,2023-03-03T16:01:29+00:00,True,,52.306747,-1.946730,Male,10-17,White - English/Welsh/Scottish/Northern Irish/British,White,Police and Criminal Evidence Act 1984 (section 1),Offensive weapons,A no further action disposal,True,
Person search,2023-03-03T16:11:42+00:00,False,,52.127622,-2.299996,Male,25-34,Other ethnic group - Any other ethnic group,Other,Police and Criminal Evidence Act 1984 (section 1),Stolen goods,Arrest,False,
Person search,2023-03-03T16:13:34+00:00,False,,,,Male,18-24,Asian/Asian British - Any other Asian background,Asian,Police and Criminal Evidence Act 1984 (section 1),Stolen goods,Arrest,False,
Person and Vehicle search,2023-03-03T16:17:36+00:00,True,,52.729104,-2.718144,Male,18-24,Other ethnic group - Not stated,Black,Misuse of Drugs Act 1971 (section 23),Controlled drugs,Arrest,True,
Person search,2023-03-03T16:48:12+00:00,False,,52.198051,-2.169993,Male,18-24,Mixed/Multiple ethnic groups - Any other Mixed/Multiple ethnic background,White,Police and Criminal Evidence Act 1984 (section 1),Article for use in theft,Arrest,False,
Person search,2023-03-03T17:00:00+00:00,False,,52.307565,-1.945321,Male,25-34,Black/African/Caribbean/Black British - Any other Black/African/Caribbean background,Black,Misuse of Drugs Act 1971 (section 23),Controlled drugs,Khat or Cannabis warning,True,
Person search,2023-03-03T17:42:25+00:00,True,,,,Male,10-17,White - English/Welsh/Scottish/Northern Irish/British,White,Misuse of Drugs Act 1971 (section 23),Controlled drugs,A no further action disposal,True,
Person search,2023-03-03T17:46:15+00:00,True,,,,Male,25-34,White - English/Welsh/Scottish/Northern Irish/British,White,Misuse of Drugs Act 1971 (section 23),Controlled drugs,A no further action disposal,True,
Person search,2023-03-03T18:28:17+00:00,False,,52.863119,-3.057511,Male,25-34,White - English/Welsh/Scottish/Northern Irish/British,White,Misuse of Drugs Act 1971 (section 23),Controlled drugs,Arrest,False,False
Person search,2023-03-03T18:46:39+00:00,True,,,,Male,18-24,White - English/Welsh/Scottish/Northern Irish/British,White,Misuse of Drugs Act 1971 (section 23),Controlled drugs,A no further action disposal,True,True
Person search,2023-03-03T19:40:29+00:00,False,,52.716376,-2.725278,Male,25-34,White - English/Welsh/Scottish/Northern Irish/British,White,Misuse of Drugs Act 1971 (section 23),Controlled drugs,Khat or Cannabis warning,True,False
Person search,2023-03-03T19:45:12+00:00,True,,,,Male,25-34,White - English/Welsh/Scottish/Northern Irish/British,White,Misuse of Drugs Act 1971 (section 23),Controlled drugs,Community resolution,True,
Person search,2023-03-03T21:04:48+00:00,False,,52.131345,-2.302929,Male,10-17,White - English/Welsh/Scottish/Northern Irish/British,White,Police and Criminal Evidence Act 1984 (section 1),Offensive weapons,A no further action disposal,True,
Person search,2023-03-03T22:01:53+00:00,False,,52.693097,-2.756171,Male,25-34,Mixed/Multiple ethnic groups - White and Black African,Mixed,Misuse of Drugs Act 1971 (section 23),Controlled drugs,Khat or Cannabis warning,True,
Person search,2023-03-03T23:42:27+00:00,False,,,,Male,18-24,White - English/Welsh/Scottish/Northern Irish/British,White,Misuse of Drugs Act 1971 (section 23),Controlled drugs,Community resolution,True,False
Person search,2023-03-03T23:47:52+00:00,False,,52.192291,-2.218576,Male,25-34,White - English/Welsh/Scottish/Northern Irish/British,White,Misuse of Drugs Act 1971 (section 23),Controlled drugs,A no further action disposal,True,
Person search,2023-03-04T00:52:15+00:00,False,,,,Male,18-24,Other ethnic group - Not stated,White,Misuse of Drugs Act 1971 (section 23),Controlled drugs,A no further action disposal,True,
Person search,2023-03-04T00:53:56+00:00,False,,52.195648,-2.220867,Male,25-34,White - English/Welsh/Scottish/Northern Irish/British,White,Misuse of Drugs Act 1971 (section 23),Controlled drugs,A no further action disposal,True,
Person search,2023-03-04T01:31:16+00:00,False,,52.708478,-2.757783,Male,10-17,White - English/Welsh/Scottish/Northern Irish/British,White,Misuse of Drugs Act 1971 (section 23),Controlled drugs,A no further action disposal,True,
Person search,2023-03-04T01:32:01+00:00,False,,,,Male,18-24,White - English/Welsh/Scottish/Northern Irish/British,White,Misuse of Drugs Act 1971 (section 23),Controlled drugs,A no further action disposal,True,
Person search,2023-03-04T13:00:27+00:00,False,,52.039803,-2.420021,Male,10-17,White - English/Welsh/Scottish/Northern Irish/British,White,Misuse of Drugs Act 1971 (section 23),Controlled drugs,Khat or Cannabis warning,True,False
Person search,2023-03-04T13:02:23+00:00,False,,52.039803,-2.420021,Male,10-17,White - English/Welsh/Scottish/Northern Irish/British,White,Misuse of Drugs Act 1971 (section 23),Controlled drugs,Khat or Cannabis warning,True,False
Person search,2023-03-04T13:03:12+00:00,False,,52.039803,-2.420021,Male,10-17,White - English/Welsh/Scottish/Northern Irish/British,White,Misuse of Drugs Act 1971 (section 23),Stolen goods,Khat or Cannabis warning,True,False
Person search,2023-03-04T13:21:15+00:00,True,,52.091726,-1.946273,Female,18-24,White - English/Welsh/Scottish/Northern Irish/British,White,Misuse of Drugs Act 1971 (section 23),Controlled drugs,Arrest,True,
Person search,2023-03-04T13:42:27+00:00,False,,52.713479,-2.745983,Male,25-34,White - English/Welsh/Scottish/Northern Irish/British,White,Misuse of Drugs Act 1971 (section 23),Controlled drugs,A no further action disposal,True,
Person search,2023-03-04T13:44:36+00:00,False,,52.712959,-2.749942,Male,over 34,White - English/Welsh/Scottish/Northern Irish/British,White,Misuse of Drugs Act 1971 (section 23),Controlled drugs,A no further action disposal,True,False
Person search,2023-03-04T15:02:07+00:00,False,,52.737814,-2.734461,Female,10-17,White - English/Welsh/Scottish/Northern Irish/British,White,Misuse of Drugs Act 1971 (section 23),Stolen goods,A no further action disposal,True,
Person search,2023-03-04T15:05:30+00:00,False,,52.738422,-2.739404,Male,10-17,White - English/Welsh/Scottish/Northern Irish/British,White,Police and Criminal Evidence Act 1984 (section 1),Offensive weapons,A no further action disposal,True,
Person search,2023-03-04T18:13:46+00:00,True,,,,Male,18-24,White - English/Welsh/Scottish/Northern Irish/British,White,Misuse of Drugs Act 1971 (section 23),Controlled drugs,A no further action disposal,True,
Person search,2023-03-04T22:12:21+00:00,True,,52.707901,-2.752341,Male,25-34,White - English/Welsh/Scottish/Northern Irish/British,White,Misuse of Drugs Act 1971 (section 23),Controlled drugs,Community resolution,True,False
Person search,2023-03-04T22:14:40+00:00,True,,52.711152,-2.751480,Male,25-34,White - English/Welsh/Scottish/Northern Irish/British,White,Misuse of Drugs Act 1971 (section 23),Controlled drugs,A no further action disposal,True,
Person search,2023-03-04T22:19:06+00:00,True,,,,Male,25-34,Asian/Asian British - Indian,Other,Misuse of Drugs Act 1971 (section 23),Controlled drugs,A no further action disposal,True,
Person search,2023-03-04T22:21:08+00:00,True,,52.708867,-2.754504,Male,18-24,White - English/Welsh/Scottish/Northern Irish/British,White,Misuse of Drugs Act 1971 (section 23),Controlled drugs,Community resolution,False,
Person search,2023-03-04T23:38:00+00:00,True,,52.711502,-2.750183,Male,18-24,White - English/Welsh/Scottish/Northern Irish/British,White,Misuse of Drugs Act 1971 (section 23),Controlled drugs,A no further action disposal,True,
Person search,2023-03-05T00:13:56+00:00,True,,,,Male,25-34,Other ethnic group - Not stated,White,Misuse of Drugs Act 1971 (section 23),Controlled drugs,A no further action disposal,True,
Person search,2023-03-05T00:16:19+00:00,True,,52.708439,-2.756821,Male,18-24,White - English/Welsh/Scottish/Northern Irish/British,White,Misuse of Drugs Act 1971 (section 23),Controlled drugs,A no further action disposal,True,
Person search,2023-03-05T00:18:33+00:00,True,,52.708439,-2.756821,Male,18-24,White - English/Welsh/Scottish/Northern Irish/British,White,Misuse of Drugs Act 1971 (section 23),Controlled drugs,A no further action disposal,True,
Person search,2023-03-05T00:25:00+00:00,True,,,,Male,18-24,Other ethnic group - Not stated,White,Misuse of Drugs Act 1971 (section 23),Controlled drugs,A no further action disposal,True,
Person search,2023-03-05T00:26:00+00:00,True,,,,Male,25-34,White - Any other White background,White,Misuse of Drugs Act 1971 (section 23),Controlled drugs,A no further action disposal,True,
Person search,2023-03-05T00:30:00+00:00,True,,,,Male,25-34,White - English/Welsh/Scottish/Northern Irish/British,White,Misuse of Drugs Act 1971 (section 23),Controlled drugs,A no further action disposal,True,
Person search,2023-03-05T00:30:00+00:00,True,,,,Male,25-34,Other ethnic group - Not stated,White,Misuse of Drugs Act 1971 (section 23),Controlled drugs,A no further action disposal,True,
Person search,2023-03-05T00:34:00+00:00,True,,52.708478,-2.757783,Male,18-24,White - English/Welsh/Scottish/Northern Irish/British,White,Misuse of Drugs Act 1971 (section 23),Controlled drugs,A no further action disposal,True,
Person search,2023-03-05T00:40:00+00:00,True,,,,Male,18-24,Other ethnic group - Not stated,White,Misuse of Drugs Act 1971 (section 23),Controlled drugs,A no further action disposal,True,
Person search,2023-03-05T00:42:44+00:00,True,,52.708439,-2.756821,Male,18-24,White - English/Welsh/Scottish/Northern Irish/British,White,Misuse of Drugs Act 1971 (section 23),Controlled drugs,A no further action disposal,True,
Person search,2023-03-05T00:50:00+00:00,True,,,,Male,25-34,White - English/Welsh/Scottish/Northern Irish/British,White,Misuse of Drugs Act 1971 (section 23),Controlled drugs,A no further action disposal,True,
Person search,2023-03-05T00:50:00+00:00,True,,52.708478,-2.757783,Male,18-24,White - English/Welsh/Scottish/Northern Irish/British,White,Misuse of Drugs Act 1971 (section 23),Controlled drugs,A no further action disposal,True,
Person search,2023-03-05T00:50:00+00:00,False,,52.708439,-2.756821,Male,18-24,White - English/Welsh/Scottish/Northern Irish/British,White,Misuse of Drugs Act 1971 (section 23),Controlled drugs,A no further action disposal,True,
Person search,2023-03-05T00:58:20+00:00,True,,52.709193,-2.757026,Male,18-24,Other ethnic group - Not stated,Black,Misuse of Drugs Act 1971 (section 23),Controlled drugs,A no further action disposal,True,
Person search,2023-03-05T01:18:00+00:00,True,,52.708478,-2.757783,Male,18-24,White - English/Welsh/Scottish/Northern Irish/British,White,Misuse of Drugs Act 1971 (section 23),Controlled drugs,A no further action disposal,True,
Person search,2023-03-05T01:20:00+00:00,True,,,,Male,18-24,White - English/Welsh/Scottish/Northern Irish/British,White,Misuse of Drugs Act 1971 (section 23),Controlled drugs,A no further action disposal,True,
Person search,2023-03-05T01:22:00+00:00,True,,,,Male,25-34,Other ethnic group - Not stated,White,Misuse of Drugs Act 1971 (section 23),Controlled drugs,A no further action disposal,True,
Person search,2023-03-05T01:27:40+00:00,True,,52.711502,-2.750183,Female,25-34,White - English/Welsh/Scottish/Northern Irish/British,White,Misuse of Drugs Act 1971 (section 23),Controlled drugs,A no further action disposal,True,False
Person search,2023-03-05T03:17:20+00:00,True,,,,Male,25-34,White - Any other White background,White,Misuse of Drugs Act 1971 (section 23),Controlled drugs,A no further action disposal,True,False
Person search,2023-03-05T03:20:01+00:00,True,,52.716376,-2.725278,Male,18-24,Other ethnic group - Arab,Other,Misuse of Drugs Act 1971 (section 23),Controlled drugs,A no further action disposal,True,
Person and Vehicle search,2023-03-05T06:01:22+00:00,False,,52.639351,-2.114291,Male,18-24,Black/African/Caribbean/Black British - Any other Black/African/Caribbean background,Black,Police and Criminal Evidence Act 1984 (section 1),Article for use in theft,A no further action disposal,True,
Person search,2023-03-05T08:27:00+00:00,False,,,,Female,over 34,White - English/Welsh/Scottish/Northern Irish/British,White,Misuse of Drugs Act 1971 (section 23),Controlled drugs,Arrest,True,True
Person search,2023-03-05T14:34:39+00:00,False,,52.311547,-1.927040,Male,over 34,White - English/Welsh/Scottish/Northern Irish/British,White,Misuse of Drugs Act 1971 (section 23),Controlled drugs,A no further action disposal,True,
Person search,2023-03-05T14:36:10+00:00,False,,52.311547,-1.927040,Female,25-34,White - English/Welsh/Scottish/Northern Irish/British,White,Misuse of Drugs Act 1971 (section 23),Controlled drugs,Arrest,False,
Person search,2023-03-05T15:38:03+00:00,False,,52.675415,-2.447943,Male,10-17,White - English/Welsh/Scottish/Northern Irish/British,White,Police and Criminal Evidence Act 1984 (section 1),Anything to threaten or harm anyone,A no further action disposal,True,
Person search,2023-03-05T15:59:28+00:00,False,,52.675415,-2.447943,Male,25-34,White - English/Welsh/Scottish/Northern Irish/British,White,Police and Criminal Evidence Act 1984 (section 1),Offensive weapons,Arrest,False,
Person and Vehicle search,2023-03-05T18:00:00+00:00,False,,52.246458,-2.708097,Male,25-34,White - English/Welsh/Scottish/Northern Irish/British,White,Misuse of Drugs Act 1971 (section 23),Controlled drugs,A no further action disposal,True,
Person and Vehicle search,2023-03-05T18:00:00+00:00,False,,52.246458,-2.708097,Male,25-34,White - English/Welsh/Scottish/Northern Irish/British,White,Misuse of Drugs Act 1971 (section 23),Controlled drugs,A no further action disposal,True,
Person and Vehicle search,2023-03-05T18:00:00+00:00,False,,52.246458,-2.708097,Male,18-24,White - English/Welsh/Scottish/Northern Irish/British,White,Misuse of Drugs Act 1971 (section 23),Controlled drugs,A no further action disposal,True,False
Person search,2023-03-05T18:27:00+00:00,False,,,,Male,over 34,Other ethnic group - Not stated,White,Misuse of Drugs Act 1971 (section 23),Controlled drugs,Arrest,True,True
Person search,2023-03-05T21:20:00+00:00,False,,,,Male,18-24,Other ethnic group - Not stated,Mixed,Misuse of Drugs Act 1971 (section 23),Controlled drugs,Arrest,True,
Person search,2023-03-05T23:38:59+00:00,False,,52.720451,-2.747997,Male,18-24,White - English/Welsh/Scottish/Northern Irish/British,White,Misuse of Drugs Act 1971 (section 23),Controlled drugs,Khat or Cannabis warning,True,False
Person search,2023-03-05T23:53:52+00:00,True,,52.673825,-2.771248,Female,18-24,White - English/Welsh/Scottish/Northern Irish/British,White,Misuse of Drugs Act 1971 (section 23),Controlled drugs,Khat or Cannabis warning,True,False
Person search,2023-03-06T15:28:26+00:00,False,,52.193372,-2.221266,Male,over 34,White - English/Welsh/Scottish/Northern Irish/British,White,Misuse of Drugs Act 1971 (section 23),Controlled drugs,A no further action disposal,True,
Person and Vehicle search,2023-03-06T23:23:24+00:00,False,,52.721267,-2.751209,Male,25-34,White - English/Welsh/Scottish/Northern Irish/British,Mixed,Misuse of Drugs Act 1971 (section 23),Controlled drugs,Arrest,True,
Person search,2023-03-07T03:34:19+00:00,False,,52.222574,-2.734008,Male,25-34,White - English/Welsh/Scottish/Northern Irish/British,White,Police and Criminal Evidence Act 1984 (section 1),Article for use in theft,Community resolution,True,
Person and Vehicle search,2023-03-07T17:37:58+00:00,False,,52.651336,-2.294850,Male,over 34,White - English/Welsh/Scottish/Northern Irish/British,White,Firearms Act 1968 (section 47),Firearms,A no further action disposal,True,
Person and Vehicle search,2023-03-07T17:37:58+00:00,False,,52.651336,-2.294850,Female,over 34,White - English/Welsh/Scottish/Northern Irish/British,White,Firearms Act 1968 (section 47),Firearms,A no further action disposal,True,
Person search,2023-03-07T21:14:45+00:00,False,,52.114125,-1.923565,Male,10-17,White - Gypsy or Irish Traveller,White,Police and Criminal Evidence Act 1984 (section 1),Article for use in theft,Arrest,True,
Person search,2023-03-07T21:19:24+00:00,False,,52.114125,-1.923565,Male,10-17,White - Gypsy or Irish Traveller,White,Police and Criminal Evidence Act 1984 (section 1),Article for use in theft,Arrest,False,
Person search,2023-03-07T21:25:37+00:00,False,,52.114125,-1.923565,Male,18-24,White - English/Welsh/Scottish/Northern Irish/British,White,Police and Criminal Evidence Act 1984 (section 1),Articles for use in criminal damage,Arrest,True,
Person search,2023-03-07T21:52:30+00:00,False,,,,Male,10-17,White - English/Welsh/Scottish/Northern Irish/British,White,Police and Criminal Evidence Act 1984 (section 1),Controlled drugs,Arrest,True,
Person search,2023-03-07T22:19:06+00:00,False,,,,Female,25-34,White - Any other White background,White,Misuse of Drugs Act 1971 (section 23),Controlled drugs,A no further action disposal,True,True
Person search,2023-03-07T23:17:43+00:00,False,,52.080201,-1.952851,Male,25-34,White - English/Welsh/Scottish/Northern Irish/British,White,Police and Criminal Evidence Act 1984 (section 1),Stolen goods,A no further action disposal,True,
Person and Vehicle search,2023-03-08T01:00:32+00:00,False,,,,Male,18-24,White - English/Welsh/Scottish/Northern Irish/British,White,Misuse of Drugs Act 1971 (section 23),Controlled drugs,Arrest,False,
Person and Vehicle search,2023-03-08T04:29:40+00:00,False,,52.311392,-1.911683,Male,25-34,Asian/Asian British - Any other Asian background,Asian,Misuse of Drugs Act 1971 (section 23),Controlled drugs,A no further action disposal,True,
Person search,2023-03-08T04:37:50+00:00,False,,,,Male,18-24,White - English/Welsh/Scottish/Northern Irish/British,White,Misuse of Drugs Act 1971 (section 23),Controlled drugs,A no further action disposal,True,
Person search,2023-03-08T04:51:16+00:00,False,,52.653511,-2.437485,Male,over 34,Black/African/Caribbean/Black British - African,Black,Police and Criminal Evidence Act 1984 (section 1),Stolen goods,A no further action disposal,True,
Person search,2023-03-08T12:17:55+00:00,False,,52.717321,-2.439752,Female,over 34,White - English/Welsh/Scottish/Northern Irish/British,White,Misuse of Drugs Act 1971 (section 23),Controlled drugs,A no further action disposal,True,
Person search,2023-03-08T12:22:09+00:00,False,,,,Male,25-34,White - English/Welsh/Scottish/Northern Irish/British,White,Police and Criminal Evidence Act 1984 (section 1),Stolen goods,A no further action disposal,True,
Person and Vehicle search,2023-03-08T14:54:52+00:00,False,,52.692034,-2.755116,Male,25-34,White - English/Welsh/Scottish/Northern Irish/British,White,Misuse of Drugs Act 1971 (section 23),Controlled drugs,A no further action disposal,True,True
Person search,2023-03-08T16:53:13+00:00,False,,52.695006,-2.612583,Male,over 34,White - English/Welsh/Scottish/Northern Irish/British,White,Misuse of Drugs Act 1971 (section 23),Controlled drugs,A no further action disposal,True,
Person search,2023-03-08T17:55:12+00:00,False,,52.195299,-2.176757,Male,over 34,White - English/Welsh/Scottish/Northern Irish/British,White,Police and Criminal Evidence Act 1984 (section 1),Anything to threaten or harm anyone,Arrest,False,
Person and Vehicle search,2023-03-08T20:08:45+00:00,False,,,,Male,18-24,White - English/Welsh/Scottish/Northern Irish/British,White,Misuse of Drugs Act 1971 (section 23),Controlled drugs,A no further action disposal,True,
Person search,2023-03-08T21:27:59+00:00,False,,52.125000,-2.319114,Male,10-17,White - English/Welsh/Scottish/Northern Irish/British,White,Police and Criminal Evidence Act 1984 (section 1),Offensive weapons,Arrest,False,False
Person search,2023-03-08T21:29:00+00:00,False,,52.125387,-2.319160,Male,10-17,White - English/Welsh/Scottish/Northern Irish/British,White,Police and Criminal Evidence Act 1984 (section 1),Offensive weapons,Arrest,False,
Person search,2023-03-08T22:08:15+00:00,False,,52.680015,-2.434496,Male,over 34,White - English/Welsh/Scottish/Northern Irish/British,White,Police and Criminal Evidence Act 1984 (section 1),Article for use in theft,A no further action disposal,True,
Person search,2023-03-09T07:50:05+00:00,False,,,,Male,over 34,White - English/Welsh/Scottish/Northern Irish/British,White,Police and Criminal Evidence Act 1984 (section 1),Article for use in theft,Arrest,False,
Person search,2023-03-09T16:07:16+00:00,False,,52.204182,-2.214618,Male,10-17,White - English/Welsh/Scottish/Northern Irish/British,White,Police and Criminal Evidence Act 1984 (section 1),Offensive weapons,A no further action disposal,True,
Person search,2023-03-09T16:09:40+00:00,False,,,,Male,10-17,White - English/Welsh/Scottish/Northern Irish/British,White,Police and Criminal Evidence Act 1984 (section 1),Offensive weapons,A no further action disposal,True,
Person search,2023-03-09T18:10:12+00:00,False,,52.638592,-2.452220,Male,25-34,White - English/Welsh/Scottish/Northern Irish/British,White,Misuse of Drugs Act 1971 (section 23),Controlled drugs,Arrest,True,
Person search,2023-03-09T22:00:31+00:00,False,,52.693803,-2.726679,Male,over 34,White - English/Welsh/Scottish/Northern Irish/British,White,Police and Criminal Evidence Act 1984 (section 1),Stolen goods,Arrest,True,
Person and Vehicle search,2023-03-10T02:23:34+00:00,True,,52.077122,-2.721084,Male,over 34,White - English/Welsh/Scottish/Northern Irish/British,White,Police and Criminal Evidence Act 1984 (section 1),Stolen goods,Penalty Notice for Disorder,True,
Person search,2023-03-10T03:57:58+00:00,False,,52.718250,-2.438888,Male,over 34,Other ethnic group - Not stated,White,Police and Criminal Evidence Act 1984 (section 1),Article for use in theft,A no further action disposal,True,
Person and Vehicle search,2023-03-10T12:51:37+00:00,False,,52.364808,-1.950905,Male,25-34,Asian/Asian British - Indian,Asian,Police and Criminal Evidence Act 1984 (section 1),Article for use in theft,Arrest,False,
Person and Vehicle search,2023-03-10T14:47:25+00:00,False,,52.716981,-2.492007,Male,18-24,White - English/Welsh/Scottish/Northern Irish/British,White,Misuse of Drugs Act 1971 (section 23),Controlled drugs,A no further action disposal,True,
Person search,2023-03-10T15:19:20+00:00,False,,,,Male,over 34,White - English/Welsh/Scottish/Northern Irish/British,White,Police and Criminal Evidence Act 1984 (section 1),Stolen goods,Arrest,True,
Person search,2023-03-10T15:34:12+00:00,False,,51.925749,-2.572694,Female,over 34,White - English/Welsh/Scottish/Northern Irish/British,White,Police and Criminal Evidence Act 1984 (section 1),Stolen goods,Arrest,True,False
Person search,2023-03-10T15:45:07+00:00,False,,52.111245,-1.951241,Male,18-24,Asian/Asian British - Any other Asian background,Asian,Misuse of Drugs Act 1971 (section 23),Controlled drugs,Community resolution,True,
Person search,2023-03-10T16:12:05+00:00,False,,52.057818,-2.713929,Female,10-17,White - English/Welsh/Scottish/Northern Irish/British,White,Police and Criminal Evidence Act 1984 (section 1),Stolen goods,A no further action disposal,True,
Person search,2023-03-10T18:12:40+00:00,False,,52.669123,-2.372975,Male,25-34,Other ethnic group - Not stated,White,Misuse of Drugs Act 1971 (section 23),Controlled drugs,A no further action disposal,True,True
Person search,2023-03-10T18:21:21+00:00,False,,52.708103,-2.754580,Male,18-24,White - English/Welsh/Scottish/Northern Irish/British,White,Misuse of Drugs Act 1971 (section 23),Controlled drugs,A no further action disposal,True,
Person search,2023-03-10T20:12:58+00:00,False,,52.190037,-2.225798,Male,10-17,White - English/Welsh/Scottish/Northern Irish/British,White,Police and Criminal Evidence Act 1984 (section 1),Offensive weapons,Arrest,False,
Person and Vehicle search,2023-03-10T20:49:16+00:00,False,,52.531321,-2.407509,Male,over 34,White - English/Welsh/Scottish/Northern Irish/British,White,Misuse of Drugs Act 1971 (section 23),Controlled drugs,A no further action disposal,True,
Person and Vehicle search,2023-03-10T22:25:32+00:00,False,,52.689412,-2.497866,Male,18-24,Asian/Asian British - Pakistani,Asian,Misuse of Drugs Act 1971 (section 23),Controlled drugs,A no further action disposal,True,
Person and Vehicle search,2023-03-10T22:25:32+00:00,False,,52.689412,-2.497866,Male,25-34,White - English/Welsh/Scottish/Northern Irish/British,White,Misuse of Drugs Act 1971 (section 23),Controlled drugs,A no further action disposal,True,
Person search,2023-03-10T23:03:00+00:00,False,,,,Male,18-24,White - English/Welsh/Scottish/Northern Irish/British,White,Police and Criminal Evidence Act 1984 (section 1),Article for use in theft,Arrest,True,
Person search,2023-03-10T23:47:50+00:00,False,,52.307481,-1.940335,Male,18-24,Other ethnic group - Not stated,White,Misuse of Drugs Act 1971 (section 23),Controlled drugs,A no further action disposal,True,
Person search,2023-03-11T01:43:57+00:00,False,,,,Male,18-24,White - English/Welsh/Scottish/Northern Irish/British,White,Misuse of Drugs Act 1971 (section 23),Controlled drugs,A no further action disposal,True,
Person search,2023-03-11T14:50:00+00:00,True,,,,Male,25-34,White - English/Welsh/Scottish/Northern Irish/British,White,Police and Criminal Evidence Act 1984 (section 1),Fireworks,A no further action disposal,True,
Person search,2023-03-11T23:13:31+00:00,True,,52.394080,-1.990595,Male,10-17,Other ethnic group - Not stated,Black,Police and Criminal Evidence Act 1984 (section 1),Offensive weapons,A no further action disposal,True,
Person search,2023-03-11T23:57:48+00:00,False,,,,Male,10-17,White - English/Welsh/Scottish/Northern Irish/British,White,Misuse of Drugs Act 1971 (section 23),Controlled drugs,Community resolution,True,False
Person search,2023-03-12T01:59:42+00:00,False,,52.193258,-2.219963,Male,18-24,White - English/Welsh/Scottish/Northern Irish/British,White,Police and Criminal Evidence Act 1984 (section 1),Offensive weapons,A no further action disposal,True,
Person and Vehicle search,2023-03-12T02:28:26+00:00,False,,52.084678,-1.952248,Male,over 34,White - Any other White background,White,Misuse of Drugs Act 1971 (section 23),Controlled drugs,A no further action disposal,True,
Person search,2023-03-12T05:16:33+00:00,False,,52.704023,-2.748649,Male,18-24,White - English/Welsh/Scottish/Northern Irish/British,White,Police and Criminal Evidence Act 1984 (section 1),Offensive weapons,A no further action disposal,True,
Person search,2023-03-12T05:25:18+00:00,False,,52.709648,-2.738961,Male,18-24,White - English/Welsh/Scottish/Northern Irish/British,White,Police and Criminal Evidence Act 1984 (section 1),Offensive weapons,Arrest,False,
Person search,2023-03-12T10:09:01+00:00,False,,52.301109,-1.944185,Male,over 34,White - English/Welsh/Scottish/Northern Irish/British,White,Police and Criminal Evidence Act 1984 (section 1),Stolen goods,Arrest,True,
Person search,2023-03-12T14:47:09+00:00,False,,52.391024,-2.234553,Male,18-24,White - English/Welsh/Scottish/Northern Irish/British,White,Misuse of Drugs Act 1971 (section 23),Controlled drugs,A no further action disposal,True,
Person search,2023-03-12T15:44:56+00:00,False,,52.801910,-2.544613,Male,18-24,White - English/Welsh/Scottish/Northern Irish/British,White,Misuse of Drugs Act 1971 (section 23),Controlled drugs,A no further action disposal,True,
Person search,2023-03-12T15:44:56+00:00,False,,52.801910,-2.544613,Male,25-34,Asian/Asian British - Pakistani,Asian,Misuse of Drugs Act 1971 (section 23),Controlled drugs,A no further action disposal,True,
Person search,2023-03-12T15:45:49+00:00,False,,52.393367,-2.236403,Male,18-24,White - English/Welsh/Scottish/Northern Irish/British,White,Police and Criminal Evidence Act 1984 (section 1),Article for use in theft,A no further action disposal,True,
Person search,2023-03-12T18:08:18+00:00,False,,52.674431,-2.446908,Male,10-17,White - English/Welsh/Scottish/Northern Irish/British,White,Police and Criminal Evidence Act 1984 (section 1),Offensive weapons,A no further action disposal,True,
Person and Vehicle search,2023-03-12T20:09:15+00:00,False,,52.702355,-2.493973,Male,18-24,Other ethnic group - Not stated,Asian,Police and Criminal Evidence Act 1984 (section 1),Stolen goods,A no further action disposal,True,
Person and Vehicle search,2023-03-12T20:12:09+00:00,False,,52.701944,-2.493495,Male,18-24,Asian/Asian British - Pakistani,Asian,Police and Criminal Evidence Act 1984 (section 1),Stolen goods,A no further action disposal,True,
Person and Vehicle search,2023-03-12T21:55:04+00:00,False,,52.096605,-1.945608,Male,18-24,White - English/Welsh/Scottish/Northern Irish/British,White,Misuse of Drugs Act 1971 (section 23),Controlled drugs,Community resolution,True,
Person search,2023-03-12T22:01:14+00:00,False,,52.096605,-1.945608,Male,18-24,Other ethnic group - Not stated,Mixed,Misuse of Drugs Act 1971 (section 23),Controlled drugs,A no further action disposal,True,
Person and Vehicle search,2023-03-12T22:24:58+00:00,False,,52.375778,-2.043333,Male,over 34,White - English/Welsh/Scottish/Northern Irish/British,White,Misuse of Drugs Act 1971 (section 23),Controlled drugs,Arrest,False,
Person and Vehicle search,2023-03-12T22:24:58+00:00,False,,52.375778,-2.043333,Female,over 34,White - English/Welsh/Scottish/Northern Irish/British,White,Misuse of Drugs Act 1971 (section 23),Controlled drugs,A no further action disposal,True,
Person search,2023-03-12T22:45:56+00:00,False,,52.674146,-2.455868,Male,over 34,White - English/Welsh/Scottish/Northern Irish/British,White,Misuse of Drugs Act 1971 (section 23),Controlled drugs,A no further action disposal,True,False
Person and Vehicle search,2023-03-12T23:34:22+00:00,False,,,,Female,18-24,White - English/Welsh/Scottish/Northern Irish/British,White,Misuse of Drugs Act 1971 (section 23),Controlled drugs,A no further action disposal,True,
Person search,2023-03-13T03:25:46+00:00,False,,,,Male,25-34,White - English/Welsh/Scottish/Northern Irish/British,White,Police and Criminal Evidence Act 1984 (section 1),Article for use in theft,A no further action disposal,True,
Person search,2023-03-13T11:40:45+00:00,False,,52.654409,-2.430458,Male,over 34,White - English/Welsh/Scottish/Northern Irish/British,White,Misuse of Drugs Act 1971 (section 23),Controlled drugs,A no further action disposal,True,
Person search,2023-03-13T13:11:20+00:00,False,,52.708103,-2.754580,Male,25-34,White - English/Welsh/Scottish/Northern Irish/British,White,Misuse of Drugs Act 1971 (section 23),Controlled drugs,A no further action disposal,True,
Person search,2023-03-13T13:12:55+00:00,False,,52.268866,-2.129888,Male,under 10,White - English/Welsh/Scottish/Northern Irish/British,White,Police and Criminal Evidence Act 1984 (section 1),Stolen goods,Arrest,True,
Person search,2023-03-13T13:16:32+00:00,False,,,,Male,25-34,White - English/Welsh/Scottish/Northern Irish/British,White,Police and Criminal Evidence Act 1984 (section 1),Stolen goods,Arrest,True,
Person search,2023-03-13T13:19:11+00:00,False,,52.268866,-2.129888,Male,10-17,White - Gypsy or Irish Traveller,White,Police and Criminal Evidence Act 1984 (section 1),Stolen goods,Arrest,False,
Person search,2023-03-13T19:21:57+00:00,False,,,,Female,over 34,White - English/Welsh/Scottish/Northern Irish/British,White,Misuse of Drugs Act 1971 (section 23),Controlled drugs,A no further action disposal,True,False
Person search,2023-03-13T21:10:23+00:00,False,,,,Male,10-17,White - English/Welsh/Scottish/Northern Irish/British,White,Police and Criminal Evidence Act 1984 (section 1),Anything to threaten or harm anyone,A no further action disposal,True,
Person search,2023-03-13T21:16:04+00:00,False,,52.883657,-3.035481,Male,18-24,Asian/Asian British - Indian,Asian,Misuse of Drugs Act 1971 (section 23),Controlled drugs,Summons / charged by post,False,
Person search,2023-03-13T21:18:38+00:00,False,,52.883657,-3.035481,Male,18-24,White - English/Welsh/Scottish/Northern Irish/British,White,Misuse of Drugs Act 1971 (section 23),Controlled drugs,A no further action disposal,True,
Person search,2023-03-13T21:19:44+00:00,False,,52.883657,-3.035481,Male,18-24,Asian/Asian British - Indian,Asian,Misuse of Drugs Act 1971 (section 23),Controlled drugs,A no further action disposal,True,
Person search,2023-03-14T00:50:11+00:00,False,,52.669298,-2.467825,Male,18-24,White - Any other White background,White,Police and Criminal Evidence Act 1984 (section 1),Anything to threaten or harm anyone,A no further action disposal,True,
Person search,2023-03-14T00:52:19+00:00,False,,52.639469,-2.435217,Male,25-34,White - Any other White background,White,Police and Criminal Evidence Act 1984 (section 1),Anything to threaten or harm anyone,A no further action disposal,True,
Person and Vehicle search,2023-03-14T01:14:33+00:00,False,,52.711932,-2.464299,Male,over 34,White - English/Welsh/Scottish/Northern Irish/British,White,Misuse of Drugs Act 1971 (section 23),Controlled drugs,Arrest,True,
Person search,2023-03-14T11:18:00+00:00,True,,52.288046,-2.117048,Male,over 34,White - English/Welsh/Scottish/Northern Irish/British,White,Misuse of Drugs Act 1971 (section 23),Controlled drugs,Arrest,True,
Person search,2023-03-14T11:28:01+00:00,False,,,,Male,25-34,White - English/Welsh/Scottish/Northern Irish/British,White,Police and Criminal Evidence Act 1984 (section 1),Firearms,A no further action disposal,True,
Person search,2023-03-14T12:03:40+00:00,False,,,,Male,25-34,White - English/Welsh/Scottish/Northern Irish/British,White,Misuse of Drugs Act 1971 (section 23),Controlled drugs,A no further action disposal,True,False
Person search,2023-03-14T12:09:14+00:00,True,,,,Male,over 34,White - English/Welsh/Scottish/Northern Irish/British,White,Police and Criminal Evidence Act 1984 (section 1),Articles for use in criminal damage,A no further action disposal,True,
Person and Vehicle search,2023-03-14T13:09:48+00:00,False,,52.057926,-2.142157,Male,,White - Any other White background,White,Police and Criminal Evidence Act 1984 (section 1),Stolen goods,A no further action disposal,True,
Person search,2023-03-14T13:14:56+00:00,False,,52.057926,-2.142157,Male,,White - Any other White background,White,Police and Criminal Evidence Act 1984 (section 1),Stolen goods,A no further action disposal,True,
Person search,2023-03-14T13:17:21+00:00,False,,52.057926,-2.142157,Female,over 34,White - Any other White background,Other,Police and Criminal Evidence Act 1984 (section 1),Stolen goods,A no further action disposal,True,
Person search,2023-03-14T14:01:20+00:00,False,,52.674146,-2.455868,Male,over 34,White - English/Welsh/Scottish/Northern Irish/British,White,Police and Criminal Evidence Act 1984 (section 1),Offensive weapons,A no further action disposal,True,
Person search,2023-03-14T14:16:53+00:00,False,,52.037761,-2.430381,Male,,Other ethnic group - Not stated,White,Misuse of Drugs Act 1971 (section 23),Controlled drugs,A no further action disposal,True,False
Person search,2023-03-14T14:18:58+00:00,False,,52.037761,-2.430381,Male,,Other ethnic group - Not stated,White,Misuse of Drugs Act 1971 (section 23),Controlled drugs,A no further action disposal,True,False
Person and Vehicle search,2023-03-14T15:18:34+00:00,False,,51.938118,-2.707099,Male,25-34,White - Gypsy or Irish Traveller,White,Police and Criminal Evidence Act 1984 (section 1),Article for use in theft,A no further action disposal,True,
Person search,2023-03-14T15:45:44+00:00,False,,52.708217,-2.759126,Male,18-24,White - English/Welsh/Scottish/Northern Irish/British,White,Criminal Justice Act 1988 (section 139B),Article for use in theft,Arrest,False,
Person search,2023-03-14T19:29:44+00:00,False,,52.371590,-2.719321,Male,18-24,White - English/Welsh/Scottish/Northern Irish/British,White,Misuse of Drugs Act 1971 (section 23),Controlled drugs,A no further action disposal,True,
Person and Vehicle search,2023-03-14T20:02:35+00:00,False,,52.555909,-2.305611,Male,18-24,White - English/Welsh/Scottish/Northern Irish/British,White,Misuse of Drugs Act 1971 (section 23),Controlled drugs,Arrest,True,
Person search,2023-03-14T20:19:29+00:00,False,,52.367404,-2.711381,Male,10-17,White - English/Welsh/Scottish/Northern Irish/British,White,Misuse of Drugs Act 1971 (section 23),Controlled drugs,A no further action disposal,True,
Person search,2023-03-14T20:21:33+00:00,False,,52.367404,-2.711381,Male,10-17,White - English/Welsh/Scottish/Northern Irish/British,White,Misuse of Drugs Act 1971 (section 23),Controlled drugs,A no further action disposal,True,
Person search,2023-03-14T20:23:22+00:00,False,,52.367404,-2.711381,Male,10-17,White - English/Welsh/Scottish/Northern Irish/British,White,Misuse of Drugs Act 1971 (section 23),Controlled drugs,A no further action disposal,True,
Person search,2023-03-15T02:59:40+00:00,False,,,,Male,25-34,White - English/Welsh/Scottish/Northern Irish/British,White,Police and Criminal Evidence Act 1984 (section 1),Articles for use in criminal damage,Arrest,True,
Person search,2023-03-15T09:17:22+00:00,False,,,,Male,over 34,White - Any other White background,White,Misuse of Drugs Act 1971 (section 23),Controlled drugs,A no further action disposal,True,
Person search,2023-03-15T10:28:55+00:00,False,,52.312337,-1.925205,Female,25-34,White - English/Welsh/Scottish/Northern Irish/British,White,Misuse of Drugs Act 1971 (section 23),Controlled drugs,A no further action disposal,True,
Person search,2023-03-15T10:29:41+00:00,False,,52.311644,-1.924957,Male,25-34,White - English/Welsh/Scottish/Northern Irish/British,White,Misuse of Drugs Act 1971 (section 23),Controlled drugs,A no further action disposal,True,
Person search,2023-03-15T13:25:00+00:00,False,,,,Male,18-24,Other ethnic group - Not stated,Mixed,Misuse of Drugs Act 1971 (section 23),Controlled drugs,Arrest,False,
Person search,2023-03-15T14:40:00+00:00,False,,,,Male,25-34,Other ethnic group - Not stated,Black,Misuse of Drugs Act 1971 (section 23),Controlled drugs,Arrest,True,True
Person search,2023-03-15T15:08:49+00:00,False,,52.192475,-2.220354,Male,10-17,White - English/Welsh/Scottish/Northern Irish/British,White,Police and Criminal Evidence Act 1984 (section 1),Stolen goods,Community resolution,True,
Person search,2023-03-15T15:17:52+00:00,False,,52.192475,-2.220354,Male,10-17,White - English/Welsh/Scottish/Northern Irish/British,White,Police and Criminal Evidence Act 1984 (section 1),Stolen goods,Community resolution,True,
Person search,2023-03-15T15:22:30+00:00,False,,52.192475,-2.220354,Male,10-17,White - English/Welsh/Scottish/Northern Irish/British,White,Police and Criminal Evidence Act 1984 (section 1),Stolen goods,Community resolution,True,
Person search,2023-03-15T17:39:04+00:00,False,,52.672023,-2.424789,Male,25-34,White - English/Welsh/Scottish/Northern Irish/British,White,Misuse of Drugs Act 1971 (section 23),Controlled drugs,Khat or Cannabis warning,True,
Person and Vehicle search,2023-03-15T17:40:12+00:00,False,,52.672023,-2.424789,Male,over 34,White - English/Welsh/Scottish/Northern Irish/British,White,Misuse of Drugs Act 1971 (section 23),Controlled drugs,Arrest,False,
Person search,2023-03-15T20:50:00+00:00,True,,,,Male,25-34,White - English/Welsh/Scottish/Northern Irish/British,White,Police and Criminal Evidence Act 1984 (section 1),Anything to threaten or harm anyone,A no further action disposal,True,
Person search,2023-03-15T21:37:16+00:00,True,,,,Male,18-24,White - English/Welsh/Scottish/Northern Irish/British,White,Police and Criminal Evidence Act 1984 (section 1),Offensive weapons,A no further action disposal,True,
Person search,2023-03-15T23:59:19+00:00,False,,52.190845,-2.231303,Female,18-24,White - English/Welsh/Scottish/Northern Irish/British,White,Misuse of Drugs Act 1971 (section 23),Controlled drugs,Khat or Cannabis warning,True,
Person and Vehicle search,2023-03-16T00:26:00+00:00,False,,52.190845,-2.231303,Male,over 34,White - English/Welsh/Scottish/Northern Irish/British,White,Misuse of Drugs Act 1971 (section 23),Controlled drugs,Community resolution,True,
Person search,2023-03-16T00:47:20+00:00,False,,52.193467,-2.228361,Male,25-34,White - English/Welsh/Scottish/Northern Irish/British,White,Police and Criminal Evidence Act 1984 (section 1),Article for use in theft,A no further action disposal,True,
Person and Vehicle search,2023-03-16T00:47:53+00:00,False,,52.205177,-2.190097,Male,over 34,White - English/Welsh/Scottish/Northern Irish/British,White,Misuse of Drugs Act 1971 (section 23),Controlled drugs,A no further action disposal,True,
Person search,2023-03-16T01:02:57+00:00,False,,52.205177,-2.190097,Female,over 34,White - English/Welsh/Scottish/Northern Irish/British,White,Misuse of Drugs Act 1971 (section 23),Controlled drugs,A no further action disposal,True,
Person search,2023-03-16T04:24:25+00:00,False,,52.056291,-2.716408,Male,18-24,White - English/Welsh/Scottish/Northern Irish/British,White,Misuse of Drugs Act 1971 (section 23),Controlled drugs,Arrest,True,
Person search,2023-03-16T10:22:23+00:00,False,,52.720252,-2.434778,Male,25-34,White - English/Welsh/Scottish/Northern Irish/British,White,Misuse of Drugs Act 1971 (section 23),Controlled drugs,A no further action disposal,True,
Person search,2023-03-16T11:30:00+00:00,False,,52.044714,-2.720460,Female,25-34,White - Any other White background,White,Police and Criminal Evidence Act 1984 (section 1),Stolen goods,Arrest,True,
Person and Vehicle search,2023-03-16T14:34:49+00:00,False,,,,Male,25-34,White - English/Welsh/Scottish/Northern Irish/British,White,Misuse of Drugs Act 1971 (section 23),Controlled drugs,Summons / charged by post,True,
Person search,2023-03-16T14:41:01+00:00,False,,,,Male,25-34,White - English/Welsh/Scottish/Northern Irish/British,White,Misuse of Drugs Act 1971 (section 23),Controlled drugs,A no further action disposal,True,
Person search,2023-03-16T15:32:52+00:00,False,,52.647149,-2.448921,Male,25-34,,Black,Misuse of Drugs Act 1971 (section 23),Controlled drugs,A no further action disposal,True,
Person search,2023-03-16T16:00:32+00:00,False,,52.702881,-2.750006,Male,18-24,White - English/Welsh/Scottish/Northern Irish/British,White,Police and Criminal Evidence Act 1984 (section 1),Offensive weapons,A no further action disposal,True,
Person search,2023-03-16T17:45:00+00:00,True,,,,Female,25-34,,Mixed,Police and Criminal Evidence Act 1984 (section 1),Offensive weapons,Arrest,False,
Person search,2023-03-16T21:29:58+00:00,False,,52.324105,-1.941472,Male,18-24,White - English/Welsh/Scottish/Northern Irish/British,White,Misuse of Drugs Act 1971 (section 23),Controlled drugs,A no further action disposal,True,
Person and Vehicle search,2023-03-16T21:31:07+00:00,False,,52.324105,-1.941472,Male,25-34,Other ethnic group - Not stated,Black,Criminal Justice Act 1988 (section 139B),Controlled drugs,Khat or Cannabis warning,False,
Person search,2023-03-16T21:40:00+00:00,True,,,,Female,over 34,White - English/Welsh/Scottish/Northern Irish/British,White,Police and Criminal Evidence Act 1984 (section 1),Offensive weapons,A no further action disposal,True,False
Person search,2023-03-16T23:50:00+00:00,False,,52.173296,-2.211720,Male,10-17,White - English/Welsh/Scottish/Northern Irish/British,White,Police and Criminal Evidence Act 1984 (section 1),Stolen goods,Arrest,True,
Person search,2023-03-17T14:16:20+00:00,False,,52.638592,-2.452220,Male,10-17,Black/African/Caribbean/Black British - Caribbean,Black,Misuse of Drugs Act 1971 (section 23),Controlled drugs,A no further action disposal,True,
Person search,2023-03-17T14:29:19+00:00,False,,52.638592,-2.452220,Male,18-24,Other ethnic group - Not stated,Black,Misuse of Drugs Act 1971 (section 23),Controlled drugs,Arrest,True,
Person search,2023-03-17T14:30:42+00:00,False,,52.638592,-2.452220,Male,10-17,White - English/Welsh/Scottish/Northern Irish/British,White,Misuse of Drugs Act 1971 (section 23),Controlled drugs,Arrest,True,
Person search,2023-03-17T14:37:38+00:00,True,,52.640237,-2.450845,Male,10-17,White - English/Welsh/Scottish/Northern Irish/British,White,Police and Criminal Evidence Act 1984 (section 1),Offensive weapons,Arrest,True,
Person search,2023-03-17T15:27:39+00:00,False,,52.709602,-2.761844,Male,over 34,White - English/Welsh/Scottish/Northern Irish/British,White,Misuse of Drugs Act 1971 (section 23),Controlled drugs,A no further action disposal,True,
Person search,2023-03-17T18:55:18+00:00,False,,52.672718,-2.487117,Male,25-34,White - English/Welsh/Scottish/Northern Irish/British,White,Police and Criminal Evidence Act 1984 (section 1),Offensive weapons,Arrest,False,
Person search,2023-03-17T20:04:45+00:00,False,,,,Male,25-34,Mixed/Multiple ethnic groups - White and Black African,Black,Police and Criminal Evidence Act 1984 (section 1),Offensive weapons,A no further action disposal,True,
Person and Vehicle search,2023-03-18T00:11:09+00:00,False,,52.686686,-2.434503,Male,over 34,White - English/Welsh/Scottish/Northern Irish/British,White,Misuse of Drugs Act 1971 (section 23),Controlled drugs,Arrest,False,
Person search,2023-03-18T13:45:00+00:00,False,,52.654283,-2.433029,Male,10-17,White - English/Welsh/Scottish/Northern Irish/British,White,Police and Criminal Evidence Act 1984 (section 1),Offensive weapons,Arrest,False,
Person search,2023-03-18T16:00:05+00:00,False,,52.385229,-2.241648,Female,over 34,White - English/Welsh/Scottish/Northern Irish/British,White,Misuse of Drugs Act 1971 (section 23),Controlled drugs,A no further action disposal,True,
Person and Vehicle search,2023-03-18T16:05:03+00:00,False,,52.385229,-2.241648,Male,25-34,White - English/Welsh/Scottish/Northern Irish/British,White,Misuse of Drugs Act 1971 (section 23),Controlled drugs,Community resolution,False,
Person search,2023-03-18T21:22:48+00:00,False,,52.694598,-2.450828,Male,over 34,White - English/Welsh/Scottish/Northern Irish/British,White,Misuse of Drugs Act 1971 (section 23),Controlled drugs,A no further action disposal,True,
Person search,2023-03-18T21:26:04+00:00,False,,52.626775,-2.425474,Male,10-17,White - English/Welsh/Scottish/Northern Irish/British,White,Misuse of Drugs Act 1971 (section 23),Controlled drugs,A no further action disposal,True,
Person and Vehicle search,2023-03-18T21:30:41+00:00,False,,,,Male,over 34,White - English/Welsh/Scottish/Northern Irish/British,White,Misuse of Drugs Act 1971 (section 23),Controlled drugs,Arrest,True,
Person search,2023-03-18T21:51:46+00:00,False,,52.360880,-1.990484,Male,10-17,Other ethnic group - Not stated,Asian,Police and Criminal Evidence Act 1984 (section 1),Article for use in theft,Arrest,False,
Person search,2023-03-18T21:56:48+00:00,False,,52.360880,-1.990484,Male,10-17,White - English/Welsh/Scottish/Northern Irish/British,White,Police and Criminal Evidence Act 1984 (section 1),Stolen goods,Arrest,True,
Person search,2023-03-18T22:48:41+00:00,False,,,,Male,25-34,White - English/Welsh/Scottish/Northern Irish/British,White,Misuse of Drugs Act 1971 (section 23),Controlled drugs,Arrest,True,
Person search,2023-03-18T22:51:35+00:00,False,,52.319548,-1.913632,Male,18-24,White - English/Welsh/Scottish/Northern Irish/British,White,Misuse of Drugs Act 1971 (section 23),Controlled drugs,Community resolution,True,
Person search,2023-03-18T22:53:42+00:00,False,,52.319270,-1.915232,Female,25-34,White - English/Welsh/Scottish/Northern Irish/British,White,Misuse of Drugs Act 1971 (section 23),Controlled drugs,Arrest,True,
Person search,2023-03-18T23:21:08+00:00,False,,52.536450,-2.411139,Female,25-34,White - English/Welsh/Scottish/Northern Irish/British,White,Misuse of Drugs Act 1971 (section 23),Controlled drugs,A no further action disposal,True,
Person and Vehicle search,2023-03-18T23:30:53+00:00,False,,,,Male,18-24,White - English/Welsh/Scottish/Northern Irish/British,White,Misuse of Drugs Act 1971 (section 23),Controlled drugs,Community resolution,True,
Person search,2023-03-19T02:00:00+00:00,False,,52.702221,-2.439097,Male,over 34,White - English/Welsh/Scottish/Northern Irish/British,White,Police and Criminal Evidence Act 1984 (section 1),Evidence of offences under the Act,Arrest,True,
Vehicle search,2023-03-19T11:26:18+00:00,False,,52.257940,-2.153902,Female,25-34,,,Misuse of Drugs Act 1971 (section 23),Controlled drugs,Arrest,False,
Person search,2023-03-19T19:52:48+00:00,False,,52.108425,-2.075502,Male,18-24,White - English/Welsh/Scottish/Northern Irish/British,White,Police and Criminal Evidence Act 1984 (section 1),Stolen goods,Khat or Cannabis warning,True,
Person search,2023-03-19T20:24:56+00:00,False,,52.128237,-2.315792,Male,18-24,White - English/Welsh/Scottish/Northern Irish/British,White,Police and Criminal Evidence Act 1984 (section 1),Anything to threaten or harm anyone,A no further action disposal,True,
Person search,2023-03-19T20:44:23+00:00,True,,52.128617,-2.311383,Male,10-17,White - English/Welsh/Scottish/Northern Irish/British,White,Police and Criminal Evidence Act 1984 (section 1),Offensive weapons,Arrest,True,
Person search,2023-03-19T20:49:22+00:00,False,,52.707053,-2.752771,Male,18-24,White - English/Welsh/Scottish/Northern Irish/British,White,Police and Criminal Evidence Act 1984 (section 1),Offensive weapons,Arrest,False,
Person search,2023-03-19T20:49:49+00:00,False,,52.157610,-2.264107,Male,10-17,White - English/Welsh/Scottish/Northern Irish/British,White,Police and Criminal Evidence Act 1984 (section 1),Offensive weapons,Arrest,False,
Person search,2023-03-19T21:59:26+00:00,False,,52.299954,-1.935227,Male,18-24,White - English/Welsh/Scottish/Northern Irish/British,White,Police and Criminal Evidence Act 1984 (section 1),Article for use in theft,A no further action disposal,True,
Person search,2023-03-19T22:00:42+00:00,False,,52.299954,-1.935227,Male,over 34,White - English/Welsh/Scottish/Northern Irish/British,White,Police and Criminal Evidence Act 1984 (section 1),Stolen goods,A no further action disposal,True,
Person and Vehicle search,2023-03-19T22:03:20+00:00,False,,52.321229,-1.943970,Male,25-34,White - English/Welsh/Scottish/Northern Irish/British,White,Police and Criminal Evidence Act 1984 (section 1),Article for use in theft,A no further action disposal,True,
Person and Vehicle search,2023-03-20T00:11:55+00:00,False,,52.181346,-2.191683,Male,over 34,White - English/Welsh/Scottish/Northern Irish/British,White,Misuse of Drugs Act 1971 (section 23),Controlled drugs,A no further action disposal,True,
Person search,2023-03-20T00:44:30+00:00,False,,52.451886,-2.013773,Male,18-24,White - English/Welsh/Scottish/Northern Irish/British,White,Misuse of Drugs Act 1971 (section 23),Controlled drugs,Arrest,True,
Person and Vehicle search,2023-03-20T03:00:55+00:00,False,,52.646389,-2.461816,Male,over 34,White - English/Welsh/Scottish/Northern Irish/British,White,Police and Criminal Evidence Act 1984 (section 1),Stolen goods,A no further action disposal,True,
Vehicle search,2023-03-20T08:40:32+00:00,False,,52.057977,-2.723139,Other,,,,Police and Criminal Evidence Act 1984 (section 1),Article for use in theft,A no further action disposal,True,
Vehicle search,2023-03-20T12:37:06+00:00,False,,52.380999,-2.049239,Other,,,,Misuse of Drugs Act 1971 (section 23),Controlled drugs,Arrest,False,
Person search,2023-03-20T14:15:49+00:00,False,,52.194544,-2.210021,Female,10-17,White - English/Welsh/Scottish/Northern Irish/British,White,Police and Criminal Evidence Act 1984 (section 1),Stolen goods,A no further action disposal,True,
Person search,2023-03-20T14:18:00+00:00,False,,52.194544,-2.210021,Female,10-17,White - English/Welsh/Scottish/Northern Irish/British,White,Police and Criminal Evidence Act 1984 (section 1),Stolen goods,A no further action disposal,True,
Person search,2023-03-20T14:20:49+00:00,False,,,,Male,18-24,White - English/Welsh/Scottish/Northern Irish/British,White,Police and Criminal Evidence Act 1984 (section 1),Stolen goods,Community resolution,True,
Person search,2023-03-20T14:47:00+00:00,False,,,,Male,18-24,White - English/Welsh/Scottish/Northern Irish/British,White,Police and Criminal Evidence Act 1984 (section 1),Offensive weapons,A no further action disposal,True,False
Person and Vehicle search,2023-03-20T16:24:54+00:00,False,,,,Male,over 34,White - Any other White background,White,Police and Criminal Evidence Act 1984 (section 1),Article for use in theft,Arrest,True,
Person search,2023-03-20T17:17:10+00:00,False,,,,Male,18-24,White - English/Welsh/Scottish/Northern Irish/British,White,Misuse of Drugs Act 1971 (section 23),Controlled drugs,A no further action disposal,True,
Person search,2023-03-20T20:37:43+00:00,False,,,,Female,,White - English/Welsh/Scottish/Northern Irish/British,White,Police and Criminal Evidence Act 1984 (section 1),Stolen goods,A no further action disposal,True,
Person and Vehicle search,2023-03-21T00:47:10+00:00,False,,52.110407,-2.309591,Male,25-34,White - English/Welsh/Scottish/Northern Irish/British,White,Misuse of Drugs Act 1971 (section 23),Controlled drugs,A no further action disposal,True,
Person and Vehicle search,2023-03-21T00:48:41+00:00,False,,52.110407,-2.309591,Male,over 34,White - English/Welsh/Scottish/Northern Irish/British,White,Misuse of Drugs Act 1971 (section 23),Controlled drugs,A no further action disposal,True,
Person and Vehicle search,2023-03-21T00:51:03+00:00,False,,52.110407,-2.309591,Male,over 34,White - Any other White background,White,Misuse of Drugs Act 1971 (section 23),Controlled drugs,A no further action disposal,True,
Person and Vehicle search,2023-03-21T03:54:08+00:00,False,,52.703923,-2.454876,Male,18-24,White - English/Welsh/Scottish/Northern Irish/British,White,Misuse of Drugs Act 1971 (section 23),Psychoactive substances,Khat or Cannabis warning,True,
Person search,2023-03-21T03:57:45+00:00,False,,52.334991,-2.060714,Male,25-34,Mixed/Multiple ethnic groups - Any other Mixed/Multiple ethnic background,White,Police and Criminal Evidence Act 1984 (section 1),Articles for use in criminal damage,A no further action disposal,True,
Person search,2023-03-21T03:58:34+00:00,False,,52.334991,-2.060714,Male,25-34,Black/African/Caribbean/Black British - Caribbean,Black,Police and Criminal Evidence Act 1984 (section 1),Offensive weapons,A no further action disposal,True,
Person search,2023-03-21T10:53:49+00:00,False,,52.308985,-1.944000,Female,25-34,White - English/Welsh/Scottish/Northern Irish/British,White,Misuse of Drugs Act 1971 (section 23),Controlled drugs,A no further action disposal,True,False
Person search,2023-03-21T12:41:42+00:00,False,,52.728243,-2.711911,Male,18-24,White - English/Welsh/Scottish/Northern Irish/British,White,Misuse of Drugs Act 1971 (section 23),Controlled drugs,Community resolution,True,
Person search,2023-03-21T12:45:00+00:00,False,,52.728243,-2.711911,Male,18-24,White - Any other White background,White,Misuse of Drugs Act 1971 (section 23),Controlled drugs,Arrest,True,
Person search,2023-03-21T12:45:13+00:00,False,,52.728243,-2.711911,Male,10-17,White - English/Welsh/Scottish/Northern Irish/British,White,Misuse of Drugs Act 1971 (section 23),Controlled drugs,A no further action disposal,True,
Person and Vehicle search,2023-03-21T15:48:15+00:00,False,,52.210596,-2.167729,Male,18-24,White - Gypsy or Irish Traveller,White,Police and Criminal Evidence Act 1984 (section 1),Stolen goods,A no further action disposal,True,
Person and Vehicle search,2023-03-21T15:48:15+00:00,False,,52.210596,-2.167729,Male,18-24,White - Gypsy or Irish Traveller,White,Police and Criminal Evidence Act 1984 (section 1),Stolen goods,A no further action disposal,True,
Person and Vehicle search,2023-03-22T00:24:25+00:00,False,,52.343348,-2.067653,Male,18-24,White - English/Welsh/Scottish/Northern Irish/British,White,Police and Criminal Evidence Act 1984 (section 1),Article for use in theft,A no further action disposal,True,
Person search,2023-03-22T03:34:24+00:00,False,,52.673477,-2.442610,Male,18-24,White - English/Welsh/Scottish/Northern Irish/British,White,Misuse of Drugs Act 1971 (section 23),Controlled drugs,A no further action disposal,True,
Person and Vehicle search,2023-03-22T03:34:24+00:00,False,,52.673477,-2.442610,Male,18-24,White - English/Welsh/Scottish/Northern Irish/British,White,Misuse of Drugs Act 1971 (section 23),Controlled drugs,A no further action disposal,True,
Person search,2023-03-22T03:34:24+00:00,False,,52.673477,-2.442610,Male,18-24,Other ethnic group - Not stated,Black,Misuse of Drugs Act 1971 (section 23),Controlled drugs,A no further action disposal,True,
Person and Vehicle search,2023-03-22T03:34:24+00:00,False,,52.673477,-2.442610,Male,18-24,White - English/Welsh/Scottish/Northern Irish/British,White,Misuse of Drugs Act 1971 (section 23),Controlled drugs,A no further action disposal,True,
Person and Vehicle search,2023-03-22T03:40:54+00:00,False,,52.676579,-2.449548,Female,18-24,White - English/Welsh/Scottish/Northern Irish/British,White,Misuse of Drugs Act 1971 (section 23),Controlled drugs,A no further action disposal,True,
Person search,2023-03-22T04:50:40+00:00,False,,,,Male,over 34,White - English/Welsh/Scottish/Northern Irish/British,White,Police and Criminal Evidence Act 1984 (section 1),Offensive weapons,A no further action disposal,True,
Person search,2023-03-22T12:45:15+00:00,False,,52.706657,-2.777881,Male,10-17,White - English/Welsh/Scottish/Northern Irish/British,White,Misuse of Drugs Act 1971 (section 23),Controlled drugs,A no further action disposal,True,
Person and Vehicle search,2023-03-22T13:19:07+00:00,False,,52.063037,-2.716000,Male,25-34,White - English/Welsh/Scottish/Northern Irish/British,White,Misuse of Drugs Act 1971 (section 23),Controlled drugs,A no further action disposal,True,True
Person search,2023-03-22T13:30:20+00:00,False,,,,Male,18-24,White - English/Welsh/Scottish/Northern Irish/British,White,Misuse of Drugs Act 1971 (section 23),Controlled drugs,A no further action disposal,True,
Person and Vehicle search,2023-03-22T13:31:43+00:00,False,,52.063037,-2.716000,Male,25-34,White - English/Welsh/Scottish/Northern Irish/British,White,Misuse of Drugs Act 1971 (section 23),Controlled drugs,Community resolution,True,
Person and Vehicle search,2023-03-22T13:33:01+00:00,False,,52.064754,-2.717661,Male,25-34,White - English/Welsh/Scottish/Northern Irish/British,White,Misuse of Drugs Act 1971 (section 23),Controlled drugs,Community resolution,True,True
Person search,2023-03-22T15:03:55+00:00,False,,52.190955,-2.220449,Male,25-34,White - English/Welsh/Scottish/Northern Irish/British,White,Police and Criminal Evidence Act 1984 (section 1),Offensive weapons,A no further action disposal,True,
Person search,2023-03-22T18:13:55+00:00,False,,,,Female,18-24,White - English/Welsh/Scottish/Northern Irish/British,White,Misuse of Drugs Act 1971 (section 23),Controlled drugs,Community resolution,True,
Person search,2023-03-22T20:04:32+00:00,False,,,,Male,18-24,White - English/Welsh/Scottish/Northern Irish/British,White,Police and Criminal Evidence Act 1984 (section 1),Anything to threaten or harm anyone,Arrest,False,
Person search,2023-03-22T20:13:19+00:00,False,,,,Male,10-17,White - English/Welsh/Scottish/Northern Irish/British,White,Police and Criminal Evidence Act 1984 (section 1),Offensive weapons,Arrest,False,
Person search,2023-03-23T08:17:53+00:00,False,,52.704241,-2.745367,Male,over 34,White - Any other White background,White,Misuse of Drugs Act 1971 (section 23),Controlled drugs,A no further action disposal,True,
Person and Vehicle search,2023-03-23T10:17:19+00:00,False,,52.189161,-2.208592,Male,over 34,Other ethnic group - Not stated,Other,Police and Criminal Evidence Act 1984 (section 1),Article for use in theft,A no further action disposal,True,
Person search,2023-03-23T14:10:25+00:00,False,,52.191264,-2.218885,Male,18-24,White - English/Welsh/Scottish/Northern Irish/British,White,Police and Criminal Evidence Act 1984 (section 1),Stolen goods,Summons / charged by post,False,
Person and Vehicle search,2023-03-23T14:22:58+00:00,True,,52.367938,-1.887337,Male,18-24,Other ethnic group - Not stated,Asian,Police and Criminal Evidence Act 1984 (section 1),Article for use in theft,Arrest,False,
Person search,2023-03-23T17:38:49+00:00,False,,52.335234,-2.059276,Male,18-24,White - Any other White background,White,Police and Criminal Evidence Act 1984 (section 1),Anything to threaten or harm anyone,A no further action disposal,True,
Person and Vehicle search,2023-03-23T17:56:56+00:00,False,,,,Male,18-24,White - Any other White background,White,Police and Criminal Evidence Act 1984 (section 1),Article for use in theft,A no further action disposal,True,
Person search,2023-03-23T18:00:18+00:00,False,,,,Male,over 34,White - Any other White background,White,Police and Criminal Evidence Act 1984 (section 1),Article for use in theft,A no further action disposal,True,
Person search,2023-03-23T18:06:45+00:00,False,,52.158808,-2.163792,Male,10-17,White - Any other White background,White,Police and Criminal Evidence Act 1984 (section 1),Stolen goods,A no further action disposal,True,False
Person search,2023-03-23T23:04:28+00:00,False,,,,Male,over 34,White - English/Welsh/Scottish/Northern Irish/British,White,Misuse of Drugs Act 1971 (section 23),Controlled drugs,A no further action disposal,True,True
Person search,2023-03-23T23:05:51+00:00,False,,,,Female,over 34,White - English/Welsh/Scottish/Northern Irish/British,White,Misuse of Drugs Act 1971 (section 23),Controlled drugs,A no further action disposal,True,
Person search,2023-03-24T00:01:29+00:00,False,,52.089406,-1.950812,Male,25-34,White - English/Welsh/Scottish/Northern Irish/British,White,Misuse of Drugs Act 1971 (section 23),Controlled drugs,Community resolution,False,
Person and Vehicle search,2023-03-24T01:18:10+00:00,False,,52.341625,-2.267787,Male,over 34,White - English/Welsh/Scottish/Northern Irish/British,White,Police and Criminal Evidence Act 1984 (section 1),Article for use in theft,A no further action disposal,True,
Person search,2023-03-24T01:23:42+00:00,False,,52.346426,-2.275391,Male,25-34,White - English/Welsh/Scottish/Northern Irish/British,White,Police and Criminal Evidence Act 1984 (section 1),Article for use in theft,A no further action disposal,True,
Person search,2023-03-24T01:26:35+00:00,False,,52.341625,-2.267787,Male,,Other ethnic group - Not stated,White,Police and Criminal Evidence Act 1984 (section 1),Article for use in theft,A no further action disposal,True,
Person search,2023-03-24T03:35:50+00:00,False,,52.198003,-2.247975,Male,18-24,White - English/Welsh/Scottish/Northern Irish/British,White,Misuse of Drugs Act 1971 (section 23),Controlled drugs,A no further action disposal,True,
Person and Vehicle search,2023-03-24T05:40:06+00:00,False,,52.090683,-1.950709,Male,over 34,Other ethnic group - Not stated,White,Police and Criminal Evidence Act 1984 (section 1),Article for use in theft,A no further action disposal,True,
Person and Vehicle search,2023-03-24T05:44:10+00:00,False,,52.090683,-1.950709,Male,25-34,Other ethnic group - Not stated,White,Police and Criminal Evidence Act 1984 (section 1),Article for use in theft,A no further action disposal,True,
Person search,2023-03-24T12:10:00+00:00,False,,52.705568,-2.493254,Male,10-17,Black/African/Caribbean/Black British - Any other Black/African/Caribbean background,White,Police and Criminal Evidence Act 1984 (section 1),Offensive weapons,Arrest,True,
Person search,2023-03-24T14:09:26+00:00,False,,52.392410,-2.242819,Female,25-34,White - English/Welsh/Scottish/Northern Irish/British,White,Police and Criminal Evidence Act 1984 (section 1),Stolen goods,Arrest,False,
Person search,2023-03-24T18:52:42+00:00,False,,52.720670,-2.731626,Male,over 34,White - English/Welsh/Scottish/Northern Irish/British,White,Firearms Act 1968 (section 47),Firearms,A no further action disposal,True,
Person search,2023-03-24T18:54:45+00:00,False,,52.702579,-2.730776,Male,over 34,White - English/Welsh/Scottish/Northern Irish/British,White,Firearms Act 1968 (section 47),Firearms,A no further action disposal,True,
Person and Vehicle search,2023-03-24T23:21:39+00:00,False,,52.195343,-2.220485,Male,25-34,Asian/Asian British - Any other Asian background,Asian,Misuse of Drugs Act 1971 (section 23),Controlled drugs,A no further action disposal,True,
Person search,2023-03-25T00:07:08+00:00,False,,,,Male,18-24,White - English/Welsh/Scottish/Northern Irish/British,White,Misuse of Drugs Act 1971 (section 23),Controlled drugs,A no further action disposal,True,True
Person search,2023-03-25T00:34:34+00:00,False,,52.712959,-2.749942,Male,25-34,White - English/Welsh/Scottish/Northern Irish/British,White,Misuse of Drugs Act 1971 (section 23),Controlled drugs,A no further action disposal,True,False
Person search,2023-03-25T00:38:01+00:00,False,,52.716376,-2.725278,Male,over 34,White - English/Welsh/Scottish/Northern Irish/British,White,Misuse of Drugs Act 1971 (section 23),Controlled drugs,Arrest,False,False
Person search,2023-03-25T00:38:55+00:00,False,,52.717886,-2.726842,Female,over 34,White - English/Welsh/Scottish/Northern Irish/British,White,Misuse of Drugs Act 1971 (section 23),Controlled drugs,A no further action disposal,True,
Person search,2023-03-25T00:40:21+00:00,True,,52.715197,-2.729981,Female,over 34,White - English/Welsh/Scottish/Northern Irish/British,White,Misuse of Drugs Act 1971 (section 23),Controlled drugs,A no further action disposal,True,
Person search,2023-03-25T00:52:05+00:00,False,,,,Male,10-17,White - English/Welsh/Scottish/Northern Irish/British,White,Misuse of Drugs Act 1971 (section 23),Controlled drugs,Arrest,True,
Person and Vehicle search,2023-03-25T01:03:42+00:00,False,,52.684890,-2.411157,Female,18-24,White - English/Welsh/Scottish/Northern Irish/British,White,Misuse of Drugs Act 1971 (section 23),Controlled drugs,A no further action disposal,True,
Person and Vehicle search,2023-03-25T01:09:19+00:00,False,,,,Female,25-34,White - English/Welsh/Scottish/Northern Irish/British,White,Misuse of Drugs Act 1971 (section 23),Controlled drugs,Arrest,True,True
Person search,2023-03-25T01:11:41+00:00,False,,52.686768,-2.413896,Male,over 34,White - English/Welsh/Scottish/Northern Irish/British,White,Misuse of Drugs Act 1971 (section 23),Controlled drugs,A no further action disposal,True,True
Person search,2023-03-25T01:15:24+00:00,False,,52.686768,-2.413896,Male,over 34,Other ethnic group - Not stated,White,Misuse of Drugs Act 1971 (section 23),Controlled drugs,Community resolution,False,
Person search,2023-03-25T02:04:05+00:00,True,,52.709193,-2.757026,Male,25-34,White - English/Welsh/Scottish/Northern Irish/British,White,Misuse of Drugs Act 1971 (section 23),Controlled drugs,A no further action disposal,True,
Person search,2023-03-25T02:18:13+00:00,True,,52.708478,-2.757783,Male,25-34,Black/African/Caribbean/Black British - Any other Black/African/Caribbean background,Black,Misuse of Drugs Act 1971 (section 23),Controlled drugs,A no further action disposal,True,False
Person search,2023-03-25T02:50:45+00:00,False,,52.091903,-1.944796,Male,25-34,White - English/Welsh/Scottish/Northern Irish/British,White,Police and Criminal Evidence Act 1984 (section 1),Offensive weapons,A no further action disposal,True,False
Person search,2023-03-25T02:52:36+00:00,False,,52.091903,-1.944796,Male,10-17,White - English/Welsh/Scottish/Northern Irish/British,White,Police and Criminal Evidence Act 1984 (section 1),Offensive weapons,A no further action disposal,True,
Person search,2023-03-25T02:54:32+00:00,False,,52.091903,-1.944796,Male,18-24,White - English/Welsh/Scottish/Northern Irish/British,White,Police and Criminal Evidence Act 1984 (section 1),Offensive weapons,Arrest,False,
Person search,2023-03-25T14:56:09+00:00,False,,52.289312,-1.924569,Male,18-24,Black/African/Caribbean/Black British - Caribbean,Black,Misuse of Drugs Act 1971 (section 23),Controlled drugs,A no further action disposal,True,
Person search,2023-03-25T14:57:35+00:00,False,,52.291381,-1.926721,Male,18-24,White - English/Welsh/Scottish/Northern Irish/British,White,Misuse of Drugs Act 1971 (section 23),Controlled drugs,Community resolution,False,
Person search,2023-03-25T20:49:36+00:00,False,,,,Male,10-17,White - English/Welsh/Scottish/Northern Irish/British,White,Police and Criminal Evidence Act 1984 (section 1),Offensive weapons,A no further action disposal,True,
Person and Vehicle search,2023-03-25T22:23:53+00:00,False,,52.217171,-2.189812,Male,18-24,Other ethnic group - Not stated,White,Misuse of Drugs Act 1971 (section 23),Controlled drugs,Khat or Cannabis warning,False,
Person and Vehicle search,2023-03-25T22:23:53+00:00,False,,52.217171,-2.189812,Male,18-24,Other ethnic group - Not stated,White,Misuse of Drugs Act 1971 (section 23),Controlled drugs,A no further action disposal,True,
Person search,2023-03-25T23:06:32+00:00,False,,52.709304,-2.755133,Male,over 34,Black/African/Caribbean/Black British - African,Black,Police and Criminal Evidence Act 1984 (section 1),Article for use in theft,A no further action disposal,True,
Person search,2023-03-25T23:50:00+00:00,False,,,,Male,over 34,Other ethnic group - Not stated,Black,Police and Criminal Evidence Act 1984 (section 1),Anything to threaten or harm anyone,Arrest,False,
Person and Vehicle search,2023-03-26T01:30:00+00:00,False,,,,Male,18-24,White - Any other White background,White,Misuse of Drugs Act 1971 (section 23),Controlled drugs,Khat or Cannabis warning,True,
Person search,2023-03-26T02:23:51+00:00,False,,52.360898,-2.007048,Male,18-24,Asian/Asian British - Pakistani,Asian,Police and Criminal Evidence Act 1984 (section 1),Article for use in theft,A no further action disposal,True,
Person search,2023-03-26T02:24:29+00:00,True,,52.360898,-2.007048,Male,18-24,Black/African/Caribbean/Black British - African,Black,Police and Criminal Evidence Act 1984 (section 1),Stolen goods,A no further action disposal,True,
Person search,2023-03-26T02:26:46+00:00,False,,52.364807,-1.979954,Male,18-24,Other ethnic group - Not stated,Asian,Police and Criminal Evidence Act 1984 (section 1),Stolen goods,A no further action disposal,True,
Person search,2023-03-26T11:59:13+00:00,False,,52.071975,-2.112731,Male,over 34,White - English/Welsh/Scottish/Northern Irish/British,White,Misuse of Drugs Act 1971 (section 23),Controlled drugs,Community resolution,True,
Person search,2023-03-26T12:05:41+00:00,False,,52.071975,-2.112731,Female,18-24,White - English/Welsh/Scottish/Northern Irish/British,White,Misuse of Drugs Act 1971 (section 23),Controlled drugs,A no further action disposal,True,
Person search,2023-03-26T12:06:58+00:00,False,,52.071975,-2.112731,Female,18-24,White - English/Welsh/Scottish/Northern Irish/British,White,Misuse of Drugs Act 1971 (section 23),Controlled drugs,A no further action disposal,True,
Person and Vehicle search,2023-03-26T15:20:53+00:00,False,,52.704017,-2.746784,Male,18-24,White - English/Welsh/Scottish/Northern Irish/British,White,Misuse of Drugs Act 1971 (section 23),Controlled drugs,A no further action disposal,True,
Person and Vehicle search,2023-03-26T15:44:36+00:00,False,,52.702639,-2.745650,Male,25-34,Asian/Asian British - Any other Asian background,Asian,Misuse of Drugs Act 1971 (section 23),Controlled drugs,A no further action disposal,True,
Person search,2023-03-26T16:30:31+00:00,False,,52.633806,-2.451931,Male,18-24,White - English/Welsh/Scottish/Northern Irish/British,White,Police and Criminal Evidence Act 1984 (section 1),Offensive weapons,A no further action disposal,True,
Person and Vehicle search,2023-03-26T21:32:19+00:00,False,,,,Male,25-34,Other ethnic group - Not stated,Asian,Police and Criminal Evidence Act 1984 (section 1),Offensive weapons,A no further action disposal,True,
Person search,2023-03-26T22:02:19+00:00,False,,52.708239,-2.742919,Female,over 34,White - English/Welsh/Scottish/Northern Irish/British,White,Misuse of Drugs Act 1971 (section 23),Controlled drugs,A no further action disposal,True,False
Person search,2023-03-26T22:21:15+00:00,False,,52.677764,-2.440464,Male,25-34,White - English/Welsh/Scottish/Northern Irish/British,White,Misuse of Drugs Act 1971 (section 23),Controlled drugs,Arrest,False,
Person and Vehicle search,2023-03-26T22:22:49+00:00,False,,52.677764,-2.440464,Male,25-34,White - English/Welsh/Scottish/Northern Irish/British,White,Misuse of Drugs Act 1971 (section 23),Controlled drugs,Caution (simple or conditional),True,
Person search,2023-03-27T00:58:11+00:00,False,,52.094277,-1.944895,Male,18-24,Other ethnic group - Not stated,Asian,Misuse of Drugs Act 1971 (section 23),Controlled drugs,Community resolution,True,False
Person search,2023-03-27T01:13:42+00:00,False,,52.094277,-1.944895,Male,over 34,Asian/Asian British - Any other Asian background,Asian,Misuse of Drugs Act 1971 (section 23),Controlled drugs,Khat or Cannabis warning,True,False
Person and Vehicle search,2023-03-27T12:28:13+00:00,False,,52.674620,-2.449321,Male,25-34,Asian/Asian British - Indian,Asian,Misuse of Drugs Act 1971 (section 23),Controlled drugs,Arrest,False,
Person and Vehicle search,2023-03-27T14:04:14+00:00,False,,52.687528,-2.474973,Male,25-34,Other ethnic group - Not stated,White,Misuse of Drugs Act 1971 (section 23),Controlled drugs,A no further action disposal,True,True
Person search,2023-03-27T15:15:11+00:00,False,,52.687656,-2.477884,Male,18-24,White - English/Welsh/Scottish/Northern Irish/British,White,Misuse of Drugs Act 1971 (section 23),Controlled drugs,A no further action disposal,True,
Person search,2023-03-27T16:55:08+00:00,False,,52.332850,-2.061855,Male,18-24,Other ethnic group - Not stated,Asian,Police and Criminal Evidence Act 1984 (section 1),Stolen goods,A no further action disposal,True,
Person search,2023-03-27T17:11:26+00:00,False,,52.332850,-2.061855,Male,18-24,Asian/Asian British - Pakistani,Asian,Police and Criminal Evidence Act 1984 (section 1),Stolen goods,A no further action disposal,True,
Person and Vehicle search,2023-03-28T02:23:13+00:00,False,,52.637612,-2.453168,Male,18-24,White - English/Welsh/Scottish/Northern Irish/British,White,Misuse of Drugs Act 1971 (section 23),Controlled drugs,A no further action disposal,True,
Person search,2023-03-28T15:39:53+00:00,False,,52.309615,-1.947460,Male,18-24,Asian/Asian British - Any other Asian background,Asian,Misuse of Drugs Act 1971 (section 23),Controlled drugs,A no further action disposal,True,True
Person search,2023-03-28T15:45:41+00:00,True,,52.310983,-1.948867,Male,18-24,Asian/Asian British - Any other Asian background,Asian,Misuse of Drugs Act 1971 (section 23),Controlled drugs,A no further action disposal,True,
Person and Vehicle search,2023-03-28T15:48:35+00:00,False,,52.861936,-3.056100,Male,over 34,White - English/Welsh/Scottish/Northern Irish/British,White,Misuse of Drugs Act 1971 (section 23),Controlled drugs,Arrest,True,
Person and Vehicle search,2023-03-28T15:49:07+00:00,True,,52.306593,-1.942756,Male,25-34,White - Any other White background,White,Misuse of Drugs Act 1971 (section 23),Controlled drugs,Arrest,False,
Person search,2023-03-28T16:40:21+00:00,False,,,,Male,,White - Any other White background,White,Police and Criminal Evidence Act 1984 (section 1),Stolen goods,A no further action disposal,True,
Person search,2023-03-29T00:45:37+00:00,False,,52.695152,-2.494602,Male,25-34,Other ethnic group - Not stated,Other,Police and Criminal Evidence Act 1984 (section 1),Article for use in theft,A no further action disposal,True,
Person and Vehicle search,2023-03-29T00:46:41+00:00,False,,52.695152,-2.494602,Male,over 34,Other ethnic group - Not stated,Other,Police and Criminal Evidence Act 1984 (section 1),Article for use in theft,A no further action disposal,True,False
Person search,2023-03-29T12:13:46+00:00,False,,,,Male,18-24,White - Any other White background,White,Police and Criminal Evidence Act 1984 (section 1),Stolen goods,Community resolution,True,
Person search,2023-03-29T12:50:31+00:00,False,,52.703948,-2.703597,Female,18-24,Other ethnic group - Not stated,Black,Police and Criminal Evidence Act 1984 (section 1),Stolen goods,A no further action disposal,True,
Person search,2023-03-29T12:52:38+00:00,False,,52.689255,-2.704293,Female,25-34,White - Any other White background,White,Police and Criminal Evidence Act 1984 (section 1),Stolen goods,A no further action disposal,True,
Person search,2023-03-29T15:43:25+00:00,False,,52.303308,-1.937363,Female,25-34,White - English/Welsh/Scottish/Northern Irish/British,White,Misuse of Drugs Act 1971 (section 23),Controlled drugs,A no further action disposal,True,
Person search,2023-03-29T15:45:28+00:00,False,,52.303308,-1.937363,Male,25-34,White - English/Welsh/Scottish/Northern Irish/British,White,Misuse of Drugs Act 1971 (section 23),Controlled drugs,A no further action disposal,True,False
Person search,2023-03-29T16:06:04+00:00,False,,52.369927,-2.242461,Male,18-24,White - English/Welsh/Scottish/Northern Irish/British,White,Police and Criminal Evidence Act 1984 (section 1),Anything to threaten or harm anyone,Arrest,False,
Person search,2023-03-29T17:21:33+00:00,False,,52.708103,-2.754580,Male,over 34,White - English/Welsh/Scottish/Northern Irish/British,White,Misuse of Drugs Act 1971 (section 23),Controlled drugs,A no further action disposal,True,
Person search,2023-03-29T17:23:42+00:00,False,,52.708103,-2.754580,Male,25-34,White - English/Welsh/Scottish/Northern Irish/British,White,Misuse of Drugs Act 1971 (section 23),Controlled drugs,A no further action disposal,True,
Person search,2023-03-29T19:20:00+00:00,True,,52.209964,-1.872106,Male,over 34,White - English/Welsh/Scottish/Northern Irish/British,White,Police and Criminal Evidence Act 1984 (section 1),Article for use in theft,Arrest,True,
Person and Vehicle search,2023-03-29T20:31:12+00:00,True,,52.399163,-1.961082,Male,over 34,White - English/Welsh/Scottish/Northern Irish/British,White,Police and Criminal Evidence Act 1984 (section 1),Article for use in theft,Arrest,True,
Person search,2023-03-29T22:33:39+00:00,False,,52.696836,-2.764773,Male,18-24,White - English/Welsh/Scottish/Northern Irish/British,White,Misuse of Drugs Act 1971 (section 23),Controlled drugs,A no further action disposal,True,
Person search,2023-03-29T23:11:25+00:00,False,,52.393873,-2.243885,Male,25-34,White - English/Welsh/Scottish/Northern Irish/British,White,Police and Criminal Evidence Act 1984 (section 1),Article for use in theft,Arrest,True,
Person and Vehicle search,2023-03-30T15:34:49+00:00,False,,52.336350,-2.056577,Male,18-24,Other ethnic group - Not stated,Asian,Misuse of Drugs Act 1971 (section 23),Controlled drugs,A no further action disposal,True,
Person search,2023-03-30T19:02:47+00:00,False,,52.396176,-1.936762,Male,18-24,Black/African/Caribbean/Black British - Caribbean,Black,Misuse of Drugs Act 1971 (section 23),Controlled drugs,Arrest,True,
Person and Vehicle search,2023-03-30T19:13:15+00:00,False,,52.396176,-1.936762,Male,,Other ethnic group - Not stated,White,Misuse of Drugs Act 1971 (section 23),Controlled drugs,A no further action disposal,True,
Person and Vehicle search,2023-03-30T20:23:39+00:00,False,,52.055623,-2.725828,Male,over 34,White - English/Welsh/Scottish/Northern Irish/British,White,Misuse of Drugs Act 1971 (section 23),Controlled drugs,A no further action disposal,True,
Person and Vehicle search,2023-03-30T20:23:39+00:00,False,,52.055623,-2.725828,Female,over 34,White - English/Welsh/Scottish/Northern Irish/British,White,Misuse of Drugs Act 1971 (section 23),Controlled drugs,A no further action disposal,True,
Person and Vehicle search,2023-03-30T20:26:58+00:00,False,,52.055623,-2.725828,Male,over 34,White - English/Welsh/Scottish/Northern Irish/British,White,Misuse of Drugs Act 1971 (section 23),Controlled drugs,A no further action disposal,True,False
Person search,2023-03-30T21:15:39+00:00,False,,52.024442,-2.837050,Male,18-24,White - English/Welsh/Scottish/Northern Irish/British,White,Misuse of Drugs Act 1971 (section 23),Controlled drugs,A no further action disposal,True,True
Person search,2023-03-30T21:28:59+00:00,False,,52.023869,-2.839255,Male,10-17,White - English/Welsh/Scottish/Northern Irish/British,Mixed,Misuse of Drugs Act 1971 (section 23),Controlled drugs,A no further action disposal,True,False
Person search,2023-03-30T22:09:11+00:00,False,,52.407515,-1.872684,Male,over 34,White - English/Welsh/Scottish/Northern Irish/British,White,Police and Criminal Evidence Act 1984 (section 1),Article for use in theft,A no further action disposal,True,
Person search,2023-03-30T22:49:44+00:00,False,,52.677968,-2.489290,Male,10-17,White - English/Welsh/Scottish/Northern Irish/British,White,Police and Criminal Evidence Act 1984 (section 1),Offensive weapons,Arrest,True,
Person search,2023-03-30T23:31:50+00:00,False,,52.376517,-2.259096,Male,25-34,White - English/Welsh/Scottish/Northern Irish/British,White,Police and Criminal Evidence Act 1984 (section 1),Article for use in theft,A no further action disposal,True,False
Person search,2023-03-31T02:12:16+00:00,False,,52.193258,-2.219963,Male,over 34,Other ethnic group - Not stated,White,Police and Criminal Evidence Act 1984 (section 1),Offensive weapons,Arrest,False,
Person search,2023-03-31T12:54:18+00:00,False,,52.195596,-2.214913,Male,over 34,White - English/Welsh/Scottish/Northern Irish/British,White,Misuse of Drugs Act 1971 (section 23),Controlled drugs,A no further action disposal,True,
Person search,2023-03-31T13:01:07+00:00,False,,52.195666,-2.215571,Male,over 34,Other ethnic group - Not stated,White,Misuse of Drugs Act 1971 (section 23),Controlled drugs,A no further action disposal,True,
Person search,2023-03-31T15:45:32+00:00,False,,52.290471,-2.119283,Female,over 34,White - English/Welsh/Scottish/Northern Irish/British,White,Misuse of Drugs Act 1971 (section 23),Controlled drugs,A no further action disposal,True,
Person search,2023-03-31T15:45:32+00:00,False,,,,Male,25-34,White - English/Welsh/Scottish/Northern Irish/British,White,Misuse of Drugs Act 1971 (section 23),Controlled drugs,A no further action disposal,True,
Person search,2023-03-31T17:10:45+00:00,False,,52.674620,-2.449321,Male,over 34,White - Any other White background,White,Police and Criminal Evidence Act 1984 (section 1),Anything to threaten or harm anyone,A no further action disposal,True,
Person search,2023-03-31T20:51:32+00:00,False,,52.659131,-2.427385,Male,over 34,White - English/Welsh/Scottish/Northern Irish/British,White,Misuse of Drugs Act 1971 (section 23),Anything to threaten or harm anyone,A no further action disposal,True,False
Person search,2023-03-31T22:34:54+00:00,False,,52.225721,-2.741102,Male,25-34,White - English/Welsh/Scottish/Northern Irish/British,White,Police and Criminal Evidence Act 1984 (section 1),Offensive weapons,Arrest,False,
