Type,Date,Part of a policing operation,Policing operation,Latitude,Longitude,Gender,Age range,Self-defined ethnicity,Officer-defined ethnicity,Legislation,Object of search,Outcome,Outcome linked to object of search,Removal of more than just outer clothing
Person and Vehicle search,2021-01-01T01:01:00+00:00,,,54.318112,-0.441843,Female,18-24,,White,Misuse of Drugs Act 1971 (section 23),Controlled drugs,A no further action disposal,,
Person and Vehicle search,2021-01-01T01:01:00+00:00,,,54.318112,-0.441843,Male,18-24,,White,Misuse of Drugs Act 1971 (section 23),Controlled drugs,Arrest,True,
Person search,2021-01-01T02:01:00+00:00,,,54.028934,-1.039932,Male,18-24,,White,Police and Criminal Evidence Act 1984 (section 1),Article for use in theft,A no further action disposal,,
Person search,2021-01-01T02:01:00+00:00,,,54.028934,-1.039932,Male,10-17,,White,Police and Criminal Evidence Act 1984 (section 1),Article for use in theft,A no further action disposal,,
Person search,2021-01-01T02:01:00+00:00,,,54.028934,-1.039932,Male,18-24,,White,Police and Criminal Evidence Act 1984 (section 1),Article for use in theft,Arrest,False,
Person search,2021-01-01T03:01:00+00:00,,,54.283089,-0.403686,Male,18-24,Other ethnic group - Not stated,White,Police and Criminal Evidence Act 1984 (section 1),Offensive weapons,A no further action disposal,,
Person search,2021-01-01T17:01:00+00:00,,,54.045075,-2.162272,Male,25-34,,Asian,Misuse of Drugs Act 1971 (section 23),Controlled drugs,A no further action disposal,,
Person search,2021-01-01T17:01:00+00:00,,,54.280797,-0.400303,Female,over 34,Other ethnic group - Not stated,,Misuse of Drugs Act 1971 (section 23),Controlled drugs,Arrest,False,
Person and Vehicle search,2021-01-01T17:01:00+00:00,,,54.045075,-2.162272,Male,25-34,,Asian,Misuse of Drugs Act 1971 (section 23),Controlled drugs,A no further action disposal,,
Person and Vehicle search,2021-01-01T17:01:00+00:00,,,54.028112,-2.151138,Male,18-24,,Asian,Misuse of Drugs Act 1971 (section 23),Controlled drugs,Khat or Cannabis warning,True,
Person search,2021-01-01T17:01:00+00:00,,,54.045075,-2.162272,Male,over 34,,Asian,Misuse of Drugs Act 1971 (section 23),Controlled drugs,A no further action disposal,,
Person and Vehicle search,2021-01-01T17:01:00+00:00,,,54.028112,-2.151138,Male,over 34,,Asian,Misuse of Drugs Act 1971 (section 23),Controlled drugs,A no further action disposal,,
Person and Vehicle search,2021-01-01T17:01:00+00:00,,,54.028112,-2.151138,Male,25-34,,Asian,Misuse of Drugs Act 1971 (section 23),Controlled drugs,A no further action disposal,,
Person and Vehicle search,2021-01-01T17:01:00+00:00,,,54.028112,-2.151138,Male,25-34,,Asian,Misuse of Drugs Act 1971 (section 23),Controlled drugs,A no further action disposal,,
Person and Vehicle search,2021-01-01T17:01:00+00:00,,,54.045075,-2.162272,Male,over 34,,Asian,Misuse of Drugs Act 1971 (section 23),Controlled drugs,A no further action disposal,,
Person search,2021-01-01T21:01:00+00:00,,,54.006996,-1.523158,Male,10-17,,White,Police and Criminal Evidence Act 1984 (section 1),Stolen goods,A no further action disposal,,
Person search,2021-01-01T21:01:00+00:00,,,54.006996,-1.523158,Male,10-17,,White,Police and Criminal Evidence Act 1984 (section 1),Stolen goods,A no further action disposal,,
Person and Vehicle search,2021-01-01T22:01:00+00:00,,,53.950143,-1.075234,Male,18-24,,Black,Misuse of Drugs Act 1971 (section 23),Controlled drugs,A no further action disposal,,
Person and Vehicle search,2021-01-01T22:01:00+00:00,,,53.950143,-1.075234,Male,18-24,Other ethnic group - Not stated,Black,Misuse of Drugs Act 1971 (section 23),Controlled drugs,A no further action disposal,,
Person search,2021-01-01T23:01:00+00:00,,,54.362010,-1.422383,Male,over 34,,White,Misuse of Drugs Act 1971 (section 23),Controlled drugs,A no further action disposal,,
Person search,2021-01-02T13:01:00+00:00,,,54.280762,-0.404391,Male,over 34,,White,Police and Criminal Evidence Act 1984 (section 1),,A no further action disposal,,
Vehicle search,2021-01-02T19:01:00+00:00,,,53.978352,-1.568480,,over 34,,,Misuse of Drugs Act 1971 (section 23),Controlled drugs,,,
Person search,2021-01-02T19:01:00+00:00,,,53.947659,-1.071358,Female,18-24,,White,Misuse of Drugs Act 1971 (section 23),Controlled drugs,A no further action disposal,,
Person search,2021-01-03T14:01:00+00:00,,,53.961132,-2.012904,Male,10-17,,,Police and Criminal Evidence Act 1984 (section 1),Articles for use in criminal damage,A no further action disposal,False,
Person search,2021-01-03T14:01:00+00:00,,,53.961132,-2.012904,Male,10-17,,White,Police and Criminal Evidence Act 1984 (section 1),Articles for use in criminal damage,A no further action disposal,False,
Person search,2021-01-03T15:01:00+00:00,,,53.961132,-2.012904,Male,10-17,,White,Police and Criminal Evidence Act 1984 (section 1),Articles for use in criminal damage,A no further action disposal,False,
Person and Vehicle search,2021-01-03T20:01:00+00:00,,,54.007485,-2.235577,Male,over 34,,White,Misuse of Drugs Act 1971 (section 23),Controlled drugs,A no further action disposal,,
Person and Vehicle search,2021-01-03T20:01:00+00:00,,,54.007485,-2.235577,Male,25-34,,Asian,Misuse of Drugs Act 1971 (section 23),Controlled drugs,Khat or Cannabis warning,True,
Person search,2021-01-04T15:01:00+00:00,,,53.956661,-1.076675,Male,10-17,,White,Police and Criminal Evidence Act 1984 (section 1),Offensive weapons,A no further action disposal,False,
Person search,2021-01-04T15:01:00+00:00,,,53.956661,-1.076675,Male,10-17,,White,Police and Criminal Evidence Act 1984 (section 1),Offensive weapons,A no further action disposal,,
Person search,2021-01-05T23:01:00+00:00,,,54.277045,-0.417712,Male,18-24,,White,Police and Criminal Evidence Act 1984 (section 1),Offensive weapons,,False,
Person search,2021-01-06T02:01:00+00:00,,,53.988403,-1.537706,Male,25-34,,White,Police and Criminal Evidence Act 1984 (section 1),Article for use in theft,A no further action disposal,,
Person search,2021-01-06T02:01:00+00:00,,,53.988403,-1.537706,Male,over 34,,White,Police and Criminal Evidence Act 1984 (section 1),Article for use in theft,A no further action disposal,,
Person search,2021-01-06T06:01:00+00:00,,,53.951496,-1.077033,Male,over 34,,White,Police and Criminal Evidence Act 1984 (section 1),Stolen goods,Arrest,True,
Person search,2021-01-06T06:01:00+00:00,,,53.951496,-1.077033,Male,over 34,,White,Police and Criminal Evidence Act 1984 (section 1),Stolen goods,Arrest,True,
Person search,2021-01-06T06:01:00+00:00,,,53.951496,-1.077033,Male,over 34,,White,Police and Criminal Evidence Act 1984 (section 1),Stolen goods,Arrest,True,
Person search,2021-01-06T14:01:00+00:00,,,54.284471,-0.396689,Female,25-34,,,Police and Criminal Evidence Act 1984 (section 1),Offensive weapons,A no further action disposal,,
Person search,2021-01-06T14:01:00+00:00,,,54.340354,-1.426701,Male,25-34,,White,Misuse of Drugs Act 1971 (section 23),Controlled drugs,Khat or Cannabis warning,True,
Person search,2021-01-06T14:01:00+00:00,,,54.284471,-0.396689,Female,25-34,,White,Police and Criminal Evidence Act 1984 (section 1),Offensive weapons,A no further action disposal,,
Person search,2021-01-06T17:01:00+00:00,,,53.993040,-1.535108,Female,10-17,,White,Police and Criminal Evidence Act 1984 (section 1),Offensive weapons,A no further action disposal,,
Person search,2021-01-06T19:01:00+00:00,,,54.119295,-1.185792,Male,10-17,,White,Police and Criminal Evidence Act 1984 (section 1),Stolen goods,A no further action disposal,,
Person search,2021-01-06T19:01:00+00:00,,,54.119295,-1.185792,Male,10-17,Other ethnic group - Not stated,White,Police and Criminal Evidence Act 1984 (section 1),Article for use in theft,A no further action disposal,,
Person and Vehicle search,2021-01-06T22:01:00+00:00,,,54.470182,-1.669495,Male,18-24,,,Misuse of Drugs Act 1971 (section 23),Controlled drugs,A no further action disposal,,
Vehicle search,2021-01-07T10:01:00+00:00,,,54.006025,-1.467433,,over 34,,,Police and Criminal Evidence Act 1984 (section 1),Stolen goods,,,
Person search,2021-01-07T13:01:00+00:00,,,53.958707,-1.079769,Male,over 34,White - Any other White background,White,Police and Criminal Evidence Act 1984 (section 1),Stolen goods,A no further action disposal,,
Person search,2021-01-07T14:01:00+00:00,,,53.958995,-1.547237,Male,25-34,,White,Misuse of Drugs Act 1971 (section 23),Controlled drugs,A no further action disposal,,
Person and Vehicle search,2021-01-07T16:01:00+00:00,,,53.971889,-1.529946,Male,25-34,,Asian,Misuse of Drugs Act 1971 (section 23),Controlled drugs,Arrest,True,
Person and Vehicle search,2021-01-07T16:01:00+00:00,,,53.971620,-1.534614,Male,over 34,,Asian,Misuse of Drugs Act 1971 (section 23),Controlled drugs,A no further action disposal,,
Person and Vehicle search,2021-01-07T22:01:00+00:00,,,,,Male,over 34,,White,Police and Criminal Evidence Act 1984 (section 1),Offensive weapons,A no further action disposal,,
Person search,2021-01-08T00:01:00+00:00,,,,,Male,25-34,,White,Police and Criminal Evidence Act 1984 (section 1),Article for use in theft,A no further action disposal,,
Person search,2021-01-08T11:01:00+00:00,,,53.971352,-1.087800,Female,over 34,,White,Misuse of Drugs Act 1971 (section 23),Controlled drugs,A no further action disposal,,
Person search,2021-01-08T11:01:00+00:00,,,53.971352,-1.087800,Female,25-34,,White,Misuse of Drugs Act 1971 (section 23),Controlled drugs,A no further action disposal,,
Person search,2021-01-08T11:01:00+00:00,,,53.971352,-1.087800,Male,over 34,,White,Misuse of Drugs Act 1971 (section 23),Controlled drugs,A no further action disposal,,
Person and Vehicle search,2021-01-08T16:01:00+00:00,,,53.958533,-2.021285,Female,over 34,,White,Misuse of Drugs Act 1971 (section 23),Controlled drugs,A no further action disposal,,
Person and Vehicle search,2021-01-08T17:01:00+00:00,,,53.961654,-2.011105,Female,over 34,,White,Misuse of Drugs Act 1971 (section 23),Controlled drugs,A no further action disposal,,
Person and Vehicle search,2021-01-08T17:01:00+00:00,,,53.958533,-2.021285,Male,over 34,,White,Misuse of Drugs Act 1971 (section 23),Controlled drugs,A no further action disposal,,
Person and Vehicle search,2021-01-08T19:01:00+00:00,,,53.924693,-1.113989,Male,10-17,White - Any other White background,Asian,Misuse of Drugs Act 1971 (section 23),Controlled drugs,A no further action disposal,,
Person and Vehicle search,2021-01-08T19:01:00+00:00,,,53.924693,-1.113989,Male,18-24,Asian/Asian British - Any other Asian background,Asian,Misuse of Drugs Act 1971 (section 23),Controlled drugs,A no further action disposal,,
Person and Vehicle search,2021-01-08T19:01:00+00:00,,,53.924693,-1.113989,Male,25-34,Asian/Asian British - Any other Asian background,Asian,Misuse of Drugs Act 1971 (section 23),Controlled drugs,A no further action disposal,,
Person and Vehicle search,2021-01-08T21:01:16+00:00,,,53.958533,-2.021285,Male,over 34,,White,Misuse of Drugs Act 1971 (section 23),Controlled drugs,A no further action disposal,,
Vehicle search,2021-01-09T01:01:00+00:00,,,53.909947,-1.986553,,over 34,,,Misuse of Drugs Act 1971 (section 23),Controlled drugs,,,
Person search,2021-01-09T07:01:18+00:00,,,,,Male,over 34,,White,Police and Criminal Evidence Act 1984 (section 1),Article for use in theft,A no further action disposal,False,
Vehicle search,2021-01-09T10:01:00+00:00,,,54.027653,-1.910097,,over 34,,,,,,,
Person and Vehicle search,2021-01-09T22:01:00+00:00,,,53.962228,-2.019702,Male,18-24,,White,Misuse of Drugs Act 1971 (section 23),Controlled drugs,A no further action disposal,,
Person search,2021-01-09T22:01:00+00:00,,,53.798771,-1.248642,Male,10-17,,White,Misuse of Drugs Act 1971 (section 23),Controlled drugs,A no further action disposal,,
Person search,2021-01-09T22:01:00+00:00,,,53.798771,-1.248642,Female,10-17,,White,Misuse of Drugs Act 1971 (section 23),Controlled drugs,A no further action disposal,,
Person and Vehicle search,2021-01-09T22:01:00+00:00,,,53.962228,-2.019702,Female,18-24,,White,Misuse of Drugs Act 1971 (section 23),Controlled drugs,A no further action disposal,,
Person and Vehicle search,2021-01-09T22:01:00+00:00,,,53.962228,-2.019702,Male,18-24,,White,Misuse of Drugs Act 1971 (section 23),Controlled drugs,A no further action disposal,,
Person and Vehicle search,2021-01-09T22:01:00+00:00,,,53.962228,-2.019702,Male,18-24,,White,Misuse of Drugs Act 1971 (section 23),Controlled drugs,A no further action disposal,,
Person search,2021-01-09T22:01:00+00:00,,,53.798771,-1.248642,Male,18-24,,White,Misuse of Drugs Act 1971 (section 23),Controlled drugs,A no further action disposal,,
Person search,2021-01-09T22:01:00+00:00,,,53.798771,-1.248642,Male,10-17,,White,Misuse of Drugs Act 1971 (section 23),Controlled drugs,A no further action disposal,,
Vehicle search,2021-01-10T00:01:00+00:00,,,54.297786,-1.356473,,over 34,,,Misuse of Drugs Act 1971 (section 23),Controlled drugs,,True,
Vehicle search,2021-01-10T00:01:00+00:00,,,54.362010,-1.422383,,over 34,,,Misuse of Drugs Act 1971 (section 23),Controlled drugs,,False,
Person and Vehicle search,2021-01-10T12:01:00+00:00,,,54.070091,-2.278397,Male,18-24,,White,Misuse of Drugs Act 1971 (section 23),Controlled drugs,A no further action disposal,,
Person and Vehicle search,2021-01-10T12:01:00+00:00,,,54.070091,-2.278397,Male,18-24,,White,Misuse of Drugs Act 1971 (section 23),Controlled drugs,Khat or Cannabis warning,True,
Person search,2021-01-10T18:01:00+00:00,,,53.958796,-1.086732,Female,18-24,,White,Misuse of Drugs Act 1971 (section 23),Controlled drugs,Khat or Cannabis warning,True,
Person search,2021-01-10T18:01:00+00:00,,,53.958796,-1.086732,Male,18-24,White - Any other White background,White,Misuse of Drugs Act 1971 (section 23),Controlled drugs,A no further action disposal,,
Person search,2021-01-10T18:01:00+00:00,,,53.958796,-1.086732,Male,18-24,,White,Misuse of Drugs Act 1971 (section 23),Controlled drugs,A no further action disposal,,
Person search,2021-01-10T20:01:00+00:00,,,54.334380,-1.419817,Male,18-24,,,Misuse of Drugs Act 1971 (section 23),Controlled drugs,Khat or Cannabis warning,True,
Person search,2021-01-10T20:01:00+00:00,,,54.329648,-0.449819,Male,over 34,,White,Police and Criminal Evidence Act 1984 (section 1),Articles for use in criminal damage,Arrest,True,
Person search,2021-01-10T21:01:00+00:00,,,53.789769,-1.043503,Male,25-34,,White,Misuse of Drugs Act 1971 (section 23),Controlled drugs,A no further action disposal,,
Person search,2021-01-10T21:01:35+00:00,,,54.334380,-1.419817,Male,18-24,,,Misuse of Drugs Act 1971 (section 23),Controlled drugs,A no further action disposal,,
Person search,2021-01-10T22:01:00+00:00,,,54.283653,-0.396045,Male,over 34,,White,Misuse of Drugs Act 1971 (section 23),Controlled drugs,Arrest,True,
Vehicle search,2021-01-11T00:01:00+00:00,,,53.947659,-1.071358,,over 34,,,Misuse of Drugs Act 1971 (section 23),Controlled drugs,,,
Person search,2021-01-11T11:01:00+00:00,,,53.994184,-1.538222,Male,over 34,,White,Police and Criminal Evidence Act 1984 (section 1),Stolen goods,A no further action disposal,,
Person search,2021-01-11T16:01:00+00:00,,,53.965474,-1.090199,Male,25-34,,White,Misuse of Drugs Act 1971 (section 23),Controlled drugs,A no further action disposal,,
Person search,2021-01-11T17:01:43+00:00,,,53.966029,-1.087611,Male,10-17,,White,Misuse of Drugs Act 1971 (section 23),Controlled drugs,Arrest,True,
Person search,2021-01-11T20:01:00+00:00,,,54.281251,-0.433480,Female,10-17,,White,Misuse of Drugs Act 1971 (section 23),Controlled drugs,Arrest,True,
Vehicle search,2021-01-11T22:01:00+00:00,,,54.288741,-0.393404,,over 34,,,Misuse of Drugs Act 1971 (section 23),Controlled drugs,,True,
Person search,2021-01-12T18:01:00+00:00,,,53.784396,-1.065404,Female,25-34,,White,Misuse of Drugs Act 1971 (section 23),Controlled drugs,A no further action disposal,,
Person search,2021-01-12T18:01:00+00:00,,,53.784396,-1.065404,Male,25-34,,White,Misuse of Drugs Act 1971 (section 23),Controlled drugs,A no further action disposal,,
Person search,2021-01-12T18:01:00+00:00,,,53.784396,-1.065404,Male,25-34,,White,Misuse of Drugs Act 1971 (section 23),Controlled drugs,A no further action disposal,,
Person and Vehicle search,2021-01-12T21:01:00+00:00,,,54.285177,-0.405203,Female,18-24,,White,Misuse of Drugs Act 1971 (section 23),Controlled drugs,Arrest,True,
Vehicle search,2021-01-12T22:01:00+00:00,,,54.285642,-0.401667,,over 34,,,Misuse of Drugs Act 1971 (section 23),Controlled drugs,,True,
Person search,2021-01-12T22:01:00+00:00,,,53.957318,-1.077941,Male,25-34,,White,Police and Criminal Evidence Act 1984 (section 1),Stolen goods,,False,
Person search,2021-01-13T12:01:00+00:00,,,53.780990,-1.074707,Male,18-24,,,Police and Criminal Evidence Act 1984 (section 1),Offensive weapons,A no further action disposal,,
Person and Vehicle search,2021-01-13T14:01:00+00:00,,,53.815035,-1.492973,Female,25-34,Other ethnic group - Not stated,White,Police and Criminal Evidence Act 1984 (section 1),Stolen goods,,False,
Person and Vehicle search,2021-01-13T14:01:00+00:00,,,53.815035,-1.492973,Male,over 34,,White,Police and Criminal Evidence Act 1984 (section 1),Stolen goods,,False,
Person search,2021-01-13T16:01:00+00:00,,,54.251184,-0.771442,Male,10-17,,White,Misuse of Drugs Act 1971 (section 23),Controlled drugs,A no further action disposal,,
Person search,2021-01-13T16:01:00+00:00,,,54.251184,-0.771442,Female,10-17,,,Misuse of Drugs Act 1971 (section 23),Controlled drugs,A no further action disposal,,
Person search,2021-01-13T23:01:00+00:00,,,54.283958,-0.396709,Male,10-17,,White,Misuse of Drugs Act 1971 (section 23),Controlled drugs,A no further action disposal,,
Person search,2021-01-14T11:01:00+00:00,,,54.280762,-0.404391,Male,over 34,,White,Misuse of Drugs Act 1971 (section 23),Controlled drugs,Arrest,True,
Person and Vehicle search,2021-01-14T17:01:00+00:00,,,53.854926,-1.341681,Male,18-24,,White,Misuse of Drugs Act 1971 (section 23),Controlled drugs,,False,
Person search,2021-01-14T20:01:00+00:00,,,53.786737,-1.069451,Male,18-24,White - Any other White background,White,Misuse of Drugs Act 1971 (section 23),Controlled drugs,A no further action disposal,,
Person search,2021-01-14T21:01:00+00:00,,,53.993722,-1.539447,Female,10-17,,White,Police and Criminal Evidence Act 1984 (section 1),Offensive weapons,A no further action disposal,True,
Person and Vehicle search,2021-01-14T23:01:00+00:00,,,53.995324,-1.746116,Male,18-24,Asian/Asian British - Any other Asian background,Asian,Misuse of Drugs Act 1971 (section 23),Controlled drugs,A no further action disposal,,
Person and Vehicle search,2021-01-15T00:01:00+00:00,,,53.956991,-1.075189,Male,25-34,,White,Misuse of Drugs Act 1971 (section 23),Controlled drugs,A no further action disposal,,
Person and Vehicle search,2021-01-15T17:01:00+00:00,,,53.998608,-1.515733,Male,18-24,,White,Misuse of Drugs Act 1971 (section 23),Controlled drugs,Arrest,True,
Person and Vehicle search,2021-01-16T12:01:00+00:00,,,53.958106,-1.005439,Male,25-34,Other ethnic group - Not stated,White,Police and Criminal Evidence Act 1984 (section 1),Stolen goods,Arrest,True,
Person and Vehicle search,2021-01-16T12:01:36+00:00,,,53.998608,-1.515733,Male,over 34,,White,Misuse of Drugs Act 1971 (section 23),Controlled drugs,Arrest,True,
Person and Vehicle search,2021-01-16T13:01:00+00:00,,,53.954622,-1.070929,Male,25-34,,White,Police and Criminal Evidence Act 1984 (section 1),Article for use in theft,Arrest,True,
Person search,2021-01-16T16:01:00+00:00,,,53.959683,-1.080480,Male,25-34,,,Police and Criminal Evidence Act 1984 (section 1),Stolen goods,A no further action disposal,,
Person search,2021-01-16T17:01:00+00:00,,,54.211473,-0.290547,Male,10-17,,White,Misuse of Drugs Act 1971 (section 23),Controlled drugs,A no further action disposal,,
Person and Vehicle search,2021-01-16T17:01:10+00:00,,,53.958106,-1.005439,Male,25-34,,White,Police and Criminal Evidence Act 1984 (section 1),Stolen goods,Arrest,True,
Person search,2021-01-16T19:01:00+00:00,,,53.957341,-1.084478,Male,25-34,,White,Misuse of Drugs Act 1971 (section 23),Controlled drugs,Community resolution,True,
Person and Vehicle search,2021-01-16T20:01:00+00:00,,,54.120170,-2.525543,Male,18-24,Other ethnic group - Not stated,,Misuse of Drugs Act 1971 (section 23),Controlled drugs,Khat or Cannabis warning,True,
Person search,2021-01-16T21:01:00+00:00,,,53.949286,-2.017349,Female,over 34,,White,Misuse of Drugs Act 1971 (section 23),Controlled drugs,A no further action disposal,,
Person search,2021-01-16T21:01:00+00:00,,,53.950562,-2.019285,Male,over 34,Other ethnic group - Not stated,,Misuse of Drugs Act 1971 (section 23),Controlled drugs,A no further action disposal,,
Person search,2021-01-16T22:01:00+00:00,,,54.132671,-1.534878,Male,10-17,,,,Controlled drugs,Arrest,True,
Person search,2021-01-16T22:01:00+00:00,,,54.134479,-1.526165,Male,10-17,,White,Police and Criminal Evidence Act 1984 (section 1),,A no further action disposal,False,
Person and Vehicle search,2021-01-17T00:01:00+00:00,,,54.170504,-0.978998,Male,25-34,,White,Misuse of Drugs Act 1971 (section 23),Controlled drugs,,False,
Person search,2021-01-17T01:01:00+00:00,,,53.954896,-1.107193,Female,25-34,,White,Police and Criminal Evidence Act 1984 (section 1),Article for use in theft,A no further action disposal,,
Person search,2021-01-17T02:01:00+00:00,,,53.954063,-1.095492,Female,18-24,,White,Police and Criminal Evidence Act 1984 (section 1),Article for use in theft,A no further action disposal,,
Person search,2021-01-17T02:01:33+00:00,,,54.016115,-1.326915,Male,10-17,,White,Misuse of Drugs Act 1971 (section 23),Controlled drugs,A no further action disposal,,
Person and Vehicle search,2021-01-17T12:01:00+00:00,,,53.968827,-1.097459,Male,over 34,,White,Misuse of Drugs Act 1971 (section 23),Controlled drugs,A no further action disposal,,
Person search,2021-01-17T18:01:00+00:00,,,54.288680,-0.407741,Male,10-17,,,Misuse of Drugs Act 1971 (section 23),Controlled drugs,A no further action disposal,,
Person search,2021-01-17T18:01:00+00:00,,,54.288680,-0.407741,Male,10-17,,,Misuse of Drugs Act 1971 (section 23),Controlled drugs,A no further action disposal,,
Person search,2021-01-17T18:01:00+00:00,,,54.282366,-0.401302,Male,over 34,,White,Misuse of Drugs Act 1971 (section 23),Controlled drugs,A no further action disposal,,
Person search,2021-01-17T22:01:00+00:00,,,53.968063,-1.085600,Male,18-24,,White,Misuse of Drugs Act 1971 (section 23),Controlled drugs,Khat or Cannabis warning,True,
Person and Vehicle search,2021-01-18T01:01:00+00:00,,,53.928683,-1.794888,Male,18-24,Other ethnic group - Not stated,Asian,Misuse of Drugs Act 1971 (section 23),Controlled drugs,Khat or Cannabis warning,True,
Person and Vehicle search,2021-01-18T01:01:00+00:00,,,53.928683,-1.794888,Male,25-34,,White,Misuse of Drugs Act 1971 (section 23),Controlled drugs,,False,
Person search,2021-01-18T10:01:00+00:00,,,54.284830,-0.398688,Male,over 34,,White,Police and Criminal Evidence Act 1984 (section 1),Articles for use in criminal damage,A no further action disposal,,
Person and Vehicle search,2021-01-18T10:01:00+00:00,,,54.282727,-0.410290,Male,25-34,White - Any other White background,White,Misuse of Drugs Act 1971 (section 23),Controlled drugs,A no further action disposal,,
Person and Vehicle search,2021-01-18T10:01:00+00:00,,,54.277934,-0.403333,Male,over 34,Other ethnic group - Not stated,White,Misuse of Drugs Act 1971 (section 23),Controlled drugs,A no further action disposal,,
Person and Vehicle search,2021-01-18T13:01:16+00:00,,,54.277934,-0.403333,Male,25-34,White - Any other White background,White,Misuse of Drugs Act 1971 (section 23),Controlled drugs,A no further action disposal,,
Person and Vehicle search,2021-01-18T16:01:00+00:00,,,54.237495,-1.327845,Male,18-24,,White,,,A no further action disposal,,
Person and Vehicle search,2021-01-18T16:01:00+00:00,,,54.237495,-1.327845,Male,25-34,,White,,,A no further action disposal,,
Person and Vehicle search,2021-01-18T17:01:00+00:00,,,54.117033,-1.413584,Male,18-24,White - Any other White background,White,Misuse of Drugs Act 1971 (section 23),Controlled drugs,A no further action disposal,,
Person search,2021-01-18T19:01:00+00:00,,,54.280762,-0.404391,Male,18-24,,White,Police and Criminal Evidence Act 1984 (section 1),Offensive weapons,A no further action disposal,,
Vehicle search,2021-01-18T21:01:00+00:00,,,54.021914,-1.042154,,over 34,,,Misuse of Drugs Act 1971 (section 23),Controlled drugs,,True,
Person search,2021-01-19T13:01:00+00:00,,,53.958407,-1.071165,Male,25-34,,White,Misuse of Drugs Act 1971 (section 23),Controlled drugs,Khat or Cannabis warning,True,
Person search,2021-01-19T15:01:00+00:00,,,53.954477,-1.086126,Male,18-24,,White,Misuse of Drugs Act 1971 (section 23),Controlled drugs,Khat or Cannabis warning,True,
Person search,2021-01-20T10:01:00+00:00,,,54.286563,-0.399942,Male,18-24,,White,Misuse of Drugs Act 1971 (section 23),Controlled drugs,A no further action disposal,,
Person search,2021-01-20T16:01:00+00:00,,,54.287036,-0.402412,Male,25-34,Other ethnic group - Not stated,,Misuse of Drugs Act 1971 (section 23),Controlled drugs,Arrest,True,
Person search,2021-01-20T16:01:00+00:00,,,54.281551,-0.419260,Male,10-17,,White,Police and Criminal Evidence Act 1984 (section 1),,A no further action disposal,,
Person search,2021-01-20T16:01:00+00:00,,,54.400933,-1.737674,Male,18-24,,White,Misuse of Drugs Act 1971 (section 23),Controlled drugs,Khat or Cannabis warning,True,
Person search,2021-01-20T16:01:00+00:00,,,54.287036,-0.402412,Male,18-24,Other ethnic group - Not stated,Black,Misuse of Drugs Act 1971 (section 23),Controlled drugs,Khat or Cannabis warning,True,
Person search,2021-01-20T16:01:32+00:00,,,54.281551,-0.419260,Male,10-17,,White,Police and Criminal Evidence Act 1984 (section 1),,A no further action disposal,,
Person search,2021-01-20T16:01:40+00:00,,,54.281551,-0.419260,Male,10-17,,,Police and Criminal Evidence Act 1984 (section 1),,A no further action disposal,,
Person search,2021-01-21T01:01:04+00:00,,,53.989960,-1.027406,Male,25-34,Black/African/Caribbean/Black British - Any other Black/African/Caribbean background,Black,Misuse of Drugs Act 1971 (section 23),Controlled drugs,A no further action disposal,,
Person search,2021-01-21T14:01:00+00:00,,,54.003189,-1.537848,Male,over 34,,White,Misuse of Drugs Act 1971 (section 23),Controlled drugs,A no further action disposal,,
Person search,2021-01-21T15:01:00+00:00,,,54.282366,-0.401302,Male,10-17,,,Misuse of Drugs Act 1971 (section 23),Controlled drugs,A no further action disposal,,
Person and Vehicle search,2021-01-21T18:01:00+00:00,,,54.145931,-0.779076,Male,18-24,Asian/Asian British - Any other Asian background,Asian,Misuse of Drugs Act 1971 (section 23),Controlled drugs,Summons / charged by post,False,
Person and Vehicle search,2021-01-21T18:01:00+00:00,,,54.145931,-0.779076,Male,18-24,,White,Misuse of Drugs Act 1971 (section 23),Controlled drugs,Summons / charged by post,False,
Person and Vehicle search,2021-01-21T18:01:00+00:00,,,54.145931,-0.779076,Male,18-24,Asian/Asian British - Any other Asian background,Asian,Misuse of Drugs Act 1971 (section 23),Controlled drugs,Summons / charged by post,False,
Person and Vehicle search,2021-01-21T20:01:00+00:00,,,53.947659,-1.071358,Male,25-34,,White,Misuse of Drugs Act 1971 (section 23),Controlled drugs,Arrest,True,
Person search,2021-01-21T22:01:00+00:00,,,53.976907,-1.090286,Female,25-34,,White,Police and Criminal Evidence Act 1984 (section 1),Offensive weapons,A no further action disposal,,
Person search,2021-01-21T22:01:00+00:00,,,53.979304,-1.104277,Male,10-17,,White,Police and Criminal Evidence Act 1984 (section 1),Offensive weapons,A no further action disposal,,
Person search,2021-01-21T22:01:00+00:00,,,53.979304,-1.104277,Male,10-17,,White,Police and Criminal Evidence Act 1984 (section 1),Offensive weapons,A no further action disposal,,
Person search,2021-01-21T22:01:00+00:00,,,53.976907,-1.090286,Male,over 34,,White,Police and Criminal Evidence Act 1984 (section 1),Offensive weapons,A no further action disposal,,
Person search,2021-01-22T11:01:00+00:00,,,53.996491,-1.530569,Male,over 34,,White,Police and Criminal Evidence Act 1984 (section 1),Offensive weapons,A no further action disposal,,
Person and Vehicle search,2021-01-22T13:01:00+00:00,,,54.405276,-1.742899,Male,18-24,,,Misuse of Drugs Act 1971 (section 23),Controlled drugs,A no further action disposal,,
Person and Vehicle search,2021-01-22T15:01:00+00:00,,,54.001109,-1.539320,Male,18-24,Other ethnic group - Not stated,White,Misuse of Drugs Act 1971 (section 23),Controlled drugs,A no further action disposal,,
Person and Vehicle search,2021-01-22T15:01:00+00:00,,,54.001109,-1.539320,Male,18-24,,White,Misuse of Drugs Act 1971 (section 23),Controlled drugs,Arrest,False,
Person search,2021-01-22T19:01:00+00:00,,,54.292212,-0.409065,Male,25-34,,,Misuse of Drugs Act 1971 (section 23),Controlled drugs,A no further action disposal,,
Person search,2021-01-22T21:01:00+00:00,,,53.917156,-1.094005,Male,10-17,,White,Misuse of Drugs Act 1971 (section 23),Controlled drugs,Arrest,True,
Person search,2021-01-22T21:01:21+00:00,,,53.916312,-1.097784,Male,18-24,,White,Misuse of Drugs Act 1971 (section 23),Controlled drugs,A no further action disposal,,
Person search,2021-01-23T12:01:00+00:00,,,53.950629,-1.118423,Female,over 34,,White,Misuse of Drugs Act 1971 (section 23),Controlled drugs,A no further action disposal,,
Person search,2021-01-23T12:01:00+00:00,,,53.950629,-1.118423,Male,over 34,,White,Misuse of Drugs Act 1971 (section 23),Controlled drugs,A no further action disposal,,
Person search,2021-01-23T13:01:00+00:00,,,53.951469,-1.118953,Male,over 34,,White,Police and Criminal Evidence Act 1984 (section 1),Stolen goods,A no further action disposal,,
Person and Vehicle search,2021-01-23T16:01:00+00:00,,,53.774688,-1.249618,Male,25-34,,White,Police and Criminal Evidence Act 1984 (section 1),Stolen goods,,False,
Person search,2021-01-23T16:01:00+00:00,,,53.787877,-1.071550,Male,10-17,,White,Misuse of Drugs Act 1971 (section 23),Controlled drugs,A no further action disposal,,
Person and Vehicle search,2021-01-23T20:01:00+00:00,,,54.004656,-1.531530,Female,18-24,,White,Misuse of Drugs Act 1971 (section 23),Controlled drugs,A no further action disposal,,
Person and Vehicle search,2021-01-23T20:01:00+00:00,,,54.004656,-1.531530,Female,18-24,,White,Misuse of Drugs Act 1971 (section 23),Controlled drugs,A no further action disposal,,
Person and Vehicle search,2021-01-23T21:01:00+00:00,,,54.005361,-1.527876,Male,25-34,Other ethnic group - Not stated,,Misuse of Drugs Act 1971 (section 23),Controlled drugs,A no further action disposal,,
Person and Vehicle search,2021-01-23T21:01:00+00:00,,,54.005361,-1.527876,Male,25-34,,White,Misuse of Drugs Act 1971 (section 23),Controlled drugs,A no further action disposal,,
Person and Vehicle search,2021-01-23T22:01:00+00:00,,,54.273371,-0.412401,Male,25-34,,,Misuse of Drugs Act 1971 (section 23),Controlled drugs,Arrest,False,
Person search,2021-01-24T02:01:00+00:00,,,53.782366,-1.064417,Male,over 34,,White,Police and Criminal Evidence Act 1984 (section 1),Stolen goods,A no further action disposal,,
Person and Vehicle search,2021-01-24T02:01:00+00:00,,,53.949861,-1.122781,Male,25-34,,White,Misuse of Drugs Act 1971 (section 23),Controlled drugs,Arrest,True,
Person and Vehicle search,2021-01-24T02:01:00+00:00,,,53.944290,-1.121695,Male,25-34,,,Misuse of Drugs Act 1971 (section 23),Controlled drugs,A no further action disposal,,
Person search,2021-01-24T09:01:00+00:00,,,54.289749,-0.432390,Male,over 34,,White,Police and Criminal Evidence Act 1984 (section 1),Stolen goods,,False,
Vehicle search,2021-01-24T10:01:00+00:00,,,54.301689,-0.409990,,over 34,,,Misuse of Drugs Act 1971 (section 23),Controlled drugs,,,
Person search,2021-01-24T13:01:00+00:00,,,54.120083,-1.526558,Male,10-17,,,Police and Criminal Evidence Act 1984 (section 1),Stolen goods,A no further action disposal,,
Person search,2021-01-24T14:01:00+00:00,,,54.122357,-1.526502,Male,10-17,,,Police and Criminal Evidence Act 1984 (section 1),Stolen goods,A no further action disposal,,
Person search,2021-01-24T16:01:00+00:00,,,54.282259,-0.396652,Female,10-17,,White,Police and Criminal Evidence Act 1984 (section 1),Offensive weapons,A no further action disposal,,
Person search,2021-01-24T16:01:00+00:00,,,54.282259,-0.396652,Female,10-17,,White,Police and Criminal Evidence Act 1984 (section 1),Offensive weapons,A no further action disposal,,
Person and Vehicle search,2021-01-24T19:01:00+00:00,,,53.934250,-1.127831,Male,18-24,,White,Misuse of Drugs Act 1971 (section 23),Controlled drugs,A no further action disposal,,
Person and Vehicle search,2021-01-24T19:01:00+00:00,,,53.934250,-1.127831,Female,18-24,,White,Misuse of Drugs Act 1971 (section 23),Controlled drugs,A no further action disposal,,
Person and Vehicle search,2021-01-24T20:01:00+00:00,,,53.920545,-1.143069,Male,,,White,Police and Criminal Evidence Act 1984 (section 1),Stolen goods,A no further action disposal,,
Person and Vehicle search,2021-01-24T20:01:00+00:00,,,53.920545,-1.143069,Male,over 34,,White,Police and Criminal Evidence Act 1984 (section 1),Stolen goods,A no further action disposal,,
Person search,2021-01-24T21:01:00+00:00,,,53.956519,-1.073417,Male,25-34,,White,Police and Criminal Evidence Act 1984 (section 1),Offensive weapons,A no further action disposal,,
Person search,2021-01-24T23:01:00+00:00,,,53.958707,-1.079769,Male,25-34,,White,Police and Criminal Evidence Act 1984 (section 1),Article for use in theft,Arrest,False,
Person search,2021-01-25T05:01:56+00:00,,,53.957318,-1.077941,Male,25-34,,White,Police and Criminal Evidence Act 1984 (section 1),Offensive weapons,A no further action disposal,,
Person and Vehicle search,2021-01-25T20:01:00+00:00,,,53.776163,-1.301913,Male,25-34,Black/African/Caribbean/Black British - Any other Black/African/Caribbean background,Black,Misuse of Drugs Act 1971 (section 23),Controlled drugs,A no further action disposal,,
Person and Vehicle search,2021-01-25T21:01:00+00:00,,,53.776163,-1.301913,Male,18-24,,Black,Misuse of Drugs Act 1971 (section 23),Controlled drugs,A no further action disposal,,
Person search,2021-01-25T22:01:00+00:00,,,53.956758,-1.071750,Male,25-34,,White,Police and Criminal Evidence Act 1984 (section 1),Offensive weapons,A no further action disposal,,
Person search,2021-01-26T10:01:00+00:00,,,54.280762,-0.404391,Male,over 34,,White,Misuse of Drugs Act 1971 (section 23),Controlled drugs,A no further action disposal,,
Person search,2021-01-26T10:01:00+00:00,,,54.280762,-0.404391,Male,over 34,,White,Misuse of Drugs Act 1971 (section 23),Controlled drugs,A no further action disposal,,
Person search,2021-01-26T10:01:00+00:00,,,54.280762,-0.404391,Male,25-34,,White,Misuse of Drugs Act 1971 (section 23),Controlled drugs,A no further action disposal,,
Person and Vehicle search,2021-01-26T12:01:00+00:00,,,54.140799,-0.783498,Male,over 34,,White,Misuse of Drugs Act 1971 (section 23),Controlled drugs,A no further action disposal,,
Person and Vehicle search,2021-01-26T12:01:00+00:00,,,54.140799,-0.783498,Male,18-24,,White,Misuse of Drugs Act 1971 (section 23),Controlled drugs,A no further action disposal,,
Person and Vehicle search,2021-01-26T12:01:00+00:00,,,54.140799,-0.783498,Male,over 34,,White,Misuse of Drugs Act 1971 (section 23),Controlled drugs,A no further action disposal,,
Person search,2021-01-26T15:01:00+00:00,,,53.953058,-1.096946,Male,25-34,,White,Misuse of Drugs Act 1971 (section 23),Controlled drugs,Arrest,True,
Person search,2021-01-26T18:01:00+00:00,,,53.915270,-1.095477,Male,18-24,,White,Misuse of Drugs Act 1971 (section 23),Controlled drugs,A no further action disposal,,
Person search,2021-01-26T19:01:00+00:00,,,54.280501,-0.406428,Male,over 34,,,Police and Criminal Evidence Act 1984 (section 1),Stolen goods,A no further action disposal,,
Person search,2021-01-26T20:01:00+00:00,,,53.976548,-1.539850,Male,10-17,Other ethnic group - Not stated,,Police and Criminal Evidence Act 1984 (section 1),Stolen goods,A no further action disposal,,
Person search,2021-01-26T20:01:00+00:00,,,53.992683,-1.542875,Male,25-34,,White,Misuse of Drugs Act 1971 (section 23),Controlled drugs,A no further action disposal,,
Person search,2021-01-26T20:01:19+00:00,,,53.915270,-1.095477,Male,10-17,,White,Misuse of Drugs Act 1971 (section 23),Controlled drugs,Community resolution,True,
Person search,2021-01-26T21:01:00+00:00,,,54.021914,-1.042154,Female,25-34,,White,Misuse of Drugs Act 1971 (section 23),,Arrest,False,
Person search,2021-01-26T21:01:00+00:00,,,54.021914,-1.042154,Male,25-34,,Black,Misuse of Drugs Act 1971 (section 23),Controlled drugs,Arrest,False,
Person search,2021-01-26T21:01:00+00:00,,,54.021914,-1.042154,Male,18-24,,White,Misuse of Drugs Act 1971 (section 23),Controlled drugs,Arrest,True,
Person and Vehicle search,2021-01-26T22:01:00+00:00,,,53.988435,-1.505130,Male,25-34,White - Any other White background,White,Police and Criminal Evidence Act 1984 (section 1),Article for use in theft,Arrest,False,
Person search,2021-01-26T22:01:00+00:00,,,53.985096,-1.491155,Male,over 34,White - Any other White background,White,Police and Criminal Evidence Act 1984 (section 1),Stolen goods,Arrest,False,
Person and Vehicle search,2021-01-27T00:01:00+00:00,,,53.985096,-1.491155,Male,18-24,,,Misuse of Drugs Act 1971 (section 23),Controlled drugs,A no further action disposal,,
Person and Vehicle search,2021-01-27T00:01:00+00:00,,,53.987725,-1.500807,Male,18-24,,,Misuse of Drugs Act 1971 (section 23),Controlled drugs,A no further action disposal,,
Person and Vehicle search,2021-01-27T00:01:00+00:00,,,53.985096,-1.491155,Male,18-24,Other ethnic group - Not stated,,Misuse of Drugs Act 1971 (section 23),Controlled drugs,A no further action disposal,,
Person and Vehicle search,2021-01-27T01:01:00+00:00,,,53.985096,-1.491155,Male,10-17,,White,Misuse of Drugs Act 1971 (section 23),Controlled drugs,A no further action disposal,,
Person search,2021-01-27T15:01:00+00:00,,,54.290620,-0.424736,Male,10-17,,,Misuse of Drugs Act 1971 (section 23),Controlled drugs,A no further action disposal,,
Person search,2021-01-27T17:01:00+00:00,,,53.956972,-1.078482,Male,18-24,Other ethnic group - Not stated,,Misuse of Drugs Act 1971 (section 23),Controlled drugs,Khat or Cannabis warning,True,
Person search,2021-01-27T18:01:00+00:00,,,54.280975,-0.406948,Male,25-34,,White,Police and Criminal Evidence Act 1984 (section 1),Offensive weapons,Arrest,True,
Person search,2021-01-27T20:01:00+00:00,,,53.907405,-1.185883,Male,25-34,Other ethnic group - Not stated,White,Police and Criminal Evidence Act 1984 (section 1),Controlled drugs,A no further action disposal,,
Person search,2021-01-27T20:01:00+00:00,,,54.340754,-1.418328,Male,over 34,,White,Misuse of Drugs Act 1971 (section 23),Controlled drugs,A no further action disposal,,
Person and Vehicle search,2021-01-27T21:01:00+00:00,,,54.488935,-0.608680,Female,18-24,,White,Misuse of Drugs Act 1971 (section 23),Controlled drugs,Khat or Cannabis warning,True,
Person search,2021-01-27T21:01:00+00:00,,,53.969971,-1.528809,Male,18-24,,Asian,Misuse of Drugs Act 1971 (section 23),Controlled drugs,Arrest,False,
Person search,2021-01-28T00:01:00+00:00,,,54.280475,-0.414002,Male,18-24,White - Any other White background,White,Police and Criminal Evidence Act 1984 (section 1),Article for use in theft,A no further action disposal,,
Person search,2021-01-28T13:01:00+00:00,,,54.145581,-0.796953,Male,18-24,,White,Police and Criminal Evidence Act 1984 (section 1),Stolen goods,Arrest,True,
Person search,2021-01-28T14:01:00+00:00,,,53.959790,-1.082687,Male,10-17,,White,Police and Criminal Evidence Act 1984 (section 1),Article for use in theft,A no further action disposal,,
Person search,2021-01-28T14:01:00+00:00,,,53.959790,-1.082687,Male,10-17,,,Police and Criminal Evidence Act 1984 (section 1),Article for use in theft,A no further action disposal,,
Person search,2021-01-28T16:01:00+00:00,,,53.959790,-1.082687,Male,10-17,,White,Police and Criminal Evidence Act 1984 (section 1),Stolen goods,Arrest,True,
Person search,2021-01-28T18:01:00+00:00,,,54.291019,-0.426395,Male,10-17,,,Misuse of Drugs Act 1971 (section 23),Controlled drugs,A no further action disposal,,
Person search,2021-01-28T19:01:00+00:00,,,53.947005,-1.058940,Male,18-24,,White,Misuse of Drugs Act 1971 (section 23),Controlled drugs,A no further action disposal,,
Person and Vehicle search,2021-01-28T21:01:00+00:00,,,54.078970,-0.684439,Male,over 34,,White,Misuse of Drugs Act 1971 (section 23),Controlled drugs,A no further action disposal,,
Person search,2021-01-28T22:01:00+00:00,,,54.006640,-1.072686,Male,18-24,,White,Police and Criminal Evidence Act 1984 (section 1),Article for use in theft,A no further action disposal,,
Person and Vehicle search,2021-01-28T23:01:00+00:00,,,53.704782,-1.146897,Male,25-34,,White,Misuse of Drugs Act 1971 (section 23),Controlled drugs,A no further action disposal,,
Person and Vehicle search,2021-01-28T23:01:00+00:00,,,53.704782,-1.146897,Male,25-34,,Asian,Misuse of Drugs Act 1971 (section 23),Controlled drugs,A no further action disposal,,
Person and Vehicle search,2021-01-29T08:01:44+00:00,,,54.145581,-0.796953,Male,18-24,,Asian,Misuse of Drugs Act 1971 (section 23),Controlled drugs,A no further action disposal,,
Person search,2021-01-29T15:01:00+00:00,,,54.286202,-0.391691,Male,25-34,Other ethnic group - Not stated,,Misuse of Drugs Act 1971 (section 23),Controlled drugs,A no further action disposal,,
Person and Vehicle search,2021-01-29T22:01:00+00:00,,,54.273151,-0.402535,Male,under 10,,White,Misuse of Drugs Act 1971 (section 23),Controlled drugs,A no further action disposal,,
Person and Vehicle search,2021-01-29T22:01:00+00:00,,,54.273151,-0.402535,Female,18-24,,White,Misuse of Drugs Act 1971 (section 23),Controlled drugs,Khat or Cannabis warning,True,
Person search,2021-01-29T22:01:00+00:00,,,54.132401,-1.518766,Male,10-17,,,Misuse of Drugs Act 1971 (section 23),Controlled drugs,Community resolution,True,
Person search,2021-01-29T23:01:00+00:00,,,54.280762,-0.404391,Male,over 34,,White,Misuse of Drugs Act 1971 (section 23),Controlled drugs,A no further action disposal,,
Person and Vehicle search,2021-01-29T23:01:00+00:00,,,53.956901,-1.089197,Male,over 34,,Other,Misuse of Drugs Act 1971 (section 23),Controlled drugs,Penalty Notice for Disorder,True,
Person search,2021-01-29T23:01:00+00:00,,,54.215561,-0.303813,Female,10-17,,White,Police and Criminal Evidence Act 1984 (section 1),Offensive weapons,A no further action disposal,,
Person search,2021-01-30T02:01:00+00:00,,,53.970461,-1.135048,Male,18-24,Other ethnic group - Not stated,White,Police and Criminal Evidence Act 1984 (section 1),Stolen goods,A no further action disposal,,
Person search,2021-01-30T04:01:00+00:00,,,54.282727,-0.410290,Male,over 34,,White,Police and Criminal Evidence Act 1984 (section 1),Article for use in theft,A no further action disposal,,
Person and Vehicle search,2021-01-30T08:01:00+00:00,,,54.241126,-0.423062,Male,over 34,,White,Misuse of Drugs Act 1971 (section 23),Controlled drugs,Arrest,True,
Person and Vehicle search,2021-01-30T11:01:00+00:00,,,53.995695,-1.538343,Male,18-24,,White,Misuse of Drugs Act 1971 (section 23),Controlled drugs,A no further action disposal,,
Person and Vehicle search,2021-01-30T11:01:00+00:00,,,53.995695,-1.538343,Male,25-34,,Black,Misuse of Drugs Act 1971 (section 23),Controlled drugs,A no further action disposal,,
Person and Vehicle search,2021-01-30T15:01:00+00:00,,,53.997069,-1.528824,Male,18-24,Other ethnic group - Not stated,,Misuse of Drugs Act 1971 (section 23),Controlled drugs,Arrest,True,
Person and Vehicle search,2021-01-30T15:01:00+00:00,,,53.997069,-1.528824,Male,18-24,,Asian,Misuse of Drugs Act 1971 (section 23),Controlled drugs,A no further action disposal,True,
Person search,2021-01-30T17:01:00+00:00,,,53.958641,-2.023891,Male,18-24,Other ethnic group - Not stated,,Misuse of Drugs Act 1971 (section 23),Controlled drugs,A no further action disposal,,
Person and Vehicle search,2021-01-30T18:01:00+00:00,,,54.240255,-0.418322,Female,18-24,,White,Misuse of Drugs Act 1971 (section 23),Controlled drugs,A no further action disposal,,
Person and Vehicle search,2021-01-30T18:01:00+00:00,,,54.240255,-0.418322,Male,18-24,,White,Misuse of Drugs Act 1971 (section 23),Controlled drugs,Khat or Cannabis warning,True,
Person search,2021-01-30T20:01:27+00:00,,,54.440195,-1.670523,Male,25-34,Other ethnic group - Not stated,,Police and Criminal Evidence Act 1984 (section 1),Controlled drugs,A no further action disposal,,
Person search,2021-01-30T23:01:04+00:00,,,53.954384,-1.076283,Male,25-34,,White,Police and Criminal Evidence Act 1984 (section 1),Offensive weapons,A no further action disposal,,
Person search,2021-01-30T23:01:08+00:00,,,53.954384,-1.076283,Male,25-34,,White,Misuse of Drugs Act 1971 (section 23),Controlled drugs,A no further action disposal,,
Person search,2021-01-31T04:01:00+00:00,,,53.955648,-1.091145,Female,25-34,Other ethnic group - Not stated,White,Police and Criminal Evidence Act 1984 (section 1),Offensive weapons,A no further action disposal,,
Person search,2021-01-31T15:01:00+00:00,,,53.995072,-1.542300,Male,over 34,,White,Misuse of Drugs Act 1971 (section 23),Controlled drugs,A no further action disposal,,
Person search,2021-01-31T16:01:00+00:00,,,53.995893,-1.502509,Male,10-17,,,Misuse of Drugs Act 1971 (section 23),Controlled drugs,A no further action disposal,,
Person search,2021-01-31T16:01:00+00:00,,,53.995893,-1.502509,Male,10-17,,White,Misuse of Drugs Act 1971 (section 23),Controlled drugs,A no further action disposal,,
Vehicle search,2021-01-31T18:01:00+00:00,,,53.871747,-1.276825,,over 34,,,Misuse of Drugs Act 1971 (section 23),Controlled drugs,,,
Person search,2021-01-31T22:01:00+00:00,,,54.130057,-1.521502,Male,10-17,,White,Police and Criminal Evidence Act 1984 (section 1),,A no further action disposal,,
Person search,2021-01-31T22:01:00+00:00,,,54.132036,-1.524188,Male,10-17,,White,Police and Criminal Evidence Act 1984 (section 1),Offensive weapons,A no further action disposal,,
