Type,Date,Part of a policing operation,Policing operation,Latitude,Longitude,Gender,Age range,Self-defined ethnicity,Officer-defined ethnicity,Legislation,Object of search,Outcome,Outcome linked to object of search,Removal of more than just outer clothing
Person search,2023-01-01T00:16:48+00:00,False,,51.294438,-0.235742,Male,,,White,,Controlled drugs,A no further action disposal,False,
Person search,2023-01-01T01:14:39+00:00,False,,51.380281,-0.522297,Male,18-24,Asian/Asian British - Any other Asian background,Asian,,Controlled drugs,A no further action disposal,False,
Person search,2023-01-01T01:27:48+00:00,False,,51.393975,-0.552530,Female,18-24,,White,,Controlled drugs,A no further action disposal,False,
Person search,2023-01-01T02:04:52+00:00,False,,51.333560,-0.267345,Male,18-24,Mixed/Multiple ethnic groups - Any other Mixed/Multiple ethnic background,Asian,,Article for use in theft,A no further action disposal,False,
Person search,2023-01-01T02:08:23+00:00,False,,51.334289,-0.266419,Male,over 34,Asian/Asian British - Any other Asian background,Asian,,Controlled drugs,A no further action disposal,False,
Person search,2023-01-01T02:11:26+00:00,False,,51.249876,-0.203044,Male,18-24,White - English/Welsh/Scottish/Northern Irish/British,White,,,Community resolution,True,
Person search,2023-01-01T14:27:09+00:00,True,,51.306358,-0.559209,Male,10-17,White - English/Welsh/Scottish/Northern Irish/British,White,,Fireworks,A no further action disposal,False,
Person search,2023-01-01T20:27:34+00:00,False,,51.425510,-0.570003,Male,,,White,,Offensive weapons,A no further action disposal,False,
Person search,2023-01-01T20:28:35+00:00,False,,51.369397,-0.262544,Male,18-24,White - English/Welsh/Scottish/Northern Irish/British,White,,Psychoactive substances,A no further action disposal,False,
Person search,2023-01-01T20:36:53+00:00,False,,51.369397,-0.262544,Male,10-17,White - Gypsy or Irish Traveller,White,,Psychoactive substances,,True,
Person search,2023-01-01T20:37:04+00:00,False,,51.369397,-0.262544,Male,10-17,White - Gypsy or Irish Traveller,White,,Psychoactive substances,A no further action disposal,True,
Person search,2023-01-01T21:24:32+00:00,False,,51.369397,-0.262544,Male,18-24,,White,,Psychoactive substances,A no further action disposal,False,
Person search,2023-01-02T00:35:34+00:00,False,,51.370587,-0.365222,Male,10-17,White - English/Welsh/Scottish/Northern Irish/British,White,,Firearms,A no further action disposal,False,
Person search,2023-01-02T00:36:27+00:00,False,,51.370587,-0.365222,Male,18-24,,White,,Offensive weapons,A no further action disposal,False,
Person search,2023-01-02T02:04:58+00:00,False,,51.239503,-0.576622,Male,18-24,,White,,Article for use in theft,Arrest,False,
Person search,2023-01-02T05:51:33+00:00,False,,51.296278,-0.755577,Male,25-34,White - English/Welsh/Scottish/Northern Irish/British,White,,Offensive weapons,A no further action disposal,False,
Person search,2023-01-02T05:57:21+00:00,False,,51.316643,-0.568037,Male,25-34,Black/African/Caribbean/Black British - Any other Black/African/Caribbean background,Black,,Controlled drugs,Arrest,True,
Person search,2023-01-02T14:39:52+00:00,False,,51.333750,-0.265361,Female,18-24,,White,,Offensive weapons,A no further action disposal,True,
Person search,2023-01-02T16:20:06+00:00,False,,51.236833,-0.576662,Male,10-17,Asian/Asian British - Pakistani,Asian,,Offensive weapons,A no further action disposal,False,
Person search,2023-01-02T16:20:50+00:00,False,,51.235206,-0.578173,,10-17,Mixed/Multiple ethnic groups - Any other Mixed/Multiple ethnic background,Asian,,Offensive weapons,A no further action disposal,False,
Person search,2023-01-02T20:30:09+00:00,False,,51.434095,-0.504909,Male,18-24,White - English/Welsh/Scottish/Northern Irish/British,White,,Controlled drugs,Arrest,True,
Person search,2023-01-02T20:38:18+00:00,False,,51.434362,-0.506138,Male,18-24,White - English/Welsh/Scottish/Northern Irish/British,White,,,Arrest,False,
Person search,2023-01-02T21:25:05+00:00,False,,51.395714,-0.463742,Male,over 34,White - English/Welsh/Scottish/Northern Irish/British,White,,Offensive weapons,A no further action disposal,True,
Person search,2023-01-03T02:18:56+00:00,False,,51.306917,-0.556619,Male,18-24,Black/African/Caribbean/Black British - Any other Black/African/Caribbean background,Black,,Controlled drugs,A no further action disposal,False,
Person search,2023-01-03T02:21:08+00:00,False,,51.306917,-0.556619,Male,,White - English/Welsh/Scottish/Northern Irish/British,White,,Controlled drugs,A no further action disposal,False,
Person search,2023-01-03T02:23:52+00:00,False,,51.308883,-0.556299,Male,10-17,White - English/Welsh/Scottish/Northern Irish/British,White,,Controlled drugs,A no further action disposal,False,
Person search,2023-01-03T03:40:36+00:00,False,,51.300305,-0.560040,Male,18-24,White - English/Welsh/Scottish/Northern Irish/British,White,,Controlled drugs,Community resolution,True,
Person search,2023-01-03T11:07:55+00:00,False,,51.205264,-0.803580,Male,18-24,White - English/Welsh/Scottish/Northern Irish/British,White,,Controlled drugs,A no further action disposal,False,
Person search,2023-01-03T14:13:42+00:00,False,,51.205264,-0.803580,Male,25-34,White - English/Welsh/Scottish/Northern Irish/British,White,,Controlled drugs,Arrest,True,
Person search,2023-01-03T14:41:26+00:00,False,,51.332629,-0.265169,Male,over 34,White - Irish,White,,Offensive weapons,A no further action disposal,False,
Person search,2023-01-03T14:48:31+00:00,False,,51.370400,-0.361494,Male,over 34,White - English/Welsh/Scottish/Northern Irish/British,White,,Stolen goods,A no further action disposal,False,
Person search,2023-01-03T15:26:40+00:00,False,,51.241350,-0.601493,Male,18-24,White - Any other White background,White,,,A no further action disposal,False,
Person search,2023-01-03T16:57:33+00:00,False,,51.386995,-0.418777,Male,10-17,White - English/Welsh/Scottish/Northern Irish/British,White,,Stolen goods,A no further action disposal,False,
Person search,2023-01-03T17:44:36+00:00,False,,51.434333,-0.510239,Male,,White - English/Welsh/Scottish/Northern Irish/British,White,,Offensive weapons,A no further action disposal,False,
Person search,2023-01-03T18:35:59+00:00,False,,51.386995,-0.418777,Male,10-17,Mixed/Multiple ethnic groups - Any other Mixed/Multiple ethnic background,Other,,Stolen goods,A no further action disposal,False,
Person search,2023-01-04T13:29:25+00:00,False,,51.230381,-0.611465,Male,over 34,Asian/Asian British - Pakistani,White,,Offensive weapons,A no further action disposal,False,
Person search,2023-01-04T18:22:56+00:00,False,,51.239503,-0.576622,Male,over 34,Other ethnic group - Any other ethnic group,White,,Offensive weapons,Arrest,True,
Person search,2023-01-04T19:49:30+00:00,False,,51.415273,-0.404585,Female,10-17,White - English/Welsh/Scottish/Northern Irish/British,White,,Offensive weapons,A no further action disposal,False,
Person search,2023-01-05T01:29:52+00:00,False,,51.491575,-0.283394,Male,25-34,Black/African/Caribbean/Black British - Any other Black/African/Caribbean background,White,,,A no further action disposal,False,
Person search,2023-01-05T01:38:46+00:00,False,,51.491575,-0.283394,Male,over 34,Asian/Asian British - Bangladeshi,Asian,,Stolen goods,A no further action disposal,False,
Person search,2023-01-05T01:48:18+00:00,False,,51.488504,-0.268723,Male,18-24,White - English/Welsh/Scottish/Northern Irish/British,White,,Controlled drugs,A no further action disposal,True,
Person search,2023-01-05T01:51:33+00:00,False,,51.488504,-0.268723,Male,25-34,Black/African/Caribbean/Black British - African,Black,,Stolen goods,A no further action disposal,False,
Person search,2023-01-05T02:47:59+00:00,False,,51.434468,-0.505257,Male,25-34,White - English/Welsh/Scottish/Northern Irish/British,White,,Controlled drugs,Community resolution,True,
Person search,2023-01-05T08:01:13+00:00,False,,51.315502,-0.558531,Male,over 34,White - English/Welsh/Scottish/Northern Irish/British,White,,Stolen goods,A no further action disposal,False,
Person search,2023-01-05T09:30:22+00:00,False,,51.237522,-0.186850,Male,over 34,White - English/Welsh/Scottish/Northern Irish/British,White,,Stolen goods,Arrest,True,
Person search,2023-01-05T11:47:40+00:00,False,,51.248882,-0.163864,Male,18-24,,Black,,Controlled drugs,A no further action disposal,False,
Person search,2023-01-05T17:19:38+00:00,False,,51.316752,-0.559309,Male,over 34,White - English/Welsh/Scottish/Northern Irish/British,White,,Controlled drugs,Arrest,False,
Person search,2023-01-05T17:55:19+00:00,True,,51.316752,-0.559309,Male,18-24,Asian/Asian British - Pakistani,Asian,,Controlled drugs,Arrest,True,
Person search,2023-01-05T20:22:55+00:00,False,,51.114883,-0.643663,Male,18-24,White - Any other White background,White,,Controlled drugs,Community resolution,True,
Person search,2023-01-05T22:12:25+00:00,False,,51.114883,-0.643663,Male,25-34,Other ethnic group - Any other ethnic group,Asian,,Controlled drugs,A no further action disposal,False,
Person search,2023-01-05T22:55:15+00:00,False,,51.240769,-0.166670,Male,over 34,,White,,Offensive weapons,A no further action disposal,False,
Person search,2023-01-05T23:08:54+00:00,False,,51.434095,-0.504909,Male,over 34,,White,,Articles for use in criminal damage,A no further action disposal,False,
Person search,2023-01-06T03:43:19+00:00,False,,51.165683,-0.152122,Male,25-34,,White,,Articles for use in criminal damage,A no further action disposal,False,
Person search,2023-01-06T03:54:14+00:00,False,,51.165683,-0.152122,Male,,,White,,Controlled drugs,A no further action disposal,False,
Person search,2023-01-06T04:54:06+00:00,False,,51.237522,-0.186850,Female,18-24,White - English/Welsh/Scottish/Northern Irish/British,White,,Controlled drugs,A no further action disposal,False,
Person search,2023-01-06T07:09:45+00:00,False,,51.330765,-0.263804,Male,18-24,White - English/Welsh/Scottish/Northern Irish/British,White,,Controlled drugs,A no further action disposal,False,
Person search,2023-01-06T11:20:39+00:00,False,,51.457602,-0.480535,Male,25-34,White - English/Welsh/Scottish/Northern Irish/British,White,,Controlled drugs,A no further action disposal,False,
Person search,2023-01-06T15:15:41+00:00,False,,51.434468,-0.505257,Female,25-34,White - English/Welsh/Scottish/Northern Irish/British,White,,,A no further action disposal,False,
Person search,2023-01-06T19:10:47+00:00,False,,51.377311,-0.336317,Male,18-24,White - English/Welsh/Scottish/Northern Irish/British,White,,Controlled drugs,A no further action disposal,False,
Person search,2023-01-06T19:12:11+00:00,False,,51.377311,-0.336317,Male,10-17,White - English/Welsh/Scottish/Northern Irish/British,White,,Controlled drugs,A no further action disposal,False,
Person search,2023-01-06T19:16:27+00:00,False,,51.377311,-0.336317,Male,,Black/African/Caribbean/Black British - Any other Black/African/Caribbean background,Black,,Controlled drugs,A no further action disposal,False,
Person search,2023-01-06T19:21:35+00:00,False,,51.382984,-0.353428,Male,10-17,White - English/Welsh/Scottish/Northern Irish/British,White,,Controlled drugs,A no further action disposal,False,
Person search,2023-01-06T19:22:40+00:00,False,,51.382984,-0.353428,Male,,White - English/Welsh/Scottish/Northern Irish/British,White,,Controlled drugs,A no further action disposal,False,
Person search,2023-01-06T22:07:32+00:00,False,,51.354591,-0.493496,Male,18-24,White - Any other White background,White,,Controlled drugs,A no further action disposal,False,
Person search,2023-01-06T22:45:44+00:00,False,,51.243423,-0.595886,Male,25-34,White - English/Welsh/Scottish/Northern Irish/British,White,,Controlled drugs,A no further action disposal,False,
Person search,2023-01-06T22:50:38+00:00,False,,51.243423,-0.595886,Male,25-34,White - English/Welsh/Scottish/Northern Irish/British,White,,Controlled drugs,A no further action disposal,False,
Person search,2023-01-06T22:59:39+00:00,False,,51.291219,-0.085228,Male,25-34,Asian/Asian British - Any other Asian background,Other,,Controlled drugs,A no further action disposal,False,
Person search,2023-01-06T23:16:49+00:00,False,,51.291219,-0.085228,Male,25-34,Asian/Asian British - Any other Asian background,Asian,,Stolen goods,A no further action disposal,False,
Person search,2023-01-06T23:54:45+00:00,False,,51.332811,-0.262908,Female,over 34,White - English/Welsh/Scottish/Northern Irish/British,White,,,A no further action disposal,False,
Person search,2023-01-06T23:56:22+00:00,False,,51.256132,-0.544581,Male,25-34,White - Any other White background,White,,Controlled drugs,A no further action disposal,False,
Person search,2023-01-07T01:19:10+00:00,False,,51.370400,-0.361494,Male,25-34,,White,,Controlled drugs,Arrest,True,
Person search,2023-01-07T01:47:33+00:00,False,,51.237522,-0.186850,Male,25-34,,Asian,,Article for use in theft,Community resolution,False,
Person search,2023-01-07T06:32:19+00:00,False,,51.370400,-0.361494,Male,10-17,White - English/Welsh/Scottish/Northern Irish/British,White,,Controlled drugs,Arrest,False,
Person search,2023-01-07T06:59:46+00:00,False,,51.370400,-0.361494,Male,25-34,White - English/Welsh/Scottish/Northern Irish/British,White,,Controlled drugs,Arrest,True,
Person search,2023-01-07T12:40:04+00:00,False,,51.367934,-0.505240,Male,18-24,White - English/Welsh/Scottish/Northern Irish/British,White,,Controlled drugs,A no further action disposal,False,
Person search,2023-01-07T22:42:13+00:00,False,,51.114883,-0.643663,Male,25-34,White - English/Welsh/Scottish/Northern Irish/British,White,,Article for use in theft,A no further action disposal,False,
Person search,2023-01-07T22:53:04+00:00,False,,51.111796,-0.650665,Male,25-34,White - English/Welsh/Scottish/Northern Irish/British,White,,Article for use in theft,A no further action disposal,False,
Person search,2023-01-08T02:26:51+00:00,False,,51.187043,-0.610492,Male,25-34,,White,,Stolen goods,A no further action disposal,False,
Person search,2023-01-08T02:37:25+00:00,False,,51.187043,-0.610492,Male,25-34,,White,,Stolen goods,A no further action disposal,False,
Person search,2023-01-08T02:42:42+00:00,False,,51.187043,-0.610492,Male,25-34,,White,,Stolen goods,A no further action disposal,False,
Person search,2023-01-08T03:07:41+00:00,False,,51.236461,-0.578593,Male,25-34,Asian/Asian British - Indian,Asian,,Stolen goods,A no further action disposal,False,
Person search,2023-01-08T04:03:24+00:00,False,,51.187513,-0.610692,Male,over 34,White - English/Welsh/Scottish/Northern Irish/British,White,,Stolen goods,A no further action disposal,False,
Vehicle search,2023-01-08T13:13:45+00:00,False,,51.427212,-0.529689,,,,,,Controlled drugs,A no further action disposal,True,
Person search,2023-01-08T14:13:51+00:00,False,,51.383925,-0.403908,Female,25-34,,White,,Offensive weapons,A no further action disposal,True,
Person search,2023-01-08T22:39:56+00:00,False,,51.332629,-0.265169,Male,10-17,White - English/Welsh/Scottish/Northern Irish/British,White,,Stolen goods,A no further action disposal,False,
Person search,2023-01-09T03:39:37+00:00,False,,51.375536,-0.509073,Male,18-24,White - English/Welsh/Scottish/Northern Irish/British,White,,Controlled drugs,Arrest,True,
Person search,2023-01-09T14:05:11+00:00,False,,51.371579,-0.486603,Female,18-24,,White,,Stolen goods,Arrest,False,
Person search,2023-01-09T14:07:57+00:00,False,,51.371579,-0.486603,Female,25-34,,White,,Stolen goods,Arrest,False,
Person search,2023-01-09T15:36:24+00:00,False,,51.434362,-0.506138,Female,over 34,,White,,Stolen goods,Arrest,False,
Person search,2023-01-09T18:07:44+00:00,False,,51.343341,-0.270781,Male,over 34,,White,,Controlled drugs,Arrest,True,
Person search,2023-01-09T19:47:09+00:00,False,,51.435915,-0.503799,Male,over 34,White - English/Welsh/Scottish/Northern Irish/British,White,,Offensive weapons,A no further action disposal,False,
Person search,2023-01-09T20:25:17+00:00,False,,51.237352,-0.580184,Male,25-34,,White,,Offensive weapons,Arrest,True,
Person search,2023-01-10T01:02:41+00:00,False,,51.433078,-0.508381,Male,,White - English/Welsh/Scottish/Northern Irish/British,White,,Offensive weapons,A no further action disposal,False,
Person search,2023-01-10T06:31:54+00:00,False,,51.434468,-0.505257,Male,over 34,White - English/Welsh/Scottish/Northern Irish/British,White,,Stolen goods,A no further action disposal,False,
Person search,2023-01-10T07:57:40+00:00,True,,51.237522,-0.186850,Male,10-17,,White,,Offensive weapons,Community resolution,True,
Person search,2023-01-10T09:02:57+00:00,True,,51.254489,-0.163053,Male,18-24,White - English/Welsh/Scottish/Northern Irish/British,White,,Offensive weapons,A no further action disposal,False,
Person search,2023-01-10T09:29:55+00:00,False,,51.281748,-0.158008,Male,over 34,,White,,Controlled drugs,Arrest,False,
Person search,2023-01-10T09:37:47+00:00,True,,51.254489,-0.163053,Female,,White - English/Welsh/Scottish/Northern Irish/British,White,,Offensive weapons,A no further action disposal,False,
Person search,2023-01-10T10:39:47+00:00,False,,51.248889,-0.170082,Male,over 34,White - English/Welsh/Scottish/Northern Irish/British,White,,Controlled drugs,A no further action disposal,False,
Person search,2023-01-10T11:39:44+00:00,True,,51.254489,-0.163053,Female,,White - English/Welsh/Scottish/Northern Irish/British,White,,Offensive weapons,A no further action disposal,False,
Person search,2023-01-10T11:43:43+00:00,True,,51.254489,-0.163053,Male,,White - English/Welsh/Scottish/Northern Irish/British,White,,Offensive weapons,A no further action disposal,False,
Person search,2023-01-10T11:46:19+00:00,True,,51.254489,-0.163053,Male,10-17,White - English/Welsh/Scottish/Northern Irish/British,White,,Offensive weapons,Community resolution,True,
Person search,2023-01-10T14:56:36+00:00,False,,51.239503,-0.576622,Male,18-24,Black/African/Caribbean/Black British - Any other Black/African/Caribbean background,Other,,Controlled drugs,Community resolution,True,
Vehicle search,2023-01-10T15:00:09+00:00,False,,51.187043,-0.610492,,,,,,Stolen goods,Penalty Notice for Disorder,False,
Person search,2023-01-10T17:12:48+00:00,False,,51.237522,-0.186850,Male,10-17,White - English/Welsh/Scottish/Northern Irish/British,White,,Controlled drugs,A no further action disposal,False,
Person search,2023-01-10T18:01:28+00:00,False,,51.332629,-0.265169,Female,18-24,White - Any other White background,White,,Stolen goods,A no further action disposal,False,
Person search,2023-01-10T18:23:12+00:00,False,,51.332629,-0.265169,Female,10-17,White - Any other White background,White,,Stolen goods,A no further action disposal,False,
Person search,2023-01-10T18:26:52+00:00,False,,51.332629,-0.265169,Female,10-17,White - Any other White background,White,,Stolen goods,A no further action disposal,False,
Person search,2023-01-10T18:29:58+00:00,False,,51.332629,-0.265169,Female,18-24,White - Any other White background,White,,Stolen goods,Community resolution,False,
Person search,2023-01-10T20:47:34+00:00,False,,51.311356,-0.727722,Male,18-24,White - English/Welsh/Scottish/Northern Irish/British,White,,Controlled drugs,A no further action disposal,False,
Person search,2023-01-10T21:12:46+00:00,False,,51.313057,-0.727832,Male,10-17,White - English/Welsh/Scottish/Northern Irish/British,White,,Controlled drugs,A no further action disposal,False,
Person search,2023-01-10T21:19:15+00:00,False,,51.337107,-0.510119,Male,25-34,White - Any other White background,White,,,Arrest,True,
Person search,2023-01-10T23:51:37+00:00,False,,51.239503,-0.576622,Male,25-34,Asian/Asian British - Any other Asian background,Asian,,Offensive weapons,Summons / charged by post,True,
Person search,2023-01-11T01:17:50+00:00,False,,51.381335,-0.493552,Male,25-34,White - English/Welsh/Scottish/Northern Irish/British,White,,Controlled drugs,A no further action disposal,False,
Person search,2023-01-11T02:40:06+00:00,False,,51.242228,-0.545192,Male,over 34,White - English/Welsh/Scottish/Northern Irish/British,White,,Stolen goods,A no further action disposal,False,
Person search,2023-01-11T05:58:19+00:00,False,,51.416519,-0.514413,Male,25-34,White - English/Welsh/Scottish/Northern Irish/British,White,,Controlled drugs,A no further action disposal,False,
Vehicle search,2023-01-11T07:22:03+00:00,False,,51.300172,-0.235494,,,,,,Controlled drugs,Arrest,False,
Person search,2023-01-11T07:27:49+00:00,False,,51.381335,-0.493552,Male,25-34,White - English/Welsh/Scottish/Northern Irish/British,White,,Controlled drugs,Arrest,True,
Person search,2023-01-11T15:36:14+00:00,False,,51.465904,-0.361228,Male,over 34,Black/African/Caribbean/Black British - Caribbean,Black,,Controlled drugs,A no further action disposal,False,
Person search,2023-01-11T19:59:05+00:00,False,,51.236794,-0.580130,Male,25-34,Asian/Asian British - Any other Asian background,Asian,,Firearms,Arrest,True,
Person search,2023-01-11T22:36:24+00:00,False,,51.317015,-0.303040,Female,18-24,White - English/Welsh/Scottish/Northern Irish/British,White,,Offensive weapons,A no further action disposal,True,
Person search,2023-01-11T23:29:03+00:00,False,,51.374713,-0.412864,Male,10-17,White - English/Welsh/Scottish/Northern Irish/British,White,,Stolen goods,A no further action disposal,False,
Person search,2023-01-12T02:55:07+00:00,False,,51.296002,-0.727372,Male,over 34,Asian/Asian British - Any other Asian background,Asian,,Offensive weapons,A no further action disposal,False,
Person search,2023-01-12T04:58:31+00:00,False,,51.375897,-0.411314,Male,18-24,,White,,Controlled drugs,Arrest,True,
Person search,2023-01-12T11:18:45+00:00,False,,51.237522,-0.186850,Male,over 34,Asian/Asian British - Indian,Asian,,Offensive weapons,A no further action disposal,False,
Person search,2023-01-12T13:35:47+00:00,False,,51.384553,-0.422396,Male,over 34,White - Any other White background,White,,Controlled drugs,Community resolution,True,
Person search,2023-01-12T13:53:04+00:00,False,,51.384748,-0.418179,Male,18-24,,White,,Controlled drugs,A no further action disposal,False,
Person search,2023-01-12T16:58:38+00:00,False,,51.237522,-0.186850,Male,10-17,White - English/Welsh/Scottish/Northern Irish/British,White,,Controlled drugs,Summons / charged by post,True,
Person search,2023-01-12T22:39:37+00:00,False,,51.250004,-0.202580,Male,18-24,White - Any other White background,White,,,Community resolution,True,
Person search,2023-01-12T22:40:52+00:00,False,,51.248468,-0.308903,Male,18-24,White - English/Welsh/Scottish/Northern Irish/British,White,,Controlled drugs,Community resolution,True,
Person search,2023-01-12T23:38:25+00:00,False,,51.434095,-0.504909,Male,over 34,White - English/Welsh/Scottish/Northern Irish/British,White,,Controlled drugs,Arrest,True,
Person search,2023-01-12T23:53:29+00:00,False,,51.375553,-0.409803,Male,10-17,,Black,,Stolen goods,Arrest,True,
Person search,2023-01-13T00:12:22+00:00,False,,51.347445,-0.465299,Male,18-24,,White,,Stolen goods,A no further action disposal,False,
Person search,2023-01-13T00:32:01+00:00,False,,51.347445,-0.465299,Male,18-24,,White,,Stolen goods,A no further action disposal,False,
Person search,2023-01-13T02:25:42+00:00,False,,51.434468,-0.505257,Female,over 34,White - English/Welsh/Scottish/Northern Irish/British,White,,Controlled drugs,A no further action disposal,False,
Person search,2023-01-13T14:13:51+00:00,False,,51.236255,-0.186327,Male,18-24,White - Any other White background,White,,,A no further action disposal,False,
Person search,2023-01-13T15:48:21+00:00,False,,51.211242,-0.572397,Male,18-24,White - English/Welsh/Scottish/Northern Irish/British,White,,Stolen goods,A no further action disposal,False,
Person search,2023-01-13T16:22:32+00:00,False,,51.243290,-0.571563,Male,10-17,White - English/Welsh/Scottish/Northern Irish/British,White,,Controlled drugs,A no further action disposal,False,
Person search,2023-01-13T16:26:26+00:00,False,,51.336927,-0.265768,Male,10-17,White - English/Welsh/Scottish/Northern Irish/British,White,,Offensive weapons,A no further action disposal,False,
Person search,2023-01-13T17:10:13+00:00,False,,51.244411,-0.575683,Male,,Black/African/Caribbean/Black British - African,Black,,Controlled drugs,A no further action disposal,False,
Person search,2023-01-13T17:57:11+00:00,False,,51.391826,-0.479381,Male,25-34,White - English/Welsh/Scottish/Northern Irish/British,Asian,,Offensive weapons,Arrest,False,
Person search,2023-01-13T19:39:23+00:00,False,,51.153353,-0.970099,Male,10-17,White - English/Welsh/Scottish/Northern Irish/British,White,,Controlled drugs,A no further action disposal,False,
Person search,2023-01-13T19:51:09+00:00,False,,51.153353,-0.970099,Male,10-17,White - English/Welsh/Scottish/Northern Irish/British,White,,Controlled drugs,A no further action disposal,False,
Person search,2023-01-13T20:31:59+00:00,False,,51.318911,-0.741174,Male,over 34,White - English/Welsh/Scottish/Northern Irish/British,White,,Controlled drugs,A no further action disposal,False,
Person search,2023-01-13T23:36:31+00:00,False,,51.334406,-0.259503,Male,10-17,Black/African/Caribbean/Black British - African,Black,,Controlled drugs,Arrest,True,
Person search,2023-01-14T00:16:00+00:00,False,,51.239503,-0.576622,Male,18-24,,White,,Controlled drugs,Arrest,True,
Person search,2023-01-14T02:10:41+00:00,False,,51.434468,-0.505257,Male,10-17,White - English/Welsh/Scottish/Northern Irish/British,White,,Articles for use in criminal damage,A no further action disposal,False,
Person search,2023-01-14T02:16:31+00:00,False,,51.434468,-0.505257,Male,10-17,White - English/Welsh/Scottish/Northern Irish/British,White,,Articles for use in criminal damage,A no further action disposal,False,
Person search,2023-01-14T02:25:17+00:00,False,,51.434468,-0.505257,Male,10-17,White - English/Welsh/Scottish/Northern Irish/British,White,,Articles for use in criminal damage,A no further action disposal,True,
Person search,2023-01-14T03:36:17+00:00,False,,51.334766,-0.258901,Male,25-34,White - English/Welsh/Scottish/Northern Irish/British,White,,Controlled drugs,A no further action disposal,False,
Person search,2023-01-14T12:47:19+00:00,False,,51.339230,-0.744264,Male,18-24,White - English/Welsh/Scottish/Northern Irish/British,White,,Controlled drugs,Community resolution,True,
Person search,2023-01-14T14:12:07+00:00,False,,51.339230,-0.744264,Male,18-24,White - English/Welsh/Scottish/Northern Irish/British,White,,Controlled drugs,Community resolution,True,
Person search,2023-01-14T14:12:20+00:00,False,,51.339230,-0.744264,Male,18-24,White - English/Welsh/Scottish/Northern Irish/British,White,,Controlled drugs,Community resolution,True,
Person search,2023-01-14T14:22:08+00:00,False,,51.339230,-0.744264,Male,18-24,White - English/Welsh/Scottish/Northern Irish/British,White,,Controlled drugs,Community resolution,True,
Person search,2023-01-14T19:56:51+00:00,False,,50.836635,-0.755854,Male,18-24,White - English/Welsh/Scottish/Northern Irish/British,White,,Controlled drugs,Community resolution,True,
Person search,2023-01-14T19:59:17+00:00,False,,50.836635,-0.755854,Male,18-24,White - English/Welsh/Scottish/Northern Irish/British,White,,Controlled drugs,Community resolution,True,
Person search,2023-01-14T21:49:03+00:00,False,,51.436271,-0.468712,Male,10-17,Mixed/Multiple ethnic groups - Any other Mixed/Multiple ethnic background,Black,,Article for use in theft,Arrest,True,
Person search,2023-01-14T21:55:01+00:00,False,,51.381866,-0.400617,Male,10-17,White - English/Welsh/Scottish/Northern Irish/British,White,,Offensive weapons,A no further action disposal,False,
Person search,2023-01-14T21:55:23+00:00,False,,51.381866,-0.400617,Male,10-17,White - English/Welsh/Scottish/Northern Irish/British,White,,Offensive weapons,A no further action disposal,False,
Person search,2023-01-15T02:07:40+00:00,False,,51.382635,-0.402243,Male,18-24,White - English/Welsh/Scottish/Northern Irish/British,White,,Controlled drugs,Arrest,False,
Person search,2023-01-15T03:41:48+00:00,False,,51.409592,-0.534926,Male,over 34,White - English/Welsh/Scottish/Northern Irish/British,White,,Stolen goods,Arrest,False,
Person search,2023-01-15T03:45:37+00:00,False,,51.409372,-0.532417,Male,over 34,White - English/Welsh/Scottish/Northern Irish/British,White,,Stolen goods,Arrest,False,
Person search,2023-01-15T04:16:13+00:00,False,,51.409832,-0.536860,Female,25-34,White - English/Welsh/Scottish/Northern Irish/British,White,,Stolen goods,Arrest,False,
Person search,2023-01-15T09:10:19+00:00,False,,50.851958,-0.550831,Male,18-24,White - English/Welsh/Scottish/Northern Irish/British,White,,Controlled drugs,Arrest,False,
Person search,2023-01-15T14:31:54+00:00,False,,51.236255,-0.186327,Male,over 34,White - English/Welsh/Scottish/Northern Irish/British,White,,Stolen goods,A no further action disposal,False,
Person search,2023-01-15T15:56:45+00:00,False,,51.377212,-0.277781,Male,25-34,Other ethnic group - Any other ethnic group,White,,Article for use in theft,A no further action disposal,False,
Person search,2023-01-15T17:43:43+00:00,False,,51.240769,-0.166670,Male,10-17,Asian/Asian British - Indian,Asian,,Stolen goods,A no further action disposal,False,
Person search,2023-01-15T17:44:33+00:00,False,,51.240769,-0.166670,Male,10-17,White - English/Welsh/Scottish/Northern Irish/British,White,,Stolen goods,A no further action disposal,False,
Person search,2023-01-15T17:44:54+00:00,False,,51.240769,-0.166670,Male,,,Asian,,Stolen goods,Arrest,False,
Person search,2023-01-15T17:55:05+00:00,False,,51.253061,-0.576361,Male,18-24,White - English/Welsh/Scottish/Northern Irish/British,White,,Article for use in theft,A no further action disposal,False,
Person search,2023-01-15T17:55:26+00:00,False,,51.253061,-0.576361,Male,18-24,White - English/Welsh/Scottish/Northern Irish/British,White,,Article for use in theft,Community resolution,False,
Person search,2023-01-15T17:56:18+00:00,False,,51.253061,-0.576361,Female,10-17,White - English/Welsh/Scottish/Northern Irish/British,White,,Articles for use in criminal damage,A no further action disposal,False,
Person search,2023-01-15T17:59:32+00:00,False,,51.253061,-0.576361,Male,18-24,White - English/Welsh/Scottish/Northern Irish/British,White,,Article for use in theft,Community resolution,False,
Person search,2023-01-15T18:00:20+00:00,False,,51.253061,-0.576361,Male,10-17,White - English/Welsh/Scottish/Northern Irish/British,White,,Article for use in theft,A no further action disposal,False,
Person search,2023-01-15T18:00:23+00:00,False,,51.240769,-0.166670,Male,10-17,White - English/Welsh/Scottish/Northern Irish/British,White,,Stolen goods,A no further action disposal,False,
Person search,2023-01-15T18:14:54+00:00,False,,51.253061,-0.576361,Male,10-17,White - Any other White background,White,,Article for use in theft,A no further action disposal,False,
Person search,2023-01-15T21:32:18+00:00,False,,51.314459,-0.509045,Male,18-24,White - English/Welsh/Scottish/Northern Irish/British,White,,Controlled drugs,A no further action disposal,False,
Person search,2023-01-15T23:23:56+00:00,False,,51.370400,-0.361494,Male,25-34,,White,,Stolen goods,A no further action disposal,False,
Person search,2023-01-15T23:37:11+00:00,False,,51.370400,-0.361494,Male,25-34,,White,,Offensive weapons,A no further action disposal,False,
Person search,2023-01-16T00:34:42+00:00,False,,51.314510,-0.250140,Male,18-24,Black/African/Caribbean/Black British - Any other Black/African/Caribbean background,Black,,,A no further action disposal,False,
Person search,2023-01-16T06:49:38+00:00,False,,51.336927,-0.265768,Male,10-17,White - English/Welsh/Scottish/Northern Irish/British,White,,Offensive weapons,A no further action disposal,False,
Person search,2023-01-16T14:01:53+00:00,False,,51.296843,-0.327924,Male,10-17,Mixed/Multiple ethnic groups - White and Black Caribbean,Black,,Controlled drugs,Arrest,True,
Person search,2023-01-16T15:36:47+00:00,True,,51.237522,-0.186850,Male,18-24,,White,,Offensive weapons,A no further action disposal,False,
Person search,2023-01-16T19:08:09+00:00,False,,51.282516,-0.075997,Male,18-24,Black/African/Caribbean/Black British - Any other Black/African/Caribbean background,Black,,Controlled drugs,A no further action disposal,False,
Person search,2023-01-16T19:31:00+00:00,False,,51.384211,-0.410336,Female,,,White,,Offensive weapons,A no further action disposal,False,
Person search,2023-01-16T19:54:41+00:00,False,,51.245258,-0.167332,Male,10-17,White - English/Welsh/Scottish/Northern Irish/British,White,,Fireworks,A no further action disposal,False,
Person search,2023-01-16T22:16:22+00:00,False,,51.370400,-0.361494,Female,10-17,White - English/Welsh/Scottish/Northern Irish/British,White,,Offensive weapons,A no further action disposal,False,
Person search,2023-01-16T23:04:05+00:00,False,,51.245258,-0.167332,Male,10-17,,White,,Stolen goods,A no further action disposal,False,
Person search,2023-01-17T01:15:30+00:00,False,,51.376381,-0.355130,Male,over 34,,Other,,Stolen goods,A no further action disposal,False,
Person search,2023-01-17T02:24:38+00:00,False,,51.368287,-0.403906,Male,25-34,White - Any other White background,White,,Controlled drugs,Arrest,True,
Person search,2023-01-17T03:04:07+00:00,False,,51.435642,-0.509189,Male,over 34,White - English/Welsh/Scottish/Northern Irish/British,White,,Stolen goods,A no further action disposal,False,
Person search,2023-01-17T03:47:26+00:00,False,,51.340039,-0.742519,Male,18-24,White - English/Welsh/Scottish/Northern Irish/British,White,,Controlled drugs,A no further action disposal,False,
Person search,2023-01-17T11:49:31+00:00,False,,51.393504,-0.406004,Male,25-34,,Other,,Controlled drugs,Community resolution,True,
Person search,2023-01-17T15:58:00+00:00,False,,51.240530,-0.169798,Male,10-17,,Other,,Stolen goods,A no further action disposal,False,
Person search,2023-01-17T16:07:33+00:00,False,,51.240769,-0.166670,Male,10-17,White - English/Welsh/Scottish/Northern Irish/British,White,,Stolen goods,A no further action disposal,False,
Person search,2023-01-17T17:58:53+00:00,False,,51.411701,-0.394572,Male,25-34,White - Any other White background,White,,Article for use in theft,A no further action disposal,False,
Person search,2023-01-17T18:48:54+00:00,True,,51.392594,-0.632187,Male,18-24,Asian/Asian British - Pakistani,Asian,,,A no further action disposal,False,
Person search,2023-01-17T19:06:31+00:00,True,,51.433335,-0.523032,Male,18-24,Black/African/Caribbean/Black British - African,Black,,,A no further action disposal,False,
Vehicle search,2023-01-17T20:25:18+00:00,False,,51.413697,-0.407718,,,,,,Psychoactive substances,,True,
Person search,2023-01-17T21:27:28+00:00,False,,51.316680,-0.303511,Female,18-24,White - English/Welsh/Scottish/Northern Irish/British,White,,Stolen goods,A no further action disposal,False,
Person search,2023-01-18T00:57:30+00:00,False,,51.306418,-0.226331,Male,10-17,,White,,Controlled drugs,A no further action disposal,False,
Person search,2023-01-18T02:34:29+00:00,False,,51.186672,-0.618616,Male,10-17,White - Any other White background,White,,Offensive weapons,Arrest,True,
Person search,2023-01-18T05:17:41+00:00,False,,51.314510,-0.250140,Female,18-24,Black/African/Caribbean/Black British - Any other Black/African/Caribbean background,Black,,Controlled drugs,Arrest,True,
Person search,2023-01-18T16:21:56+00:00,True,,51.425617,-0.575825,Male,25-34,White - Any other White background,White,,Controlled drugs,A no further action disposal,False,
Person search,2023-01-18T18:11:31+00:00,False,,51.325129,-0.272428,Female,over 34,,White,,Offensive weapons,A no further action disposal,False,
Person search,2023-01-18T19:11:39+00:00,False,,51.433291,-0.546109,Female,over 34,White - Any other White background,White,,Stolen goods,A no further action disposal,False,
Person search,2023-01-18T20:00:40+00:00,False,,51.385181,-0.417589,Male,18-24,Other ethnic group - Arab,Other,,Stolen goods,A no further action disposal,False,
Person search,2023-01-18T21:02:31+00:00,False,,51.438396,-0.425463,Male,over 34,White - English/Welsh/Scottish/Northern Irish/British,White,,Controlled drugs,A no further action disposal,False,
Person search,2023-01-18T21:10:13+00:00,True,,51.378959,-0.351082,Male,18-24,White - Any other White background,White,,Controlled drugs,Community resolution,True,
Person search,2023-01-18T21:13:50+00:00,False,,51.336362,-0.421653,Male,18-24,White - English/Welsh/Scottish/Northern Irish/British,White,,Controlled drugs,A no further action disposal,False,
Person search,2023-01-18T21:14:11+00:00,False,,51.336362,-0.421653,Male,18-24,,Asian,,Controlled drugs,A no further action disposal,False,
Person search,2023-01-18T21:14:38+00:00,False,,51.434095,-0.504909,Male,18-24,White - Any other White background,White,,Stolen goods,A no further action disposal,False,
Person search,2023-01-18T21:34:39+00:00,False,,51.385181,-0.417589,Male,18-24,Asian/Asian British - Any other Asian background,Asian,,Stolen goods,A no further action disposal,False,
Person search,2023-01-18T21:48:29+00:00,False,,51.434095,-0.504909,Male,,White - Any other White background,White,,Stolen goods,A no further action disposal,False,
Vehicle search,2023-01-18T21:51:46+00:00,False,,51.434095,-0.504909,,,,,,Stolen goods,A no further action disposal,False,
Person search,2023-01-18T22:17:19+00:00,True,,51.383354,-0.355427,Male,18-24,White - English/Welsh/Scottish/Northern Irish/British,White,,Controlled drugs,A no further action disposal,False,
Person search,2023-01-18T22:23:00+00:00,False,,51.369824,-0.390003,Female,18-24,White - Irish,White,,Controlled drugs,A no further action disposal,False,
Person search,2023-01-18T23:45:57+00:00,False,,51.236255,-0.186327,Male,10-17,White - English/Welsh/Scottish/Northern Irish/British,White,,Stolen goods,Arrest,False,
Vehicle search,2023-01-19T07:08:43+00:00,True,,51.248604,-0.612592,,,,,,Controlled drugs,Arrest,False,
Vehicle search,2023-01-19T07:18:38+00:00,True,,51.248604,-0.612592,,,,,,Controlled drugs,Arrest,False,
Vehicle search,2023-01-19T07:27:39+00:00,True,,51.247663,-0.613652,,,,,,Controlled drugs,A no further action disposal,False,
Person search,2023-01-19T12:14:55+00:00,False,,51.321264,-0.559168,Male,10-17,,Black,,Controlled drugs,,False,
Person search,2023-01-19T17:02:38+00:00,False,,51.386365,-0.413409,Male,25-34,White - English/Welsh/Scottish/Northern Irish/British,White,,Stolen goods,Community resolution,True,
Person search,2023-01-19T17:12:12+00:00,False,,51.256132,-0.544581,Male,over 34,,White,,Offensive weapons,Arrest,True,
Person search,2023-01-19T19:01:12+00:00,True,,51.397552,-0.368229,Male,10-17,White - English/Welsh/Scottish/Northern Irish/British,White,,Stolen goods,A no further action disposal,False,
Person search,2023-01-19T19:38:07+00:00,False,,51.370486,-0.491121,Male,10-17,White - English/Welsh/Scottish/Northern Irish/British,White,,Stolen goods,Arrest,True,
Person search,2023-01-19T19:56:48+00:00,False,,51.385181,-0.417589,Male,18-24,Asian/Asian British - Any other Asian background,Asian,,Stolen goods,A no further action disposal,False,
Person search,2023-01-19T19:57:52+00:00,False,,51.385181,-0.417589,Male,18-24,,White,,Stolen goods,A no further action disposal,False,
Person search,2023-01-19T19:57:54+00:00,False,,51.385181,-0.417589,Male,18-24,,Other,,Stolen goods,A no further action disposal,False,
Person search,2023-01-19T21:42:08+00:00,False,,51.431169,-0.513823,Female,10-17,White - English/Welsh/Scottish/Northern Irish/British,White,,Offensive weapons,A no further action disposal,False,
Person search,2023-01-20T02:46:04+00:00,False,,51.325989,-0.129424,Male,25-34,Black/African/Caribbean/Black British - Any other Black/African/Caribbean background,Black,,Article for use in theft,A no further action disposal,False,
Person search,2023-01-20T03:58:16+00:00,False,,51.147791,-0.242798,Male,25-34,Mixed/Multiple ethnic groups - Any other Mixed/Multiple ethnic background,White,,Controlled drugs,Arrest,True,
Person search,2023-01-20T08:05:56+00:00,False,,51.382466,-0.403053,Male,25-34,,Asian,,Stolen goods,Arrest,False,
Person search,2023-01-20T20:13:48+00:00,False,,51.435216,-0.506095,Male,10-17,White - English/Welsh/Scottish/Northern Irish/British,White,,Controlled drugs,A no further action disposal,False,
Person search,2023-01-20T22:37:55+00:00,True,,51.342884,-0.268443,Male,over 34,,White,,Controlled drugs,Community resolution,True,
Person search,2023-01-20T23:24:52+00:00,True,,51.334289,-0.266419,Male,10-17,White - English/Welsh/Scottish/Northern Irish/British,White,,Article for use in theft,A no further action disposal,False,
Person search,2023-01-20T23:40:47+00:00,True,,51.333750,-0.265361,Male,over 34,White - English/Welsh/Scottish/Northern Irish/British,White,,Stolen goods,A no further action disposal,False,
Person search,2023-01-21T01:07:21+00:00,False,,51.337784,-0.260452,Male,10-17,,White,,Controlled drugs,A no further action disposal,True,
Person search,2023-01-21T03:28:14+00:00,False,,51.433254,-0.544556,Male,25-34,,Asian,,Controlled drugs,A no further action disposal,False,
Person search,2023-01-21T03:29:15+00:00,False,,51.433254,-0.544556,Female,25-34,,Asian,,Controlled drugs,A no further action disposal,False,
Person search,2023-01-21T04:09:59+00:00,True,,51.236255,-0.186327,Male,18-24,Black/African/Caribbean/Black British - Caribbean,Black,,Psychoactive substances,Summons / charged by post,True,
Person search,2023-01-21T15:24:29+00:00,False,,51.211242,-0.572397,Male,18-24,Asian/Asian British - Any other Asian background,Asian,,Controlled drugs,Arrest,False,
Person search,2023-01-21T15:48:59+00:00,False,,51.309376,-0.242358,Male,25-34,White - English/Welsh/Scottish/Northern Irish/British,White,,Controlled drugs,Community resolution,True,
Person search,2023-01-21T16:16:42+00:00,False,,51.386682,-0.386523,Male,10-17,White - English/Welsh/Scottish/Northern Irish/British,White,,Controlled drugs,A no further action disposal,False,
Person search,2023-01-21T18:43:22+00:00,False,,51.332061,-0.356717,Male,25-34,White - English/Welsh/Scottish/Northern Irish/British,White,,Stolen goods,A no further action disposal,False,
Person search,2023-01-21T18:57:31+00:00,False,,51.370400,-0.361494,Male,25-34,White - English/Welsh/Scottish/Northern Irish/British,White,,Stolen goods,A no further action disposal,False,
Person search,2023-01-21T19:57:43+00:00,False,,51.239671,-0.577147,Male,over 34,White - English/Welsh/Scottish/Northern Irish/British,White,,Controlled drugs,Arrest,True,
Person search,2023-01-21T19:58:21+00:00,False,,51.251946,-0.066554,Male,10-17,White - English/Welsh/Scottish/Northern Irish/British,White,,Offensive weapons,A no further action disposal,False,
Person search,2023-01-21T20:05:30+00:00,False,,51.251946,-0.066554,Male,10-17,White - English/Welsh/Scottish/Northern Irish/British,White,,Offensive weapons,A no further action disposal,False,
Person search,2023-01-21T20:56:19+00:00,False,,51.192933,-0.162453,Male,18-24,White - English/Welsh/Scottish/Northern Irish/British,White,,Controlled drugs,A no further action disposal,False,
Person search,2023-01-21T21:03:20+00:00,False,,51.309813,-0.242714,Male,18-24,White - English/Welsh/Scottish/Northern Irish/British,White,,Controlled drugs,Community resolution,True,
Person search,2023-01-21T21:10:44+00:00,True,,51.179855,-0.167466,Male,18-24,Mixed/Multiple ethnic groups - Any other Mixed/Multiple ethnic background,Black,,,A no further action disposal,False,
Person search,2023-01-21T21:56:33+00:00,False,,51.171370,-0.163153,Male,18-24,White - English/Welsh/Scottish/Northern Irish/British,Asian,,Controlled drugs,Community resolution,True,
Vehicle search,2023-01-21T22:15:28+00:00,False,,51.370486,-0.491121,,,,,,Stolen goods,A no further action disposal,False,
Person search,2023-01-21T22:25:04+00:00,False,,51.197931,-0.141872,Male,25-34,White - English/Welsh/Scottish/Northern Irish/British,White,,Article for use in theft,A no further action disposal,False,
Person search,2023-01-21T22:51:00+00:00,False,,51.204065,-0.167565,Male,18-24,White - English/Welsh/Scottish/Northern Irish/British,White,,,Community resolution,True,
Person search,2023-01-21T23:00:20+00:00,False,,51.211134,-0.168172,Male,10-17,White - English/Welsh/Scottish/Northern Irish/British,White,,Controlled drugs,A no further action disposal,False,
Person search,2023-01-21T23:39:55+00:00,False,,51.235772,-0.181261,Female,18-24,White - English/Welsh/Scottish/Northern Irish/British,White,,Controlled drugs,Community resolution,True,
Person search,2023-01-22T00:26:26+00:00,False,,51.324571,-0.585472,,,,Asian,,Controlled drugs,A no further action disposal,False,
Person search,2023-01-22T15:31:13+00:00,False,,51.434095,-0.504909,Female,10-17,White - English/Welsh/Scottish/Northern Irish/British,White,,Offensive weapons,A no further action disposal,True,
Person search,2023-01-22T17:23:52+00:00,False,,51.324137,-0.194761,Male,18-24,White - English/Welsh/Scottish/Northern Irish/British,White,,Controlled drugs,Caution (simple or conditional),True,
Person search,2023-01-23T00:39:52+00:00,False,,51.242044,-0.167110,Female,10-17,White - English/Welsh/Scottish/Northern Irish/British,White,,Offensive weapons,A no further action disposal,True,
Person search,2023-01-23T10:11:49+00:00,False,,51.345819,-0.267457,Female,over 34,White - English/Welsh/Scottish/Northern Irish/British,White,,,A no further action disposal,False,
Person search,2023-01-23T15:18:45+00:00,False,,51.239226,-0.172698,Male,10-17,White - English/Welsh/Scottish/Northern Irish/British,White,,Controlled drugs,A no further action disposal,False,
Person search,2023-01-23T15:28:33+00:00,False,,51.236255,-0.186327,Male,10-17,White - English/Welsh/Scottish/Northern Irish/British,White,,,A no further action disposal,False,
Person search,2023-01-23T15:28:43+00:00,False,,51.238932,-0.172282,Male,18-24,White - English/Welsh/Scottish/Northern Irish/British,White,,Controlled drugs,A no further action disposal,False,
Person search,2023-01-23T18:11:48+00:00,False,,51.238921,-0.556270,Male,over 34,White - English/Welsh/Scottish/Northern Irish/British,White,,Offensive weapons,A no further action disposal,True,
Person search,2023-01-23T21:30:00+00:00,False,,51.317124,-0.558135,Male,25-34,Asian/Asian British - Pakistani,Asian,,Controlled drugs,A no further action disposal,True,
Person search,2023-01-23T21:34:07+00:00,False,,51.317124,-0.558135,Male,over 34,Asian/Asian British - Pakistani,Asian,,Controlled drugs,A no further action disposal,True,
Person search,2023-01-23T21:35:09+00:00,False,,51.317124,-0.558135,Male,25-34,Asian/Asian British - Pakistani,Asian,,Controlled drugs,Community resolution,True,
Person search,2023-01-24T02:15:58+00:00,False,,51.406698,-0.362483,Male,25-34,White - Any other White background,White,,Controlled drugs,A no further action disposal,False,
Person search,2023-01-24T10:11:15+00:00,False,,51.436149,-0.469694,Male,over 34,Black/African/Caribbean/Black British - African,Black,,Offensive weapons,Arrest,False,
Person search,2023-01-24T12:12:48+00:00,False,,51.370400,-0.361494,Male,25-34,White - Any other White background,White,,Offensive weapons,Arrest,False,
Person search,2023-01-24T12:15:43+00:00,False,,51.222672,-0.585748,Male,25-34,White - English/Welsh/Scottish/Northern Irish/British,White,,Controlled drugs,Community resolution,True,
Person search,2023-01-24T12:17:11+00:00,False,,51.222672,-0.585748,Male,18-24,White - English/Welsh/Scottish/Northern Irish/British,White,,Controlled drugs,Community resolution,True,
Person search,2023-01-24T21:04:43+00:00,False,,51.330620,-0.530511,Male,18-24,,Other,,,A no further action disposal,False,
Person search,2023-01-24T21:08:17+00:00,False,,51.326265,-0.539664,Female,18-24,,Asian,,,A no further action disposal,False,
Person search,2023-01-24T22:24:05+00:00,False,,50.869727,0.559357,Male,18-24,White - English/Welsh/Scottish/Northern Irish/British,White,,Firearms,A no further action disposal,False,
Person search,2023-01-24T22:25:51+00:00,False,,50.870444,0.556596,Female,18-24,White - English/Welsh/Scottish/Northern Irish/British,White,,Firearms,A no further action disposal,False,
Person search,2023-01-25T00:21:31+00:00,False,,51.317194,-0.211105,Male,18-24,,Black,,Controlled drugs,A no further action disposal,False,
Person search,2023-01-25T00:26:45+00:00,False,,51.316242,-0.211186,Male,18-24,White - English/Welsh/Scottish/Northern Irish/British,White,,Controlled drugs,A no further action disposal,False,
Person search,2023-01-25T08:15:59+00:00,False,,51.342268,-0.394400,Male,25-34,White - English/Welsh/Scottish/Northern Irish/British,White,,Controlled drugs,Community resolution,True,
Person search,2023-01-25T08:23:56+00:00,False,,51.370400,-0.361494,Male,25-34,White - English/Welsh/Scottish/Northern Irish/British,White,,Controlled drugs,Community resolution,True,
Person search,2023-01-25T14:20:12+00:00,False,,51.340355,-0.482233,Male,over 34,White - English/Welsh/Scottish/Northern Irish/British,White,,Controlled drugs,Community resolution,True,
Person search,2023-01-25T17:17:48+00:00,False,,51.339230,-0.744264,Female,25-34,White - English/Welsh/Scottish/Northern Irish/British,White,,Stolen goods,A no further action disposal,False,
Person search,2023-01-25T17:54:59+00:00,False,,51.235373,-0.580818,Male,10-17,White - English/Welsh/Scottish/Northern Irish/British,White,,Offensive weapons,A no further action disposal,False,
Person search,2023-01-25T20:28:21+00:00,False,,51.366645,-0.686586,Male,18-24,White - English/Welsh/Scottish/Northern Irish/British,White,,Controlled drugs,A no further action disposal,False,
Person search,2023-01-26T11:28:55+00:00,False,,51.186862,-0.195965,Male,25-34,Asian/Asian British - Any other Asian background,Asian,,,A no further action disposal,False,
Person search,2023-01-26T16:04:38+00:00,False,,51.181600,-0.621630,Male,10-17,White - English/Welsh/Scottish/Northern Irish/British,White,,Offensive weapons,A no further action disposal,False,
Person search,2023-01-26T17:12:34+00:00,False,,51.395866,-0.381499,Male,18-24,,White,,Stolen goods,Arrest,True,
Person search,2023-01-26T20:08:18+00:00,False,,51.237522,-0.186850,Male,25-34,White - English/Welsh/Scottish/Northern Irish/British,White,,Offensive weapons,A no further action disposal,False,
Person search,2023-01-26T21:18:19+00:00,False,,51.235647,-0.325316,Male,10-17,White - English/Welsh/Scottish/Northern Irish/British,White,,Stolen goods,A no further action disposal,True,
Person search,2023-01-26T21:58:50+00:00,False,,51.268151,-0.433495,Male,25-34,Mixed/Multiple ethnic groups - Any other Mixed/Multiple ethnic background,White,,Stolen goods,A no further action disposal,False,
Person search,2023-01-26T22:41:07+00:00,False,,51.319358,-0.613587,Male,25-34,,White,,,A no further action disposal,False,
Person search,2023-01-26T22:42:12+00:00,False,,51.319358,-0.613587,Male,over 34,,White,,,A no further action disposal,False,
Person search,2023-01-26T22:50:56+00:00,False,,51.274441,-0.013107,Male,18-24,White - English/Welsh/Scottish/Northern Irish/British,White,,Controlled drugs,A no further action disposal,False,
Person search,2023-01-26T23:27:02+00:00,False,,51.282516,-0.075997,Male,18-24,Mixed/Multiple ethnic groups - Any other Mixed/Multiple ethnic background,White,,Controlled drugs,A no further action disposal,False,
Person search,2023-01-26T23:28:56+00:00,False,,51.323059,-0.583940,Male,25-34,,Asian,,,A no further action disposal,False,
Person search,2023-01-26T23:30:06+00:00,False,,51.234796,-0.170584,Male,18-24,Mixed/Multiple ethnic groups - White and Black African,Black,,Offensive weapons,A no further action disposal,False,
Person search,2023-01-26T23:31:19+00:00,False,,51.282516,-0.075997,Male,18-24,White - English/Welsh/Scottish/Northern Irish/British,White,,Controlled drugs,A no further action disposal,False,
Person search,2023-01-26T23:36:59+00:00,False,,51.322538,-0.581732,Male,18-24,Asian/Asian British - Pakistani,Asian,,,A no further action disposal,True,
Person search,2023-01-27T02:33:38+00:00,False,,51.326847,-0.710228,Male,25-34,White - English/Welsh/Scottish/Northern Irish/British,White,,Article for use in theft,A no further action disposal,False,
Person search,2023-01-27T03:20:16+00:00,False,,51.234796,-0.170584,Male,10-17,White - English/Welsh/Scottish/Northern Irish/British,White,,Offensive weapons,A no further action disposal,False,
Person search,2023-01-27T03:43:31+00:00,False,,51.232898,-0.333122,Male,over 34,,White,,Stolen goods,A no further action disposal,False,
Person search,2023-01-27T10:57:15+00:00,False,,51.264434,-0.067696,Male,18-24,Asian/Asian British - Pakistani,Other,,Controlled drugs,Community resolution,True,
Person search,2023-01-27T11:04:00+00:00,False,,51.264434,-0.067696,Male,18-24,,Asian,,Controlled drugs,Community resolution,True,
Person search,2023-01-27T15:02:36+00:00,False,,51.282516,-0.075997,Male,18-24,,Other,,Controlled drugs,Community resolution,True,
Person search,2023-01-27T15:09:30+00:00,False,,51.316035,-0.558810,Male,25-34,White - English/Welsh/Scottish/Northern Irish/British,White,,Controlled drugs,Arrest,True,
Person search,2023-01-27T16:59:21+00:00,False,,51.235647,-0.325316,Female,10-17,,White,,Article for use in theft,Community resolution,False,
Person search,2023-01-27T17:22:18+00:00,False,,51.235647,-0.325316,Female,18-24,,White,,Article for use in theft,A no further action disposal,False,
Person search,2023-01-27T17:48:59+00:00,False,,51.133955,-0.190567,Male,25-34,White - Any other White background,White,,Firearms,A no further action disposal,False,
Person search,2023-01-27T18:02:56+00:00,False,,51.263742,-0.171055,Male,25-34,White - English/Welsh/Scottish/Northern Irish/British,White,,Controlled drugs,Arrest,False,
Person search,2023-01-27T22:56:10+00:00,False,,51.276793,-0.025594,Female,18-24,White - English/Welsh/Scottish/Northern Irish/British,White,,Controlled drugs,A no further action disposal,False,
Person search,2023-01-28T00:31:53+00:00,False,,51.171370,-0.163153,Male,18-24,White - English/Welsh/Scottish/Northern Irish/British,White,,Psychoactive substances,,True,
Person search,2023-01-28T00:36:20+00:00,False,,51.380123,-0.519816,Male,25-34,,White,,Controlled drugs,A no further action disposal,False,
Person search,2023-01-28T01:01:39+00:00,False,,51.171370,-0.163153,Male,18-24,White - English/Welsh/Scottish/Northern Irish/British,White,,Psychoactive substances,,True,
Person search,2023-01-28T01:01:58+00:00,False,,51.171370,-0.163153,Male,18-24,White - English/Welsh/Scottish/Northern Irish/British,White,,Psychoactive substances,,True,
Person search,2023-01-28T01:09:45+00:00,False,,51.171370,-0.163153,Male,18-24,White - English/Welsh/Scottish/Northern Irish/British,White,,Psychoactive substances,,True,
Person search,2023-01-28T01:10:03+00:00,False,,51.171370,-0.163153,Male,18-24,White - English/Welsh/Scottish/Northern Irish/British,White,,Psychoactive substances,,True,
Person search,2023-01-28T03:50:49+00:00,False,,51.282516,-0.075997,Male,18-24,White - English/Welsh/Scottish/Northern Irish/British,White,,Controlled drugs,Community resolution,True,
Person search,2023-01-28T03:52:38+00:00,False,,51.301133,-0.219993,Male,18-24,White - English/Welsh/Scottish/Northern Irish/British,White,,Article for use in theft,A no further action disposal,False,
Person search,2023-01-28T04:32:02+00:00,False,,51.239503,-0.576622,Male,18-24,White - English/Welsh/Scottish/Northern Irish/British,White,,Controlled drugs,A no further action disposal,False,
Person search,2023-01-28T15:44:44+00:00,False,,51.281931,-0.077097,Male,10-17,White - English/Welsh/Scottish/Northern Irish/British,White,,Offensive weapons,A no further action disposal,False,
Person search,2023-01-28T15:47:00+00:00,False,,51.281931,-0.077097,Male,,White - English/Welsh/Scottish/Northern Irish/British,White,,Offensive weapons,A no further action disposal,False,
Person search,2023-01-28T16:36:55+00:00,False,,51.280857,-0.079035,Male,18-24,White - English/Welsh/Scottish/Northern Irish/British,White,,Offensive weapons,A no further action disposal,False,
Person search,2023-01-28T17:23:22+00:00,False,,51.333727,-0.422275,Male,18-24,,White,,Stolen goods,A no further action disposal,False,
Person search,2023-01-28T17:35:58+00:00,False,,51.333727,-0.422275,Male,over 34,White - English/Welsh/Scottish/Northern Irish/British,White,,Stolen goods,Summons / charged by post,False,
Person search,2023-01-28T19:39:07+00:00,False,,51.240402,-0.564833,Male,10-17,White - English/Welsh/Scottish/Northern Irish/British,White,,Offensive weapons,Arrest,False,
Person search,2023-01-28T22:27:49+00:00,False,,51.334024,-0.272524,Female,over 34,White - English/Welsh/Scottish/Northern Irish/British,White,,Controlled drugs,A no further action disposal,False,
Person search,2023-01-28T22:32:53+00:00,False,,51.333957,-0.273460,Male,over 34,White - English/Welsh/Scottish/Northern Irish/British,White,,Controlled drugs,A no further action disposal,False,
Person search,2023-01-28T22:32:54+00:00,False,,51.331520,-0.274125,Male,over 34,White - English/Welsh/Scottish/Northern Irish/British,White,,Controlled drugs,A no further action disposal,False,
Person search,2023-01-28T22:37:24+00:00,False,,51.333957,-0.273460,Female,over 34,White - English/Welsh/Scottish/Northern Irish/British,White,,Controlled drugs,A no further action disposal,False,
Person search,2023-01-28T23:09:15+00:00,False,,51.334835,-0.264727,Male,18-24,White - English/Welsh/Scottish/Northern Irish/British,White,,Controlled drugs,Community resolution,True,
Person search,2023-01-28T23:25:09+00:00,False,,51.334835,-0.264727,Male,18-24,,Asian,,Controlled drugs,A no further action disposal,True,
Person search,2023-01-28T23:26:43+00:00,False,,51.239671,-0.577147,Male,over 34,White - Any other White background,White,,Controlled drugs,Community resolution,True,
Person search,2023-01-28T23:35:10+00:00,False,,51.239503,-0.576622,Male,over 34,White - Any other White background,White,,Controlled drugs,Arrest,False,
Person search,2023-01-28T23:38:04+00:00,False,,51.338165,-0.742212,Male,25-34,White - English/Welsh/Scottish/Northern Irish/British,White,,Controlled drugs,,True,
Person search,2023-01-28T23:41:48+00:00,True,,51.332629,-0.265169,Male,18-24,White - Any other White background,White,,Controlled drugs,Community resolution,True,
Person search,2023-01-29T00:12:35+00:00,False,,51.240402,-0.564833,Male,10-17,White - English/Welsh/Scottish/Northern Irish/British,White,,Offensive weapons,Arrest,False,
Person search,2023-01-29T02:26:00+00:00,False,,51.370486,-0.491121,Male,25-34,Black/African/Caribbean/Black British - African,Black,,Controlled drugs,Arrest,False,
Person search,2023-01-29T02:41:28+00:00,False,,51.370486,-0.491121,Male,25-34,Black/African/Caribbean/Black British - Any other Black/African/Caribbean background,White,,Controlled drugs,Arrest,True,
Person search,2023-01-29T02:45:44+00:00,False,,51.370486,-0.491121,Male,25-34,Black/African/Caribbean/Black British - Any other Black/African/Caribbean background,Black,,Controlled drugs,Arrest,False,
Person search,2023-01-29T03:47:43+00:00,False,,51.239671,-0.577147,Male,25-34,,White,,Controlled drugs,Arrest,True,
Person search,2023-01-29T13:44:54+00:00,False,,51.397814,-0.347102,Male,10-17,White - English/Welsh/Scottish/Northern Irish/British,White,,Controlled drugs,A no further action disposal,False,
Person search,2023-01-29T14:03:21+00:00,False,,51.236255,-0.186327,Male,over 34,White - English/Welsh/Scottish/Northern Irish/British,White,,Stolen goods,Community resolution,True,
Person search,2023-01-29T16:39:32+00:00,False,,51.435915,-0.503799,Male,over 34,Asian/Asian British - Any other Asian background,Asian,,Offensive weapons,A no further action disposal,False,
Person search,2023-01-29T16:56:55+00:00,False,,51.265658,-0.152745,Male,25-34,Asian/Asian British - Pakistani,Asian,,,A no further action disposal,False,
Person search,2023-01-29T18:37:21+00:00,False,,51.332023,-0.530481,Male,10-17,Asian/Asian British - Any other Asian background,Asian,,Controlled drugs,A no further action disposal,False,
Person search,2023-01-29T21:53:03+00:00,False,,51.327502,-0.639378,Female,18-24,White - English/Welsh/Scottish/Northern Irish/British,White,,Stolen goods,A no further action disposal,False,
Person search,2023-01-29T21:55:43+00:00,False,,51.327502,-0.639378,Male,18-24,White - English/Welsh/Scottish/Northern Irish/British,White,,Offensive weapons,A no further action disposal,False,
Person search,2023-01-29T23:28:18+00:00,False,,51.320359,-0.207509,Male,25-34,White - English/Welsh/Scottish/Northern Irish/British,White,,Controlled drugs,A no further action disposal,False,
Person search,2023-01-30T02:40:47+00:00,False,,51.104893,-0.510135,Male,25-34,White - English/Welsh/Scottish/Northern Irish/British,White,,Stolen goods,A no further action disposal,True,
Person search,2023-01-30T10:41:27+00:00,False,,51.214816,-0.795873,Male,18-24,,Black,,Controlled drugs,A no further action disposal,False,
Person search,2023-01-30T11:29:16+00:00,False,,51.282516,-0.075997,Male,over 34,White - Any other White background,White,,Stolen goods,Community resolution,True,
Person search,2023-01-30T16:08:08+00:00,False,,51.213364,-0.175629,Male,over 34,White - Irish,White,,Stolen goods,A no further action disposal,False,
Person search,2023-01-30T16:08:13+00:00,False,,51.213364,-0.175629,Male,18-24,White - Irish,White,,Stolen goods,A no further action disposal,False,
Person search,2023-01-30T17:04:06+00:00,False,,51.293127,-0.489886,Male,over 34,Black/African/Caribbean/Black British - Any other Black/African/Caribbean background,Black,,Offensive weapons,Arrest,True,
Person search,2023-01-30T23:40:07+00:00,False,,51.262326,-0.322670,Female,25-34,White - English/Welsh/Scottish/Northern Irish/British,White,,Controlled drugs,A no further action disposal,False,
Person search,2023-01-31T00:51:28+00:00,False,,51.282516,-0.075997,Male,25-34,White - English/Welsh/Scottish/Northern Irish/British,White,,Controlled drugs,Community resolution,True,
Person search,2023-01-31T02:18:00+00:00,False,,51.224269,-0.175169,Male,25-34,White - English/Welsh/Scottish/Northern Irish/British,White,,Controlled drugs,Community resolution,True,
Person search,2023-01-31T03:17:37+00:00,False,,51.420052,-0.425489,Female,25-34,White - English/Welsh/Scottish/Northern Irish/British,White,,Controlled drugs,A no further action disposal,False,
Person search,2023-01-31T08:19:43+00:00,False,,51.395437,-0.381744,Male,25-34,,Asian,,,Arrest,True,
Person search,2023-01-31T19:34:36+00:00,False,,51.321264,-0.559168,Male,10-17,White - English/Welsh/Scottish/Northern Irish/British,White,,Offensive weapons,A no further action disposal,False,
Person search,2023-01-31T20:33:24+00:00,False,,51.392826,-0.405079,Male,18-24,White - English/Welsh/Scottish/Northern Irish/British,White,,Stolen goods,Arrest,True,
