Type,Date,Part of a policing operation,Policing operation,Latitude,Longitude,Gender,Age range,Self-defined ethnicity,Officer-defined ethnicity,Legislation,Object of search,Outcome,Outcome linked to object of search,Removal of more than just outer clothing
Person search,2023-01-01T00:33:00+00:00,,,50.608861,-2.448337,Male,18-24,Asian/Asian British - Indian,Asian,Misuse of Drugs Act 1971 (section 23),Controlled drugs,,,False
Person search,2023-01-01T03:20:00+00:00,,,50.722301,-1.866628,Male,18-24,Other ethnic group - Not stated,Black,Police and Criminal Evidence Act 1984 (section 1),Offensive weapons,A no further action disposal,,False
Person search,2023-01-01T20:14:00+00:00,,,50.753248,-1.951566,Male,18-24,White - English/Welsh/Scottish/Northern Irish/British,White,Misuse of Drugs Act 1971 (section 23),Controlled drugs,,,False
Person search,2023-01-01T20:18:00+00:00,,,50.753248,-1.951566,Male,18-24,White - English/Welsh/Scottish/Northern Irish/British,White,Misuse of Drugs Act 1971 (section 23),Controlled drugs,,,False
Person search,2023-01-01T20:49:00+00:00,,,50.742362,-1.849975,Male,18-24,White - English/Welsh/Scottish/Northern Irish/British,White,Misuse of Drugs Act 1971 (section 23),Controlled drugs,Community resolution,True,False
Person search,2023-01-01T20:49:00+00:00,,,50.742362,-1.849975,Male,18-24,White - English/Welsh/Scottish/Northern Irish/British,White,Misuse of Drugs Act 1971 (section 23),Controlled drugs,Community resolution,True,False
Person search,2023-01-02T18:45:00+00:00,,,,,Male,18-24,Black/African/Caribbean/Black British - African,Black,Police and Criminal Evidence Act 1984 (section 1),Stolen goods,Arrest,True,False
Person search,2023-01-02T18:45:00+00:00,,,,,Male,18-24,Asian/Asian British - Any other Asian background,,Police and Criminal Evidence Act 1984 (section 1),Stolen goods,Arrest,True,False
Person search,2023-01-03T00:30:00+00:00,,,50.618035,-2.450502,Male,10-17,White - English/Welsh/Scottish/Northern Irish/British,White,Misuse of Drugs Act 1971 (section 23),Controlled drugs,,,False
Person search,2023-01-03T12:22:00+00:00,,,50.729157,-1.934490,Male,18-24,Other ethnic group - Not stated,White,Misuse of Drugs Act 1971 (section 23),Controlled drugs,,,False
Person search,2023-01-03T22:34:00+00:00,,,,,Female,over 34,Black/African/Caribbean/Black British - African,Black,Misuse of Drugs Act 1971 (section 23),Controlled drugs,,,False
Person search,2023-01-04T00:15:00+00:00,,,50.724480,-1.906729,Male,18-24,Asian/Asian British - Bangladeshi,Asian,Misuse of Drugs Act 1971 (section 23),Controlled drugs,A no further action disposal,,False
Person search,2023-01-04T12:45:00+00:00,,,51.008439,-2.186668,Female,over 34,White - English/Welsh/Scottish/Northern Irish/British,White,Misuse of Drugs Act 1971 (section 23),Controlled drugs,,,False
Person search,2023-01-04T19:35:00+00:00,,,50.737286,-1.765646,Male,18-24,White - English/Welsh/Scottish/Northern Irish/British,White,Misuse of Drugs Act 1971 (section 23),Controlled drugs,Arrest,True,False
Person search,2023-01-04T19:35:00+00:00,,,50.737286,-1.765646,Male,18-24,Other ethnic group - Not stated,White,Misuse of Drugs Act 1971 (section 23),Controlled drugs,Arrest,True,False
Person search,2023-01-04T21:50:00+00:00,,,50.791384,-1.905092,Female,18-24,Other ethnic group - Not stated,White,Misuse of Drugs Act 1971 (section 23),Controlled drugs,,,False
Person search,2023-01-05T11:45:00+00:00,,,50.736835,-1.809521,Male,10-17,Other ethnic group - Not stated,Black,Police and Criminal Evidence Act 1984 (section 1),Offensive weapons,,,False
Person search,2023-01-05T12:48:00+00:00,,,50.730883,-1.861687,Male,25-34,Mixed/Multiple ethnic groups - White and Black Caribbean,White,Misuse of Drugs Act 1971 (section 23),Controlled drugs,Arrest,True,False
Person search,2023-01-05T20:18:00+00:00,,,50.779142,-2.197426,Male,over 34,Other ethnic group - Not stated,White,Police and Criminal Evidence Act 1984 (section 1),Article for use in theft,Community resolution,True,False
Person search,2023-01-06T09:48:00+00:00,,,50.726625,-1.963778,Male,18-24,Mixed/Multiple ethnic groups - White and Black Caribbean,,Misuse of Drugs Act 1971 (section 23),Controlled drugs,A no further action disposal,,False
Person search,2023-01-06T11:30:00+00:00,,,50.718723,-1.875321,Male,18-24,Other ethnic group - Not stated,White,Misuse of Drugs Act 1971 (section 23),Controlled drugs,,,False
Person search,2023-01-06T12:35:00+00:00,,,50.718279,-1.881357,Male,over 34,White - English/Welsh/Scottish/Northern Irish/British,White,Police and Criminal Evidence Act 1984 (section 1),Article for use in theft,A no further action disposal,,False
Person search,2023-01-06T16:30:00+00:00,,,50.718279,-1.881357,Male,25-34,Other ethnic group - Not stated,White,Misuse of Drugs Act 1971 (section 23),Controlled drugs,,,False
Person search,2023-01-06T18:05:00+00:00,,,50.712924,-1.977329,Male,over 34,White - English/Welsh/Scottish/Northern Irish/British,White,Misuse of Drugs Act 1971 (section 23),Controlled drugs,A no further action disposal,,False
Person search,2023-01-07T23:00:00+00:00,,,50.730073,-1.853358,Male,25-34,White - English/Welsh/Scottish/Northern Irish/British,White,Misuse of Drugs Act 1971 (section 23),Controlled drugs,Arrest,True,False
Person search,2023-01-07T23:06:00+00:00,,,50.612017,-2.457653,Male,25-34,White - Any other White background,White,Misuse of Drugs Act 1971 (section 23),Controlled drugs,,,False
Person search,2023-01-08T00:09:00+00:00,,,50.612894,-2.456587,Male,25-34,White - English/Welsh/Scottish/Northern Irish/British,White,Misuse of Drugs Act 1971 (section 23),Controlled drugs,,,False
Person search,2023-01-08T00:46:00+00:00,,,,,Female,18-24,White - English/Welsh/Scottish/Northern Irish/British,White,Misuse of Drugs Act 1971 (section 23),Controlled drugs,A no further action disposal,,False
Person search,2023-01-08T00:50:00+00:00,,,,,Male,over 34,Black/African/Caribbean/Black British - Caribbean,Black,Police and Criminal Evidence Act 1984 (section 1),Articles for use in criminal damage,A no further action disposal,,False
Person search,2023-01-08T00:50:00+00:00,,,,,Female,18-24,White - English/Welsh/Scottish/Northern Irish/British,White,Misuse of Drugs Act 1971 (section 23),Controlled drugs,A no further action disposal,,False
Person search,2023-01-08T03:53:00+00:00,,,50.726384,-1.852165,Male,over 34,White - English/Welsh/Scottish/Northern Irish/British,White,Misuse of Drugs Act 1971 (section 23),Controlled drugs,,,False
Person search,2023-01-08T21:05:00+00:00,,,50.731441,-1.854204,Female,25-34,White - English/Welsh/Scottish/Northern Irish/British,White,Misuse of Drugs Act 1971 (section 23),Controlled drugs,A no further action disposal,,False
Person search,2023-01-09T14:30:00+00:00,,,50.716400,-1.881503,Male,over 34,White - English/Welsh/Scottish/Northern Irish/British,White,Misuse of Drugs Act 1971 (section 23),Controlled drugs,A no further action disposal,,False
Person search,2023-01-10T03:55:00+00:00,,,50.739400,-1.878555,Male,10-17,White - English/Welsh/Scottish/Northern Irish/British,White,Police and Criminal Evidence Act 1984 (section 1),Stolen goods,A no further action disposal,,False
Person search,2023-01-10T22:38:00+00:00,,,,,Male,18-24,Other ethnic group - Not stated,Black,Police and Criminal Evidence Act 1984 (section 1),Offensive weapons,Arrest,True,False
Person search,2023-01-11T12:30:00+00:00,,,50.615153,-2.458461,Male,18-24,White - English/Welsh/Scottish/Northern Irish/British,White,Misuse of Drugs Act 1971 (section 23),Controlled drugs,,,False
Person search,2023-01-11T12:31:00+00:00,,,50.615153,-2.458461,Male,25-34,Other ethnic group - Not stated,White,Misuse of Drugs Act 1971 (section 23),Controlled drugs,,,False
Person search,2023-01-11T23:42:00+00:00,,,50.819687,-1.855392,Male,18-24,White - English/Welsh/Scottish/Northern Irish/British,White,Police and Criminal Evidence Act 1984 (section 1),Controlled drugs,A no further action disposal,,False
Person search,2023-01-12T10:45:00+00:00,,,50.734535,-1.854464,Male,18-24,Black/African/Caribbean/Black British - Caribbean,Black,Misuse of Drugs Act 1971 (section 23),Controlled drugs,A no further action disposal,,False
Person search,2023-01-13T09:50:00+00:00,,,50.753191,-1.859368,Female,over 34,Other ethnic group - Not stated,,Misuse of Drugs Act 1971 (section 23),Controlled drugs,Arrest,True,False
Person search,2023-01-13T12:35:00+00:00,,,50.732569,-1.850460,Male,over 34,White - English/Welsh/Scottish/Northern Irish/British,White,Misuse of Drugs Act 1971 (section 23),Controlled drugs,,,False
Person search,2023-01-13T14:00:00+00:00,,,50.743806,-1.878175,Male,over 34,Other ethnic group - Not stated,White,Misuse of Drugs Act 1971 (section 23),Controlled drugs,,,False
Person search,2023-01-13T18:26:00+00:00,,,50.722950,-1.876415,Male,over 34,White - English/Welsh/Scottish/Northern Irish/British,White,Misuse of Drugs Act 1971 (section 23),Controlled drugs,Arrest,True,False
Person search,2023-01-13T18:48:00+00:00,,,50.743461,-1.883278,Female,over 34,White - English/Welsh/Scottish/Northern Irish/British,White,Misuse of Drugs Act 1971 (section 23),Controlled drugs,,,False
Person search,2023-01-13T18:49:00+00:00,,,50.747644,-1.876719,Male,18-24,White - English/Welsh/Scottish/Northern Irish/British,White,Misuse of Drugs Act 1971 (section 23),Controlled drugs,A no further action disposal,,False
Person search,2023-01-13T23:10:00+00:00,,,,,Male,25-34,White - English/Welsh/Scottish/Northern Irish/British,White,Misuse of Drugs Act 1971 (section 23),Controlled drugs,,,False
Person search,2023-01-13T23:17:00+00:00,,,50.721319,-1.873076,Male,over 34,Other ethnic group - Not stated,White,Misuse of Drugs Act 1971 (section 23),Controlled drugs,Arrest,True,False
Person search,2023-01-14T03:51:00+00:00,,,50.718030,-1.978431,Male,10-17,Asian/Asian British - Chinese,White,Police and Criminal Evidence Act 1984 (section 1),Article for use in theft,,,False
Person search,2023-01-14T17:44:00+00:00,,,50.762703,-1.912296,Male,over 34,White - English/Welsh/Scottish/Northern Irish/British,White,Misuse of Drugs Act 1971 (section 23),Controlled drugs,,,False
Person search,2023-01-14T18:25:00+00:00,,,50.606498,-2.459309,Male,18-24,White - English/Welsh/Scottish/Northern Irish/British,White,Misuse of Drugs Act 1971 (section 23),Controlled drugs,,,False
Person search,2023-01-14T18:25:00+00:00,,,50.606498,-2.459309,Male,10-17,Other ethnic group - Not stated,Black,Misuse of Drugs Act 1971 (section 23),Controlled drugs,,,False
Person search,2023-01-14T18:25:00+00:00,,,50.606498,-2.459309,Male,10-17,Other ethnic group - Not stated,Black,Misuse of Drugs Act 1971 (section 23),Controlled drugs,Arrest,True,False
Person search,2023-01-14T18:42:00+00:00,,,50.606498,-2.459309,Male,10-17,Other ethnic group - Not stated,White,Misuse of Drugs Act 1971 (section 23),Controlled drugs,,,False
Person search,2023-01-14T20:46:00+00:00,,,50.718030,-1.978431,Male,10-17,White - English/Welsh/Scottish/Northern Irish/British,White,Police and Criminal Evidence Act 1984 (section 1),Article for use in theft,,,False
Person search,2023-01-14T21:18:00+00:00,,,50.735962,-1.859660,Male,18-24,White - English/Welsh/Scottish/Northern Irish/British,White,Misuse of Drugs Act 1971 (section 23),Controlled drugs,,,False
Person search,2023-01-14T21:19:00+00:00,,,50.735962,-1.859660,Male,18-24,Other ethnic group - Not stated,White,Misuse of Drugs Act 1971 (section 23),Controlled drugs,,,False
Person search,2023-01-15T01:03:00+00:00,,,50.740048,-1.878822,Male,18-24,Black/African/Caribbean/Black British - Any other Black/African/Caribbean background,Black,Misuse of Drugs Act 1971 (section 23),Controlled drugs,,,False
Person search,2023-01-15T01:44:00+00:00,,,51.006970,-2.194074,Male,18-24,White - English/Welsh/Scottish/Northern Irish/British,White,Misuse of Drugs Act 1971 (section 23),Controlled drugs,Arrest,True,False
Person search,2023-01-15T02:02:00+00:00,,,51.006559,-2.197219,Male,25-34,Other ethnic group - Not stated,Black,Misuse of Drugs Act 1971 (section 23),Controlled drugs,,,False
Person search,2023-01-15T02:02:00+00:00,,,51.006559,-2.197219,Male,25-34,White - English/Welsh/Scottish/Northern Irish/British,White,Misuse of Drugs Act 1971 (section 23),Controlled drugs,,,False
Person search,2023-01-15T02:02:00+00:00,,,51.006559,-2.197219,Male,25-34,White - English/Welsh/Scottish/Northern Irish/British,White,Misuse of Drugs Act 1971 (section 23),Controlled drugs,,,False
Person search,2023-01-15T10:32:00+00:00,,,50.734853,-1.835974,Male,18-24,White - English/Welsh/Scottish/Northern Irish/British,White,Misuse of Drugs Act 1971 (section 23),Controlled drugs,,,False
Person search,2023-01-15T11:39:00+00:00,,,50.730241,-1.824963,Male,10-17,Other ethnic group - Not stated,White,Misuse of Drugs Act 1971 (section 23),Controlled drugs,,,False
Person search,2023-01-15T13:32:00+00:00,,,50.725861,-1.843893,Male,25-34,White - English/Welsh/Scottish/Northern Irish/British,White,Misuse of Drugs Act 1971 (section 23),Controlled drugs,,,False
Person search,2023-01-15T13:38:00+00:00,,,50.729730,-1.845510,Male,10-17,White - English/Welsh/Scottish/Northern Irish/British,White,Police and Criminal Evidence Act 1984 (section 1),Offensive weapons,,,False
Person search,2023-01-15T13:38:00+00:00,,,50.729730,-1.845510,Male,10-17,White - English/Welsh/Scottish/Northern Irish/British,White,Police and Criminal Evidence Act 1984 (section 1),Offensive weapons,,,False
Person search,2023-01-15T13:43:00+00:00,,,,,Male,10-17,Other ethnic group - Not stated,White,Misuse of Drugs Act 1971 (section 23),Controlled drugs,A no further action disposal,,False
Person search,2023-01-15T13:50:00+00:00,,,50.726662,-1.851017,Male,10-17,Mixed/Multiple ethnic groups - White and Asian,White,Misuse of Drugs Act 1971 (section 23),Controlled drugs,,,False
Person search,2023-01-15T14:23:00+00:00,,,50.730241,-1.824963,Male,10-17,White - Any other White background,,Misuse of Drugs Act 1971 (section 23),Controlled drugs,,,False
Person search,2023-01-15T16:40:00+00:00,,,50.736211,-1.759119,Male,18-24,White - English/Welsh/Scottish/Northern Irish/British,White,Misuse of Drugs Act 1971 (section 23),Controlled drugs,,,False
Person search,2023-01-16T03:19:00+00:00,,,50.728351,-1.939733,Male,over 34,Other ethnic group - Not stated,White,Police and Criminal Evidence Act 1984 (section 1),Stolen goods,,,False
Person search,2023-01-16T13:55:00+00:00,,,50.729584,-1.857653,Female,18-24,Other ethnic group - Not stated,White,Misuse of Drugs Act 1971 (section 23),Controlled drugs,,,False
Person search,2023-01-16T13:55:00+00:00,,,50.729584,-1.857653,Male,25-34,Other ethnic group - Not stated,,Misuse of Drugs Act 1971 (section 23),Controlled drugs,,,False
Person search,2023-01-17T15:49:00+00:00,,,50.618810,-2.456913,Male,10-17,White - English/Welsh/Scottish/Northern Irish/British,White,Misuse of Drugs Act 1971 (section 23),Controlled drugs,A no further action disposal,,False
Person search,2023-01-17T15:49:00+00:00,,,50.727750,-1.837766,Male,over 34,White - English/Welsh/Scottish/Northern Irish/British,White,Misuse of Drugs Act 1971 (section 23),Controlled drugs,,,False
Person search,2023-01-17T15:49:00+00:00,,,50.618810,-2.456913,Male,10-17,Black/African/Caribbean/Black British - Any other Black/African/Caribbean background,White,Misuse of Drugs Act 1971 (section 23),Controlled drugs,A no further action disposal,,False
Person search,2023-01-18T12:08:00+00:00,,,,,Female,25-34,Other ethnic group - Not stated,White,Police and Criminal Evidence Act 1984 (section 1),Stolen goods,A no further action disposal,,False
Person search,2023-01-18T21:00:00+00:00,,,50.736244,-1.822631,Male,18-24,White - English/Welsh/Scottish/Northern Irish/British,White,Police and Criminal Evidence Act 1984 (section 1),Stolen goods,Summons / charged by post,,False
Person search,2023-01-19T14:50:00+00:00,,,50.717460,-1.979776,Female,25-34,Other ethnic group - Not stated,White,Police and Criminal Evidence Act 1984 (section 1),Stolen goods,Arrest,True,False
Person search,2023-01-19T14:55:00+00:00,,,50.718222,-1.979299,Male,18-24,White - English/Welsh/Scottish/Northern Irish/British,White,Police and Criminal Evidence Act 1984 (section 1),Stolen goods,Arrest,True,False
Person search,2023-01-19T16:12:00+00:00,,,50.606498,-2.459309,Male,25-34,White - English/Welsh/Scottish/Northern Irish/British,White,Misuse of Drugs Act 1971 (section 23),Controlled drugs,,,False
Person search,2023-01-19T18:55:00+00:00,,,50.609858,-2.453434,Female,18-24,White - English/Welsh/Scottish/Northern Irish/British,White,Police and Criminal Evidence Act 1984 (section 1),Offensive weapons,,,False
Person search,2023-01-20T00:23:00+00:00,,,50.615703,-2.453477,Male,18-24,White - English/Welsh/Scottish/Northern Irish/British,White,Misuse of Drugs Act 1971 (section 23),Controlled drugs,,,False
Person search,2023-01-20T01:00:00+00:00,,,50.732563,-2.023625,Female,10-17,Other ethnic group - Not stated,White,Misuse of Drugs Act 1971 (section 23),Controlled drugs,,,False
Person search,2023-01-20T01:00:00+00:00,,,50.732563,-2.023625,Male,18-24,White - English/Welsh/Scottish/Northern Irish/British,White,Misuse of Drugs Act 1971 (section 23),Controlled drugs,,,False
Person search,2023-01-20T13:00:00+00:00,,,50.732563,-2.023625,Male,18-24,Other ethnic group - Not stated,White,Misuse of Drugs Act 1971 (section 23),Controlled drugs,Community resolution,True,False
Person search,2023-01-20T15:40:00+00:00,,,50.612401,-2.460596,Male,25-34,White - English/Welsh/Scottish/Northern Irish/British,White,Police and Criminal Evidence Act 1984 (section 1),Stolen goods,,,False
Person search,2023-01-20T21:40:00+00:00,,,50.606793,-1.953864,Male,over 34,Other ethnic group - Not stated,White,Misuse of Drugs Act 1971 (section 23),Controlled drugs,,,False
Person search,2023-01-20T23:10:00+00:00,,,50.719499,-1.887133,Male,under 10,White - English/Welsh/Scottish/Northern Irish/British,White,Police and Criminal Evidence Act 1984 (section 1),Offensive weapons,A no further action disposal,,False
Person search,2023-01-21T20:31:00+00:00,,,50.819687,-1.855392,Male,18-24,Asian/Asian British - Any other Asian background,White,Misuse of Drugs Act 1971 (section 23),Controlled drugs,Community resolution,True,False
Person search,2023-01-21T20:31:00+00:00,,,50.819687,-1.855392,Male,25-34,Other ethnic group - Not stated,White,Misuse of Drugs Act 1971 (section 23),Controlled drugs,Community resolution,True,False
Person search,2023-01-21T20:36:00+00:00,,,50.819687,-1.855392,Male,18-24,Asian/Asian British - Any other Asian background,White,Misuse of Drugs Act 1971 (section 23),Controlled drugs,,,False
Person search,2023-01-22T00:31:00+00:00,,,50.753846,-1.942734,Male,10-17,White - English/Welsh/Scottish/Northern Irish/British,White,Police and Criminal Evidence Act 1984 (section 1),Offensive weapons,A no further action disposal,,False
Person search,2023-01-22T00:35:00+00:00,,,50.719778,-1.878081,Male,over 34,Other ethnic group - Not stated,White,Police and Criminal Evidence Act 1984 (section 1),Offensive weapons,Arrest,True,False
Person search,2023-01-22T00:36:00+00:00,,,50.721744,-1.874846,Male,over 34,White - English/Welsh/Scottish/Northern Irish/British,White,Police and Criminal Evidence Act 1984 (section 1),Offensive weapons,,,False
Person search,2023-01-22T00:36:00+00:00,,,50.720496,-1.876634,Male,18-24,Other ethnic group - Not stated,Black,Police and Criminal Evidence Act 1984 (section 1),Offensive weapons,,,False
Person search,2023-01-22T13:00:00+00:00,,,50.721837,-1.886731,Male,over 34,White - English/Welsh/Scottish/Northern Irish/British,White,Police and Criminal Evidence Act 1984 (section 1),Stolen goods,A no further action disposal,,False
Person search,2023-01-22T14:21:00+00:00,,,50.607758,-2.454559,Female,10-17,White - English/Welsh/Scottish/Northern Irish/British,White,Police and Criminal Evidence Act 1984 (section 1),Stolen goods,,,False
Person search,2023-01-22T14:25:00+00:00,,,50.607758,-2.454559,Female,10-17,Other ethnic group - Not stated,White,Police and Criminal Evidence Act 1984 (section 1),Stolen goods,,,False
Person search,2023-01-22T16:24:00+00:00,,,50.607778,-2.456198,Male,10-17,White - English/Welsh/Scottish/Northern Irish/British,White,Police and Criminal Evidence Act 1984 (section 1),Offensive weapons,,,False
Person search,2023-01-22T16:35:00+00:00,,,50.612963,-2.454892,Male,10-17,White - English/Welsh/Scottish/Northern Irish/British,White,Police and Criminal Evidence Act 1984 (section 1),Offensive weapons,A no further action disposal,,False
Person search,2023-01-22T20:45:00+00:00,,,50.731387,-1.774900,Female,18-24,White - English/Welsh/Scottish/Northern Irish/British,White,Misuse of Drugs Act 1971 (section 23),Controlled drugs,,,False
Person search,2023-01-22T20:45:00+00:00,,,50.731387,-1.774900,Male,18-24,White - English/Welsh/Scottish/Northern Irish/British,White,Misuse of Drugs Act 1971 (section 23),Controlled drugs,,,False
Person search,2023-01-22T22:21:00+00:00,,,50.732406,-1.863893,Male,25-34,White - English/Welsh/Scottish/Northern Irish/British,White,Misuse of Drugs Act 1971 (section 23),Controlled drugs,Arrest,True,False
Person search,2023-01-23T20:52:00+00:00,,,50.738864,-1.864966,Male,18-24,Other ethnic group - Not stated,White,Misuse of Drugs Act 1971 (section 23),Controlled drugs,,,False
Person search,2023-01-23T21:13:00+00:00,,,50.719840,-1.794149,Male,18-24,Other ethnic group - Any other ethnic group,White,Misuse of Drugs Act 1971 (section 23),Controlled drugs,,,False
Person search,2023-01-23T21:20:00+00:00,,,50.719840,-1.794149,Female,18-24,Other ethnic group - Not stated,White,Misuse of Drugs Act 1971 (section 23),Controlled drugs,,,False
Person search,2023-01-24T10:20:00+00:00,,,50.735163,-1.846541,Male,over 34,Black/African/Caribbean/Black British - Caribbean,Black,Police and Criminal Evidence Act 1984 (section 1),Stolen goods,A no further action disposal,,False
Person search,2023-01-24T18:19:00+00:00,,,50.726499,-1.865228,Male,over 34,White - English/Welsh/Scottish/Northern Irish/British,White,Misuse of Drugs Act 1971 (section 23),Controlled drugs,,,False
Person search,2023-01-24T18:19:00+00:00,,,50.726499,-1.865228,Female,over 34,White - English/Welsh/Scottish/Northern Irish/British,White,Misuse of Drugs Act 1971 (section 23),Controlled drugs,,,False
Person search,2023-01-24T18:40:00+00:00,,,50.729419,-1.848515,Male,18-24,White - English/Welsh/Scottish/Northern Irish/British,White,Misuse of Drugs Act 1971 (section 23),Controlled drugs,A no further action disposal,,False
Person search,2023-01-24T18:50:00+00:00,,,50.729419,-1.848515,Male,over 34,Black/African/Caribbean/Black British - Caribbean,White,Misuse of Drugs Act 1971 (section 23),Controlled drugs,Community resolution,True,False
Person search,2023-01-24T19:42:00+00:00,,,50.719314,-1.873408,Female,over 34,White - English/Welsh/Scottish/Northern Irish/British,White,Misuse of Drugs Act 1971 (section 23),Controlled drugs,,,False
Person search,2023-01-25T14:28:00+00:00,,,51.036531,-2.273138,Male,10-17,Other ethnic group - Not stated,White,Misuse of Drugs Act 1971 (section 23),Evidence of offences under the Act,,,False
Person search,2023-01-25T14:28:00+00:00,,,51.036531,-2.273138,Male,10-17,,,Misuse of Drugs Act 1971 (section 23),Evidence of offences under the Act,,,False
Person search,2023-01-25T14:43:00+00:00,,,50.750333,-1.949400,Male,18-24,White - English/Welsh/Scottish/Northern Irish/British,White,Misuse of Drugs Act 1971 (section 23),Controlled drugs,Community resolution,True,False
Person search,2023-01-25T14:43:00+00:00,,,50.750333,-1.949400,Male,18-24,White - English/Welsh/Scottish/Northern Irish/British,White,Misuse of Drugs Act 1971 (section 23),Controlled drugs,Community resolution,True,False
Person search,2023-01-25T14:43:00+00:00,,,50.750333,-1.949400,Male,18-24,Other ethnic group - Not stated,White,Misuse of Drugs Act 1971 (section 23),Controlled drugs,Community resolution,True,False
Person search,2023-01-25T16:29:00+00:00,,,50.725861,-1.843893,Male,25-34,Other ethnic group - Not stated,White,Misuse of Drugs Act 1971 (section 23),Controlled drugs,,,False
Person search,2023-01-25T16:35:00+00:00,,,50.732302,-1.852586,Male,over 34,Mixed/Multiple ethnic groups - White and Black Caribbean,White,Misuse of Drugs Act 1971 (section 23),Controlled drugs,,,False
Person search,2023-01-25T18:36:00+00:00,,,50.718049,-1.975966,Male,18-24,White - English/Welsh/Scottish/Northern Irish/British,White,Misuse of Drugs Act 1971 (section 23),Controlled drugs,Arrest,True,False
Person search,2023-01-25T18:57:00+00:00,,,50.718049,-1.975966,Male,25-34,Other ethnic group - Not stated,White,Misuse of Drugs Act 1971 (section 23),Controlled drugs,,,False
Person search,2023-01-25T19:14:00+00:00,,,50.719778,-1.878081,Male,over 34,Other ethnic group - Not stated,,Misuse of Drugs Act 1971 (section 23),Controlled drugs,,,False
Person search,2023-01-26T03:15:00+00:00,,,50.747560,-1.830824,Male,over 34,Other ethnic group - Not stated,White,Misuse of Drugs Act 1971 (section 23),Controlled drugs,Arrest,True,False
Person search,2023-01-26T14:35:00+00:00,,,50.609790,-2.454635,Male,over 34,White - English/Welsh/Scottish/Northern Irish/British,White,Police and Criminal Evidence Act 1984 (section 1),Stolen goods,Summons / charged by post,,False
Person search,2023-01-26T15:31:00+00:00,,,50.608465,-2.453167,Male,over 34,White - English/Welsh/Scottish/Northern Irish/British,White,Police and Criminal Evidence Act 1984 (section 1),Stolen goods,,,False
Person search,2023-01-26T15:32:00+00:00,,,50.608861,-2.448337,Male,25-34,White - English/Welsh/Scottish/Northern Irish/British,White,Police and Criminal Evidence Act 1984 (section 1),Evidence of offences under the Act,,,False
Person search,2023-01-26T16:00:00+00:00,,,50.719314,-1.873408,Male,18-24,Other ethnic group - Not stated,White,Misuse of Drugs Act 1971 (section 23),Controlled drugs,,,False
Person search,2023-01-26T16:05:00+00:00,,,50.719314,-1.873408,Female,18-24,Black/African/Caribbean/Black British - African,Black,Misuse of Drugs Act 1971 (section 23),Controlled drugs,,,False
Person search,2023-01-27T00:20:00+00:00,,,,,Male,25-34,Other ethnic group - Not stated,White,Police and Criminal Evidence Act 1984 (section 1),Article for use in theft,,,False
Person search,2023-01-27T07:50:00+00:00,,,50.734141,-1.849378,Male,18-24,Other ethnic group - Not stated,White,Misuse of Drugs Act 1971 (section 23),Controlled drugs,,,False
Person search,2023-01-27T17:21:00+00:00,,,50.612017,-2.457653,Male,18-24,Other ethnic group - Not stated,White,Misuse of Drugs Act 1971 (section 23),Controlled drugs,,,False
Person search,2023-01-27T17:30:00+00:00,,,50.611782,-2.455757,Female,10-17,White - English/Welsh/Scottish/Northern Irish/British,White,Misuse of Drugs Act 1971 (section 23),Controlled drugs,,,False
Person search,2023-01-27T18:42:00+00:00,,,50.739400,-1.878555,Male,over 34,White - English/Welsh/Scottish/Northern Irish/British,White,Misuse of Drugs Act 1971 (section 23),Controlled drugs,,,False
Person search,2023-01-28T02:11:00+00:00,,,50.722911,-1.865040,Male,18-24,White - English/Welsh/Scottish/Northern Irish/British,White,Police and Criminal Evidence Act 1984 (section 1),Offensive weapons,,,False
Person search,2023-01-28T02:50:00+00:00,,,50.722925,-1.989309,Male,18-24,White - Any other White background,,Misuse of Drugs Act 1971 (section 23),Controlled drugs,A no further action disposal,,False
Person search,2023-01-28T21:23:00+00:00,,,50.737662,-1.852470,Male,over 34,White - English/Welsh/Scottish/Northern Irish/British,,Misuse of Drugs Act 1971 (section 23),Controlled drugs,A no further action disposal,,False
Person search,2023-01-28T22:46:00+00:00,,,50.751744,-1.971328,Male,18-24,Other ethnic group - Not stated,White,Misuse of Drugs Act 1971 (section 23),Controlled drugs,,,False
Person search,2023-01-28T22:47:00+00:00,,,50.751744,-1.971328,Male,10-17,White - English/Welsh/Scottish/Northern Irish/British,White,Misuse of Drugs Act 1971 (section 23),Controlled drugs,Arrest,True,False
Person search,2023-01-28T22:49:00+00:00,,,50.751744,-1.971328,Male,10-17,White - English/Welsh/Scottish/Northern Irish/British,White,Misuse of Drugs Act 1971 (section 23),Controlled drugs,Arrest,True,False
Person search,2023-01-28T22:55:00+00:00,,,50.747739,-1.872438,Male,25-34,White - English/Welsh/Scottish/Northern Irish/British,White,Misuse of Drugs Act 1971 (section 23),Controlled drugs,Community resolution,True,False
Person search,2023-01-28T22:56:00+00:00,,,50.751744,-1.971328,Male,10-17,Other ethnic group - Not stated,White,Misuse of Drugs Act 1971 (section 23),Controlled drugs,,,False
Person search,2023-01-29T05:10:00+00:00,,,50.808497,-1.885387,Male,10-17,Other ethnic group - Not stated,Other,Police and Criminal Evidence Act 1984 (section 1),Article for use in theft,Community resolution,True,False
Person search,2023-01-29T05:15:00+00:00,,,50.804191,-1.886660,Male,10-17,White - English/Welsh/Scottish/Northern Irish/British,White,Police and Criminal Evidence Act 1984 (section 1),Article for use in theft,Community resolution,True,False
Person search,2023-01-29T22:53:00+00:00,,,50.713122,-1.978306,Male,10-17,White - English/Welsh/Scottish/Northern Irish/British,White,Police and Criminal Evidence Act 1984 (section 1),Article for use in theft,,,False
Person search,2023-01-29T23:01:00+00:00,,,50.713122,-1.978306,Male,10-17,White - English/Welsh/Scottish/Northern Irish/British,White,Police and Criminal Evidence Act 1984 (section 1),Article for use in theft,,,False
Person search,2023-01-30T14:50:00+00:00,,,50.725861,-1.843893,Male,25-34,,,Police and Criminal Evidence Act 1984 (section 1),Article for use in theft,,,False
Person search,2023-01-30T16:33:00+00:00,,,50.765363,-1.922571,Male,10-17,Other ethnic group - Not stated,White,Police and Criminal Evidence Act 1984 (section 1),Offensive weapons,,,False
Person search,2023-01-30T16:35:00+00:00,,,50.765363,-1.922571,Male,10-17,Asian/Asian British - Chinese,White,Police and Criminal Evidence Act 1984 (section 1),Offensive weapons,A no further action disposal,,False
Person search,2023-01-30T16:35:00+00:00,,,50.765363,-1.922571,Male,10-17,Other ethnic group - Not stated,White,Police and Criminal Evidence Act 1984 (section 1),Offensive weapons,,,False
Person search,2023-01-31T20:26:00+00:00,,,50.607778,-2.456198,Female,18-24,,,Misuse of Drugs Act 1971 (section 23),Controlled drugs,A no further action disposal,,False
Person search,2023-01-31T20:26:00+00:00,,,50.607778,-2.456198,Male,18-24,,,Misuse of Drugs Act 1971 (section 23),Controlled drugs,,,False
