Type,Date,Part of a policing operation,Policing operation,Latitude,Longitude,Gender,Age range,Self-defined ethnicity,Officer-defined ethnicity,Legislation,Object of search,Outcome,Outcome linked to object of search,Removal of more than just outer clothing
Person search,2023-01-01T00:04:00+00:00,False,,52.241559,0.407429,Male,18-24,White - English/Welsh/Scottish/Northern Irish/British,White,Police and Criminal Evidence Act 1984 (section 1),Article for use in theft,A no further action disposal,False,False
Person search,2023-01-01T00:04:00+00:00,False,,52.241559,0.407429,Male,18-24,White - English/Welsh/Scottish/Northern Irish/British,White,Police and Criminal Evidence Act 1984 (section 1),Article for use in theft,A no further action disposal,False,False
Person search,2023-01-01T00:20:00+00:00,False,,52.057379,1.125921,Male,10-17,White - Any other White background,White,Police and Criminal Evidence Act 1984 (section 1),Controlled drugs,Community resolution,False,False
Person search,2023-01-01T02:06:00+00:00,False,,52.244929,0.711024,Male,18-24,White - English/Welsh/Scottish/Northern Irish/British,White,Misuse of Drugs Act 1971 (section 23),Controlled drugs,A no further action disposal,True,False
Person search,2023-01-01T02:52:00+00:00,False,,52.187460,0.997659,Male,25-34,White - Any other White background,White,Misuse of Drugs Act 1971 (section 23),Controlled drugs,A no further action disposal,True,False
Person search,2023-01-01T06:50:00+00:00,False,,52.260076,0.382524,Male,25-34,Asian/Asian British - Any other Asian background,Asian,Police and Criminal Evidence Act 1984 (section 1),Stolen goods,Community resolution,False,False
Person search,2023-01-01T20:13:00+00:00,False,,52.479752,1.754241,Female,25-34,White - English/Welsh/Scottish/Northern Irish/British,White,Misuse of Drugs Act 1971 (section 23),Controlled drugs,A no further action disposal,True,False
Person search,2023-01-02T01:10:00+00:00,False,,52.058628,0.503169,Male,25-34,White - Any other White background,White,Police and Criminal Evidence Act 1984 (section 1),Offensive weapons,A no further action disposal,False,False
Person search,2023-01-02T02:06:00+00:00,False,,52.241559,0.407429,Male,18-24,White - Any other White background,White,Misuse of Drugs Act 1971 (section 23),Controlled drugs,A no further action disposal,False,False
Person search,2023-01-02T17:59:00+00:00,False,,52.033237,1.198022,Male,10-17,White - English/Welsh/Scottish/Northern Irish/British,White,Police and Criminal Evidence Act 1984 (section 1),Articles for use in criminal damage,A no further action disposal,False,False
Person search,2023-01-02T17:59:00+00:00,False,,52.033237,1.198022,Male,10-17,White - Any other White background,White,Police and Criminal Evidence Act 1984 (section 1),Articles for use in criminal damage,A no further action disposal,False,False
Person search,2023-01-02T18:15:00+00:00,False,,52.032592,1.195584,Female,10-17,White - English/Welsh/Scottish/Northern Irish/British,White,Police and Criminal Evidence Act 1984 (section 1),Articles for use in criminal damage,A no further action disposal,False,False
Person search,2023-01-02T20:00:00+00:00,False,,51.963661,1.351739,Male,10-17,White - English/Welsh/Scottish/Northern Irish/British,White,Misuse of Drugs Act 1971 (section 23),Controlled drugs,A no further action disposal,True,False
Person search,2023-01-02T23:45:00+00:00,False,,52.082844,1.123439,Female,over 34,White - English/Welsh/Scottish/Northern Irish/British,White,Misuse of Drugs Act 1971 (section 23),Controlled drugs,A no further action disposal,False,False
Person search,2023-01-03T13:18:00+00:00,False,,52.053374,1.137867,Male,18-24,Black/African/Caribbean/Black British - Any other Black/African/Caribbean background,Black,Misuse of Drugs Act 1971 (section 23),Controlled drugs,A no further action disposal,False,False
Person search,2023-01-03T19:00:00+00:00,False,,52.041349,1.196370,Male,10-17,White - English/Welsh/Scottish/Northern Irish/British,White,Police and Criminal Evidence Act 1984 (section 1),Offensive weapons,A no further action disposal,False,False
Person search,2023-01-03T20:30:00+00:00,False,,52.058357,1.153011,Male,over 34,White - Any other White background,White,Police and Criminal Evidence Act 1984 (section 1),Article for use in theft,A no further action disposal,False,False
Person search,2023-01-04T00:00:00+00:00,False,,52.246123,0.718935,Male,25-34,White - Any other White background,White,Misuse of Drugs Act 1971 (section 23),Controlled drugs,A no further action disposal,False,False
Person search,2023-01-04T09:33:00+00:00,False,,,,Male,10-17,Other ethnic group - Any other ethnic group,Other,Police and Criminal Evidence Act 1984 (section 1),Offensive weapons,A no further action disposal,False,False
Person search,2023-01-04T14:27:00+00:00,False,,52.239969,0.707719,Male,18-24,White - Any other White background,White,Misuse of Drugs Act 1971 (section 23),Controlled drugs,A no further action disposal,False,True
Person search,2023-01-04T14:30:00+00:00,False,,52.239822,0.709438,Male,18-24,White - English/Welsh/Scottish/Northern Irish/British,White,Misuse of Drugs Act 1971 (section 23),Controlled drugs,A no further action disposal,False,True
Person search,2023-01-04T15:15:00+00:00,False,,52.241659,0.719482,Male,18-24,Other ethnic group - Not stated,White,Misuse of Drugs Act 1971 (section 23),Controlled drugs,Arrest,True,False
Person search,2023-01-04T15:45:00+00:00,False,,,,Male,over 34,White - Any other White background,White,Misuse of Drugs Act 1971 (section 23),Controlled drugs,A no further action disposal,False,False
Person search,2023-01-05T01:35:00+00:00,False,,52.065362,1.136898,Female,18-24,White - English/Welsh/Scottish/Northern Irish/British,White,Police and Criminal Evidence Act 1984 (section 1),Offensive weapons,A no further action disposal,False,False
Person search,2023-01-05T07:27:00+00:00,False,,52.066613,1.278141,Male,25-34,Asian/Asian British - Any other Asian background,Asian,Misuse of Drugs Act 1971 (section 23),Controlled drugs,Arrest,True,False
Person search,2023-01-05T07:27:00+00:00,False,,52.066613,1.278141,Male,18-24,Asian/Asian British - Any other Asian background,Asian,Misuse of Drugs Act 1971 (section 23),Controlled drugs,Arrest,True,False
Person search,2023-01-05T10:05:00+00:00,False,,52.241219,0.721008,Male,25-34,White - English/Welsh/Scottish/Northern Irish/British,White,Misuse of Drugs Act 1971 (section 23),Controlled drugs,A no further action disposal,False,True
Person search,2023-01-05T10:05:00+00:00,False,,52.241219,0.721008,Male,18-24,White - Any other White background,White,Misuse of Drugs Act 1971 (section 23),Controlled drugs,A no further action disposal,False,True
Person search,2023-01-05T10:05:00+00:00,False,,52.241219,0.721008,Male,25-34,White - English/Welsh/Scottish/Northern Irish/British,White,Misuse of Drugs Act 1971 (section 23),Controlled drugs,A no further action disposal,False,True
Person search,2023-01-05T17:44:00+00:00,False,,52.031717,1.149298,Male,18-24,White - Any other White background,White,Misuse of Drugs Act 1971 (section 23),Controlled drugs,Arrest,True,False
Person search,2023-01-05T19:00:00+00:00,False,,52.245607,0.708941,Male,18-24,White - English/Welsh/Scottish/Northern Irish/British,White,Misuse of Drugs Act 1971 (section 23),Controlled drugs,A no further action disposal,False,False
Person search,2023-01-05T19:07:53+00:00,False,,52.055891,1.186131,Male,25-34,White - Any other White background,White,Police and Criminal Evidence Act 1984 (section 1),Stolen goods,Arrest,False,False
Person search,2023-01-05T22:00:00+00:00,False,,52.503597,1.735241,Male,18-24,White - English/Welsh/Scottish/Northern Irish/British,White,Misuse of Drugs Act 1971 (section 23),Controlled drugs,A no further action disposal,False,False
Person search,2023-01-05T22:00:00+00:00,False,,52.503597,1.735241,Male,18-24,White - English/Welsh/Scottish/Northern Irish/British,White,Misuse of Drugs Act 1971 (section 23),Controlled drugs,A no further action disposal,False,False
Person search,2023-01-05T22:05:00+00:00,False,,52.503597,1.735241,Male,18-24,Other ethnic group - Not stated,Black,Misuse of Drugs Act 1971 (section 23),Controlled drugs,A no further action disposal,False,False
Person search,2023-01-06T12:05:00+00:00,False,,52.180253,0.997041,Female,25-34,Other ethnic group - Not stated,White,Police and Criminal Evidence Act 1984 (section 1),Stolen goods,A no further action disposal,False,False
Person search,2023-01-06T15:00:00+00:00,False,,52.475407,1.751131,Male,over 34,White - English/Welsh/Scottish/Northern Irish/British,White,Misuse of Drugs Act 1971 (section 23),Controlled drugs,A no further action disposal,False,False
Person search,2023-01-06T15:24:00+00:00,False,,52.037079,0.735348,Male,18-24,White - English/Welsh/Scottish/Northern Irish/British,White,Misuse of Drugs Act 1971 (section 23),Controlled drugs,A no further action disposal,False,False
Person search,2023-01-06T15:24:00+00:00,False,,52.037079,0.735348,Male,10-17,White - English/Welsh/Scottish/Northern Irish/British,White,Misuse of Drugs Act 1971 (section 23),Controlled drugs,Arrest,False,False
Person search,2023-01-06T16:43:00+00:00,False,,52.192478,0.996255,Female,18-24,White - English/Welsh/Scottish/Northern Irish/British,White,Misuse of Drugs Act 1971 (section 23),Controlled drugs,A no further action disposal,False,False
Person search,2023-01-06T17:49:00+00:00,False,,52.068379,1.261216,Male,over 34,Asian/Asian British - Indian,Asian,Misuse of Drugs Act 1971 (section 23),Controlled drugs,A no further action disposal,False,False
Person search,2023-01-06T19:41:00+00:00,False,,52.246572,0.712707,Female,10-17,White - English/Welsh/Scottish/Northern Irish/British,White,Misuse of Drugs Act 1971 (section 23),Controlled drugs,A no further action disposal,False,False
Person search,2023-01-06T19:41:00+00:00,False,,52.246572,0.712707,Male,10-17,White - English/Welsh/Scottish/Northern Irish/British,White,Misuse of Drugs Act 1971 (section 23),Controlled drugs,A no further action disposal,False,False
Person search,2023-01-06T21:26:00+00:00,False,,52.032902,0.746334,Male,10-17,White - English/Welsh/Scottish/Northern Irish/British,White,Misuse of Drugs Act 1971 (section 23),Controlled drugs,Arrest,True,False
Person search,2023-01-06T21:30:00+00:00,False,,52.472445,1.749509,Male,10-17,White - English/Welsh/Scottish/Northern Irish/British,White,Police and Criminal Evidence Act 1984 (section 1),Offensive weapons,A no further action disposal,False,False
Person search,2023-01-06T21:50:00+00:00,False,,52.053136,1.139367,Female,over 34,Mixed/Multiple ethnic groups - Any other Mixed/Multiple ethnic background,Black,Misuse of Drugs Act 1971 (section 23),Controlled drugs,Arrest,True,False
Person search,2023-01-06T21:50:00+00:00,False,,52.053136,1.139367,Male,over 34,Mixed/Multiple ethnic groups - Any other Mixed/Multiple ethnic background,Black,Misuse of Drugs Act 1971 (section 23),Controlled drugs,Arrest,True,False
Person search,2023-01-06T23:17:00+00:00,False,,52.276336,0.468203,Male,18-24,White - English/Welsh/Scottish/Northern Irish/British,White,Misuse of Drugs Act 1971 (section 23),Controlled drugs,A no further action disposal,False,False
Person search,2023-01-06T23:45:00+00:00,False,,52.055993,1.164020,Male,over 34,Other ethnic group - Not stated,White,Police and Criminal Evidence Act 1984 (section 1),Article for use in theft,Arrest,True,False
Person search,2023-01-07T03:46:00+00:00,False,,52.003485,1.057456,Male,,Other ethnic group - Not stated,Black,Misuse of Drugs Act 1971 (section 23),Controlled drugs,A no further action disposal,False,False
Person search,2023-01-07T15:30:00+00:00,False,,52.105243,1.112385,Male,25-34,Mixed/Multiple ethnic groups - White and Black Caribbean,Black,Misuse of Drugs Act 1971 (section 23),Controlled drugs,A no further action disposal,False,True
Person search,2023-01-07T15:45:00+00:00,False,,52.105243,1.112385,Female,25-34,Other ethnic group - Not stated,White,Misuse of Drugs Act 1971 (section 23),Controlled drugs,A no further action disposal,False,False
Person search,2023-01-07T22:13:00+00:00,False,,52.058249,1.195024,Male,10-17,Black/African/Caribbean/Black British - African,Black,Police and Criminal Evidence Act 1984 (section 1),Offensive weapons,Arrest,False,False
Person search,2023-01-07T22:33:00+00:00,False,,52.052258,1.191751,Male,10-17,White - Any other White background,White,Police and Criminal Evidence Act 1984 (section 1),Offensive weapons,Arrest,False,False
Person search,2023-01-08T00:12:00+00:00,False,,52.058249,1.195024,Male,10-17,White - English/Welsh/Scottish/Northern Irish/British,White,Police and Criminal Evidence Act 1984 (section 1),Offensive weapons,Arrest,False,False
Person search,2023-01-08T00:45:00+00:00,False,,,,Male,25-34,Other ethnic group - Any other ethnic group,Other,Misuse of Drugs Act 1971 (section 23),Controlled drugs,A no further action disposal,False,False
Person search,2023-01-08T01:23:00+00:00,False,,52.266095,0.375254,Male,25-34,Other ethnic group - Not stated,White,Misuse of Drugs Act 1971 (section 23),Controlled drugs,Arrest,True,False
Person search,2023-01-08T08:17:00+00:00,False,,52.266095,0.375254,Female,25-34,Other ethnic group - Not stated,White,Misuse of Drugs Act 1971 (section 23),Controlled drugs,Arrest,True,False
Person search,2023-01-08T12:17:00+00:00,False,,52.040660,1.190283,Male,18-24,White - English/Welsh/Scottish/Northern Irish/British,White,Misuse of Drugs Act 1971 (section 23),Controlled drugs,Arrest,True,False
Person search,2023-01-08T20:30:00+00:00,False,,52.090034,0.446474,Male,over 34,Other ethnic group - Not stated,White,Misuse of Drugs Act 1971 (section 23),Controlled drugs,A no further action disposal,True,False
Person search,2023-01-08T20:30:00+00:00,False,,52.084106,0.452178,Male,25-34,Other ethnic group - Not stated,White,Misuse of Drugs Act 1971 (section 23),Controlled drugs,A no further action disposal,True,False
Person search,2023-01-09T14:15:00+00:00,False,,52.072705,1.118439,Female,10-17,White - Any other White background,White,Police and Criminal Evidence Act 1984 (section 1),Offensive weapons,A no further action disposal,False,False
Person search,2023-01-09T20:16:00+00:00,False,,52.241167,0.695091,Male,10-17,White - English/Welsh/Scottish/Northern Irish/British,White,Police and Criminal Evidence Act 1984 (section 1),Offensive weapons,A no further action disposal,False,False
Person search,2023-01-09T23:12:16+00:00,False,,52.039834,0.734043,Male,18-24,Other ethnic group - Not stated,White,Police and Criminal Evidence Act 1984 (section 1),Offensive weapons,Arrest,False,False
Person search,2023-01-10T12:30:00+00:00,False,,52.056471,1.199887,Male,10-17,Black/African/Caribbean/Black British - Any other Black/African/Caribbean background,Black,Misuse of Drugs Act 1971 (section 23),Controlled drugs,A no further action disposal,False,False
Person search,2023-01-10T15:30:00+00:00,False,,52.056199,1.152961,Female,18-24,White - English/Welsh/Scottish/Northern Irish/British,White,Police and Criminal Evidence Act 1984 (section 1),Article for use in theft,Arrest,False,False
Person search,2023-01-10T15:40:00+00:00,False,,52.056199,1.152961,Female,10-17,White - English/Welsh/Scottish/Northern Irish/British,White,Misuse of Drugs Act 1971 (section 23),Controlled drugs,Community resolution,True,False
Person search,2023-01-10T18:40:00+00:00,False,,52.057469,1.150570,Male,18-24,Other ethnic group - Arab,Other,Misuse of Drugs Act 1971 (section 23),Controlled drugs,A no further action disposal,False,False
Person search,2023-01-10T22:00:00+00:00,False,,52.251024,0.707601,Female,18-24,White - Any other White background,White,Police and Criminal Evidence Act 1984 (section 1),Offensive weapons,A no further action disposal,False,True
Person search,2023-01-11T12:15:00+00:00,False,,52.058159,1.156353,Male,25-34,White - Any other White background,White,Misuse of Drugs Act 1971 (section 23),Controlled drugs,Arrest,True,False
Person search,2023-01-11T14:00:00+00:00,False,,52.247256,0.715840,Female,over 34,White - English/Welsh/Scottish/Northern Irish/British,White,Misuse of Drugs Act 1971 (section 23),Controlled drugs,A no further action disposal,False,False
Person search,2023-01-11T14:00:00+00:00,False,,52.247256,0.715840,Male,over 34,White - Any other White background,White,Misuse of Drugs Act 1971 (section 23),Controlled drugs,A no further action disposal,False,False
Person search,2023-01-11T14:00:00+00:00,False,,52.247256,0.715840,Male,over 34,White - English/Welsh/Scottish/Northern Irish/British,White,Misuse of Drugs Act 1971 (section 23),Controlled drugs,A no further action disposal,False,False
Person search,2023-01-11T14:15:00+00:00,False,,52.035308,1.149536,Male,18-24,Asian/Asian British - Indian,Black,Misuse of Drugs Act 1971 (section 23),Controlled drugs,Arrest,False,False
Person search,2023-01-11T15:00:00+00:00,False,,52.245790,0.710344,Male,25-34,White - Any other White background,White,Misuse of Drugs Act 1971 (section 23),Controlled drugs,Arrest,True,True
Person search,2023-01-11T15:30:00+00:00,False,,52.084610,0.444367,Male,10-17,White - English/Welsh/Scottish/Northern Irish/British,White,Misuse of Drugs Act 1971 (section 23),Controlled drugs,A no further action disposal,True,False
Person search,2023-01-11T15:49:00+00:00,False,,52.035308,1.149536,Female,18-24,White - English/Welsh/Scottish/Northern Irish/British,White,Misuse of Drugs Act 1971 (section 23),Controlled drugs,A no further action disposal,False,True
Person search,2023-01-11T19:19:00+00:00,False,,52.404540,0.734478,Male,25-34,White - Any other White background,White,Misuse of Drugs Act 1971 (section 23),Controlled drugs,A no further action disposal,False,False
Person search,2023-01-11T19:21:00+00:00,False,,52.253390,0.713431,Male,over 34,White - English/Welsh/Scottish/Northern Irish/British,White,Police and Criminal Evidence Act 1984 (section 1),Offensive weapons,A no further action disposal,False,False
Person search,2023-01-11T19:30:00+00:00,False,,52.404540,0.734478,Male,25-34,White - Any other White background,White,Misuse of Drugs Act 1971 (section 23),Controlled drugs,A no further action disposal,False,False
Person search,2023-01-11T19:31:00+00:00,False,,52.263578,0.703280,Male,over 34,White - English/Welsh/Scottish/Northern Irish/British,White,Police and Criminal Evidence Act 1984 (section 1),Offensive weapons,Arrest,False,False
Person search,2023-01-11T20:00:00+00:00,False,,52.251612,0.393762,Male,25-34,White - English/Welsh/Scottish/Northern Irish/British,White,Misuse of Drugs Act 1971 (section 23),Controlled drugs,Arrest,True,False
Person search,2023-01-11T20:00:00+00:00,False,,52.251612,0.393762,Female,25-34,White - English/Welsh/Scottish/Northern Irish/British,White,Misuse of Drugs Act 1971 (section 23),Controlled drugs,A no further action disposal,False,False
Person search,2023-01-11T20:05:00+00:00,False,,52.036787,0.745187,Other,,,,Police and Criminal Evidence Act 1984 (section 1),Stolen goods,Arrest,True,False
Person search,2023-01-12T01:20:00+00:00,False,,52.049878,1.154601,Male,25-34,White - English/Welsh/Scottish/Northern Irish/British,White,Police and Criminal Evidence Act 1984 (section 1),Stolen goods,A no further action disposal,False,False
Person search,2023-01-12T13:00:00+00:00,False,,52.057306,1.182380,Male,over 34,Black/African/Caribbean/Black British - Any other Black/African/Caribbean background,Black,Misuse of Drugs Act 1971 (section 23),Controlled drugs,Arrest,False,False
Person search,2023-01-12T18:34:00+00:00,False,,52.074838,1.100665,Male,25-34,Other ethnic group - Not stated,Asian,Misuse of Drugs Act 1971 (section 23),Controlled drugs,A no further action disposal,True,False
Person search,2023-01-12T18:34:00+00:00,False,,52.074838,1.100665,Male,18-24,Other ethnic group - Not stated,Asian,Misuse of Drugs Act 1971 (section 23),Controlled drugs,A no further action disposal,True,False
Person search,2023-01-12T21:28:00+00:00,False,,52.475037,1.743248,Female,18-24,White - English/Welsh/Scottish/Northern Irish/British,White,Misuse of Drugs Act 1971 (section 23),Controlled drugs,Arrest,True,False
Person search,2023-01-12T21:28:00+00:00,False,,52.475037,1.743248,Other,,,,Misuse of Drugs Act 1971 (section 23),Controlled drugs,Arrest,True,False
Person search,2023-01-12T23:45:00+00:00,False,,52.061149,1.134998,Male,10-17,Other ethnic group - Not stated,White,Police and Criminal Evidence Act 1984 (section 1),Offensive weapons,A no further action disposal,False,False
Person search,2023-01-13T00:15:00+00:00,False,,52.480176,1.753644,Male,25-34,White - English/Welsh/Scottish/Northern Irish/British,White,Misuse of Drugs Act 1971 (section 23),Controlled drugs,Community resolution,True,False
Person search,2023-01-13T01:20:00+00:00,False,,52.064300,1.139596,Male,25-34,White - Any other White background,White,Misuse of Drugs Act 1971 (section 23),Controlled drugs,Arrest,False,False
Person search,2023-01-13T01:20:00+00:00,False,,52.064300,1.139596,Male,25-34,White - Any other White background,White,Misuse of Drugs Act 1971 (section 23),Controlled drugs,A no further action disposal,False,False
Person search,2023-01-13T01:20:00+00:00,False,,52.064300,1.139596,Male,18-24,White - Any other White background,White,Misuse of Drugs Act 1971 (section 23),Controlled drugs,A no further action disposal,False,False
Person search,2023-01-13T01:20:00+00:00,False,,52.064300,1.139596,Male,25-34,White - Any other White background,White,Misuse of Drugs Act 1971 (section 23),Controlled drugs,A no further action disposal,False,False
Person search,2023-01-13T08:29:00+00:00,False,,52.060595,1.145639,Male,25-34,Black/African/Caribbean/Black British - Any other Black/African/Caribbean background,Black,Misuse of Drugs Act 1971 (section 23),Controlled drugs,A no further action disposal,False,False
Person search,2023-01-13T14:30:00+00:00,False,,52.264600,0.706948,Male,25-34,White - Any other White background,White,Misuse of Drugs Act 1971 (section 23),Controlled drugs,Arrest,True,True
Person search,2023-01-13T15:00:00+00:00,False,,52.475979,1.746716,Female,over 34,White - English/Welsh/Scottish/Northern Irish/British,White,Police and Criminal Evidence Act 1984 (section 1),Stolen goods,A no further action disposal,False,False
Person search,2023-01-13T17:10:00+00:00,True,,,,Male,over 34,White - English/Welsh/Scottish/Northern Irish/British,White,Police and Criminal Evidence Act 1984 (section 1),Offensive weapons,A no further action disposal,False,False
Person search,2023-01-13T17:15:00+00:00,False,,52.058357,1.153011,Male,25-34,White - English/Welsh/Scottish/Northern Irish/British,White,Police and Criminal Evidence Act 1984 (section 1),Offensive weapons,A no further action disposal,False,False
Person search,2023-01-13T22:03:00+00:00,False,,52.476181,1.750858,Female,10-17,White - English/Welsh/Scottish/Northern Irish/British,White,Police and Criminal Evidence Act 1984 (section 1),Articles for use in criminal damage,A no further action disposal,False,False
Person search,2023-01-13T22:10:00+00:00,False,,52.476181,1.750858,Male,10-17,White - English/Welsh/Scottish/Northern Irish/British,White,Police and Criminal Evidence Act 1984 (section 1),Offensive weapons,A no further action disposal,False,False
Person search,2023-01-13T23:29:00+00:00,False,,52.246155,0.410506,Male,10-17,White - English/Welsh/Scottish/Northern Irish/British,White,Misuse of Drugs Act 1971 (section 23),Controlled drugs,A no further action disposal,False,False
Person search,2023-01-14T01:45:00+00:00,False,,52.084127,0.443815,Male,10-17,White - English/Welsh/Scottish/Northern Irish/British,White,Misuse of Drugs Act 1971 (section 23),Controlled drugs,Community resolution,True,False
Person search,2023-01-14T01:58:00+00:00,False,,52.244906,0.710847,Male,25-34,White - English/Welsh/Scottish/Northern Irish/British,White,Misuse of Drugs Act 1971 (section 23),Controlled drugs,A no further action disposal,False,False
Person search,2023-01-14T14:15:00+00:00,False,,52.054703,1.146713,Male,over 34,White - English/Welsh/Scottish/Northern Irish/British,White,Misuse of Drugs Act 1971 (section 23),Controlled drugs,Community resolution,True,False
Person search,2023-01-14T16:55:00+00:00,False,,52.057440,1.158359,Female,18-24,,Other,Police and Criminal Evidence Act 1984 (section 1),Stolen goods,A no further action disposal,False,False
Person search,2023-01-14T16:55:00+00:00,False,,52.057440,1.158359,Female,18-24,,Other,Police and Criminal Evidence Act 1984 (section 1),Stolen goods,A no further action disposal,False,False
Person search,2023-01-14T16:55:00+00:00,False,,52.057440,1.158359,Female,10-17,,Other,Police and Criminal Evidence Act 1984 (section 1),Stolen goods,A no further action disposal,False,False
Person search,2023-01-15T00:00:00+00:00,False,,52.059385,1.127943,Male,10-17,Other ethnic group - Not stated,White,Misuse of Drugs Act 1971 (section 23),Controlled drugs,A no further action disposal,False,False
Person search,2023-01-15T00:05:00+00:00,False,,52.060287,1.128517,Male,10-17,Black/African/Caribbean/Black British - Any other Black/African/Caribbean background,Black,Misuse of Drugs Act 1971 (section 23),Controlled drugs,A no further action disposal,False,False
Person search,2023-01-15T00:05:00+00:00,False,,,,Male,10-17,White - English/Welsh/Scottish/Northern Irish/British,White,Misuse of Drugs Act 1971 (section 23),Controlled drugs,A no further action disposal,False,False
Person search,2023-01-15T00:05:00+00:00,False,,,,Male,10-17,White - English/Welsh/Scottish/Northern Irish/British,White,Misuse of Drugs Act 1971 (section 23),Controlled drugs,A no further action disposal,False,False
Person search,2023-01-15T00:05:00+00:00,False,,52.034363,1.179349,Male,25-34,White - English/Welsh/Scottish/Northern Irish/British,White,Police and Criminal Evidence Act 1984 (section 1),Stolen goods,A no further action disposal,False,False
Person search,2023-01-15T00:31:00+00:00,False,,52.187736,0.995812,Male,18-24,Other ethnic group - Not stated,White,Misuse of Drugs Act 1971 (section 23),Controlled drugs,Arrest,True,False
Person search,2023-01-15T00:31:00+00:00,False,,52.187736,0.995812,Male,25-34,Other ethnic group - Not stated,White,Misuse of Drugs Act 1971 (section 23),Controlled drugs,Arrest,True,False
Person search,2023-01-15T01:25:00+00:00,False,,52.081805,1.112053,Male,10-17,Other ethnic group - Not stated,White,Misuse of Drugs Act 1971 (section 23),Controlled drugs,A no further action disposal,False,False
Person search,2023-01-15T01:31:00+00:00,False,,52.245881,0.713807,Male,18-24,White - English/Welsh/Scottish/Northern Irish/British,White,Misuse of Drugs Act 1971 (section 23),Controlled drugs,A no further action disposal,False,False
Person search,2023-01-15T04:15:00+00:00,False,,52.060959,1.238087,Male,18-24,White - English/Welsh/Scottish/Northern Irish/British,White,Misuse of Drugs Act 1971 (section 23),Controlled drugs,Community resolution,True,False
Person search,2023-01-15T11:00:00+00:00,False,,52.245934,0.705635,Male,25-34,White - English/Welsh/Scottish/Northern Irish/British,White,Misuse of Drugs Act 1971 (section 23),Controlled drugs,Arrest,False,False
Person search,2023-01-15T23:00:00+00:00,False,,52.084777,0.447135,Male,18-24,White - Any other White background,White,Misuse of Drugs Act 1971 (section 23),Controlled drugs,Arrest,True,True
Person search,2023-01-15T23:00:00+00:00,False,,52.084777,0.447135,Male,over 34,White - Any other White background,White,Misuse of Drugs Act 1971 (section 23),Controlled drugs,A no further action disposal,False,True
Person search,2023-01-16T03:06:00+00:00,False,,52.334604,0.529503,Male,25-34,Mixed/Multiple ethnic groups - White and Black Caribbean,White,Misuse of Drugs Act 1971 (section 23),Controlled drugs,Arrest,False,False
Person search,2023-01-16T03:06:00+00:00,False,,52.334604,0.529503,Female,25-34,White - English/Welsh/Scottish/Northern Irish/British,White,Misuse of Drugs Act 1971 (section 23),Controlled drugs,Arrest,False,False
Person search,2023-01-17T11:26:00+00:00,False,,52.077141,1.095540,Male,25-34,Black/African/Caribbean/Black British - African,Black,Misuse of Drugs Act 1971 (section 23),Controlled drugs,A no further action disposal,False,False
Person search,2023-01-17T13:26:00+00:00,False,,52.048393,1.125643,Female,over 34,White - English/Welsh/Scottish/Northern Irish/British,White,Misuse of Drugs Act 1971 (section 23),Controlled drugs,A no further action disposal,False,True
Person search,2023-01-17T17:18:00+00:00,True,,52.057101,1.156234,Male,over 34,White - Any other White background,White,Criminal Justice and Public Order Act 1994 (section 60),Offensive weapons,A no further action disposal,False,False
Person search,2023-01-17T17:29:00+00:00,False,,52.057101,1.156234,Male,18-24,White - Any other White background,White,Criminal Justice and Public Order Act 1994 (section 60),Offensive weapons,A no further action disposal,False,False
Person search,2023-01-17T17:30:00+00:00,False,,52.057101,1.156234,Male,18-24,Black/African/Caribbean/Black British - African,Black,Criminal Justice and Public Order Act 1994 (section 60),Offensive weapons,A no further action disposal,False,False
Person search,2023-01-17T17:31:00+00:00,False,,52.057101,1.156234,Male,25-34,White - Any other White background,White,Criminal Justice and Public Order Act 1994 (section 60),Offensive weapons,A no further action disposal,False,False
Person search,2023-01-17T18:03:00+00:00,False,,52.057101,1.156234,Male,10-17,White - Any other White background,White,Criminal Justice and Public Order Act 1994 (section 60),Offensive weapons,A no further action disposal,False,False
Person search,2023-01-17T18:03:00+00:00,False,,52.057101,1.156234,Male,10-17,White - Any other White background,White,Criminal Justice and Public Order Act 1994 (section 60),Offensive weapons,A no further action disposal,False,False
Person search,2023-01-17T18:35:00+00:00,False,,52.060718,1.165244,Male,10-17,White - Any other White background,White,Criminal Justice and Public Order Act 1994 (section 60),Offensive weapons,A no further action disposal,False,False
Person search,2023-01-17T18:52:00+00:00,True,,52.057101,1.156234,Male,10-17,Black/African/Caribbean/Black British - African,Black,Criminal Justice and Public Order Act 1994 (section 60),Offensive weapons,A no further action disposal,False,False
Person search,2023-01-17T19:00:00+00:00,False,,52.057101,1.156234,Male,18-24,White - Any other White background,White,Criminal Justice and Public Order Act 1994 (section 60),Offensive weapons,A no further action disposal,False,False
Person search,2023-01-17T19:40:00+00:00,True,,52.058357,1.153011,Male,,Other ethnic group - Not stated,Other,Criminal Justice and Public Order Act 1994 (section 60),Offensive weapons,A no further action disposal,False,False
Person search,2023-01-17T19:40:00+00:00,True,,52.058357,1.153011,Male,18-24,Other ethnic group - Not stated,Other,Criminal Justice and Public Order Act 1994 (section 60),Offensive weapons,A no further action disposal,False,False
Person search,2023-01-17T19:44:00+00:00,True,,52.058357,1.153011,Male,18-24,Mixed/Multiple ethnic groups - Any other Mixed/Multiple ethnic background,Other,Criminal Justice and Public Order Act 1994 (section 60),Offensive weapons,A no further action disposal,False,False
Person search,2023-01-17T21:33:00+00:00,False,,52.064381,1.138259,Male,,Other ethnic group - Not stated,White,Criminal Justice and Public Order Act 1994 (section 60),Offensive weapons,A no further action disposal,False,False
Person search,2023-01-17T21:50:00+00:00,False,,52.057101,1.156234,Male,10-17,White - Any other White background,White,Criminal Justice and Public Order Act 1994 (section 60),Offensive weapons,A no further action disposal,False,False
Person search,2023-01-17T21:57:00+00:00,False,,52.057101,1.156234,Male,10-17,White - Any other White background,White,Criminal Justice and Public Order Act 1994 (section 60),Offensive weapons,A no further action disposal,False,False
Person search,2023-01-17T22:30:00+00:00,False,,52.058501,1.162388,Male,25-34,Other ethnic group - Not stated,Black,Misuse of Drugs Act 1971 (section 23),Controlled drugs,A no further action disposal,False,False
Person search,2023-01-18T00:30:00+00:00,False,,52.058106,1.141525,Male,10-17,Other ethnic group - Any other ethnic group,Other,Criminal Justice and Public Order Act 1994 (section 60),Offensive weapons,A no further action disposal,False,False
Person search,2023-01-18T01:15:00+00:00,True,,52.058357,1.153011,Male,18-24,White - Any other White background,White,Criminal Justice and Public Order Act 1994 (section 60),Offensive weapons,A no further action disposal,False,False
Person search,2023-01-18T08:48:00+00:00,False,,52.057101,1.156234,Male,10-17,White - Any other White background,White,Criminal Justice and Public Order Act 1994 (section 60),Offensive weapons,A no further action disposal,False,False
Person search,2023-01-18T10:45:00+00:00,False,,52.057101,1.156234,Male,10-17,Other ethnic group - Not stated,White,Criminal Justice and Public Order Act 1994 (section 60),Offensive weapons,A no further action disposal,False,False
Person search,2023-01-18T11:20:00+00:00,False,,52.051260,1.143597,Male,18-24,Other ethnic group - Arab,Other,Criminal Justice and Public Order Act 1994 (section 60),Offensive weapons,A no further action disposal,False,False
Person search,2023-01-18T11:45:00+00:00,True,,,,Male,18-24,White - Any other White background,White,Criminal Justice and Public Order Act 1994 (section 60),Offensive weapons,Arrest,False,False
Person search,2023-01-18T11:50:00+00:00,False,,52.057232,1.147985,Male,25-34,White - Any other White background,White,Police and Criminal Evidence Act 1984 (section 1),Offensive weapons,A no further action disposal,False,False
Person search,2023-01-18T11:57:00+00:00,False,,52.059150,1.153271,Male,10-17,Other ethnic group - Not stated,Other,Criminal Justice and Public Order Act 1994 (section 60),Offensive weapons,A no further action disposal,False,False
Person search,2023-01-18T12:20:00+00:00,False,,52.056571,1.156197,Male,25-34,White - English/Welsh/Scottish/Northern Irish/British,White,Criminal Justice and Public Order Act 1994 (section 60),Offensive weapons,A no further action disposal,False,False
Person search,2023-01-18T12:30:00+00:00,True,,52.057101,1.156234,Male,over 34,Other ethnic group - Not stated,White,Misuse of Drugs Act 1971 (section 23),Controlled drugs,A no further action disposal,False,False
Person search,2023-01-18T13:15:00+00:00,True,,52.058159,1.156353,Male,18-24,Other ethnic group - Not stated,Other,Criminal Justice and Public Order Act 1994 (section 60),Offensive weapons,A no further action disposal,False,False
Person search,2023-01-18T13:18:00+00:00,False,,52.058357,1.153011,Male,25-34,Other ethnic group - Not stated,,Criminal Justice and Public Order Act 1994 (section 60),Offensive weapons,A no further action disposal,False,False
Person search,2023-01-18T14:00:00+00:00,False,,52.467765,1.744221,Male,over 34,White - English/Welsh/Scottish/Northern Irish/British,White,Police and Criminal Evidence Act 1984 (section 1),Stolen goods,A no further action disposal,True,False
Person search,2023-01-18T14:20:00+00:00,False,,52.051260,1.143597,Male,18-24,White - English/Welsh/Scottish/Northern Irish/British,White,Criminal Justice and Public Order Act 1994 (section 60),Offensive weapons,A no further action disposal,False,False
Person search,2023-01-18T14:30:00+00:00,False,,52.080413,0.420712,Male,over 34,Other ethnic group - Any other ethnic group,White,Misuse of Drugs Act 1971 (section 23),Controlled drugs,A no further action disposal,False,True
Person search,2023-01-18T14:30:00+00:00,False,,52.080413,0.420712,Other,,,,Misuse of Drugs Act 1971 (section 23),Controlled drugs,A no further action disposal,False,False
Person search,2023-01-18T15:00:00+00:00,False,,52.247742,0.699724,Male,18-24,Black/African/Caribbean/Black British - African,Black,Police and Criminal Evidence Act 1984 (section 1),Offensive weapons,A no further action disposal,True,False
Person search,2023-01-18T15:25:00+00:00,False,,52.071232,1.147789,Male,18-24,White - Any other White background,White,Misuse of Drugs Act 1971 (section 23),Controlled drugs,Arrest,True,False
Person search,2023-01-18T15:30:00+00:00,False,,52.561377,1.722206,Male,25-34,White - Any other White background,White,Police and Criminal Evidence Act 1984 (section 1),Stolen goods,A no further action disposal,False,False
Person search,2023-01-18T15:33:00+00:00,True,,52.059449,1.153861,Male,25-34,White - English/Welsh/Scottish/Northern Irish/British,White,Criminal Justice and Public Order Act 1994 (section 60),Offensive weapons,A no further action disposal,False,False
Person search,2023-01-18T15:53:00+00:00,False,,52.481956,1.750554,Male,over 34,White - English/Welsh/Scottish/Northern Irish/British,White,Misuse of Drugs Act 1971 (section 23),Controlled drugs,A no further action disposal,False,False
Person search,2023-01-18T16:00:00+00:00,True,,52.059856,1.155115,Male,18-24,Other ethnic group - Not stated,,Criminal Justice and Public Order Act 1994 (section 60),Offensive weapons,A no further action disposal,False,False
Person search,2023-01-18T16:00:00+00:00,True,,52.059856,1.155115,Male,10-17,Other ethnic group - Not stated,,Criminal Justice and Public Order Act 1994 (section 60),Offensive weapons,A no further action disposal,False,False
Person search,2023-01-18T16:00:00+00:00,True,,52.059856,1.155115,Male,10-17,Other ethnic group - Not stated,,Criminal Justice and Public Order Act 1994 (section 60),Offensive weapons,A no further action disposal,False,False
Person search,2023-01-18T16:04:00+00:00,True,,52.059856,1.155115,Male,18-24,Other ethnic group - Not stated,White,Criminal Justice and Public Order Act 1994 (section 60),Offensive weapons,A no further action disposal,False,False
Person search,2023-01-18T16:13:00+00:00,False,,52.058159,1.156353,Male,over 34,Black/African/Caribbean/Black British - Any other Black/African/Caribbean background,Black,Criminal Justice and Public Order Act 1994 (section 60),Offensive weapons,A no further action disposal,False,False
Person search,2023-01-18T17:05:00+00:00,False,,52.057101,1.156234,Male,18-24,Black/African/Caribbean/Black British - African,Black,Misuse of Drugs Act 1971 (section 23),Controlled drugs,A no further action disposal,False,False
Person search,2023-01-18T17:58:00+00:00,False,,52.057266,1.158128,Male,10-17,White - English/Welsh/Scottish/Northern Irish/British,White,Criminal Justice and Public Order Act 1994 (section 60),Offensive weapons,A no further action disposal,False,False
Person search,2023-01-18T18:00:00+00:00,True,,52.057548,1.158017,Male,18-24,White - English/Welsh/Scottish/Northern Irish/British,Other,Criminal Justice and Public Order Act 1994 (section 60),Offensive weapons,Arrest,True,False
Person search,2023-01-18T18:32:00+00:00,True,,52.057548,1.158017,Male,18-24,White - Any other White background,White,Criminal Justice and Public Order Act 1994 (section 60),Offensive weapons,Arrest,False,False
Person search,2023-01-18T19:20:00+00:00,False,,52.056077,1.151814,Male,25-34,White - Any other White background,White,Criminal Justice and Public Order Act 1994 (section 60),Offensive weapons,A no further action disposal,False,False
Person search,2023-01-18T19:54:00+00:00,False,,52.066229,1.131340,Male,,,White,Criminal Justice and Public Order Act 1994 (section 60),Offensive weapons,A no further action disposal,False,False
Person search,2023-01-18T20:04:00+00:00,False,,52.081805,1.112053,Male,10-17,Other ethnic group - Not stated,Other,Police and Criminal Evidence Act 1984 (section 1),Offensive weapons,A no further action disposal,False,False
Person search,2023-01-18T20:16:00+00:00,True,,52.058357,1.153011,Male,10-17,White - English/Welsh/Scottish/Northern Irish/British,White,Criminal Justice and Public Order Act 1994 (section 60),Offensive weapons,A no further action disposal,False,False
Person search,2023-01-18T20:46:00+00:00,False,,52.052779,1.150707,Male,18-24,White - English/Welsh/Scottish/Northern Irish/British,White,Misuse of Drugs Act 1971 (section 23),Controlled drugs,Community resolution,True,True
Person search,2023-01-18T21:00:00+00:00,False,,52.058357,1.153011,Male,18-24,Asian/Asian British - Any other Asian background,Asian,Criminal Justice and Public Order Act 1994 (section 60),Offensive weapons,Arrest,True,False
Person search,2023-01-18T21:30:00+00:00,False,,52.056077,1.151814,Male,25-34,Other ethnic group - Any other ethnic group,Other,Misuse of Drugs Act 1971 (section 23),Controlled drugs,Arrest,False,False
Person search,2023-01-18T22:30:00+00:00,False,,52.056077,1.151814,Male,18-24,White - Any other White background,Other,Misuse of Drugs Act 1971 (section 23),Controlled drugs,A no further action disposal,False,False
Person search,2023-01-19T00:44:00+00:00,False,,52.029010,1.184728,Male,10-17,White - English/Welsh/Scottish/Northern Irish/British,White,Criminal Justice and Public Order Act 1994 (section 60),Offensive weapons,A no further action disposal,False,False
Person search,2023-01-19T01:30:00+00:00,False,,52.037934,1.180346,Male,over 34,White - English/Welsh/Scottish/Northern Irish/British,White,Police and Criminal Evidence Act 1984 (section 1),Offensive weapons,A no further action disposal,False,False
Person search,2023-01-19T02:14:00+00:00,False,,52.059449,1.153861,Female,,Other ethnic group - Not stated,White,Misuse of Drugs Act 1971 (section 23),Controlled drugs,A no further action disposal,False,False
Person search,2023-01-19T06:47:00+00:00,False,,52.056458,1.146326,Male,,Mixed/Multiple ethnic groups - Any other Mixed/Multiple ethnic background,Black,Criminal Justice and Public Order Act 1994 (section 60),Offensive weapons,A no further action disposal,False,False
Person search,2023-01-19T08:30:00+00:00,False,,52.055349,1.154850,Male,10-17,White - Any other White background,White,Criminal Justice and Public Order Act 1994 (section 60),Offensive weapons,A no further action disposal,False,False
Person search,2023-01-19T08:30:00+00:00,False,,52.055349,1.154850,Male,10-17,White - Any other White background,White,Criminal Justice and Public Order Act 1994 (section 60),Offensive weapons,A no further action disposal,False,False
Person search,2023-01-19T10:30:00+00:00,True,,52.058357,1.153011,Male,10-17,Asian/Asian British - Any other Asian background,Asian,Criminal Justice and Public Order Act 1994 (section 60),Offensive weapons,A no further action disposal,False,False
Person search,2023-01-19T11:40:00+00:00,True,,52.058159,1.156353,Male,over 34,White - English/Welsh/Scottish/Northern Irish/British,White,Criminal Justice and Public Order Act 1994 (section 60),Offensive weapons,A no further action disposal,False,False
Person search,2023-01-19T11:40:00+00:00,True,,52.058159,1.156353,Male,,White - English/Welsh/Scottish/Northern Irish/British,White,Criminal Justice and Public Order Act 1994 (section 60),Offensive weapons,A no further action disposal,False,False
Person search,2023-01-19T12:08:00+00:00,False,,52.058159,1.156353,Male,25-34,White - Any other White background,White,Misuse of Drugs Act 1971 (section 23),Controlled drugs,A no further action disposal,True,False
Person search,2023-01-19T12:15:00+00:00,False,,52.059856,1.155115,Male,over 34,Other ethnic group - Not stated,White,Misuse of Drugs Act 1971 (section 23),Controlled drugs,A no further action disposal,False,False
Person search,2023-01-19T12:15:00+00:00,False,,52.059856,1.155115,Female,,Other ethnic group - Not stated,,Misuse of Drugs Act 1971 (section 23),Controlled drugs,A no further action disposal,False,False
Person search,2023-01-19T13:16:00+00:00,False,,52.052489,1.145084,Male,25-34,White - Any other White background,White,Criminal Justice and Public Order Act 1994 (section 60),Offensive weapons,A no further action disposal,False,False
Person search,2023-01-19T14:43:00+00:00,False,,52.054550,1.155792,Female,18-24,White - English/Welsh/Scottish/Northern Irish/British,White,Misuse of Drugs Act 1971 (section 23),Controlled drugs,A no further action disposal,False,False
Person search,2023-01-19T14:48:00+00:00,False,,52.058159,1.156353,Male,over 34,White - English/Welsh/Scottish/Northern Irish/British,White,Misuse of Drugs Act 1971 (section 23),Controlled drugs,A no further action disposal,False,False
Person search,2023-01-19T16:36:00+00:00,False,,52.055201,1.157340,Male,18-24,Other ethnic group - Not stated,White,Criminal Justice and Public Order Act 1994 (section 60),Offensive weapons,A no further action disposal,False,False
Person search,2023-01-19T16:45:00+00:00,True,,52.058357,1.153011,Male,18-24,Other ethnic group - Not stated,Black,Criminal Justice and Public Order Act 1994 (section 60),Offensive weapons,A no further action disposal,False,False
Person search,2023-01-19T18:00:00+00:00,False,,52.058159,1.156353,Male,25-34,Other ethnic group - Not stated,White,Criminal Justice and Public Order Act 1994 (section 60),Offensive weapons,A no further action disposal,False,False
Person search,2023-01-19T18:02:00+00:00,False,,52.057101,1.156234,Male,,Other ethnic group - Arab,Other,Criminal Justice and Public Order Act 1994 (section 60),Offensive weapons,A no further action disposal,False,False
Person search,2023-01-19T18:05:00+00:00,True,,52.057373,1.151803,Male,,Black/African/Caribbean/Black British - Any other Black/African/Caribbean background,Black,Criminal Justice and Public Order Act 1994 (section 60),Offensive weapons,A no further action disposal,False,False
Person search,2023-01-19T18:21:00+00:00,False,,52.057101,1.156234,Male,18-24,Other ethnic group - Any other ethnic group,Black,Criminal Justice and Public Order Act 1994 (section 60),Offensive weapons,A no further action disposal,False,False
Person search,2023-01-19T18:21:00+00:00,False,,52.057101,1.156234,Male,25-34,White - English/Welsh/Scottish/Northern Irish/British,White,Criminal Justice and Public Order Act 1994 (section 60),Offensive weapons,Arrest,False,False
Person search,2023-01-19T18:55:00+00:00,False,,52.061273,1.142842,Male,25-34,Black/African/Caribbean/Black British - African,Black,Criminal Justice and Public Order Act 1994 (section 60),Offensive weapons,A no further action disposal,False,False
Person search,2023-01-19T19:01:00+00:00,False,,52.057373,1.151803,Male,10-17,White - Any other White background,White,Criminal Justice and Public Order Act 1994 (section 60),Offensive weapons,A no further action disposal,False,False
Person search,2023-01-19T19:04:00+00:00,True,,52.057101,1.156234,Male,10-17,White - Any other White background,White,Criminal Justice and Public Order Act 1994 (section 60),Offensive weapons,A no further action disposal,False,False
Person search,2023-01-19T19:23:00+00:00,False,,52.055288,1.162803,Male,18-24,White - Any other White background,White,Police and Criminal Evidence Act 1984 (section 1),Offensive weapons,A no further action disposal,False,False
Person search,2023-01-19T19:30:00+00:00,False,,52.061759,1.138090,Male,18-24,White - Any other White background,White,Criminal Justice and Public Order Act 1994 (section 60),Offensive weapons,A no further action disposal,False,False
Person search,2023-01-19T19:48:00+00:00,True,,52.055981,1.155761,Male,under 10,White - Any other White background,Other,Criminal Justice and Public Order Act 1994 (section 60),Offensive weapons,A no further action disposal,False,False
Person search,2023-01-19T19:50:00+00:00,False,,52.246572,0.712707,Male,10-17,White - Any other White background,White,Police and Criminal Evidence Act 1984 (section 1),Offensive weapons,A no further action disposal,False,False
Person search,2023-01-19T19:50:00+00:00,False,,52.055981,1.155761,Male,18-24,White - Any other White background,White,Criminal Justice and Public Order Act 1994 (section 60),Offensive weapons,A no further action disposal,False,False
Person search,2023-01-19T20:00:00+00:00,True,,52.056199,1.152961,Male,10-17,Other ethnic group - Not stated,White,Criminal Justice and Public Order Act 1994 (section 60),Offensive weapons,A no further action disposal,False,False
Person search,2023-01-19T20:15:00+00:00,False,,52.055349,1.154850,Male,10-17,White - Any other White background,White,Criminal Justice and Public Order Act 1994 (section 60),Offensive weapons,A no further action disposal,False,False
Person search,2023-01-19T20:25:00+00:00,True,,52.055349,1.154850,Male,10-17,Other ethnic group - Any other ethnic group,Other,Criminal Justice and Public Order Act 1994 (section 60),Offensive weapons,A no further action disposal,False,False
Person search,2023-01-19T20:28:00+00:00,False,,52.055349,1.154850,Male,10-17,Other ethnic group - Any other ethnic group,White,Police and Criminal Evidence Act 1984 (section 1),Offensive weapons,A no further action disposal,False,False
Person search,2023-01-19T20:33:00+00:00,False,,51.989871,1.309787,Male,25-34,White - English/Welsh/Scottish/Northern Irish/British,White,Misuse of Drugs Act 1971 (section 23),Controlled drugs,A no further action disposal,False,False
Person search,2023-01-19T20:34:00+00:00,False,,52.055349,1.154850,Male,10-17,White - Any other White background,White,Police and Criminal Evidence Act 1984 (section 1),Offensive weapons,A no further action disposal,False,False
Person search,2023-01-19T20:37:00+00:00,False,,52.056199,1.152961,Male,,White - Any other White background,Other,Criminal Justice and Public Order Act 1994 (section 60),Offensive weapons,A no further action disposal,False,False
Person search,2023-01-19T20:55:00+00:00,False,,52.062247,1.138679,Male,over 34,Asian/Asian British - Pakistani,Asian,Criminal Justice and Public Order Act 1994 (section 60),Offensive weapons,A no further action disposal,False,False
Person search,2023-01-19T21:01:00+00:00,False,,52.058357,1.153011,Male,over 34,White - Any other White background,White,Police and Criminal Evidence Act 1984 (section 1),Offensive weapons,A no further action disposal,False,False
Person search,2023-01-19T21:15:00+00:00,True,,52.062247,1.138679,Male,25-34,Other ethnic group - Arab,Other,Criminal Justice and Public Order Act 1994 (section 60),Offensive weapons,A no further action disposal,False,False
Person search,2023-01-19T21:40:00+00:00,False,,52.046260,1.123009,Male,10-17,White - English/Welsh/Scottish/Northern Irish/British,White,Criminal Justice and Public Order Act 1994 (section 60),Offensive weapons,A no further action disposal,False,False
Person search,2023-01-19T21:58:00+00:00,False,,52.060595,1.145639,Male,18-24,White - Any other White background,White,Misuse of Drugs Act 1971 (section 23),Controlled drugs,A no further action disposal,False,False
Person search,2023-01-19T22:00:00+00:00,True,,52.057101,1.156234,Male,25-34,Other ethnic group - Not stated,Black,Criminal Justice and Public Order Act 1994 (section 60),Offensive weapons,A no further action disposal,False,False
Person search,2023-01-19T22:01:00+00:00,False,,52.057101,1.156234,Male,25-34,White - English/Welsh/Scottish/Northern Irish/British,White,Criminal Justice and Public Order Act 1994 (section 60),Offensive weapons,A no further action disposal,False,False
Person search,2023-01-19T22:15:00+00:00,True,,52.056199,1.152961,Male,over 34,White - English/Welsh/Scottish/Northern Irish/British,White,Criminal Justice and Public Order Act 1994 (section 60),Offensive weapons,A no further action disposal,False,False
Person search,2023-01-19T22:15:00+00:00,False,,52.057101,1.156234,Male,25-34,Other ethnic group - Not stated,Black,Criminal Justice and Public Order Act 1994 (section 60),Offensive weapons,A no further action disposal,False,False
Person search,2023-01-19T22:16:00+00:00,False,,52.059677,1.148376,Male,18-24,Mixed/Multiple ethnic groups - Any other Mixed/Multiple ethnic background,Other,Police and Criminal Evidence Act 1984 (section 1),Offensive weapons,A no further action disposal,False,False
Person search,2023-01-19T22:20:00+00:00,False,,52.056596,1.144512,Male,25-34,Mixed/Multiple ethnic groups - White and Black Caribbean,Black,Criminal Justice and Public Order Act 1994 (section 60),Offensive weapons,A no further action disposal,False,False
Person search,2023-01-20T01:00:00+00:00,False,,52.248764,0.711229,Male,18-24,White - Any other White background,White,Misuse of Drugs Act 1971 (section 23),Controlled drugs,A no further action disposal,False,False
Person search,2023-01-20T08:44:00+00:00,False,,52.461354,1.723649,Other,,,,Misuse of Drugs Act 1971 (section 23),Controlled drugs,Arrest,False,False
Person search,2023-01-20T11:38:00+00:00,True,,52.058159,1.156353,Female,18-24,White - English/Welsh/Scottish/Northern Irish/British,White,Misuse of Drugs Act 1971 (section 23),Controlled drugs,A no further action disposal,True,False
Person search,2023-01-20T14:40:00+00:00,True,,52.058597,1.150752,Male,over 34,White - English/Welsh/Scottish/Northern Irish/British,White,Criminal Justice and Public Order Act 1994 (section 60),Offensive weapons,Arrest,False,False
Person search,2023-01-20T15:20:00+00:00,True,,52.071769,1.131670,Male,,Other ethnic group - Not stated,White,Criminal Justice and Public Order Act 1994 (section 60),Offensive weapons,A no further action disposal,False,False
Person search,2023-01-20T15:26:00+00:00,True,,52.071769,1.131670,Male,,Other ethnic group - Not stated,White,Criminal Justice and Public Order Act 1994 (section 60),Offensive weapons,A no further action disposal,False,False
Person search,2023-01-20T17:09:00+00:00,False,,52.193117,1.374065,Male,over 34,White - English/Welsh/Scottish/Northern Irish/British,White,Misuse of Drugs Act 1971 (section 23),Controlled drugs,A no further action disposal,False,False
Person search,2023-01-20T17:20:00+00:00,False,,,,Male,18-24,White - English/Welsh/Scottish/Northern Irish/British,White,Misuse of Drugs Act 1971 (section 23),Controlled drugs,Arrest,True,False
Person search,2023-01-20T17:30:00+00:00,False,,52.057101,1.156234,Male,18-24,Other ethnic group - Not stated,White,Criminal Justice and Public Order Act 1994 (section 60),Offensive weapons,A no further action disposal,False,False
Person search,2023-01-20T17:35:00+00:00,True,,52.058597,1.150752,Male,10-17,White - English/Welsh/Scottish/Northern Irish/British,White,Criminal Justice and Public Order Act 1994 (section 60),Offensive weapons,A no further action disposal,False,False
Person search,2023-01-20T17:40:00+00:00,True,,52.057101,1.156234,Male,18-24,White - Any other White background,White,Criminal Justice and Public Order Act 1994 (section 60),Offensive weapons,A no further action disposal,False,False
Person search,2023-01-20T19:00:00+00:00,False,,52.036056,0.739514,Male,over 34,White - English/Welsh/Scottish/Northern Irish/British,White,Police and Criminal Evidence Act 1984 (section 1),Stolen goods,Arrest,True,False
Person search,2023-01-20T20:28:00+00:00,True,,51.869696,-1.121463,Male,10-17,Black/African/Caribbean/Black British - African,Black,Police and Criminal Evidence Act 1984 (section 1),Articles for use in criminal damage,A no further action disposal,False,False
Person search,2023-01-20T20:32:00+00:00,False,,51.874049,-1.122787,Male,10-17,White - English/Welsh/Scottish/Northern Irish/British,White,Police and Criminal Evidence Act 1984 (section 1),Offensive weapons,A no further action disposal,False,False
Person search,2023-01-20T20:52:00+00:00,True,,52.058597,1.150752,Male,10-17,Other ethnic group - Not stated,White,Criminal Justice and Public Order Act 1994 (section 60),Offensive weapons,A no further action disposal,False,False
Person search,2023-01-20T21:26:00+00:00,False,,52.039467,1.123066,Female,10-17,White - Any other White background,White,Police and Criminal Evidence Act 1984 (section 1),Stolen goods,A no further action disposal,True,False
Person search,2023-01-20T22:00:00+00:00,True,,52.058597,1.150752,Male,10-17,Other ethnic group - Not stated,Black,Criminal Justice and Public Order Act 1994 (section 60),Offensive weapons,A no further action disposal,False,False
Person search,2023-01-21T00:00:00+00:00,True,,52.058357,1.153011,Male,18-24,White - Any other White background,White,Criminal Justice and Public Order Act 1994 (section 60),Offensive weapons,A no further action disposal,False,False
Person search,2023-01-21T00:00:00+00:00,True,,52.058357,1.153011,Male,10-17,White - Any other White background,White,Criminal Justice and Public Order Act 1994 (section 60),Offensive weapons,A no further action disposal,False,False
Person search,2023-01-21T00:00:00+00:00,True,,52.058357,1.153011,Male,18-24,White - Any other White background,White,Criminal Justice and Public Order Act 1994 (section 60),Offensive weapons,A no further action disposal,False,False
Person search,2023-01-21T00:00:00+00:00,True,,52.058357,1.153011,Male,18-24,White - Any other White background,White,Criminal Justice and Public Order Act 1994 (section 60),Offensive weapons,A no further action disposal,False,False
Person search,2023-01-21T00:22:00+00:00,False,,52.055349,1.154850,Male,18-24,White - English/Welsh/Scottish/Northern Irish/British,White,Misuse of Drugs Act 1971 (section 23),Controlled drugs,Community resolution,True,False
Person search,2023-01-21T01:05:00+00:00,False,,52.036056,0.739514,Female,over 34,White - English/Welsh/Scottish/Northern Irish/British,White,Police and Criminal Evidence Act 1984 (section 1),Stolen goods,Arrest,True,False
Person search,2023-01-21T01:31:00+00:00,False,,52.242960,0.418990,Male,18-24,Other ethnic group - Not stated,Asian,Misuse of Drugs Act 1971 (section 23),Controlled drugs,A no further action disposal,False,False
Person search,2023-01-21T01:31:00+00:00,False,,52.242960,0.418990,Male,18-24,Other ethnic group - Not stated,White,Misuse of Drugs Act 1971 (section 23),Controlled drugs,A no further action disposal,True,False
Person search,2023-01-21T01:45:00+00:00,False,,52.246539,0.720411,Male,18-24,White - English/Welsh/Scottish/Northern Irish/British,White,Misuse of Drugs Act 1971 (section 23),Controlled drugs,Arrest,True,False
Person search,2023-01-21T01:45:00+00:00,False,,52.246539,0.720411,Other,,,,Misuse of Drugs Act 1971 (section 23),Controlled drugs,Arrest,True,False
Person search,2023-01-21T14:48:00+00:00,False,,52.057373,1.151803,Female,18-24,White - English/Welsh/Scottish/Northern Irish/British,Other,Police and Criminal Evidence Act 1984 (section 1),Article for use in theft,Arrest,False,False
Person search,2023-01-21T15:29:00+00:00,False,,52.242841,0.732930,Male,25-34,White - English/Welsh/Scottish/Northern Irish/British,White,Misuse of Drugs Act 1971 (section 23),Controlled drugs,Arrest,False,False
Person search,2023-01-21T16:42:00+00:00,False,,52.055349,1.154850,Male,25-34,White - English/Welsh/Scottish/Northern Irish/British,White,Misuse of Drugs Act 1971 (section 23),Controlled drugs,A no further action disposal,False,False
Person search,2023-01-21T16:45:00+00:00,False,,52.058159,1.156353,Male,10-17,White - Any other White background,White,Criminal Justice and Public Order Act 1994 (section 60),Offensive weapons,A no further action disposal,False,False
Person search,2023-01-21T16:45:00+00:00,True,,52.058159,1.156353,Male,18-24,Other ethnic group - Not stated,Other,Criminal Justice and Public Order Act 1994 (section 60),Offensive weapons,A no further action disposal,False,False
Person search,2023-01-21T17:00:00+00:00,False,,52.058159,1.156353,Male,18-24,White - English/Welsh/Scottish/Northern Irish/British,White,Misuse of Drugs Act 1971 (section 23),Controlled drugs,A no further action disposal,True,False
Person search,2023-01-21T17:45:00+00:00,True,,52.058159,1.156353,Female,over 34,White - Any other White background,White,Misuse of Drugs Act 1971 (section 23),Controlled drugs,A no further action disposal,False,False
Person search,2023-01-21T20:30:00+00:00,False,,52.060470,1.172435,Male,25-34,White - English/Welsh/Scottish/Northern Irish/British,White,Misuse of Drugs Act 1971 (section 23),Controlled drugs,A no further action disposal,False,False
Person search,2023-01-21T20:30:00+00:00,False,,52.060470,1.172435,Male,over 34,White - English/Welsh/Scottish/Northern Irish/British,White,Misuse of Drugs Act 1971 (section 23),Controlled drugs,A no further action disposal,False,False
Person search,2023-01-21T20:30:00+00:00,False,,52.060470,1.172435,Female,25-34,White - Any other White background,White,Misuse of Drugs Act 1971 (section 23),Controlled drugs,A no further action disposal,False,False
Person search,2023-01-21T21:45:00+00:00,False,,52.058357,1.153011,Male,over 34,White - English/Welsh/Scottish/Northern Irish/British,White,Police and Criminal Evidence Act 1984 (section 1),Offensive weapons,A no further action disposal,False,False
Person search,2023-01-21T21:45:00+00:00,False,,52.058357,1.153011,Male,18-24,White - English/Welsh/Scottish/Northern Irish/British,White,Police and Criminal Evidence Act 1984 (section 1),Article for use in theft,A no further action disposal,False,False
Person search,2023-01-21T21:50:00+00:00,False,,52.187460,0.997659,Male,over 34,White - English/Welsh/Scottish/Northern Irish/British,White,Misuse of Drugs Act 1971 (section 23),Controlled drugs,A no further action disposal,False,False
Person search,2023-01-21T22:19:00+00:00,False,,52.487836,1.707897,Male,10-17,White - English/Welsh/Scottish/Northern Irish/British,White,Police and Criminal Evidence Act 1984 (section 1),Offensive weapons,A no further action disposal,False,False
Person search,2023-01-21T23:53:00+00:00,False,,52.065362,1.136898,Male,25-34,Other ethnic group - Not stated,Black,Police and Criminal Evidence Act 1984 (section 1),Stolen goods,Community resolution,False,False
Person search,2023-01-22T00:05:00+00:00,False,,52.088070,0.429681,Male,18-24,White - Any other White background,White,Police and Criminal Evidence Act 1984 (section 1),Offensive weapons,A no further action disposal,False,False
Person search,2023-01-22T01:30:00+00:00,False,,52.058357,1.153011,Male,10-17,White - English/Welsh/Scottish/Northern Irish/British,White,Police and Criminal Evidence Act 1984 (section 1),Offensive weapons,Arrest,False,False
Person search,2023-01-22T01:30:00+00:00,False,,52.058357,1.153011,Male,10-17,Other ethnic group - Not stated,Black,Police and Criminal Evidence Act 1984 (section 1),Offensive weapons,A no further action disposal,False,False
Person search,2023-01-22T01:30:00+00:00,False,,52.055981,1.155761,Male,18-24,Other ethnic group - Not stated,Black,Misuse of Drugs Act 1971 (section 23),Controlled drugs,A no further action disposal,False,False
Person search,2023-01-22T01:30:00+00:00,False,,52.449881,1.452232,Male,25-34,Other ethnic group - Not stated,White,Police and Criminal Evidence Act 1984 (section 1),Stolen goods,A no further action disposal,False,False
Person search,2023-01-22T01:35:00+00:00,False,,52.247527,0.706773,Male,18-24,White - English/Welsh/Scottish/Northern Irish/British,White,Misuse of Drugs Act 1971 (section 23),Controlled drugs,A no further action disposal,False,False
Person search,2023-01-22T01:38:00+00:00,False,,52.059449,1.153861,Other,18-24,White - English/Welsh/Scottish/Northern Irish/British,White,Police and Criminal Evidence Act 1984 (section 1),Articles for use in criminal damage,A no further action disposal,False,False
Person search,2023-01-22T01:39:00+00:00,False,,52.059449,1.153861,Male,18-24,White - English/Welsh/Scottish/Northern Irish/British,White,Police and Criminal Evidence Act 1984 (section 1),Offensive weapons,A no further action disposal,False,False
Person search,2023-01-22T02:00:00+00:00,False,,52.055349,1.154850,Male,18-24,White - English/Welsh/Scottish/Northern Irish/British,White,Police and Criminal Evidence Act 1984 (section 1),Offensive weapons,A no further action disposal,False,False
Person search,2023-01-22T06:26:00+00:00,False,,52.246255,0.706549,Male,18-24,White - English/Welsh/Scottish/Northern Irish/British,White,Misuse of Drugs Act 1971 (section 23),Controlled drugs,A no further action disposal,True,False
Person search,2023-01-22T17:13:00+00:00,False,,52.072230,1.206794,Male,over 34,White - Any other White background,White,Police and Criminal Evidence Act 1984 (section 1),Article for use in theft,A no further action disposal,False,False
Person search,2023-01-22T17:15:00+00:00,False,,52.055349,1.154850,Male,10-17,White - Any other White background,White,Misuse of Drugs Act 1971 (section 23),Controlled drugs,A no further action disposal,False,False
Person search,2023-01-22T17:48:00+00:00,False,,52.051341,1.155040,Male,10-17,Other ethnic group - Not stated,White,Misuse of Drugs Act 1971 (section 23),Controlled drugs,A no further action disposal,False,False
Person search,2023-01-22T21:10:00+00:00,False,,52.058159,1.156353,Male,over 34,Other ethnic group - Not stated,White,Police and Criminal Evidence Act 1984 (section 1),Firearms,A no further action disposal,False,False
Person search,2023-01-23T02:45:00+00:00,False,,52.061519,1.139357,Female,over 34,White - Any other White background,White,Misuse of Drugs Act 1971 (section 23),Controlled drugs,A no further action disposal,False,False
Person search,2023-01-23T06:19:00+00:00,False,,52.061504,1.260700,Male,over 34,Mixed/Multiple ethnic groups - Any other Mixed/Multiple ethnic background,Other,Police and Criminal Evidence Act 1984 (section 1),Article for use in theft,A no further action disposal,False,False
Person search,2023-01-23T12:15:00+00:00,False,,52.038803,1.126753,Male,18-24,White - English/Welsh/Scottish/Northern Irish/British,White,Misuse of Drugs Act 1971 (section 23),Controlled drugs,A no further action disposal,False,False
Person search,2023-01-23T12:15:00+00:00,False,,52.038803,1.126753,Male,18-24,White - English/Welsh/Scottish/Northern Irish/British,White,Misuse of Drugs Act 1971 (section 23),Controlled drugs,A no further action disposal,False,False
Person search,2023-01-23T12:15:00+00:00,False,,52.038803,1.126753,Female,over 34,White - English/Welsh/Scottish/Northern Irish/British,White,Misuse of Drugs Act 1971 (section 23),Controlled drugs,A no further action disposal,False,False
Person search,2023-01-23T13:30:00+00:00,True,,52.051260,1.143597,Male,10-17,Other ethnic group - Not stated,Black,Misuse of Drugs Act 1971 (section 23),Controlled drugs,A no further action disposal,False,True
Person search,2023-01-23T16:15:00+00:00,True,,50.973005,-1.821177,Male,25-34,White - Any other White background,White,Misuse of Drugs Act 1971 (section 23),Controlled drugs,Arrest,False,True
Person search,2023-01-23T16:15:00+00:00,True,,50.973005,-1.821177,Female,25-34,White - Any other White background,White,Misuse of Drugs Act 1971 (section 23),Controlled drugs,A no further action disposal,False,True
Person search,2023-01-23T19:00:00+00:00,False,,52.057101,1.156234,Male,18-24,Black/African/Caribbean/Black British - Any other Black/African/Caribbean background,Black,Misuse of Drugs Act 1971 (section 23),Controlled drugs,A no further action disposal,False,False
Person search,2023-01-23T19:35:00+00:00,False,,52.057083,1.161938,Male,25-34,Black/African/Caribbean/Black British - Caribbean,Black,Police and Criminal Evidence Act 1984 (section 1),Offensive weapons,A no further action disposal,False,False
Person search,2023-01-23T19:43:00+00:00,False,,52.024629,1.242400,Male,,White - English/Welsh/Scottish/Northern Irish/British,White,Misuse of Drugs Act 1971 (section 23),Controlled drugs,A no further action disposal,False,True
Person search,2023-01-23T19:45:00+00:00,False,,52.124416,0.450636,Other,over 34,White - English/Welsh/Scottish/Northern Irish/British,White,Police and Criminal Evidence Act 1984 (section 1),Offensive weapons,A no further action disposal,False,False
Person search,2023-01-23T20:08:00+00:00,False,,52.058357,1.153011,Male,18-24,Black/African/Caribbean/Black British - Any other Black/African/Caribbean background,Black,Misuse of Drugs Act 1971 (section 23),Controlled drugs,A no further action disposal,False,False
Person search,2023-01-23T21:00:00+00:00,False,,52.128306,0.449944,Male,over 34,White - English/Welsh/Scottish/Northern Irish/British,White,Misuse of Drugs Act 1971 (section 23),Controlled drugs,Arrest,True,False
Person search,2023-01-23T21:41:00+00:00,False,,52.245790,0.710344,Male,10-17,White - English/Welsh/Scottish/Northern Irish/British,White,Misuse of Drugs Act 1971 (section 23),Controlled drugs,A no further action disposal,False,False
Person search,2023-01-24T03:55:00+00:00,False,,51.957415,1.342071,Male,10-17,Other ethnic group - Not stated,White,Misuse of Drugs Act 1971 (section 23),Controlled drugs,A no further action disposal,True,False
Person search,2023-01-24T09:30:00+00:00,False,,52.252719,0.707792,Male,25-34,White - English/Welsh/Scottish/Northern Irish/British,White,Misuse of Drugs Act 1971 (section 23),Controlled drugs,Summons / charged by post,True,False
Person search,2023-01-24T10:00:00+00:00,False,,52.051260,1.143597,Male,10-17,White - Any other White background,White,Misuse of Drugs Act 1971 (section 23),Controlled drugs,Arrest,False,True
Person search,2023-01-24T10:00:00+00:00,True,,52.051260,1.143597,Male,18-24,,Asian,Misuse of Drugs Act 1971 (section 23),Controlled drugs,Arrest,False,False
Person search,2023-01-24T10:00:00+00:00,True,,52.051260,1.143597,Male,10-17,Other ethnic group - Not stated,White,Misuse of Drugs Act 1971 (section 23),Controlled drugs,Arrest,True,False
Person search,2023-01-24T11:29:00+00:00,False,,52.038946,1.102291,Other,,,,Police and Criminal Evidence Act 1984 (section 1),Stolen goods,A no further action disposal,False,False
Person search,2023-01-24T11:29:00+00:00,False,,52.038946,1.102291,Other,,,,Police and Criminal Evidence Act 1984 (section 1),Stolen goods,A no further action disposal,False,False
Person search,2023-01-24T11:29:00+00:00,False,,52.038946,1.102291,Other,,,,Police and Criminal Evidence Act 1984 (section 1),Stolen goods,A no further action disposal,False,False
Person search,2023-01-24T11:29:00+00:00,False,,52.038946,1.102291,Other,,,,Police and Criminal Evidence Act 1984 (section 1),Stolen goods,A no further action disposal,False,False
Person search,2023-01-24T11:29:00+00:00,False,,52.038946,1.102291,Other,,,,Police and Criminal Evidence Act 1984 (section 1),Stolen goods,A no further action disposal,False,False
Person search,2023-01-24T11:29:00+00:00,False,,52.038946,1.102291,Other,,,,Police and Criminal Evidence Act 1984 (section 1),Stolen goods,A no further action disposal,False,False
Person search,2023-01-24T12:24:00+00:00,False,,52.037911,1.102307,Female,over 34,Other ethnic group - Not stated,White,Police and Criminal Evidence Act 1984 (section 1),Stolen goods,A no further action disposal,False,False
Person search,2023-01-24T16:30:00+00:00,False,,52.263798,0.707427,Male,18-24,White - English/Welsh/Scottish/Northern Irish/British,White,Misuse of Drugs Act 1971 (section 23),Controlled drugs,A no further action disposal,False,False
Person search,2023-01-24T16:57:00+00:00,False,,52.263798,0.707427,Male,18-24,White - English/Welsh/Scottish/Northern Irish/British,White,Misuse of Drugs Act 1971 (section 23),Controlled drugs,A no further action disposal,False,False
Person search,2023-01-24T16:59:00+00:00,False,,52.263798,0.707427,Male,18-24,White - English/Welsh/Scottish/Northern Irish/British,White,Misuse of Drugs Act 1971 (section 23),Controlled drugs,A no further action disposal,False,False
Person search,2023-01-24T16:59:00+00:00,False,,52.263798,0.707427,Other,,,,Misuse of Drugs Act 1971 (section 23),Controlled drugs,A no further action disposal,False,False
Person search,2023-01-24T17:18:00+00:00,False,,52.458410,1.693936,Male,25-34,White - English/Welsh/Scottish/Northern Irish/British,White,Misuse of Drugs Act 1971 (section 23),Controlled drugs,Arrest,True,False
Person search,2023-01-24T22:15:00+00:00,False,,52.479093,1.756852,Male,25-34,White - English/Welsh/Scottish/Northern Irish/British,White,Misuse of Drugs Act 1971 (section 23),Controlled drugs,A no further action disposal,False,True
Person search,2023-01-24T22:30:00+00:00,False,,52.335526,0.531420,Female,18-24,Other ethnic group - Not stated,Other,Misuse of Drugs Act 1971 (section 23),Controlled drugs,Arrest,True,False
Person search,2023-01-25T03:55:00+00:00,False,,52.296074,0.659102,Male,18-24,White - Any other White background,White,Police and Criminal Evidence Act 1984 (section 1),Articles for use in criminal damage,A no further action disposal,False,False
Person search,2023-01-25T11:45:00+00:00,True,,52.051260,1.143597,Male,25-34,Other ethnic group - Not stated,Black,Misuse of Drugs Act 1971 (section 23),Offensive weapons,A no further action disposal,False,False
Person search,2023-01-25T12:45:00+00:00,False,,52.047168,1.130080,Male,25-34,White - English/Welsh/Scottish/Northern Irish/British,White,Police and Criminal Evidence Act 1984 (section 1),Stolen goods,A no further action disposal,False,False
Person search,2023-01-25T16:30:00+00:00,False,,52.056199,1.152961,Male,10-17,Black/African/Caribbean/Black British - Any other Black/African/Caribbean background,Black,Misuse of Drugs Act 1971 (section 23),Controlled drugs,A no further action disposal,False,False
Person search,2023-01-25T17:10:00+00:00,False,,52.185121,1.000150,Male,10-17,White - English/Welsh/Scottish/Northern Irish/British,White,Misuse of Drugs Act 1971 (section 23),Controlled drugs,A no further action disposal,False,False
Person search,2023-01-25T17:10:00+00:00,False,,52.185121,1.000150,Male,10-17,White - English/Welsh/Scottish/Northern Irish/British,White,Misuse of Drugs Act 1971 (section 23),Controlled drugs,A no further action disposal,False,False
Person search,2023-01-25T18:48:00+00:00,False,,52.469790,1.747884,Other,,,,Misuse of Drugs Act 1971 (section 23),Controlled drugs,A no further action disposal,False,False
Person search,2023-01-25T21:15:00+00:00,False,,52.040513,0.745445,Other,,,,Police and Criminal Evidence Act 1984 (section 1),Article for use in theft,A no further action disposal,False,False
Person search,2023-01-26T00:08:00+00:00,False,,52.419081,0.520983,Male,over 34,White - Gypsy or Irish Traveller,White,Misuse of Drugs Act 1971 (section 23),Controlled drugs,Arrest,False,False
Person search,2023-01-26T01:15:00+00:00,False,,52.075732,1.130444,Male,18-24,White - Any other White background,White,Police and Criminal Evidence Act 1984 (section 1),Offensive weapons,A no further action disposal,False,False
Person search,2023-01-26T01:30:00+00:00,False,,52.075732,1.130444,Male,10-17,Other ethnic group - Not stated,White,Police and Criminal Evidence Act 1984 (section 1),Offensive weapons,A no further action disposal,False,False
Person search,2023-01-26T09:50:00+00:00,False,,52.246572,0.712707,Male,10-17,Other ethnic group - Not stated,White,Misuse of Drugs Act 1971 (section 23),Controlled drugs,A no further action disposal,False,False
Person search,2023-01-26T11:05:00+00:00,False,,52.044020,1.104098,Female,over 34,Other ethnic group - Not stated,,Police and Criminal Evidence Act 1984 (section 1),Stolen goods,Community resolution,False,False
Person search,2023-01-26T11:07:00+00:00,False,,52.044020,1.104098,Other,,,,Police and Criminal Evidence Act 1984 (section 1),Stolen goods,Community resolution,False,False
Person search,2023-01-26T15:28:00+00:00,False,,52.061631,1.145917,Male,25-34,Other ethnic group - Not stated,White,Misuse of Drugs Act 1971 (section 23),Controlled drugs,A no further action disposal,False,False
Person search,2023-01-26T20:56:00+00:00,False,,52.058159,1.156353,Male,18-24,White - English/Welsh/Scottish/Northern Irish/British,White,Misuse of Drugs Act 1971 (section 23),Controlled drugs,Community resolution,True,False
Person search,2023-01-26T22:45:00+00:00,False,,52.056199,1.152961,Male,10-17,White - Any other White background,White,Misuse of Drugs Act 1971 (section 23),Controlled drugs,A no further action disposal,False,False
Person search,2023-01-27T05:20:00+00:00,False,,52.081805,1.112053,Male,over 34,White - English/Welsh/Scottish/Northern Irish/British,White,Police and Criminal Evidence Act 1984 (section 1),Stolen goods,A no further action disposal,False,False
Person search,2023-01-27T05:29:00+00:00,False,,52.051996,1.153759,Male,25-34,Black/African/Caribbean/Black British - Any other Black/African/Caribbean background,Black,Police and Criminal Evidence Act 1984 (section 1),Articles for use in criminal damage,A no further action disposal,False,False
Person search,2023-01-27T14:30:00+00:00,False,,52.057266,1.158128,Female,18-24,White - Gypsy or Irish Traveller,White,Police and Criminal Evidence Act 1984 (section 1),Stolen goods,Community resolution,True,False
Person search,2023-01-27T14:30:00+00:00,False,,52.057266,1.158128,Male,25-34,White - Gypsy or Irish Traveller,White,Police and Criminal Evidence Act 1984 (section 1),Stolen goods,Community resolution,True,False
Person search,2023-01-27T14:30:00+00:00,False,,52.057266,1.158128,Female,18-24,White - Any other White background,White,Police and Criminal Evidence Act 1984 (section 1),Article for use in theft,Community resolution,False,False
Person search,2023-01-27T14:45:00+00:00,False,,52.056434,1.151577,Male,18-24,Other ethnic group - Not stated,White,Misuse of Drugs Act 1971 (section 23),Controlled drugs,A no further action disposal,False,False
Person search,2023-01-27T16:40:00+00:00,False,,52.059677,1.148376,Male,25-34,White - Any other White background,White,Misuse of Drugs Act 1971 (section 23),Controlled drugs,Arrest,False,False
Person search,2023-01-27T16:50:00+00:00,False,,52.058159,1.156353,Male,10-17,Other ethnic group - Not stated,White,Police and Criminal Evidence Act 1984 (section 1),Offensive weapons,A no further action disposal,False,False
Person search,2023-01-27T18:02:00+00:00,False,,52.044020,1.104098,Female,over 34,Other ethnic group - Not stated,Other,Police and Criminal Evidence Act 1984 (section 1),Article for use in theft,A no further action disposal,False,False
Person search,2023-01-27T18:32:00+00:00,False,,52.067855,1.191040,Male,over 34,White - English/Welsh/Scottish/Northern Irish/British,White,Misuse of Drugs Act 1971 (section 23),Controlled drugs,A no further action disposal,False,False
Person search,2023-01-27T18:42:00+00:00,False,,52.067855,1.191040,Male,18-24,White - English/Welsh/Scottish/Northern Irish/British,White,Misuse of Drugs Act 1971 (section 23),Controlled drugs,A no further action disposal,False,False
Person search,2023-01-28T00:30:00+00:00,False,,52.474379,1.746963,Male,18-24,White - English/Welsh/Scottish/Northern Irish/British,White,Police and Criminal Evidence Act 1984 (section 1),Offensive weapons,A no further action disposal,False,False
Person search,2023-01-28T02:20:00+00:00,False,,52.341770,0.503838,Male,25-34,White - English/Welsh/Scottish/Northern Irish/British,White,Misuse of Drugs Act 1971 (section 23),Controlled drugs,A no further action disposal,True,False
Person search,2023-01-28T02:35:00+00:00,False,,52.044020,1.104098,Male,over 34,Other ethnic group - Not stated,Other,Police and Criminal Evidence Act 1984 (section 1),Article for use in theft,A no further action disposal,False,False
Person search,2023-01-28T03:20:00+00:00,False,,52.081174,0.440516,Male,18-24,White - English/Welsh/Scottish/Northern Irish/British,White,Misuse of Drugs Act 1971 (section 23),Controlled drugs,A no further action disposal,False,False
Person search,2023-01-28T03:20:00+00:00,False,,52.081174,0.440516,Male,,White - English/Welsh/Scottish/Northern Irish/British,White,Misuse of Drugs Act 1971 (section 23),Controlled drugs,A no further action disposal,False,False
Person search,2023-01-28T11:35:00+00:00,False,,52.482569,1.751933,Male,over 34,White - English/Welsh/Scottish/Northern Irish/British,White,Misuse of Drugs Act 1971 (section 23),Controlled drugs,A no further action disposal,False,False
Person search,2023-01-28T11:37:00+00:00,False,,52.482385,1.752609,Male,,Other ethnic group - Not stated,White,Misuse of Drugs Act 1971 (section 23),Controlled drugs,A no further action disposal,False,False
Person search,2023-01-28T11:40:00+00:00,False,,52.482569,1.751933,Female,over 34,White - English/Welsh/Scottish/Northern Irish/British,White,Misuse of Drugs Act 1971 (section 23),Controlled drugs,A no further action disposal,False,False
Person search,2023-01-28T14:52:00+00:00,False,,52.063495,1.114704,Male,10-17,White - Any other White background,White,Police and Criminal Evidence Act 1984 (section 1),Article for use in theft,A no further action disposal,False,False
Person search,2023-01-28T15:11:00+00:00,False,,52.051260,1.143597,Male,10-17,Black/African/Caribbean/Black British - Any other Black/African/Caribbean background,Black,Misuse of Drugs Act 1971 (section 23),Controlled drugs,A no further action disposal,False,True
Person search,2023-01-28T15:18:00+00:00,False,,52.482098,1.724460,Male,over 34,White - English/Welsh/Scottish/Northern Irish/British,White,Misuse of Drugs Act 1971 (section 23),Controlled drugs,Arrest,True,False
Person search,2023-01-28T15:46:00+00:00,False,,52.063495,1.114704,Male,10-17,White - Any other White background,White,Police and Criminal Evidence Act 1984 (section 1),Article for use in theft,A no further action disposal,False,False
Person search,2023-01-28T16:15:00+00:00,False,,52.050593,1.177511,Male,18-24,Mixed/Multiple ethnic groups - Any other Mixed/Multiple ethnic background,Other,Police and Criminal Evidence Act 1984 (section 1),Article for use in theft,Arrest,False,False
Person search,2023-01-28T16:15:00+00:00,False,,52.050593,1.177511,Male,over 34,Mixed/Multiple ethnic groups - Any other Mixed/Multiple ethnic background,Other,Police and Criminal Evidence Act 1984 (section 1),Article for use in theft,Arrest,False,False
Person search,2023-01-28T18:07:00+00:00,False,,52.067089,1.118602,Male,18-24,Other ethnic group - Not stated,Other,Misuse of Drugs Act 1971 (section 23),Controlled drugs,Community resolution,True,False
Person search,2023-01-28T18:07:00+00:00,False,,52.067089,1.118602,Male,18-24,Other ethnic group - Not stated,White,Misuse of Drugs Act 1971 (section 23),Controlled drugs,A no further action disposal,False,False
Person search,2023-01-28T18:12:00+00:00,False,,52.452334,1.567668,Male,over 34,Other ethnic group - Not stated,White,Police and Criminal Evidence Act 1984 (section 1),Offensive weapons,A no further action disposal,False,False
Person search,2023-01-28T18:24:00+00:00,False,,52.475407,1.751131,Male,10-17,White - English/Welsh/Scottish/Northern Irish/British,White,Police and Criminal Evidence Act 1984 (section 1),Offensive weapons,A no further action disposal,False,False
Person search,2023-01-28T19:40:00+00:00,False,,52.056471,1.199887,Female,10-17,White - Any other White background,White,Police and Criminal Evidence Act 1984 (section 1),Offensive weapons,A no further action disposal,False,False
Person search,2023-01-29T01:51:00+00:00,False,,52.059759,1.136579,Female,10-17,Other ethnic group - Not stated,White,Police and Criminal Evidence Act 1984 (section 1),Offensive weapons,A no further action disposal,False,False
Person search,2023-01-29T03:55:00+00:00,False,,52.039589,0.732584,Male,18-24,Black/African/Caribbean/Black British - Any other Black/African/Caribbean background,Black,Police and Criminal Evidence Act 1984 (section 1),Offensive weapons,Arrest,False,False
Person search,2023-01-29T13:00:00+00:00,False,,50.922307,-0.274684,Male,25-34,White - English/Welsh/Scottish/Northern Irish/British,White,Misuse of Drugs Act 1971 (section 23),Controlled drugs,A no further action disposal,False,False
Person search,2023-01-29T13:40:00+00:00,False,,52.244738,0.392645,Male,25-34,White - English/Welsh/Scottish/Northern Irish/British,White,Misuse of Drugs Act 1971 (section 23),Controlled drugs,A no further action disposal,False,False
Person search,2023-01-29T13:55:00+00:00,False,,52.244738,0.392645,Male,25-34,White - Any other White background,White,Misuse of Drugs Act 1971 (section 23),Controlled drugs,Community resolution,True,True
Person search,2023-01-29T15:10:00+00:00,False,,52.054047,1.157098,Male,over 34,Other ethnic group - Not stated,Other,Police and Criminal Evidence Act 1984 (section 1),Offensive weapons,A no further action disposal,False,False
Person search,2023-01-29T16:11:00+00:00,True,,52.483199,1.752193,Male,10-17,White - English/Welsh/Scottish/Northern Irish/British,White,Misuse of Drugs Act 1971 (section 23),Controlled drugs,A no further action disposal,True,False
Person search,2023-01-29T20:15:00+00:00,True,,52.057101,1.156234,Male,over 34,Black/African/Caribbean/Black British - Caribbean,Black,Misuse of Drugs Act 1971 (section 23),Controlled drugs,A no further action disposal,False,False
Person search,2023-01-29T21:11:00+00:00,False,,52.372619,0.479255,Female,over 34,Black/African/Caribbean/Black British - African,White,Misuse of Drugs Act 1971 (section 23),Controlled drugs,A no further action disposal,False,False
Person search,2023-01-30T01:17:00+00:00,False,,52.073934,0.435758,Male,18-24,White - English/Welsh/Scottish/Northern Irish/British,White,Misuse of Drugs Act 1971 (section 23),Controlled drugs,A no further action disposal,False,False
Person search,2023-01-30T01:17:00+00:00,False,,52.073934,0.435758,Male,18-24,White - English/Welsh/Scottish/Northern Irish/British,White,Misuse of Drugs Act 1971 (section 23),Controlled drugs,A no further action disposal,False,False
Person search,2023-01-30T07:25:00+00:00,False,,52.065048,1.111427,Male,25-34,Other ethnic group - Not stated,Other,Police and Criminal Evidence Act 1984 (section 1),Article for use in theft,Arrest,True,False
Person search,2023-01-30T11:15:00+00:00,False,,52.027186,1.090848,Other,18-24,White - Any other White background,White,Misuse of Drugs Act 1971 (section 23),Controlled drugs,Arrest,False,False
Person search,2023-01-30T11:28:00+00:00,False,,52.061478,1.101183,Male,over 34,White - Any other White background,White,Police and Criminal Evidence Act 1984 (section 1),Stolen goods,Arrest,True,False
Person search,2023-01-30T11:43:00+00:00,False,,52.036439,1.089547,Male,18-24,Other ethnic group - Any other ethnic group,White,Misuse of Drugs Act 1971 (section 23),Controlled drugs,Arrest,False,False
Person search,2023-01-30T12:30:00+00:00,False,,52.045462,0.738777,Male,18-24,White - English/Welsh/Scottish/Northern Irish/British,White,Misuse of Drugs Act 1971 (section 23),Controlled drugs,A no further action disposal,True,False
Person search,2023-01-30T12:37:00+00:00,False,,52.045462,0.738777,Male,10-17,White - English/Welsh/Scottish/Northern Irish/British,White,Misuse of Drugs Act 1971 (section 23),Controlled drugs,A no further action disposal,False,False
Person search,2023-01-30T12:50:00+00:00,False,,52.045462,0.738777,Male,18-24,White - English/Welsh/Scottish/Northern Irish/British,White,Misuse of Drugs Act 1971 (section 23),Controlled drugs,Community resolution,True,False
Person search,2023-01-30T13:06:00+00:00,False,,52.055981,1.155761,Male,18-24,White - English/Welsh/Scottish/Northern Irish/British,White,Misuse of Drugs Act 1971 (section 23),Controlled drugs,Arrest,True,False
Person search,2023-01-30T13:15:29+00:00,False,,52.055981,1.155761,Male,18-24,White - English/Welsh/Scottish/Northern Irish/British,White,Misuse of Drugs Act 1971 (section 23),Controlled drugs,A no further action disposal,False,False
Person search,2023-01-30T14:45:00+00:00,False,,52.060595,1.145639,Male,18-24,White - Any other White background,White,Misuse of Drugs Act 1971 (section 23),Controlled drugs,A no further action disposal,False,False
Person search,2023-01-30T14:45:00+00:00,False,,52.060595,1.145639,Male,over 34,White - Any other White background,White,Misuse of Drugs Act 1971 (section 23),Controlled drugs,A no further action disposal,False,False
Person search,2023-01-30T16:00:00+00:00,False,,52.034747,0.748605,Female,18-24,White - Any other White background,White,Misuse of Drugs Act 1971 (section 23),Controlled drugs,Arrest,True,False
Person search,2023-01-30T17:43:00+00:00,False,,52.448788,1.723663,Male,25-34,Other ethnic group - Not stated,White,Misuse of Drugs Act 1971 (section 23),Controlled drugs,Arrest,False,False
Person search,2023-01-30T17:50:00+00:00,False,,52.058159,1.156353,Female,10-17,White - English/Welsh/Scottish/Northern Irish/British,White,Misuse of Drugs Act 1971 (section 23),Controlled drugs,A no further action disposal,True,False
Person search,2023-01-30T18:00:00+00:00,False,,52.055981,1.155761,Female,25-34,Other ethnic group - Not stated,White,Police and Criminal Evidence Act 1984 (section 1),Stolen goods,Arrest,True,False
Person search,2023-01-30T21:00:00+00:00,False,,,,Male,18-24,White - English/Welsh/Scottish/Northern Irish/British,White,Misuse of Drugs Act 1971 (section 23),Controlled drugs,A no further action disposal,False,False
Person search,2023-01-30T21:00:00+00:00,False,,,,Male,18-24,Other ethnic group - Not stated,Asian,Misuse of Drugs Act 1971 (section 23),Controlled drugs,A no further action disposal,False,False
Person search,2023-01-30T22:30:00+00:00,False,,52.247055,0.713601,Male,18-24,White - Any other White background,White,Police and Criminal Evidence Act 1984 (section 1),Offensive weapons,Arrest,False,True
Person search,2023-01-31T00:40:00+00:00,False,,52.264756,0.699761,Male,25-34,White - English/Welsh/Scottish/Northern Irish/British,White,Misuse of Drugs Act 1971 (section 23),Controlled drugs,Community resolution,True,False
Person search,2023-01-31T00:44:00+00:00,False,,52.264756,0.699761,Male,over 34,White - English/Welsh/Scottish/Northern Irish/British,White,Misuse of Drugs Act 1971 (section 23),Controlled drugs,Community resolution,True,False
Person search,2023-01-31T01:46:16+00:00,False,,52.041883,0.734124,Male,over 34,Other ethnic group - Not stated,White,Police and Criminal Evidence Act 1984 (section 1),Offensive weapons,A no further action disposal,False,False
Person search,2023-01-31T13:54:00+00:00,False,,52.057440,1.158359,Female,over 34,Other ethnic group - Not stated,White,Police and Criminal Evidence Act 1984 (section 1),Stolen goods,A no further action disposal,False,False
Person search,2023-01-31T13:56:00+00:00,False,,52.057440,1.158359,Male,25-34,White - Any other White background,White,Police and Criminal Evidence Act 1984 (section 1),Stolen goods,A no further action disposal,False,False
Person search,2023-01-31T14:54:00+00:00,False,,52.246539,0.720411,Male,18-24,White - English/Welsh/Scottish/Northern Irish/British,White,Misuse of Drugs Act 1971 (section 23),Controlled drugs,A no further action disposal,False,False
Person search,2023-01-31T14:54:00+00:00,False,,52.246539,0.720411,Male,,White - Any other White background,White,Misuse of Drugs Act 1971 (section 23),Controlled drugs,A no further action disposal,False,False
Person search,2023-01-31T16:33:00+00:00,False,,,,Male,over 34,White - English/Welsh/Scottish/Northern Irish/British,White,Misuse of Drugs Act 1971 (section 23),Controlled drugs,A no further action disposal,False,False
Person search,2023-01-31T17:15:00+00:00,False,,52.057249,1.146995,Male,over 34,White - Any other White background,White,Misuse of Drugs Act 1971 (section 23),Controlled drugs,Arrest,True,False
Person search,2023-01-31T17:40:00+00:00,False,,52.057249,1.146995,Male,over 34,Black/African/Caribbean/Black British - African,Black,Misuse of Drugs Act 1971 (section 23),Controlled drugs,A no further action disposal,True,False
Person search,2023-01-31T18:11:00+00:00,False,,52.040904,1.191875,Male,18-24,White - Any other White background,White,Misuse of Drugs Act 1971 (section 23),Controlled drugs,A no further action disposal,False,False
Person search,2023-01-31T18:56:00+00:00,True,,52.057101,1.156234,Male,10-17,White - English/Welsh/Scottish/Northern Irish/British,White,Misuse of Drugs Act 1971 (section 23),Controlled drugs,A no further action disposal,False,False
Person search,2023-01-31T20:00:00+00:00,False,,52.034229,1.127265,Female,10-17,White - English/Welsh/Scottish/Northern Irish/British,White,Police and Criminal Evidence Act 1984 (section 1),Offensive weapons,Arrest,False,False
