Type,Date,Part of a policing operation,Policing operation,Latitude,Longitude,Gender,Age range,Self-defined ethnicity,Officer-defined ethnicity,Legislation,Object of search,Outcome,Outcome linked to object of search,Removal of more than just outer clothing
Person search,2022-05-02T03:43:00+00:00,,,53.236678,-1.423133,Male,18-24,White - English/Welsh/Scottish/Northern Irish/British,White,Misuse of Drugs Act 1971 (section 23),Controlled drugs,A no further action disposal,True,False
Person search,2022-05-02T09:40:00+00:00,,,53.210131,-1.223130,Male,25-34,White - English/Welsh/Scottish/Northern Irish/British,White,Police and Criminal Evidence Act 1984 (section 1),Offensive weapons,A no further action disposal,True,False
Person search,2022-05-02T10:50:00+00:00,,,53.237538,-1.420739,Male,10-17,,,Misuse of Drugs Act 1971 (section 23),Controlled drugs,A no further action disposal,True,False
Person search,2022-05-02T10:50:00+00:00,,,53.237538,-1.420739,Male,10-17,White - English/Welsh/Scottish/Northern Irish/British,White,Misuse of Drugs Act 1971 (section 23),Controlled drugs,A no further action disposal,True,False
Person search,2022-05-02T10:50:00+00:00,,,53.237538,-1.420739,Female,,,,Misuse of Drugs Act 1971 (section 23),Controlled drugs,A no further action disposal,True,False
Person search,2022-05-02T10:55:00+00:00,,,53.237538,-1.420739,Male,10-17,,White,Misuse of Drugs Act 1971 (section 23),Controlled drugs,A no further action disposal,True,False
Person search,2022-05-02T10:55:00+00:00,,,53.237538,-1.420739,Male,18-24,Other ethnic group - Not stated,White,Misuse of Drugs Act 1971 (section 23),Controlled drugs,A no further action disposal,True,False
Person search,2022-05-02T10:55:00+00:00,,,53.237538,-1.420739,Male,18-24,Other ethnic group - Not stated,White,Misuse of Drugs Act 1971 (section 23),Controlled drugs,A no further action disposal,True,False
Person search,2022-05-02T10:55:00+00:00,,,53.237538,-1.420739,Male,18-24,White - English/Welsh/Scottish/Northern Irish/British,White,Misuse of Drugs Act 1971 (section 23),Controlled drugs,A no further action disposal,True,False
Person search,2022-05-02T10:55:00+00:00,,,53.237538,-1.420739,Male,18-24,White - English/Welsh/Scottish/Northern Irish/British,White,Misuse of Drugs Act 1971 (section 23),Controlled drugs,A no further action disposal,True,False
Person search,2022-05-02T10:55:00+00:00,,,53.237538,-1.420739,Male,10-17,,White,Misuse of Drugs Act 1971 (section 23),Controlled drugs,A no further action disposal,True,False
Person search,2022-05-02T11:00:00+00:00,,,53.237538,-1.420739,Male,over 34,White - English/Welsh/Scottish/Northern Irish/British,White,Misuse of Drugs Act 1971 (section 23),Controlled drugs,A no further action disposal,True,False
Person search,2022-05-02T11:00:00+00:00,,,52.945253,-1.452389,Male,10-17,White - English/Welsh/Scottish/Northern Irish/British,White,Police and Criminal Evidence Act 1984 (section 1),Offensive weapons,A no further action disposal,False,False
Person search,2022-05-02T11:02:00+00:00,,,52.940965,-1.464094,Male,18-24,White - English/Welsh/Scottish/Northern Irish/British,White,Police and Criminal Evidence Act 1984 (section 1),Offensive weapons,Arrest,False,False
Person search,2022-05-02T11:10:00+00:00,,,53.237538,-1.420739,Male,25-34,White - English/Welsh/Scottish/Northern Irish/British,White,Misuse of Drugs Act 1971 (section 23),Controlled drugs,Khat or Cannabis warning,True,False
Person search,2022-05-02T11:14:00+00:00,,,53.237538,-1.420739,Male,,White - English/Welsh/Scottish/Northern Irish/British,White,Misuse of Drugs Act 1971 (section 23),Controlled drugs,A no further action disposal,True,False
Person search,2022-05-02T12:50:00+00:00,,,53.237538,-1.420739,Male,10-17,White - English/Welsh/Scottish/Northern Irish/British,White,Misuse of Drugs Act 1971 (section 23),Controlled drugs,A no further action disposal,True,False
Person search,2022-05-02T13:20:00+00:00,,,,,Male,25-34,White - English/Welsh/Scottish/Northern Irish/British,White,Police and Criminal Evidence Act 1984 (section 1),Article for use in theft,A no further action disposal,True,False
Person search,2022-05-02T13:20:00+00:00,,,,,Male,25-34,White - English/Welsh/Scottish/Northern Irish/British,White,Police and Criminal Evidence Act 1984 (section 1),Article for use in theft,A no further action disposal,True,False
Person search,2022-05-02T13:20:00+00:00,,,,,Male,under 10,Mixed/Multiple ethnic groups - White and Black Caribbean,Black,Police and Criminal Evidence Act 1984 (section 1),Article for use in theft,A no further action disposal,True,False
Person search,2022-05-02T13:45:00+00:00,,,52.906007,-1.439220,Male,10-17,White - English/Welsh/Scottish/Northern Irish/British,White,Police and Criminal Evidence Act 1984 (section 1),Offensive weapons,A no further action disposal,True,False
Person search,2022-05-02T13:59:00+00:00,,,53.255284,-1.915947,Male,over 34,White - English/Welsh/Scottish/Northern Irish/British,White,Misuse of Drugs Act 1971 (section 23),Controlled drugs,A no further action disposal,True,False
Person search,2022-05-02T14:30:00+00:00,,,52.906007,-1.439220,Male,10-17,Other ethnic group - Not stated,White,Police and Criminal Evidence Act 1984 (section 1),Offensive weapons,A no further action disposal,True,False
Person search,2022-05-03T05:48:00+00:00,,,53.060135,-1.407200,Male,25-34,Black/African/Caribbean/Black British - Caribbean,Black,Misuse of Drugs Act 1971 (section 23),Controlled drugs,A no further action disposal,True,False
Person search,2022-05-03T12:19:00+00:00,,,52.955505,-1.328563,Male,18-24,Other ethnic group - Not stated,White,Police and Criminal Evidence Act 1984 (section 1),Offensive weapons,A no further action disposal,True,False
Person search,2022-05-03T13:00:00+00:00,,,52.916162,-1.494575,Male,25-34,White - English/Welsh/Scottish/Northern Irish/British,White,Police and Criminal Evidence Act 1984 (section 1),Offensive weapons,A no further action disposal,True,False
Person and Vehicle search,2022-05-03T13:05:00+00:00,,,53.100710,-1.328754,Male,18-24,White - English/Welsh/Scottish/Northern Irish/British,White,Misuse of Drugs Act 1971 (section 23),Controlled drugs,Arrest,True,False
Person and Vehicle search,2022-05-03T13:20:00+00:00,,,52.990793,-1.307427,Female,over 34,White - English/Welsh/Scottish/Northern Irish/British,White,Misuse of Drugs Act 1971 (section 23),Controlled drugs,A no further action disposal,True,False
Person and Vehicle search,2022-05-04T03:45:00+00:00,,,53.139676,-1.642775,Male,25-34,White - English/Welsh/Scottish/Northern Irish/British,White,Misuse of Drugs Act 1971 (section 23),Controlled drugs,Arrest,True,False
Person search,2022-05-04T20:40:00+00:00,,,52.913546,-1.478069,Female,over 34,White - English/Welsh/Scottish/Northern Irish/British,Other,Police and Criminal Evidence Act 1984 (section 1),Article for use in theft,Community resolution,True,False
Person search,2022-05-05T07:55:00+00:00,,,53.139772,-1.553979,Female,18-24,White - English/Welsh/Scottish/Northern Irish/British,White,Police and Criminal Evidence Act 1984 (section 1),Article for use in theft,Penalty Notice for Disorder,True,False
Person and Vehicle search,2022-05-05T14:50:00+00:00,,,53.054266,-1.418276,Male,25-34,,Black,Firearms Act 1968 (section 47),Firearms,A no further action disposal,True,False
Person search,2022-05-05T17:46:00+00:00,,,52.929468,-1.514488,Male,25-34,White - English/Welsh/Scottish/Northern Irish/British,White,Police and Criminal Evidence Act 1984 (section 1),Offensive weapons,A no further action disposal,True,False
Person search,2022-05-05T19:30:00+00:00,,,53.046648,-1.413754,Female,10-17,Other ethnic group - Not stated,White,Police and Criminal Evidence Act 1984 (section 1),Articles for use in criminal damage,A no further action disposal,True,False
Person search,2022-05-05T19:30:00+00:00,,,53.046648,-1.413754,Female,10-17,Other ethnic group - Not stated,White,Police and Criminal Evidence Act 1984 (section 1),Articles for use in criminal damage,A no further action disposal,True,False
Person search,2022-05-05T19:30:00+00:00,,,53.046648,-1.413754,Female,10-17,Other ethnic group - Not stated,White,Police and Criminal Evidence Act 1984 (section 1),Articles for use in criminal damage,A no further action disposal,True,False
Person search,2022-05-06T00:20:00+00:00,,,52.920193,-1.472799,Male,10-17,Other ethnic group - Not stated,White,Police and Criminal Evidence Act 1984 (section 1),Offensive weapons,Arrest,False,False
Person search,2022-05-06T14:06:00+00:00,,,52.894862,-1.447271,Male,10-17,,White,Police and Criminal Evidence Act 1984 (section 1),Offensive weapons,A no further action disposal,True,False
Person search,2022-05-06T15:12:00+00:00,,,52.894862,-1.447271,Male,10-17,,White,Police and Criminal Evidence Act 1984 (section 1),Offensive weapons,A no further action disposal,True,False
Person search,2022-05-06T17:37:00+00:00,,,53.079871,-1.392015,Female,over 34,,,Misuse of Drugs Act 1971 (section 23),Controlled drugs,A no further action disposal,True,False
Person search,2022-05-06T17:37:00+00:00,,,53.079871,-1.392015,Male,10-17,White - English/Welsh/Scottish/Northern Irish/British,White,Misuse of Drugs Act 1971 (section 23),Controlled drugs,A no further action disposal,True,False
Person search,2022-05-07T15:00:00+00:00,,,53.264072,-1.900443,Male,25-34,White - English/Welsh/Scottish/Northern Irish/British,White,Firearms Act 1968 (section 47),Firearms,A no further action disposal,True,False
Person search,2022-05-07T18:00:00+00:00,,,52.921058,-1.483467,Female,over 34,Other ethnic group - Not stated,Black,Police and Criminal Evidence Act 1984 (section 1),Offensive weapons,A no further action disposal,True,False
Person search,2022-05-07T20:48:00+00:00,,,52.920849,-1.483038,Male,over 34,White - English/Welsh/Scottish/Northern Irish/British,White,Police and Criminal Evidence Act 1984 (section 1),Offensive weapons,A no further action disposal,True,False
Person search,2022-05-07T21:00:00+00:00,,,53.231354,-1.432028,Male,18-24,White - English/Welsh/Scottish/Northern Irish/British,White,Police and Criminal Evidence Act 1984 (section 1),Offensive weapons,A no further action disposal,True,False
Person and Vehicle search,2022-05-08T21:15:00+00:00,,,52.902759,-1.463986,Male,25-34,White - English/Welsh/Scottish/Northern Irish/British,White,Misuse of Drugs Act 1971 (section 23),Controlled drugs,A no further action disposal,True,False
Vehicle search,2022-05-08T22:55:00+00:00,,,53.277800,-1.634112,,,,,Misuse of Drugs Act 1971 (section 23),Controlled drugs,A no further action disposal,True,
Person search,2022-05-08T23:20:00+00:00,,,52.908272,-1.512480,Male,over 34,Black/African/Caribbean/Black British - Caribbean,Black,Police and Criminal Evidence Act 1984 (section 1),Article for use in theft,A no further action disposal,True,False
Person search,2022-05-09T11:43:00+00:00,,,52.914044,-1.482986,Male,over 34,White - English/Welsh/Scottish/Northern Irish/British,White,Misuse of Drugs Act 1971 (section 23),Controlled drugs,Arrest,True,False
Person and Vehicle search,2022-05-09T17:00:00+00:00,,,52.893406,-1.449297,Male,over 34,White - English/Welsh/Scottish/Northern Irish/British,White,Misuse of Drugs Act 1971 (section 23),Controlled drugs,A no further action disposal,True,False
Person search,2022-05-10T13:34:00+00:00,,,52.969756,-1.308716,Male,10-17,White - English/Welsh/Scottish/Northern Irish/British,White,Police and Criminal Evidence Act 1984 (section 1),Offensive weapons,A no further action disposal,True,False
Person search,2022-05-10T14:31:00+00:00,,,52.876088,-1.492723,Male,10-17,,,Police and Criminal Evidence Act 1984 (section 1),Offensive weapons,A no further action disposal,True,False
Person search,2022-05-10T17:00:00+00:00,,,53.190434,-1.403848,Male,10-17,Other ethnic group - Not stated,Other,Police and Criminal Evidence Act 1984 (section 1),Article for use in theft,A no further action disposal,True,False
Person search,2022-05-10T17:30:00+00:00,,,53.190434,-1.403848,Male,10-17,Other ethnic group - Not stated,White,Police and Criminal Evidence Act 1984 (section 1),Stolen goods,A no further action disposal,True,False
Person search,2022-05-12T00:06:00+00:00,,,52.904375,-1.479711,Male,18-24,Other ethnic group - Not stated,Asian,Misuse of Drugs Act 1971 (section 23),Controlled drugs,A no further action disposal,True,False
Person and Vehicle search,2022-05-12T00:15:00+00:00,,,52.904375,-1.479711,Male,25-34,Asian/Asian British - Pakistani,Asian,Misuse of Drugs Act 1971 (section 23),Controlled drugs,A no further action disposal,True,False
Person search,2022-05-12T11:31:00+00:00,,,52.914501,-1.472407,Male,over 34,White - English/Welsh/Scottish/Northern Irish/British,White,Police and Criminal Evidence Act 1984 (section 1),Stolen goods,A no further action disposal,True,False
Person and Vehicle search,2022-05-12T17:00:00+00:00,,,52.785202,-1.555075,Male,over 34,White - English/Welsh/Scottish/Northern Irish/British,White,Misuse of Drugs Act 1971 (section 23),Controlled drugs,Summons / charged by post,True,False
Person search,2022-05-12T21:25:00+00:00,,,53.098647,-1.377638,Female,over 34,White - Any other White background,White,Misuse of Drugs Act 1971 (section 23),Controlled drugs,A no further action disposal,True,False
Person search,2022-05-13T16:00:00+00:00,,,,,Male,25-34,Asian/Asian British - Any other Asian background,Asian,Misuse of Drugs Act 1971 (section 23),Controlled drugs,A no further action disposal,True,False
Person and Vehicle search,2022-05-13T21:00:00+00:00,,,,,Male,18-24,White - English/Welsh/Scottish/Northern Irish/British,White,Misuse of Drugs Act 1971 (section 23),Controlled drugs,A no further action disposal,False,False
Person search,2022-05-13T21:00:00+00:00,,,,,Female,10-17,White - English/Welsh/Scottish/Northern Irish/British,White,Misuse of Drugs Act 1971 (section 23),Controlled drugs,A no further action disposal,True,False
Person search,2022-05-13T21:00:00+00:00,,,,,Female,,,,Misuse of Drugs Act 1971 (section 23),Controlled drugs,A no further action disposal,True,False
Person search,2022-05-13T21:00:00+00:00,,,,,Male,18-24,,,Misuse of Drugs Act 1971 (section 23),Controlled drugs,A no further action disposal,True,False
Person search,2022-05-13T21:00:00+00:00,,,,,Male,18-24,,,Misuse of Drugs Act 1971 (section 23),Controlled drugs,A no further action disposal,True,False
Person search,2022-05-13T21:00:00+00:00,,,,,Male,18-24,White - English/Welsh/Scottish/Northern Irish/British,White,Misuse of Drugs Act 1971 (section 23),Controlled drugs,Arrest,True,False
Person search,2022-05-13T22:32:00+00:00,,,52.964147,-1.293441,Male,over 34,White - English/Welsh/Scottish/Northern Irish/British,White,Police and Criminal Evidence Act 1984 (section 1),Offensive weapons,A no further action disposal,True,False
Person search,2022-05-14T00:30:00+00:00,,,52.910367,-1.478702,Male,18-24,White - Any other White background,White,Misuse of Drugs Act 1971 (section 23),Controlled drugs,A no further action disposal,True,False
Person search,2022-05-14T03:10:00+00:00,,,52.920851,-1.479275,Male,25-34,Asian/Asian British - Any other Asian background,Asian,Police and Criminal Evidence Act 1984 (section 1),Offensive weapons,Penalty Notice for Disorder,False,False
Person search,2022-05-14T15:52:00+00:00,,,53.366404,-1.993153,Male,over 34,White - English/Welsh/Scottish/Northern Irish/British,White,Misuse of Drugs Act 1971 (section 23),Controlled drugs,A no further action disposal,True,False
Person search,2022-05-14T18:41:00+00:00,,,53.016730,-1.731037,Male,10-17,White - English/Welsh/Scottish/Northern Irish/British,White,Police and Criminal Evidence Act 1984 (section 1),Articles for use in criminal damage,A no further action disposal,True,False
Person search,2022-05-14T18:41:00+00:00,,,53.016233,-1.729713,Male,10-17,White - English/Welsh/Scottish/Northern Irish/British,White,Police and Criminal Evidence Act 1984 (section 1),Articles for use in criminal damage,A no further action disposal,True,False
Person search,2022-05-14T18:41:00+00:00,,,53.016233,-1.729713,Female,over 34,,,Police and Criminal Evidence Act 1984 (section 1),Articles for use in criminal damage,A no further action disposal,True,False
Person search,2022-05-14T18:41:00+00:00,,,53.016233,-1.729713,Female,over 34,,,Police and Criminal Evidence Act 1984 (section 1),Articles for use in criminal damage,A no further action disposal,True,False
Person search,2022-05-14T18:41:00+00:00,,,53.016233,-1.729713,Male,over 34,,,Police and Criminal Evidence Act 1984 (section 1),Articles for use in criminal damage,A no further action disposal,True,False
Person search,2022-05-14T18:41:00+00:00,,,53.016233,-1.729713,Male,10-17,White - English/Welsh/Scottish/Northern Irish/British,White,Police and Criminal Evidence Act 1984 (section 1),Articles for use in criminal damage,A no further action disposal,True,False
Person search,2022-05-14T18:41:00+00:00,,,53.016233,-1.729713,Female,over 34,,,Police and Criminal Evidence Act 1984 (section 1),Articles for use in criminal damage,A no further action disposal,True,False
Person search,2022-05-14T19:00:00+00:00,,,52.878464,-1.495593,Male,18-24,White - English/Welsh/Scottish/Northern Irish/British,White,Misuse of Drugs Act 1971 (section 23),Controlled drugs,A no further action disposal,True,False
Person and Vehicle search,2022-05-14T22:43:00+00:00,,,53.366404,-1.993153,,,,,Misuse of Drugs Act 1971 (section 23),Controlled drugs,A no further action disposal,True,False
Person and Vehicle search,2022-05-15T06:51:00+00:00,,,52.914444,-1.457804,Male,18-24,Other ethnic group - Not stated,Asian,Misuse of Drugs Act 1971 (section 23),Controlled drugs,Khat or Cannabis warning,True,False
Person search,2022-05-15T07:20:00+00:00,,,52.914444,-1.457804,Male,18-24,Black/African/Caribbean/Black British - African,Black,Misuse of Drugs Act 1971 (section 23),Controlled drugs,A no further action disposal,True,False
Person search,2022-05-15T07:25:00+00:00,,,52.914444,-1.457804,Male,18-24,Black/African/Caribbean/Black British - African,Black,Misuse of Drugs Act 1971 (section 23),Controlled drugs,A no further action disposal,True,False
Person and Vehicle search,2022-05-15T10:30:00+00:00,,,52.906846,-1.483547,Male,18-24,White - Any other White background,,Police and Criminal Evidence Act 1984 (section 1),Controlled drugs,Arrest,False,False
Person search,2022-05-15T11:00:00+00:00,,,53.169916,-1.408321,,,,,Police and Criminal Evidence Act 1984 (section 1),Stolen goods,A no further action disposal,True,False
Person search,2022-05-15T11:00:00+00:00,,,53.169916,-1.408321,,,,,Police and Criminal Evidence Act 1984 (section 1),Stolen goods,A no further action disposal,True,False
Person and Vehicle search,2022-05-15T16:55:00+00:00,,,52.897824,-1.457967,Male,25-34,White - English/Welsh/Scottish/Northern Irish/British,White,Misuse of Drugs Act 1971 (section 23),Controlled drugs,A no further action disposal,True,False
Person and Vehicle search,2022-05-15T16:55:00+00:00,,,52.897824,-1.457967,Female,25-34,White - English/Welsh/Scottish/Northern Irish/British,White,Misuse of Drugs Act 1971 (section 23),Controlled drugs,A no further action disposal,True,False
Person search,2022-05-16T07:29:00+00:00,,,52.899157,-1.497404,Male,25-34,Other ethnic group - Not stated,White,Police and Criminal Evidence Act 1984 (section 1),Offensive weapons,A no further action disposal,True,False
Person search,2022-05-16T13:15:00+00:00,,,52.933650,-1.456820,Male,10-17,Other ethnic group - Not stated,White,Misuse of Drugs Act 1971 (section 23),Controlled drugs,A no further action disposal,True,False
Person search,2022-05-16T14:45:00+00:00,,,52.917839,-1.483253,Male,25-34,Other ethnic group - Not stated,White,Misuse of Drugs Act 1971 (section 23),Controlled drugs,Arrest,False,False
Person search,2022-05-16T16:29:00+00:00,,,52.920509,-1.475160,Male,25-34,Other ethnic group - Not stated,Black,Misuse of Drugs Act 1971 (section 23),Controlled drugs,A no further action disposal,True,False
Person search,2022-05-16T17:46:00+00:00,,,53.300596,-1.183991,Male,18-24,White - English/Welsh/Scottish/Northern Irish/British,White,Misuse of Drugs Act 1971 (section 23),Controlled drugs,A no further action disposal,True,False
Person search,2022-05-16T17:59:00+00:00,,,53.300596,-1.183991,Male,10-17,White - English/Welsh/Scottish/Northern Irish/British,White,Misuse of Drugs Act 1971 (section 23),Controlled drugs,A no further action disposal,True,False
Person search,2022-05-16T17:59:00+00:00,,,53.300596,-1.183991,Female,over 34,,,Misuse of Drugs Act 1971 (section 23),Controlled drugs,A no further action disposal,True,False
Person and Vehicle search,2022-05-16T18:20:00+00:00,,,52.985575,-1.306706,Male,18-24,Other ethnic group - Not stated,White,Misuse of Drugs Act 1971 (section 23),Controlled drugs,A no further action disposal,True,False
Person search,2022-05-16T22:00:00+00:00,,,52.912136,-1.514281,Female,10-17,Other ethnic group - Not stated,White,Police and Criminal Evidence Act 1984 (section 1),Offensive weapons,A no further action disposal,True,False
Person search,2022-05-16T22:40:00+00:00,,,52.912136,-1.514281,Female,10-17,Other ethnic group - Not stated,White,Police and Criminal Evidence Act 1984 (section 1),Offensive weapons,A no further action disposal,True,False
Person search,2022-05-17T12:45:00+00:00,,,53.239699,-1.438256,Male,10-17,White - English/Welsh/Scottish/Northern Irish/British,White,Misuse of Drugs Act 1971 (section 23),Controlled drugs,A no further action disposal,True,False
Person search,2022-05-17T12:45:00+00:00,,,53.260111,-1.904875,Female,over 34,,,Misuse of Drugs Act 1971 (section 23),Controlled drugs,A no further action disposal,True,False
Person search,2022-05-17T12:45:00+00:00,,,53.260111,-1.904875,Female,10-17,White - English/Welsh/Scottish/Northern Irish/British,White,Misuse of Drugs Act 1971 (section 23),Controlled drugs,A no further action disposal,True,False
Person search,2022-05-17T12:45:00+00:00,,,53.260111,-1.904875,Male,18-24,White - English/Welsh/Scottish/Northern Irish/British,White,Misuse of Drugs Act 1971 (section 23),Controlled drugs,A no further action disposal,True,False
Person search,2022-05-17T12:45:00+00:00,,,53.239699,-1.438256,Male,over 34,,,Misuse of Drugs Act 1971 (section 23),Controlled drugs,A no further action disposal,True,False
Person search,2022-05-17T14:10:00+00:00,,,52.908122,-1.481272,Male,25-34,Asian/Asian British - Pakistani,,Police and Criminal Evidence Act 1984 (section 1),Offensive weapons,A no further action disposal,True,False
Person search,2022-05-17T15:33:00+00:00,,,53.258679,-1.912178,Female,10-17,White - English/Welsh/Scottish/Northern Irish/British,White,Police and Criminal Evidence Act 1984 (section 1),Offensive weapons,A no further action disposal,True,False
Person search,2022-05-17T15:33:00+00:00,,,53.258679,-1.912178,Male,18-24,Other ethnic group - Not stated,Other,Police and Criminal Evidence Act 1984 (section 1),Offensive weapons,A no further action disposal,True,False
Person search,2022-05-17T15:33:00+00:00,,,53.258679,-1.912178,Male,10-17,White - English/Welsh/Scottish/Northern Irish/British,White,Police and Criminal Evidence Act 1984 (section 1),Offensive weapons,A no further action disposal,True,False
Person search,2022-05-17T16:30:00+00:00,,,52.761953,-1.542597,Male,18-24,Other ethnic group - Not stated,White,Police and Criminal Evidence Act 1984 (section 1),Offensive weapons,A no further action disposal,True,False
Person search,2022-05-17T16:30:00+00:00,,,52.761953,-1.542597,Female,over 34,,,Police and Criminal Evidence Act 1984 (section 1),Offensive weapons,A no further action disposal,True,False
Person search,2022-05-17T16:30:00+00:00,,,52.761953,-1.542597,Male,10-17,White - English/Welsh/Scottish/Northern Irish/British,White,Police and Criminal Evidence Act 1984 (section 1),Offensive weapons,A no further action disposal,True,False
Person search,2022-05-17T16:35:00+00:00,,,52.761953,-1.542597,Male,18-24,White - English/Welsh/Scottish/Northern Irish/British,White,Police and Criminal Evidence Act 1984 (section 1),Offensive weapons,A no further action disposal,True,False
Person search,2022-05-17T16:36:00+00:00,,,52.761953,-1.542597,Male,18-24,White - English/Welsh/Scottish/Northern Irish/British,White,Police and Criminal Evidence Act 1984 (section 1),Offensive weapons,A no further action disposal,True,False
Person search,2022-05-17T16:41:00+00:00,,,52.761953,-1.542597,Female,over 34,,,Police and Criminal Evidence Act 1984 (section 1),Offensive weapons,Arrest,False,False
Person search,2022-05-17T16:41:00+00:00,,,52.761953,-1.542597,Male,10-17,White - English/Welsh/Scottish/Northern Irish/British,White,Police and Criminal Evidence Act 1984 (section 1),Offensive weapons,Arrest,False,False
Person search,2022-05-17T17:30:00+00:00,,,52.822471,-1.430382,Male,10-17,,,Police and Criminal Evidence Act 1984 (section 1),Offensive weapons,A no further action disposal,True,False
Person search,2022-05-17T17:30:00+00:00,,,52.822471,-1.430382,Male,10-17,White - English/Welsh/Scottish/Northern Irish/British,White,Police and Criminal Evidence Act 1984 (section 1),Offensive weapons,A no further action disposal,True,False
Person search,2022-05-17T17:30:00+00:00,,,52.822471,-1.430382,Female,over 34,,,Police and Criminal Evidence Act 1984 (section 1),Offensive weapons,A no further action disposal,True,False
Person search,2022-05-17T17:30:00+00:00,,,52.822471,-1.430382,Female,10-17,,,Police and Criminal Evidence Act 1984 (section 1),Offensive weapons,A no further action disposal,True,False
Person search,2022-05-17T17:30:00+00:00,,,52.822471,-1.430382,Male,10-17,Other ethnic group - Not stated,White,Police and Criminal Evidence Act 1984 (section 1),Offensive weapons,A no further action disposal,True,False
Person search,2022-05-17T17:30:00+00:00,,,52.822471,-1.430382,Male,10-17,White - English/Welsh/Scottish/Northern Irish/British,White,Police and Criminal Evidence Act 1984 (section 1),Offensive weapons,A no further action disposal,False,False
Person search,2022-05-18T19:47:00+00:00,,,52.933380,-1.472728,Female,10-17,White - English/Welsh/Scottish/Northern Irish/British,White,Police and Criminal Evidence Act 1984 (section 1),Article for use in theft,A no further action disposal,True,False
Person search,2022-05-18T19:47:00+00:00,,,52.934106,-1.470205,Female,10-17,Other ethnic group - Not stated,White,Police and Criminal Evidence Act 1984 (section 1),Article for use in theft,A no further action disposal,True,False
Person search,2022-05-19T13:10:00+00:00,,,53.075032,-1.396845,Male,25-34,Other ethnic group - Not stated,White,Misuse of Drugs Act 1971 (section 23),Controlled drugs,A no further action disposal,True,False
Person and Vehicle search,2022-05-19T13:33:00+00:00,,,52.959574,-1.313866,Female,25-34,White - English/Welsh/Scottish/Northern Irish/British,White,Misuse of Drugs Act 1971 (section 23),Controlled drugs,A no further action disposal,True,False
Person search,2022-05-19T13:50:00+00:00,,,52.888775,-1.491223,Male,18-24,Mixed/Multiple ethnic groups - Any other Mixed/Multiple ethnic background,Black,Misuse of Drugs Act 1971 (section 23),Controlled drugs,A no further action disposal,True,False
Person search,2022-05-19T15:00:00+00:00,True,,52.241610,-0.838156,Male,25-34,Black/African/Caribbean/Black British - Caribbean,Black,Misuse of Drugs Act 1971 (section 23),Controlled drugs,A no further action disposal,True,False
Person search,2022-05-19T16:00:00+00:00,,,53.078822,-1.361577,Female,over 34,White - English/Welsh/Scottish/Northern Irish/British,White,Misuse of Drugs Act 1971 (section 23),Controlled drugs,Arrest,False,False
Person and Vehicle search,2022-05-19T16:05:00+00:00,,,53.078822,-1.361577,Male,over 34,White - English/Welsh/Scottish/Northern Irish/British,White,Misuse of Drugs Act 1971 (section 23),Controlled drugs,Arrest,True,False
Person and Vehicle search,2022-05-19T18:14:00+00:00,,,,,Male,over 34,White - English/Welsh/Scottish/Northern Irish/British,White,Misuse of Drugs Act 1971 (section 23),Controlled drugs,A no further action disposal,True,False
Person search,2022-05-19T21:06:00+00:00,,,52.924094,-1.437305,Male,over 34,Other ethnic group - Not stated,White,Police and Criminal Evidence Act 1984 (section 1),Offensive weapons,A no further action disposal,True,False
Person search,2022-05-19T21:22:00+00:00,,,52.909185,-1.504931,Male,18-24,White - English/Welsh/Scottish/Northern Irish/British,White,Police and Criminal Evidence Act 1984 (section 1),Article for use in theft,Arrest,False,False
Person search,2022-05-19T21:30:00+00:00,,,52.907279,-1.485951,Male,18-24,Other ethnic group - Not stated,Other,Police and Criminal Evidence Act 1984 (section 1),Articles for use in criminal damage,A no further action disposal,True,False
Person search,2022-05-19T21:30:00+00:00,,,52.907279,-1.485951,Female,10-17,Asian/Asian British - Pakistani,Asian,Police and Criminal Evidence Act 1984 (section 1),Articles for use in criminal damage,A no further action disposal,True,False
Person search,2022-05-19T21:37:00+00:00,,,52.909185,-1.504931,Male,10-17,White - English/Welsh/Scottish/Northern Irish/British,White,Police and Criminal Evidence Act 1984 (section 1),Article for use in theft,A no further action disposal,True,False
Person and Vehicle search,2022-05-19T23:00:00+00:00,,,53.006465,-1.343018,Male,25-34,Black/African/Caribbean/Black British - Any other Black/African/Caribbean background,Black,Misuse of Drugs Act 1971 (section 23),Controlled drugs,A no further action disposal,True,False
Person search,2022-05-20T19:08:00+00:00,,,53.021064,-1.341499,,,,,Police and Criminal Evidence Act 1984 (section 1),Offensive weapons,Arrest,True,False
Person search,2022-05-20T19:10:00+00:00,,,52.897556,-1.429503,Male,10-17,White - English/Welsh/Scottish/Northern Irish/British,White,Misuse of Drugs Act 1971 (section 23),Controlled drugs,A no further action disposal,False,False
Person search,2022-05-20T19:10:00+00:00,,,52.897556,-1.429503,Male,10-17,White - English/Welsh/Scottish/Northern Irish/British,White,Misuse of Drugs Act 1971 (section 23),Controlled drugs,A no further action disposal,False,False
Person search,2022-05-20T19:30:00+00:00,,,52.894606,-1.472039,Male,over 34,White - Any other White background,White,Police and Criminal Evidence Act 1984 (section 1),Article for use in theft,Arrest,False,False
Person search,2022-05-20T23:30:00+00:00,,,52.894315,-1.270913,Male,over 34,White - English/Welsh/Scottish/Northern Irish/British,White,Police and Criminal Evidence Act 1984 (section 1),Article for use in theft,A no further action disposal,True,False
Person search,2022-05-21T01:35:00+00:00,,,52.897010,-1.431844,Male,10-17,White - English/Welsh/Scottish/Northern Irish/British,White,Police and Criminal Evidence Act 1984 (section 1),Offensive weapons,Arrest,True,False
Person search,2022-05-21T02:15:00+00:00,,,52.923059,-1.480558,,,,,Police and Criminal Evidence Act 1984 (section 1),Article for use in theft,A no further action disposal,True,False
Person search,2022-05-21T12:20:00+00:00,,,53.231354,-1.432028,Female,25-34,Other ethnic group - Not stated,White,Misuse of Drugs Act 1971 (section 23),Controlled drugs,A no further action disposal,True,False
Vehicle search,2022-05-21T12:30:00+00:00,,,53.231354,-1.432028,,,,,Misuse of Drugs Act 1971 (section 23),Controlled drugs,A no further action disposal,True,
Person search,2022-05-21T12:30:00+00:00,,,53.231354,-1.432028,Male,over 34,White - English/Welsh/Scottish/Northern Irish/British,White,Misuse of Drugs Act 1971 (section 23),Controlled drugs,A no further action disposal,True,False
Person search,2022-05-21T14:50:00+00:00,,,52.920841,-1.468953,Male,10-17,White - English/Welsh/Scottish/Northern Irish/British,White,Police and Criminal Evidence Act 1984 (section 1),Offensive weapons,A no further action disposal,True,False
Person search,2022-05-21T14:50:00+00:00,,,52.923088,-1.474846,Male,10-17,Asian/Asian British - Any other Asian background,Asian,Police and Criminal Evidence Act 1984 (section 1),Offensive weapons,A no further action disposal,True,False
Person search,2022-05-21T15:00:00+00:00,,,52.923657,-1.469499,Male,10-17,White - English/Welsh/Scottish/Northern Irish/British,White,Police and Criminal Evidence Act 1984 (section 1),Offensive weapons,Khat or Cannabis warning,False,False
Person search,2022-05-21T15:41:00+00:00,,,52.961777,-1.312372,Male,10-17,White - English/Welsh/Scottish/Northern Irish/British,White,Police and Criminal Evidence Act 1984 (section 1),Article for use in theft,A no further action disposal,True,False
Person search,2022-05-21T15:41:00+00:00,,,52.961777,-1.312372,Female,over 34,,,Police and Criminal Evidence Act 1984 (section 1),Article for use in theft,A no further action disposal,True,False
Person search,2022-05-21T15:41:00+00:00,,,52.961777,-1.312372,Male,10-17,White - English/Welsh/Scottish/Northern Irish/British,White,Police and Criminal Evidence Act 1984 (section 1),Article for use in theft,A no further action disposal,True,False
Person search,2022-05-21T15:41:00+00:00,,,52.961777,-1.312372,Male,10-17,Asian/Asian British - Any other Asian background,Asian,Police and Criminal Evidence Act 1984 (section 1),Article for use in theft,A no further action disposal,True,False
Person search,2022-05-21T15:41:00+00:00,,,52.961777,-1.312372,Male,10-17,White - English/Welsh/Scottish/Northern Irish/British,White,Police and Criminal Evidence Act 1984 (section 1),Article for use in theft,A no further action disposal,True,False
Person search,2022-05-21T17:46:00+00:00,,,52.894363,-1.434851,Male,10-17,Other ethnic group - Not stated,White,Police and Criminal Evidence Act 1984 (section 1),Offensive weapons,A no further action disposal,True,False
Person search,2022-05-21T19:36:00+00:00,,,52.901742,-1.477825,Male,over 34,White - English/Welsh/Scottish/Northern Irish/British,White,Police and Criminal Evidence Act 1984 (section 1),Offensive weapons,A no further action disposal,True,False
Person search,2022-05-21T21:00:00+00:00,,,52.917590,-1.477812,Male,25-34,White - Any other White background,White,Police and Criminal Evidence Act 1984 (section 1),Offensive weapons,A no further action disposal,True,False
Person search,2022-05-23T00:49:00+00:00,,,52.774170,-1.566631,Male,10-17,White - English/Welsh/Scottish/Northern Irish/British,White,Police and Criminal Evidence Act 1984 (section 1),Article for use in theft,Community resolution,False,False
Person and Vehicle search,2022-05-23T02:10:00+00:00,,,53.002580,-1.357576,Male,18-24,Other ethnic group - Not stated,White,Misuse of Drugs Act 1971 (section 23),Controlled drugs,A no further action disposal,True,False
Person search,2022-05-23T02:15:00+00:00,,,53.002580,-1.357576,Male,10-17,White - English/Welsh/Scottish/Northern Irish/British,White,Misuse of Drugs Act 1971 (section 23),Controlled drugs,A no further action disposal,True,False
Person search,2022-05-23T02:15:00+00:00,,,53.002580,-1.357576,Male,18-24,White - English/Welsh/Scottish/Northern Irish/British,White,Misuse of Drugs Act 1971 (section 23),Controlled drugs,A no further action disposal,True,False
Person search,2022-05-23T13:29:00+00:00,,,52.913226,-1.476735,Male,25-34,Mixed/Multiple ethnic groups - White and Asian,Asian,Misuse of Drugs Act 1971 (section 23),Controlled drugs,A no further action disposal,True,False
Person search,2022-05-23T13:30:00+00:00,,,53.052993,-1.398973,Male,over 34,White - English/Welsh/Scottish/Northern Irish/British,White,Police and Criminal Evidence Act 1984 (section 1),Article for use in theft,A no further action disposal,True,False
Person search,2022-05-23T14:06:00+00:00,,,52.913256,-1.471366,Male,18-24,White - English/Welsh/Scottish/Northern Irish/British,White,Misuse of Drugs Act 1971 (section 23),Controlled drugs,A no further action disposal,True,False
Person search,2022-05-23T15:55:00+00:00,,,52.931025,-1.458683,Male,10-17,White - English/Welsh/Scottish/Northern Irish/British,White,Misuse of Drugs Act 1971 (section 23),Controlled drugs,Arrest,True,False
Person search,2022-05-23T15:55:00+00:00,,,52.931025,-1.458683,,,,,Misuse of Drugs Act 1971 (section 23),Controlled drugs,Arrest,True,False
Person search,2022-05-23T19:02:00+00:00,,,52.912743,-1.471209,Male,10-17,Other ethnic group - Not stated,Other,Police and Criminal Evidence Act 1984 (section 1),Offensive weapons,A no further action disposal,True,False
Person search,2022-05-23T20:00:00+00:00,,,52.911602,-1.475490,Male,10-17,,,Police and Criminal Evidence Act 1984 (section 1),Offensive weapons,A no further action disposal,True,False
Person search,2022-05-23T20:00:00+00:00,,,52.912743,-1.471209,Male,10-17,Other ethnic group - Not stated,Other,Police and Criminal Evidence Act 1984 (section 1),Offensive weapons,A no further action disposal,True,False
Person search,2022-05-23T21:10:00+00:00,,,52.913226,-1.476735,Male,18-24,Mixed/Multiple ethnic groups - Any other Mixed/Multiple ethnic background,Asian,Misuse of Drugs Act 1971 (section 23),Controlled drugs,Khat or Cannabis warning,True,False
Person search,2022-05-24T09:00:00+00:00,,,52.905042,-1.476030,Male,over 34,White - English/Welsh/Scottish/Northern Irish/British,White,Misuse of Drugs Act 1971 (section 23),Controlled drugs,A no further action disposal,True,True
Person search,2022-05-24T13:59:00+00:00,,,52.906149,-1.470070,Male,10-17,Black/African/Caribbean/Black British - Caribbean,Black,Police and Criminal Evidence Act 1984 (section 1),Offensive weapons,A no further action disposal,True,False
Person search,2022-05-24T14:00:00+00:00,,,52.906149,-1.470070,Male,10-17,Asian/Asian British - Pakistani,Asian,Police and Criminal Evidence Act 1984 (section 1),Offensive weapons,A no further action disposal,True,False
Person search,2022-05-24T14:00:00+00:00,,,52.906149,-1.470070,,10-17,Other ethnic group - Not stated,,Police and Criminal Evidence Act 1984 (section 1),Offensive weapons,A no further action disposal,True,False
Person search,2022-05-24T14:10:00+00:00,,,52.906149,-1.470070,Male,18-24,White - Any other White background,White,Misuse of Drugs Act 1971 (section 23),Controlled drugs,Khat or Cannabis warning,True,False
Person search,2022-05-24T22:00:00+00:00,,,52.778972,-1.576976,Male,10-17,White - English/Welsh/Scottish/Northern Irish/British,White,Police and Criminal Evidence Act 1984 (section 1),Offensive weapons,A no further action disposal,True,False
Person search,2022-05-24T22:00:00+00:00,,,52.778972,-1.576976,Male,10-17,White - English/Welsh/Scottish/Northern Irish/British,White,Police and Criminal Evidence Act 1984 (section 1),Offensive weapons,A no further action disposal,True,False
Person search,2022-05-24T22:05:00+00:00,,,52.928113,-1.420741,Male,25-34,White - English/Welsh/Scottish/Northern Irish/British,White,Police and Criminal Evidence Act 1984 (section 1),Article for use in theft,Khat or Cannabis warning,False,False
Person search,2022-05-24T22:23:00+00:00,,,52.778972,-1.576976,Male,10-17,White - English/Welsh/Scottish/Northern Irish/British,White,Police and Criminal Evidence Act 1984 (section 1),Offensive weapons,A no further action disposal,True,False
Person search,2022-05-25T11:30:00+00:00,,,52.912136,-1.514281,Male,over 34,Black/African/Caribbean/Black British - Any other Black/African/Caribbean background,Black,Police and Criminal Evidence Act 1984 (section 1),Article for use in theft,A no further action disposal,True,False
Person search,2022-05-25T12:25:00+00:00,,,52.906215,-1.449105,Male,10-17,White - English/Welsh/Scottish/Northern Irish/British,White,Police and Criminal Evidence Act 1984 (section 1),Offensive weapons,A no further action disposal,True,False
Person search,2022-05-25T15:30:00+00:00,,,52.901742,-1.477825,Male,18-24,Mixed/Multiple ethnic groups - Any other Mixed/Multiple ethnic background,,Police and Criminal Evidence Act 1984 (section 1),Offensive weapons,Caution (simple or conditional),True,False
Person and Vehicle search,2022-05-25T17:37:00+00:00,,,52.898111,-1.478017,Male,over 34,White - English/Welsh/Scottish/Northern Irish/British,White,Misuse of Drugs Act 1971 (section 23),Controlled drugs,A no further action disposal,True,False
Person and Vehicle search,2022-05-25T17:45:00+00:00,,,52.912188,-1.475751,Male,18-24,Mixed/Multiple ethnic groups - Any other Mixed/Multiple ethnic background,Other,Misuse of Drugs Act 1971 (section 23),Controlled drugs,A no further action disposal,True,False
Person search,2022-05-25T17:50:00+00:00,,,52.894419,-1.454486,Male,over 34,,Black,Misuse of Drugs Act 1971 (section 23),Controlled drugs,A no further action disposal,True,True
Person search,2022-05-25T19:50:00+00:00,,,52.918717,-1.495126,Male,10-17,Mixed/Multiple ethnic groups - White and Black Caribbean,Black,Misuse of Drugs Act 1971 (section 23),Controlled drugs,A no further action disposal,True,False
Person search,2022-05-25T19:50:00+00:00,,,52.918717,-1.495126,Male,10-17,,,Misuse of Drugs Act 1971 (section 23),Controlled drugs,A no further action disposal,True,False
Person search,2022-05-25T20:45:00+00:00,,,53.233075,-1.300753,,10-17,White - English/Welsh/Scottish/Northern Irish/British,White,Police and Criminal Evidence Act 1984 (section 1),Articles for use in criminal damage,A no further action disposal,True,False
Person search,2022-05-25T20:45:00+00:00,,,53.233075,-1.300753,Male,10-17,White - English/Welsh/Scottish/Northern Irish/British,White,Police and Criminal Evidence Act 1984 (section 1),Articles for use in criminal damage,A no further action disposal,True,False
Person search,2022-05-25T20:45:00+00:00,,,53.233075,-1.300753,Male,10-17,White - English/Welsh/Scottish/Northern Irish/British,White,Police and Criminal Evidence Act 1984 (section 1),Articles for use in criminal damage,A no further action disposal,True,False
Person and Vehicle search,2022-05-26T10:50:00+00:00,,,53.307243,-1.365185,Male,25-34,White - English/Welsh/Scottish/Northern Irish/British,White,Misuse of Drugs Act 1971 (section 23),Controlled drugs,Arrest,True,False
Person search,2022-05-26T20:44:00+00:00,,,52.931190,-1.479508,Male,,Other ethnic group - Not stated,White,Police and Criminal Evidence Act 1984 (section 1),Article for use in theft,A no further action disposal,True,False
Person search,2022-05-27T13:00:00+00:00,,,52.886178,-1.506337,Male,25-34,Asian/Asian British - Pakistani,Asian,Firearms Act 1968 (section 47),Firearms,A no further action disposal,True,False
Person search,2022-05-27T18:41:00+00:00,,,53.366404,-1.993153,Female,10-17,White - English/Welsh/Scottish/Northern Irish/British,White,Police and Criminal Evidence Act 1984 (section 1),Offensive weapons,A no further action disposal,True,False
Person search,2022-05-27T18:41:00+00:00,,,53.366404,-1.993153,Female,10-17,White - English/Welsh/Scottish/Northern Irish/British,White,Police and Criminal Evidence Act 1984 (section 1),Offensive weapons,A no further action disposal,True,False
Person search,2022-05-27T18:41:00+00:00,,,53.366404,-1.993153,,10-17,White - English/Welsh/Scottish/Northern Irish/British,White,Police and Criminal Evidence Act 1984 (section 1),Offensive weapons,A no further action disposal,True,False
Person search,2022-05-27T22:40:00+00:00,,,52.770088,-1.571326,Male,over 34,Other ethnic group - Not stated,White,Police and Criminal Evidence Act 1984 (section 1),Offensive weapons,A no further action disposal,True,False
Person search,2022-05-28T13:00:00+00:00,,,,,Male,over 34,Black/African/Caribbean/Black British - Caribbean,Black,Police and Criminal Evidence Act 1984 (section 1),Offensive weapons,Arrest,False,False
Person search,2022-05-28T21:30:00+00:00,,,52.901818,-1.462496,Male,25-34,,Asian,Police and Criminal Evidence Act 1984 (section 1),Offensive weapons,A no further action disposal,True,False
Person search,2022-05-29T02:25:00+00:00,,,52.923227,-1.479872,Male,18-24,Other ethnic group - Not stated,White,Police and Criminal Evidence Act 1984 (section 1),Offensive weapons,A no further action disposal,True,False
Person search,2022-05-29T17:40:00+00:00,,,53.262561,-1.360375,Male,over 34,White - English/Welsh/Scottish/Northern Irish/British,White,Misuse of Drugs Act 1971 (section 23),Controlled drugs,Arrest,True,False
Person search,2022-05-30T13:20:00+00:00,,,52.921617,-1.477764,Male,25-34,White - English/Welsh/Scottish/Northern Irish/British,White,Police and Criminal Evidence Act 1984 (section 1),Offensive weapons,Khat or Cannabis warning,False,False
Person search,2022-05-30T19:14:00+00:00,,,52.920509,-1.475160,,,,,Police and Criminal Evidence Act 1984 (section 1),Offensive weapons,A no further action disposal,True,False
Person search,2022-05-30T19:14:00+00:00,,,52.920509,-1.475160,,,,,Misuse of Drugs Act 1971 (section 23),Controlled drugs,A no further action disposal,True,False
Person search,2022-05-30T19:20:00+00:00,,,52.920509,-1.475160,Male,10-17,Other ethnic group - Not stated,Other,Police and Criminal Evidence Act 1984 (section 1),Offensive weapons,A no further action disposal,True,False
Person search,2022-05-30T19:25:00+00:00,,,52.920509,-1.475160,Male,10-17,,Other,Police and Criminal Evidence Act 1984 (section 1),Offensive weapons,Arrest,False,False
Person search,2022-05-31T01:26:00+00:00,,,52.916606,-1.397144,,10-17,White - English/Welsh/Scottish/Northern Irish/British,White,Police and Criminal Evidence Act 1984 (section 1),Offensive weapons,A no further action disposal,True,False
Person search,2022-05-31T01:26:00+00:00,,,52.916606,-1.397144,Male,10-17,White - English/Welsh/Scottish/Northern Irish/British,White,Police and Criminal Evidence Act 1984 (section 1),Offensive weapons,A no further action disposal,True,False
Person search,2022-05-31T01:26:00+00:00,,,52.916606,-1.397144,Male,10-17,White - English/Welsh/Scottish/Northern Irish/British,White,Police and Criminal Evidence Act 1984 (section 1),Offensive weapons,A no further action disposal,True,False
Person search,2022-05-31T21:54:00+00:00,,,53.015430,-1.359904,Male,25-34,White - Any other White background,White,Police and Criminal Evidence Act 1984 (section 1),Article for use in theft,A no further action disposal,True,False
Person and Vehicle search,2022-05-31T22:15:00+00:00,,,53.015430,-1.359904,Male,over 34,White - Any other White background,White,Police and Criminal Evidence Act 1984 (section 1),Article for use in theft,A no further action disposal,True,False
Person and Vehicle search,2022-05-31T22:40:00+00:00,,,52.912078,-1.502445,Male,18-24,Asian/Asian British - Pakistani,Asian,Misuse of Drugs Act 1971 (section 23),Controlled drugs,Penalty Notice for Disorder,True,False
Person search,2022-05-31T22:43:00+00:00,,,52.912078,-1.502445,Male,25-34,Asian/Asian British - Pakistani,Asian,Misuse of Drugs Act 1971 (section 23),Controlled drugs,Penalty Notice for Disorder,True,False
