Type,Date,Part of a policing operation,Policing operation,Latitude,Longitude,Gender,Age range,Self-defined ethnicity,Officer-defined ethnicity,Legislation,Object of search,Outcome,Outcome linked to object of search,Removal of more than just outer clothing
Person search,2021-09-01T03:02:00+00:00,False,,50.130608,-5.498361,Female,18-24,White - English/Welsh/Scottish/Northern Irish/British,White,Police and Criminal Evidence Act 1984 (section 1),Offensive weapons,A no further action disposal,,False
Person search,2021-09-01T12:34:00+00:00,False,,50.372756,-4.136327,Male,,White - English/Welsh/Scottish/Northern Irish/British,White,Misuse of Drugs Act 1971 (section 23),Controlled drugs,A no further action disposal,,False
Person search,2021-09-01T12:34:00+00:00,False,,50.372266,-4.136544,Female,25-34,White - English/Welsh/Scottish/Northern Irish/British,White,Misuse of Drugs Act 1971 (section 23),Controlled drugs,Arrest,True,False
Person search,2021-09-01T13:00:00+00:00,False,,,,Male,,White - English/Welsh/Scottish/Northern Irish/British,White,Misuse of Drugs Act 1971 (section 23),Controlled drugs,Arrest,True,False
Person search,2021-09-01T13:09:00+00:00,False,,50.376161,-4.136002,Male,18-24,White - English/Welsh/Scottish/Northern Irish/British,White,Misuse of Drugs Act 1971 (section 23),Controlled drugs,A no further action disposal,,False
Person search,2021-09-01T13:10:00+00:00,False,,50.372756,-4.136327,Female,18-24,Mixed/Multiple ethnic groups - White and Black Caribbean,,Misuse of Drugs Act 1971 (section 23),Controlled drugs,Arrest,True,False
Person search,2021-09-01T16:30:00+00:00,False,,,,Male,18-24,White - English/Welsh/Scottish/Northern Irish/British,White,Police and Criminal Evidence Act 1984 (section 1),Offensive weapons,A no further action disposal,,False
Person search,2021-09-01T16:30:00+00:00,False,,51.079778,-4.056951,Female,25-34,White - English/Welsh/Scottish/Northern Irish/British,White,Misuse of Drugs Act 1971 (section 23),Controlled drugs,A no further action disposal,,False
Person search,2021-09-01T18:08:00+00:00,False,,50.373983,-4.151206,Female,over 34,,Other,Police and Criminal Evidence Act 1984 (section 1),Stolen goods,A no further action disposal,,False
Person search,2021-09-01T18:15:00+00:00,False,,51.078822,-4.054581,Female,25-34,White - English/Welsh/Scottish/Northern Irish/British,White,Misuse of Drugs Act 1971 (section 23),Controlled drugs,A no further action disposal,,False
Person search,2021-09-01T18:23:00+00:00,False,,51.078822,-4.054581,Male,over 34,White - Any other White background,White,Misuse of Drugs Act 1971 (section 23),Controlled drugs,A no further action disposal,,False
Person search,2021-09-01T18:54:00+00:00,False,,50.351111,-4.751223,Male,18-24,White - English/Welsh/Scottish/Northern Irish/British,White,Misuse of Drugs Act 1971 (section 23),Controlled drugs,A no further action disposal,,False
Person and Vehicle search,2021-09-01T18:59:00+00:00,False,,50.351111,-4.751223,Male,18-24,White - English/Welsh/Scottish/Northern Irish/British,White,Misuse of Drugs Act 1971 (section 23),Controlled drugs,A no further action disposal,,False
Person search,2021-09-01T19:35:00+00:00,False,,50.391127,-4.054201,Male,over 34,White - English/Welsh/Scottish/Northern Irish/British,White,Misuse of Drugs Act 1971 (section 23),Controlled drugs,Arrest,False,False
Person search,2021-09-01T21:31:00+00:00,False,,51.080440,-4.059207,Male,over 34,White - English/Welsh/Scottish/Northern Irish/British,White,Misuse of Drugs Act 1971 (section 23),Controlled drugs,A no further action disposal,False,False
Person search,2021-09-01T23:16:00+00:00,False,,50.085789,-5.315477,Male,over 34,White - English/Welsh/Scottish/Northern Irish/British,White,Police and Criminal Evidence Act 1984 (section 1),Offensive weapons,A no further action disposal,,False
Person search,2021-09-01T23:39:00+00:00,False,,50.468576,-3.542151,Male,18-24,White - English/Welsh/Scottish/Northern Irish/British,White,Misuse of Drugs Act 1971 (section 23),Controlled drugs,A no further action disposal,,False
Person search,2021-09-01T23:42:00+00:00,False,,50.432636,-3.589660,Female,18-24,White - English/Welsh/Scottish/Northern Irish/British,White,Misuse of Drugs Act 1971 (section 23),Controlled drugs,A no further action disposal,,False
Person search,2021-09-02T08:50:00+00:00,False,,,,Male,18-24,White - English/Welsh/Scottish/Northern Irish/British,White,Misuse of Drugs Act 1971 (section 23),Controlled drugs,A no further action disposal,,False
Person and Vehicle search,2021-09-02T10:53:00+00:00,False,,50.721082,-3.533610,Male,over 34,White - English/Welsh/Scottish/Northern Irish/British,White,Misuse of Drugs Act 1971 (section 23),Controlled drugs,A no further action disposal,,False
Person search,2021-09-02T10:59:00+00:00,False,,,,Male,over 34,White - English/Welsh/Scottish/Northern Irish/British,White,Misuse of Drugs Act 1971 (section 23),Controlled drugs,A no further action disposal,,False
Person search,2021-09-02T11:30:00+00:00,False,,,,Female,over 34,White - English/Welsh/Scottish/Northern Irish/British,White,Misuse of Drugs Act 1971 (section 23),Controlled drugs,A no further action disposal,,False
Person search,2021-09-02T11:40:00+00:00,False,,50.369647,-4.135147,Male,18-24,Asian/Asian British - Bangladeshi,Asian,Misuse of Drugs Act 1971 (section 23),Controlled drugs,A no further action disposal,,False
Person search,2021-09-02T11:45:00+00:00,False,,,,Male,over 34,White - English/Welsh/Scottish/Northern Irish/British,White,Misuse of Drugs Act 1971 (section 23),Controlled drugs,A no further action disposal,,False
Person search,2021-09-02T11:45:00+00:00,False,,50.725494,-3.529135,Female,over 34,,White,Misuse of Drugs Act 1971 (section 23),Controlled drugs,A no further action disposal,,False
Person search,2021-09-02T11:50:00+00:00,False,,,,Male,over 34,White - English/Welsh/Scottish/Northern Irish/British,White,Misuse of Drugs Act 1971 (section 23),Controlled drugs,A no further action disposal,,False
Person and Vehicle search,2021-09-02T11:50:00+00:00,False,,50.369647,-4.135147,Male,25-34,Black/African/Caribbean/Black British - Any other Black/African/Caribbean background,Black,Misuse of Drugs Act 1971 (section 23),Controlled drugs,A no further action disposal,,False
Vehicle search,2021-09-02T14:10:00+00:00,False,,51.178715,-4.115822,,,,,Police and Criminal Evidence Act 1984 (section 1),Stolen goods,A no further action disposal,False,
Person search,2021-09-02T14:34:00+00:00,False,,,,Male,over 34,White - English/Welsh/Scottish/Northern Irish/British,White,Misuse of Drugs Act 1971 (section 23),Controlled drugs,A no further action disposal,,False
Vehicle search,2021-09-02T19:17:00+00:00,False,,50.345106,-5.154869,,,,,Misuse of Drugs Act 1971 (section 23),Controlled drugs,A no further action disposal,,
Person and Vehicle search,2021-09-02T21:53:00+00:00,False,,50.348853,-5.133115,Male,over 34,White - English/Welsh/Scottish/Northern Irish/British,White,Misuse of Drugs Act 1971 (section 23),Controlled drugs,Arrest,False,False
Person search,2021-09-03T01:20:00+00:00,False,,50.720069,-3.477704,Female,18-24,,White,Misuse of Drugs Act 1971 (section 23),Controlled drugs,A no further action disposal,,False
Person search,2021-09-03T02:00:00+00:00,False,,,,Female,25-34,,White,Misuse of Drugs Act 1971 (section 23),Controlled drugs,A no further action disposal,,False
Vehicle search,2021-09-03T02:10:00+00:00,False,,50.717650,-3.475517,,,,,Misuse of Drugs Act 1971 (section 23),Controlled drugs,Arrest,True,
Person search,2021-09-03T09:30:00+00:00,False,,51.071935,-4.057502,Male,25-34,,White,Misuse of Drugs Act 1971 (section 23),Controlled drugs,A no further action disposal,,False
Person search,2021-09-03T10:15:00+00:00,False,,,,Male,25-34,,White,Police and Criminal Evidence Act 1984 (section 1),Offensive weapons,A no further action disposal,,False
Person search,2021-09-03T10:21:00+00:00,False,,50.369620,-4.162414,Male,25-34,White - English/Welsh/Scottish/Northern Irish/British,White,Police and Criminal Evidence Act 1984 (section 1),Offensive weapons,A no further action disposal,,False
Person search,2021-09-03T14:30:00+00:00,False,,,,Male,18-24,White - English/Welsh/Scottish/Northern Irish/British,White,Police and Criminal Evidence Act 1984 (section 1),Offensive weapons,A no further action disposal,,False
Person and Vehicle search,2021-09-03T15:00:00+00:00,False,,,,Male,over 34,White - English/Welsh/Scottish/Northern Irish/British,White,Misuse of Drugs Act 1971 (section 23),Controlled drugs,A no further action disposal,,True
Person and Vehicle search,2021-09-03T15:37:00+00:00,False,,50.470375,-3.541434,Male,over 34,,Other,Misuse of Drugs Act 1971 (section 23),Controlled drugs,A no further action disposal,,True
Person search,2021-09-03T17:10:00+00:00,False,,,,Male,18-24,Black/African/Caribbean/Black British - African,Black,Misuse of Drugs Act 1971 (section 23),Controlled drugs,,True,True
Person search,2021-09-03T19:30:00+00:00,False,,,,Male,over 34,White - English/Welsh/Scottish/Northern Irish/British,White,Police and Criminal Evidence Act 1984 (section 1),Stolen goods,A no further action disposal,,False
Person search,2021-09-03T19:48:00+00:00,False,,,,Male,over 34,White - English/Welsh/Scottish/Northern Irish/British,White,Misuse of Drugs Act 1971 (section 23),Controlled drugs,Arrest,False,False
Person and Vehicle search,2021-09-03T19:54:00+00:00,False,,50.419164,-5.030962,Female,over 34,White - English/Welsh/Scottish/Northern Irish/British,White,Misuse of Drugs Act 1971 (section 23),Controlled drugs,A no further action disposal,,False
Person search,2021-09-03T21:45:00+00:00,False,,50.100994,-5.274275,Female,18-24,White - English/Welsh/Scottish/Northern Irish/British,White,Misuse of Drugs Act 1971 (section 23),Controlled drugs,A no further action disposal,,False
Person and Vehicle search,2021-09-03T23:20:00+00:00,False,,51.064234,-4.057688,Male,18-24,,White,Misuse of Drugs Act 1971 (section 23),Controlled drugs,A no further action disposal,,False
Person search,2021-09-03T23:20:00+00:00,False,,51.064234,-4.057688,Male,18-24,,White,Misuse of Drugs Act 1971 (section 23),Controlled drugs,A no further action disposal,,False
Person search,2021-09-03T23:20:00+00:00,False,,51.064234,-4.057688,Male,18-24,,White,Misuse of Drugs Act 1971 (section 23),Controlled drugs,A no further action disposal,,False
Person search,2021-09-03T23:25:00+00:00,False,,50.827973,-4.544117,Male,,,White,Misuse of Drugs Act 1971 (section 23),Controlled drugs,A no further action disposal,,False
Person search,2021-09-03T23:46:00+00:00,False,,50.352277,-4.452867,Male,10-17,White - English/Welsh/Scottish/Northern Irish/British,White,Misuse of Drugs Act 1971 (section 23),Controlled drugs,A no further action disposal,,False
Person search,2021-09-04T00:04:00+00:00,False,,50.482288,-3.558624,Male,10-17,White - English/Welsh/Scottish/Northern Irish/British,White,Misuse of Drugs Act 1971 (section 23),Controlled drugs,Community resolution,True,False
Person search,2021-09-04T09:42:00+00:00,True,,50.723557,-3.530744,Male,over 34,,White,Misuse of Drugs Act 1971 (section 23),Controlled drugs,A no further action disposal,,False
Person search,2021-09-04T14:02:00+00:00,False,,,,Male,18-24,White - English/Welsh/Scottish/Northern Irish/British,White,Misuse of Drugs Act 1971 (section 23),Controlled drugs,Arrest,False,False
Person search,2021-09-04T14:15:00+00:00,False,,50.470140,-3.540186,Male,25-34,White - English/Welsh/Scottish/Northern Irish/British,White,Misuse of Drugs Act 1971 (section 23),Controlled drugs,A no further action disposal,,False
Person search,2021-09-04T14:25:00+00:00,False,,50.470140,-3.540186,Male,18-24,White - English/Welsh/Scottish/Northern Irish/British,White,Misuse of Drugs Act 1971 (section 23),Controlled drugs,A no further action disposal,,False
Person search,2021-09-04T15:00:00+00:00,False,,50.470140,-3.540186,Male,over 34,White - English/Welsh/Scottish/Northern Irish/British,White,Misuse of Drugs Act 1971 (section 23),Controlled drugs,A no further action disposal,,False
Person search,2021-09-04T15:10:00+00:00,False,,,,Male,over 34,White - English/Welsh/Scottish/Northern Irish/British,White,Misuse of Drugs Act 1971 (section 23),Controlled drugs,A no further action disposal,,False
Person and Vehicle search,2021-09-04T17:14:00+00:00,False,,,,Male,over 34,,White,Misuse of Drugs Act 1971 (section 23),Controlled drugs,A no further action disposal,,False
Person search,2021-09-04T17:20:00+00:00,False,,,,Male,25-34,White - Any other White background,White,Police and Criminal Evidence Act 1984 (section 1),Articles for use in criminal damage,Community resolution,False,False
Person search,2021-09-04T17:24:00+00:00,False,,,,Male,10-17,,White,Misuse of Drugs Act 1971 (section 23),Controlled drugs,A no further action disposal,,False
Person search,2021-09-04T17:25:00+00:00,False,,50.719805,-1.878166,Male,18-24,,Black,Police and Criminal Evidence Act 1984 (section 1),Offensive weapons,A no further action disposal,,False
Person search,2021-09-04T17:27:00+00:00,True,,,,Male,18-24,Black/African/Caribbean/Black British - African,Black,Misuse of Drugs Act 1971 (section 23),Controlled drugs,Arrest,False,False
Person search,2021-09-04T17:44:00+00:00,False,,50.372756,-4.136327,Male,over 34,,White,Misuse of Drugs Act 1971 (section 23),Controlled drugs,A no further action disposal,,False
Person search,2021-09-04T18:58:00+00:00,False,,50.370974,-4.123098,Male,25-34,,White,Police and Criminal Evidence Act 1984 (section 1),Offensive weapons,Arrest,True,False
Person search,2021-09-04T19:03:00+00:00,False,,50.370974,-4.123098,Male,25-34,,White,Police and Criminal Evidence Act 1984 (section 1),Offensive weapons,A no further action disposal,,False
Person search,2021-09-04T20:21:00+00:00,False,,50.719114,-1.879343,Male,over 34,,White,Misuse of Drugs Act 1971 (section 23),Controlled drugs,A no further action disposal,True,False
Person search,2021-09-04T20:30:00+00:00,False,,50.718835,-1.879528,Male,over 34,White - English/Welsh/Scottish/Northern Irish/British,White,Misuse of Drugs Act 1971 (section 23),Controlled drugs,A no further action disposal,True,False
Person search,2021-09-04T20:40:00+00:00,False,,50.484424,-3.549517,Male,over 34,White - English/Welsh/Scottish/Northern Irish/British,White,Police and Criminal Evidence Act 1984 (section 1),Offensive weapons,Arrest,False,False
Person search,2021-09-04T21:00:00+00:00,False,,,,Male,18-24,White - English/Welsh/Scottish/Northern Irish/British,White,Police and Criminal Evidence Act 1984 (section 1),Articles for use in criminal damage,Arrest,True,False
Person search,2021-09-04T21:25:00+00:00,False,,,,Male,over 34,Asian/Asian British - Any other Asian background,Asian,Misuse of Drugs Act 1971 (section 23),Controlled drugs,Community resolution,True,False
Person search,2021-09-05T06:43:00+00:00,False,,50.372241,-4.165613,Male,25-34,White - English/Welsh/Scottish/Northern Irish/British,White,Police and Criminal Evidence Act 1984 (section 1),Offensive weapons,Arrest,False,False
Person search,2021-09-05T12:51:00+00:00,False,,50.717346,-1.874234,Male,25-34,Black/African/Caribbean/Black British - Any other Black/African/Caribbean background,Black,Police and Criminal Evidence Act 1984 (section 1),Stolen goods,,,False
Person search,2021-09-05T12:55:00+00:00,False,,50.717346,-1.874234,Male,25-34,Black/African/Caribbean/Black British - Any other Black/African/Caribbean background,Black,Police and Criminal Evidence Act 1984 (section 1),Stolen goods,,,False
Person search,2021-09-05T15:54:00+00:00,False,,50.718033,-1.878440,Male,18-24,White - English/Welsh/Scottish/Northern Irish/British,White,Misuse of Drugs Act 1971 (section 23),Controlled drugs,A no further action disposal,True,False
Person search,2021-09-05T15:55:00+00:00,False,,50.718033,-1.878440,Male,18-24,White - English/Welsh/Scottish/Northern Irish/British,White,Misuse of Drugs Act 1971 (section 23),Controlled drugs,A no further action disposal,,False
Person search,2021-09-05T16:00:00+00:00,False,,50.745641,-1.953431,Male,18-24,White - Any other White background,White,Misuse of Drugs Act 1971 (section 23),Controlled drugs,A no further action disposal,,False
Person search,2021-09-05T17:43:00+00:00,False,,50.745641,-1.953431,Male,18-24,Black/African/Caribbean/Black British - African,Black,Misuse of Drugs Act 1971 (section 23),Controlled drugs,A no further action disposal,,False
Person and Vehicle search,2021-09-05T18:00:00+00:00,False,,,,Male,over 34,White - English/Welsh/Scottish/Northern Irish/British,White,Misuse of Drugs Act 1971 (section 23),Controlled drugs,Arrest,True,False
Person search,2021-09-05T18:15:00+00:00,False,,50.454388,-4.454019,Male,10-17,White - English/Welsh/Scottish/Northern Irish/British,White,Police and Criminal Evidence Act 1984 (section 1),Stolen goods,A no further action disposal,,False
Person search,2021-09-05T19:05:00+00:00,False,,,,,10-17,White - English/Welsh/Scottish/Northern Irish/British,White,Police and Criminal Evidence Act 1984 (section 1),Offensive weapons,A no further action disposal,,False
Person search,2021-09-05T20:00:00+00:00,False,,,,Male,25-34,,White,Police and Criminal Evidence Act 1984 (section 1),Offensive weapons,A no further action disposal,,False
Person search,2021-09-06T00:19:00+00:00,False,,50.470759,-3.540263,Male,18-24,,White,Misuse of Drugs Act 1971 (section 23),Controlled drugs,Caution (simple or conditional),True,False
Person search,2021-09-06T01:49:00+00:00,False,,50.265813,-5.056140,Male,10-17,White - English/Welsh/Scottish/Northern Irish/British,White,Misuse of Drugs Act 1971 (section 23),Controlled drugs,A no further action disposal,,False
Person and Vehicle search,2021-09-06T09:32:00+00:00,False,,50.262966,-5.187114,Male,25-34,White - Any other White background,White,Police and Criminal Evidence Act 1984 (section 1),Offensive weapons,A no further action disposal,,False
Person search,2021-09-06T13:09:00+00:00,False,,50.372756,-4.136327,Female,over 34,,Black,Misuse of Drugs Act 1971 (section 23),Controlled drugs,A no further action disposal,,False
Person search,2021-09-06T16:47:00+00:00,False,,51.075486,-4.063227,Male,over 34,,White,Police and Criminal Evidence Act 1984 (section 1),Stolen goods,A no further action disposal,,False
Person search,2021-09-06T16:50:00+00:00,False,,50.470759,-3.540263,Male,10-17,White - English/Welsh/Scottish/Northern Irish/British,White,Misuse of Drugs Act 1971 (section 23),Controlled drugs,Community resolution,True,False
Person search,2021-09-06T22:00:00+00:00,False,,,,Female,over 34,,White,Police and Criminal Evidence Act 1984 (section 1),Offensive weapons,Arrest,True,False
Person search,2021-09-06T22:11:00+00:00,False,,50.399997,-4.791671,,,,White,Police and Criminal Evidence Act 1984 (section 1),Articles for use in criminal damage,A no further action disposal,,False
Person search,2021-09-06T23:50:00+00:00,False,,50.381190,-4.133499,Male,10-17,White - English/Welsh/Scottish/Northern Irish/British,White,Police and Criminal Evidence Act 1984 (section 1),Controlled drugs,A no further action disposal,,False
Person search,2021-09-07T01:45:00+00:00,False,,50.373080,-4.146524,Male,18-24,White - English/Welsh/Scottish/Northern Irish/British,White,Police and Criminal Evidence Act 1984 (section 1),Offensive weapons,A no further action disposal,,False
Person search,2021-09-07T01:46:00+00:00,False,,50.373080,-4.146524,Male,18-24,White - English/Welsh/Scottish/Northern Irish/British,White,Police and Criminal Evidence Act 1984 (section 1),Offensive weapons,A no further action disposal,,False
Person search,2021-09-07T09:45:00+00:00,True,,,,Male,25-34,White - English/Welsh/Scottish/Northern Irish/British,White,Misuse of Drugs Act 1971 (section 23),Controlled drugs,A no further action disposal,,False
Person search,2021-09-07T11:55:00+00:00,False,,50.391127,-4.054201,Male,18-24,,White,Police and Criminal Evidence Act 1984 (section 1),Firearms,A no further action disposal,True,False
Person search,2021-09-07T14:41:00+00:00,False,,50.437091,-3.569601,Male,25-34,White - English/Welsh/Scottish/Northern Irish/British,White,Misuse of Drugs Act 1971 (section 23),Controlled drugs,Community resolution,True,False
Person search,2021-09-07T16:12:00+00:00,False,,,,Male,25-34,,White,Police and Criminal Evidence Act 1984 (section 1),Stolen goods,A no further action disposal,,False
Person search,2021-09-07T16:12:00+00:00,False,,50.370202,-4.147013,Male,over 34,,White,Police and Criminal Evidence Act 1984 (section 1),Article for use in theft,A no further action disposal,,False
Person search,2021-09-07T18:18:00+00:00,False,,50.373805,-4.141381,Male,18-24,Black/African/Caribbean/Black British - Any other Black/African/Caribbean background,Black,Misuse of Drugs Act 1971 (section 23),Controlled drugs,A no further action disposal,,False
Vehicle search,2021-09-07T20:07:00+00:00,False,,50.859110,-3.390790,,,,,Misuse of Drugs Act 1971 (section 23),Controlled drugs,Arrest,True,
Person search,2021-09-07T20:30:00+00:00,False,,50.372756,-4.136327,Male,18-24,White - English/Welsh/Scottish/Northern Irish/British,White,Police and Criminal Evidence Act 1984 (section 1),Offensive weapons,Arrest,True,False
Person search,2021-09-07T21:18:00+00:00,False,,,,Male,10-17,White - English/Welsh/Scottish/Northern Irish/British,White,Misuse of Drugs Act 1971 (section 23),Controlled drugs,A no further action disposal,,False
Person search,2021-09-07T21:22:00+00:00,False,,,,Male,10-17,White - English/Welsh/Scottish/Northern Irish/British,White,Misuse of Drugs Act 1971 (section 23),Controlled drugs,A no further action disposal,,False
Person search,2021-09-07T21:42:00+00:00,False,,,,Male,over 34,White - English/Welsh/Scottish/Northern Irish/British,White,Misuse of Drugs Act 1971 (section 23),Controlled drugs,A no further action disposal,,False
Person and Vehicle search,2021-09-07T22:26:00+00:00,False,,50.334072,-4.778528,Male,25-34,White - English/Welsh/Scottish/Northern Irish/British,White,Misuse of Drugs Act 1971 (section 23),Controlled drugs,Community resolution,True,False
Person search,2021-09-07T22:27:00+00:00,False,,50.334072,-4.778528,Male,25-34,White - English/Welsh/Scottish/Northern Irish/British,White,Misuse of Drugs Act 1971 (section 23),Controlled drugs,Community resolution,True,False
Vehicle search,2021-09-07T22:30:00+00:00,False,,50.334072,-4.778528,,,,,Misuse of Drugs Act 1971 (section 23),Controlled drugs,A no further action disposal,True,
Person search,2021-09-08T10:30:00+00:00,False,,,,Male,over 34,,White,Misuse of Drugs Act 1971 (section 23),Controlled drugs,A no further action disposal,,False
Person search,2021-09-08T10:30:00+00:00,False,,,,Male,25-34,,White,Misuse of Drugs Act 1971 (section 23),Controlled drugs,A no further action disposal,,False
Person search,2021-09-08T10:40:00+00:00,False,,,,Male,25-34,White - English/Welsh/Scottish/Northern Irish/British,White,Misuse of Drugs Act 1971 (section 23),Controlled drugs,A no further action disposal,,False
Person search,2021-09-08T12:14:00+00:00,False,,,,Male,over 34,White - English/Welsh/Scottish/Northern Irish/British,White,Police and Criminal Evidence Act 1984 (section 1),Stolen goods,Arrest,True,False
Person search,2021-09-08T12:25:00+00:00,False,,51.066028,-4.080262,Female,over 34,White - English/Welsh/Scottish/Northern Irish/British,,Police and Criminal Evidence Act 1984 (section 1),Stolen goods,A no further action disposal,,False
Person search,2021-09-08T13:00:00+00:00,False,,51.076544,-4.057292,Male,,White - English/Welsh/Scottish/Northern Irish/British,White,Police and Criminal Evidence Act 1984 (section 1),Stolen goods,A no further action disposal,,False
Person search,2021-09-08T13:30:00+00:00,False,,,,Male,18-24,White - English/Welsh/Scottish/Northern Irish/British,,Misuse of Drugs Act 1971 (section 23),Controlled drugs,A no further action disposal,,False
Person search,2021-09-08T13:30:00+00:00,False,,50.124871,-5.538608,Female,18-24,White - English/Welsh/Scottish/Northern Irish/British,White,Misuse of Drugs Act 1971 (section 23),Controlled drugs,Arrest,True,False
Person search,2021-09-08T13:50:00+00:00,False,,50.124871,-5.538608,Female,10-17,White - English/Welsh/Scottish/Northern Irish/British,White,Misuse of Drugs Act 1971 (section 23),Controlled drugs,A no further action disposal,,False
Vehicle search,2021-09-08T14:32:00+00:00,False,,50.379345,-4.168553,,,,,Misuse of Drugs Act 1971 (section 23),Controlled drugs,A no further action disposal,False,
Person search,2021-09-08T16:20:00+00:00,False,,50.262639,-5.048892,Female,25-34,White - English/Welsh/Scottish/Northern Irish/British,White,Police and Criminal Evidence Act 1984 (section 1),Stolen goods,A no further action disposal,True,False
Person search,2021-09-08T18:10:00+00:00,False,,50.124871,-5.538608,Female,10-17,White - English/Welsh/Scottish/Northern Irish/British,White,Misuse of Drugs Act 1971 (section 23),Controlled drugs,A no further action disposal,,False
Person search,2021-09-08T18:10:00+00:00,False,,50.694160,-4.134447,Male,18-24,White - English/Welsh/Scottish/Northern Irish/British,White,Misuse of Drugs Act 1971 (section 23),Controlled drugs,Arrest,True,False
Person search,2021-09-08T18:20:00+00:00,False,,50.694160,-4.134447,Male,18-24,White - English/Welsh/Scottish/Northern Irish/British,White,Misuse of Drugs Act 1971 (section 23),Controlled drugs,Arrest,True,False
Person search,2021-09-08T20:30:00+00:00,False,,,,Female,10-17,,White,Misuse of Drugs Act 1971 (section 23),Controlled drugs,,,False
Person search,2021-09-08T20:30:00+00:00,False,,,,Male,10-17,,White,Misuse of Drugs Act 1971 (section 23),Controlled drugs,,True,False
Person search,2021-09-08T20:30:00+00:00,False,,,,Male,10-17,,White,Misuse of Drugs Act 1971 (section 23),Controlled drugs,,,False
Person search,2021-09-08T20:30:00+00:00,False,,,,Male,10-17,,White,Misuse of Drugs Act 1971 (section 23),Controlled drugs,,,False
Person search,2021-09-08T20:30:00+00:00,False,,,,Male,10-17,,White,Misuse of Drugs Act 1971 (section 23),Controlled drugs,,,False
Person search,2021-09-08T22:55:00+00:00,False,,50.372756,-4.136327,Male,18-24,,White,Misuse of Drugs Act 1971 (section 23),Controlled drugs,Arrest,True,False
Person search,2021-09-08T23:43:00+00:00,False,,50.416594,-4.137300,Male,over 34,White - English/Welsh/Scottish/Northern Irish/British,White,Police and Criminal Evidence Act 1984 (section 1),Article for use in theft,A no further action disposal,,False
Person search,2021-09-09T09:49:00+00:00,False,,,,Male,10-17,,White,Misuse of Drugs Act 1971 (section 23),Controlled drugs,,,False
Person search,2021-09-09T12:13:00+00:00,False,,50.718424,-3.476207,Male,18-24,White - English/Welsh/Scottish/Northern Irish/British,White,Police and Criminal Evidence Act 1984 (section 1),Articles for use in criminal damage,Arrest,True,False
Person search,2021-09-09T14:20:00+00:00,False,,,,Male,25-34,White - English/Welsh/Scottish/Northern Irish/British,White,Misuse of Drugs Act 1971 (section 23),Controlled drugs,A no further action disposal,,False
Person search,2021-09-09T14:25:00+00:00,False,,50.372756,-4.136327,Male,over 34,,White,Misuse of Drugs Act 1971 (section 23),Controlled drugs,Arrest,True,False
Person search,2021-09-09T15:14:00+00:00,False,,50.729789,-3.410293,Male,25-34,White - English/Welsh/Scottish/Northern Irish/British,White,Misuse of Drugs Act 1971 (section 23),Controlled drugs,A no further action disposal,,False
Person and Vehicle search,2021-09-09T15:45:00+00:00,False,,50.372756,-4.136327,Male,18-24,White - Irish,White,Misuse of Drugs Act 1971 (section 23),Controlled drugs,A no further action disposal,True,False
Person search,2021-09-09T15:45:00+00:00,False,,50.372266,-4.136544,Female,10-17,White - English/Welsh/Scottish/Northern Irish/British,White,Misuse of Drugs Act 1971 (section 23),Controlled drugs,,,False
Person and Vehicle search,2021-09-09T21:10:00+00:00,False,,50.732154,-3.525980,Male,18-24,White - English/Welsh/Scottish/Northern Irish/British,White,Police and Criminal Evidence Act 1984 (section 1),Article for use in theft,A no further action disposal,,False
Person search,2021-09-10T08:25:00+00:00,False,,50.470759,-3.540263,Male,25-34,,White,Misuse of Drugs Act 1971 (section 23),Controlled drugs,A no further action disposal,,False
Person search,2021-09-10T09:50:00+00:00,False,,50.229106,-5.245226,Male,25-34,White - English/Welsh/Scottish/Northern Irish/British,White,Misuse of Drugs Act 1971 (section 23),Controlled drugs,A no further action disposal,,False
Person search,2021-09-10T13:30:00+00:00,False,,,,Male,over 34,White - English/Welsh/Scottish/Northern Irish/British,White,Misuse of Drugs Act 1971 (section 23),Controlled drugs,A no further action disposal,,True
Person search,2021-09-10T14:30:00+00:00,False,,50.209689,-5.300219,Female,18-24,White - English/Welsh/Scottish/Northern Irish/British,White,Misuse of Drugs Act 1971 (section 23),Controlled drugs,A no further action disposal,,False
Person search,2021-09-10T17:35:00+00:00,False,,50.209689,-5.300219,Male,25-34,,White,Police and Criminal Evidence Act 1984 (section 1),Offensive weapons,Arrest,True,False
Person search,2021-09-10T18:15:00+00:00,False,,50.398913,-4.134281,Male,25-34,Mixed/Multiple ethnic groups - Any other Mixed/Multiple ethnic background,,Misuse of Drugs Act 1971 (section 23),Controlled drugs,Arrest,False,False
Person search,2021-09-10T18:25:00+00:00,False,,50.525730,-4.811521,Male,25-34,White - English/Welsh/Scottish/Northern Irish/British,White,Police and Criminal Evidence Act 1984 (section 1),Stolen goods,A no further action disposal,False,False
Person search,2021-09-10T20:12:00+00:00,False,,50.375351,-4.137513,Female,18-24,,White,Misuse of Drugs Act 1971 (section 23),Controlled drugs,Arrest,True,False
Person search,2021-09-10T20:30:00+00:00,False,,50.397840,-4.103797,Male,25-34,,White,Police and Criminal Evidence Act 1984 (section 1),Offensive weapons,Arrest,True,False
Person search,2021-09-10T21:15:00+00:00,False,,,,Male,over 34,White - English/Welsh/Scottish/Northern Irish/British,White,Police and Criminal Evidence Act 1984 (section 1),Offensive weapons,A no further action disposal,,False
Person search,2021-09-10T22:30:00+00:00,False,,50.721903,-3.534133,Male,25-34,White - English/Welsh/Scottish/Northern Irish/British,White,Police and Criminal Evidence Act 1984 (section 1),,A no further action disposal,True,False
Person search,2021-09-11T02:00:00+00:00,False,,50.829106,-4.543724,Male,,White - English/Welsh/Scottish/Northern Irish/British,White,Misuse of Drugs Act 1971 (section 23),Controlled drugs,Summons / charged by post,True,False
Person search,2021-09-11T02:34:00+00:00,False,,50.154019,-5.068883,Male,18-24,White - English/Welsh/Scottish/Northern Irish/British,White,Misuse of Drugs Act 1971 (section 23),Controlled drugs,A no further action disposal,True,False
Person search,2021-09-11T09:30:00+00:00,False,,,,Male,18-24,,White,Misuse of Drugs Act 1971 (section 23),Controlled drugs,A no further action disposal,,False
Person search,2021-09-11T14:35:00+00:00,False,,51.015830,-4.205606,Male,over 34,White - English/Welsh/Scottish/Northern Irish/British,White,Misuse of Drugs Act 1971 (section 23),Controlled drugs,Community resolution,True,False
Person search,2021-09-11T16:59:00+00:00,False,,50.377286,-4.144281,Male,,White - English/Welsh/Scottish/Northern Irish/British,White,Misuse of Drugs Act 1971 (section 23),Controlled drugs,A no further action disposal,,False
Person search,2021-09-11T17:00:00+00:00,True,,50.550328,-3.584976,Male,18-24,,White,Misuse of Drugs Act 1971 (section 23),Controlled drugs,A no further action disposal,,False
Person search,2021-09-11T21:50:00+00:00,False,,,,Male,25-34,White - English/Welsh/Scottish/Northern Irish/British,White,Police and Criminal Evidence Act 1984 (section 1),Offensive weapons,A no further action disposal,,False
Person search,2021-09-11T22:45:00+00:00,False,,50.372266,-4.136544,Male,18-24,Asian/Asian British - Indian,Asian,Misuse of Drugs Act 1971 (section 23),Controlled drugs,A no further action disposal,True,False
Person search,2021-09-11T22:45:00+00:00,False,,50.371351,-4.136433,Male,18-24,Asian/Asian British - Indian,Asian,Misuse of Drugs Act 1971 (section 23),Controlled drugs,A no further action disposal,True,False
Person search,2021-09-11T22:49:00+00:00,False,,50.381529,-4.133149,Male,18-24,Asian/Asian British - Bangladeshi,Asian,Misuse of Drugs Act 1971 (section 23),Controlled drugs,A no further action disposal,,False
Person search,2021-09-11T23:25:00+00:00,False,,,,Male,25-34,,White,Misuse of Drugs Act 1971 (section 23),Controlled drugs,A no further action disposal,True,False
Person search,2021-09-11T23:45:00+00:00,False,,,,Male,18-24,White - English/Welsh/Scottish/Northern Irish/British,White,Police and Criminal Evidence Act 1984 (section 1),Stolen goods,A no further action disposal,,False
Person search,2021-09-12T12:34:00+00:00,False,,50.372756,-4.136327,Male,25-34,White - English/Welsh/Scottish/Northern Irish/British,White,Misuse of Drugs Act 1971 (section 23),Controlled drugs,Community resolution,True,False
Person search,2021-09-12T14:56:00+00:00,False,,,,Female,over 34,,White,Police and Criminal Evidence Act 1984 (section 1),Stolen goods,A no further action disposal,,False
Person search,2021-09-12T15:15:00+00:00,False,,,,Male,10-17,,Other,Police and Criminal Evidence Act 1984 (section 1),Offensive weapons,A no further action disposal,,False
Person search,2021-09-12T15:15:00+00:00,False,,,,Male,10-17,White - English/Welsh/Scottish/Northern Irish/British,White,Police and Criminal Evidence Act 1984 (section 1),Offensive weapons,A no further action disposal,,False
Person search,2021-09-12T15:16:00+00:00,False,,50.410811,-4.133366,Male,10-17,,White,Police and Criminal Evidence Act 1984 (section 1),Offensive weapons,Arrest,False,False
Person search,2021-09-12T15:30:00+00:00,False,,50.372756,-4.136327,Male,10-17,White - English/Welsh/Scottish/Northern Irish/British,White,Police and Criminal Evidence Act 1984 (section 1),Offensive weapons,A no further action disposal,,False
Person search,2021-09-12T16:14:00+00:00,False,,50.375242,-4.148802,Female,25-34,White - English/Welsh/Scottish/Northern Irish/British,White,Misuse of Drugs Act 1971 (section 23),Controlled drugs,A no further action disposal,,False
Person search,2021-09-12T16:55:00+00:00,False,,50.410251,-4.134002,Male,10-17,White - English/Welsh/Scottish/Northern Irish/British,White,Police and Criminal Evidence Act 1984 (section 1),Offensive weapons,A no further action disposal,,False
Person search,2021-09-12T21:25:00+00:00,False,,50.470813,-3.552454,Male,25-34,White - English/Welsh/Scottish/Northern Irish/British,White,Police and Criminal Evidence Act 1984 (section 1),Offensive weapons,A no further action disposal,,False
Person search,2021-09-12T21:40:00+00:00,False,,50.338511,-4.786995,Male,18-24,,White,Misuse of Drugs Act 1971 (section 23),Controlled drugs,A no further action disposal,True,False
Person search,2021-09-12T21:40:00+00:00,False,,50.338511,-4.786995,Male,10-17,,White,Misuse of Drugs Act 1971 (section 23),Controlled drugs,A no further action disposal,True,False
Person search,2021-09-12T21:40:00+00:00,False,,50.338511,-4.786995,Male,10-17,,White,Misuse of Drugs Act 1971 (section 23),Controlled drugs,A no further action disposal,,False
Person search,2021-09-12T23:15:00+00:00,False,,50.903579,-3.482938,Female,25-34,,White,Misuse of Drugs Act 1971 (section 23),Controlled drugs,A no further action disposal,,False
Person search,2021-09-12T23:20:00+00:00,False,,50.469280,-3.543963,Male,18-24,,White,Misuse of Drugs Act 1971 (section 23),Controlled drugs,,True,False
Person search,2021-09-12T23:20:00+00:00,False,,,,Male,25-34,,White,Misuse of Drugs Act 1971 (section 23),Controlled drugs,A no further action disposal,,False
Person search,2021-09-13T00:37:00+00:00,False,,50.348050,-4.756627,Female,25-34,White - English/Welsh/Scottish/Northern Irish/British,White,Police and Criminal Evidence Act 1984 (section 1),Controlled drugs,A no further action disposal,,False
Vehicle search,2021-09-13T00:40:00+00:00,False,,50.348050,-4.756627,,,,,Misuse of Drugs Act 1971 (section 23),Controlled drugs,,,
Person search,2021-09-13T02:52:00+00:00,False,,50.379896,-4.151037,Female,25-34,White - English/Welsh/Scottish/Northern Irish/British,,Police and Criminal Evidence Act 1984 (section 1),Stolen goods,A no further action disposal,,False
Person and Vehicle search,2021-09-13T12:45:00+00:00,False,,,,Male,25-34,,Black,Misuse of Drugs Act 1971 (section 23),Controlled drugs,A no further action disposal,,False
Person search,2021-09-13T15:40:00+00:00,True,,50.718424,-3.476207,Male,over 34,White - English/Welsh/Scottish/Northern Irish/British,White,Misuse of Drugs Act 1971 (section 23),Controlled drugs,A no further action disposal,True,False
Person and Vehicle search,2021-09-13T18:14:00+00:00,False,,50.704451,-3.527601,Male,25-34,White - English/Welsh/Scottish/Northern Irish/British,White,Misuse of Drugs Act 1971 (section 23),Controlled drugs,Arrest,False,False
Person search,2021-09-14T01:39:00+00:00,False,,50.372756,-4.136327,Male,over 34,White - English/Welsh/Scottish/Northern Irish/British,White,Misuse of Drugs Act 1971 (section 23),Controlled drugs,Arrest,True,False
Person and Vehicle search,2021-09-14T13:05:00+00:00,False,,,,Male,25-34,,White,Police and Criminal Evidence Act 1984 (section 1),Controlled drugs,Arrest,True,False
Person and Vehicle search,2021-09-14T15:02:00+00:00,False,,50.375822,-4.183315,Male,over 34,White - English/Welsh/Scottish/Northern Irish/British,White,Misuse of Drugs Act 1971 (section 23),Controlled drugs,Community resolution,True,False
Person and Vehicle search,2021-09-14T15:11:00+00:00,False,,50.375822,-4.183315,Male,18-24,White - English/Welsh/Scottish/Northern Irish/British,White,Misuse of Drugs Act 1971 (section 23),Controlled drugs,A no further action disposal,,False
Person and Vehicle search,2021-09-14T16:48:00+00:00,False,,50.256446,-5.156412,Male,over 34,White - English/Welsh/Scottish/Northern Irish/British,White,Misuse of Drugs Act 1971 (section 23),Controlled drugs,A no further action disposal,False,False
Person and Vehicle search,2021-09-14T22:35:00+00:00,False,,50.656254,-3.563683,Male,18-24,White - English/Welsh/Scottish/Northern Irish/British,White,Misuse of Drugs Act 1971 (section 23),Controlled drugs,,,False
Person search,2021-09-15T11:00:00+00:00,False,,50.391127,-4.054201,Female,over 34,,White,Police and Criminal Evidence Act 1984 (section 1),Offensive weapons,,,False
Vehicle search,2021-09-16T01:46:00+00:00,False,,50.717650,-3.475517,,,,,Police and Criminal Evidence Act 1984 (section 1),Offensive weapons,Arrest,True,
Person search,2021-09-16T01:53:00+00:00,False,,50.372710,-4.137338,Male,18-24,White - English/Welsh/Scottish/Northern Irish/British,White,Misuse of Drugs Act 1971 (section 23),Controlled drugs,A no further action disposal,,False
Person search,2021-09-16T09:30:00+00:00,False,,50.372756,-4.136327,Male,over 34,White - English/Welsh/Scottish/Northern Irish/British,White,Misuse of Drugs Act 1971 (section 23),Controlled drugs,A no further action disposal,,False
Person search,2021-09-16T11:05:00+00:00,False,,50.720868,-3.477091,Male,over 34,White - English/Welsh/Scottish/Northern Irish/British,White,Police and Criminal Evidence Act 1984 (section 1),Offensive weapons,Arrest,True,False
Person search,2021-09-16T11:19:00+00:00,False,,50.720868,-3.477091,Male,over 34,White - English/Welsh/Scottish/Northern Irish/British,White,Police and Criminal Evidence Act 1984 (section 1),Stolen goods,Arrest,True,False
Person search,2021-09-16T11:20:00+00:00,False,,50.720318,-3.477910,Male,over 34,White - English/Welsh/Scottish/Northern Irish/British,White,Police and Criminal Evidence Act 1984 (section 1),Stolen goods,A no further action disposal,,False
Person search,2021-09-16T11:20:00+00:00,False,,50.720868,-3.477091,Male,over 34,,White,Police and Criminal Evidence Act 1984 (section 1),Controlled drugs,Arrest,True,True
Person search,2021-09-16T11:20:00+00:00,False,,50.720868,-3.477091,Male,over 34,White - English/Welsh/Scottish/Northern Irish/British,White,Misuse of Drugs Act 1971 (section 23),Controlled drugs,A no further action disposal,,False
Person search,2021-09-16T11:20:00+00:00,False,,50.720868,-3.477091,Male,over 34,White - English/Welsh/Scottish/Northern Irish/British,White,Police and Criminal Evidence Act 1984 (section 1),Article for use in theft,A no further action disposal,,False
Person search,2021-09-16T11:20:00+00:00,False,,50.720868,-3.477091,Male,over 34,White - English/Welsh/Scottish/Northern Irish/British,White,Police and Criminal Evidence Act 1984 (section 1),Article for use in theft,A no further action disposal,,False
Person search,2021-09-16T11:20:00+00:00,False,,50.720868,-3.477091,Male,over 34,Black/African/Caribbean/Black British - African,White,Police and Criminal Evidence Act 1984 (section 1),Controlled drugs,Arrest,True,False
Person search,2021-09-16T11:20:00+00:00,False,,50.720318,-3.477910,Male,over 34,White - English/Welsh/Scottish/Northern Irish/British,White,Police and Criminal Evidence Act 1984 (section 1),Stolen goods,Arrest,True,False
Person search,2021-09-16T11:21:00+00:00,False,,50.720868,-3.477091,Male,over 34,White - English/Welsh/Scottish/Northern Irish/British,White,Police and Criminal Evidence Act 1984 (section 1),Stolen goods,Arrest,True,False
Person search,2021-09-16T11:22:00+00:00,True,,50.720868,-3.477091,Male,over 34,White - English/Welsh/Scottish/Northern Irish/British,White,Police and Criminal Evidence Act 1984 (section 1),Stolen goods,Arrest,True,False
Person search,2021-09-16T11:23:00+00:00,False,,50.720868,-3.477091,Male,over 34,White - English/Welsh/Scottish/Northern Irish/British,White,Misuse of Drugs Act 1971 (section 23),Controlled drugs,Arrest,True,False
Person and Vehicle search,2021-09-16T14:00:00+00:00,False,,50.621751,-3.408953,Male,25-34,White - English/Welsh/Scottish/Northern Irish/British,White,Misuse of Drugs Act 1971 (section 23),Controlled drugs,Arrest,True,False
Person search,2021-09-16T14:00:00+00:00,False,,50.372756,-4.136327,Male,over 34,White - English/Welsh/Scottish/Northern Irish/British,White,Misuse of Drugs Act 1971 (section 23),Controlled drugs,A no further action disposal,,False
Person search,2021-09-16T14:00:00+00:00,False,,50.621751,-3.408953,Male,25-34,White - English/Welsh/Scottish/Northern Irish/British,White,Misuse of Drugs Act 1971 (section 23),Controlled drugs,A no further action disposal,,False
Person search,2021-09-16T15:30:00+00:00,False,,50.372266,-4.136544,Male,25-34,White - English/Welsh/Scottish/Northern Irish/British,White,Police and Criminal Evidence Act 1984 (section 1),Offensive weapons,A no further action disposal,True,False
Person search,2021-09-16T15:34:00+00:00,False,,50.724478,-3.533225,Male,25-34,White - English/Welsh/Scottish/Northern Irish/British,White,Misuse of Drugs Act 1971 (section 23),Controlled drugs,A no further action disposal,,False
Vehicle search,2021-09-16T18:45:00+00:00,False,,,,,,,,Misuse of Drugs Act 1971 (section 23),Controlled drugs,Arrest,True,
Person search,2021-09-16T18:52:00+00:00,False,,50.718516,-3.535892,Male,25-34,White - English/Welsh/Scottish/Northern Irish/British,White,Misuse of Drugs Act 1971 (section 23),Controlled drugs,A no further action disposal,False,False
Person and Vehicle search,2021-09-16T20:04:00+00:00,False,,51.065974,-4.158148,Male,over 34,White - English/Welsh/Scottish/Northern Irish/British,White,Police and Criminal Evidence Act 1984 (section 1),Stolen goods,A no further action disposal,,False
Person search,2021-09-16T21:30:00+00:00,False,,50.717650,-3.475517,Male,18-24,,,Police and Criminal Evidence Act 1984 (section 1),Offensive weapons,A no further action disposal,False,False
Person search,2021-09-16T21:31:00+00:00,False,,50.720404,-3.533220,Male,18-24,Mixed/Multiple ethnic groups - White and Black African,Black,Police and Criminal Evidence Act 1984 (section 1),Offensive weapons,Arrest,False,False
Person search,2021-09-17T02:30:00+00:00,False,,,,Male,25-34,White - English/Welsh/Scottish/Northern Irish/British,White,Misuse of Drugs Act 1971 (section 23),Controlled drugs,A no further action disposal,,False
Person search,2021-09-17T03:50:00+00:00,False,,,,Male,over 34,White - English/Welsh/Scottish/Northern Irish/British,White,Police and Criminal Evidence Act 1984 (section 1),Offensive weapons,A no further action disposal,,False
Person search,2021-09-17T07:57:00+00:00,False,,,,Male,10-17,White - English/Welsh/Scottish/Northern Irish/British,White,Misuse of Drugs Act 1971 (section 23),Controlled drugs,A no further action disposal,,False
Person search,2021-09-17T08:45:00+00:00,False,,50.634264,-3.391495,Female,over 34,White - English/Welsh/Scottish/Northern Irish/British,White,Misuse of Drugs Act 1971 (section 23),Controlled drugs,A no further action disposal,,False
Person search,2021-09-17T08:45:00+00:00,False,,50.621751,-3.408953,Male,10-17,White - English/Welsh/Scottish/Northern Irish/British,White,Misuse of Drugs Act 1971 (section 23),Controlled drugs,A no further action disposal,True,False
Person search,2021-09-17T09:20:00+00:00,False,,50.368609,-4.161130,Male,over 34,White - English/Welsh/Scottish/Northern Irish/British,White,Misuse of Drugs Act 1971 (section 23),Controlled drugs,A no further action disposal,,False
Person search,2021-09-17T18:30:00+00:00,False,,,,Male,over 34,,White,Misuse of Drugs Act 1971 (section 23),Controlled drugs,A no further action disposal,,False
Vehicle search,2021-09-17T20:14:00+00:00,False,,50.189995,-5.408551,,,,,Police and Criminal Evidence Act 1984 (section 1),Offensive weapons,A no further action disposal,False,
Vehicle search,2021-09-17T21:00:00+00:00,False,,,,,,,,Misuse of Drugs Act 1971 (section 23),Controlled drugs,Community resolution,True,
Person search,2021-09-17T21:25:00+00:00,False,,,,Male,18-24,White - English/Welsh/Scottish/Northern Irish/British,White,Misuse of Drugs Act 1971 (section 23),Controlled drugs,Community resolution,True,False
Person search,2021-09-17T21:25:00+00:00,False,,,,Male,18-24,White - English/Welsh/Scottish/Northern Irish/British,White,Misuse of Drugs Act 1971 (section 23),Controlled drugs,Community resolution,True,False
Person and Vehicle search,2021-09-17T22:34:00+00:00,False,,,,Female,18-24,White - English/Welsh/Scottish/Northern Irish/British,White,Misuse of Drugs Act 1971 (section 23),Controlled drugs,Community resolution,True,False
Person search,2021-09-17T22:50:00+00:00,False,,50.620134,-3.389311,Male,10-17,White - English/Welsh/Scottish/Northern Irish/British,White,Misuse of Drugs Act 1971 (section 23),Controlled drugs,A no further action disposal,True,False
Person search,2021-09-17T23:40:00+00:00,False,,50.527632,-3.613548,Male,25-34,White - English/Welsh/Scottish/Northern Irish/British,White,Police and Criminal Evidence Act 1984 (section 1),Offensive weapons,Arrest,False,False
Person search,2021-09-18T00:00:00+00:00,False,,50.471314,-3.538435,Male,25-34,White - English/Welsh/Scottish/Northern Irish/British,White,Misuse of Drugs Act 1971 (section 23),Controlled drugs,A no further action disposal,False,False
Person search,2021-09-18T00:54:00+00:00,False,,50.486584,-3.559512,Female,10-17,White - English/Welsh/Scottish/Northern Irish/British,White,Police and Criminal Evidence Act 1984 (section 1),Offensive weapons,A no further action disposal,,False
Person and Vehicle search,2021-09-18T00:56:00+00:00,False,,50.486584,-3.559512,Male,18-24,White - English/Welsh/Scottish/Northern Irish/British,White,Police and Criminal Evidence Act 1984 (section 1),Offensive weapons,A no further action disposal,False,False
Person search,2021-09-18T00:57:00+00:00,False,,51.078578,-4.056169,Male,25-34,White - English/Welsh/Scottish/Northern Irish/British,White,Misuse of Drugs Act 1971 (section 23),Controlled drugs,Community resolution,True,False
Person search,2021-09-18T01:00:00+00:00,False,,50.409431,-4.132136,Male,25-34,,White,Misuse of Drugs Act 1971 (section 23),Controlled drugs,Arrest,False,False
Person and Vehicle search,2021-09-18T01:00:00+00:00,False,,50.470620,-3.540611,Male,18-24,White - English/Welsh/Scottish/Northern Irish/British,White,Police and Criminal Evidence Act 1984 (section 1),Offensive weapons,A no further action disposal,True,False
Vehicle search,2021-09-18T01:05:00+00:00,False,,50.486584,-3.559512,,,,,Police and Criminal Evidence Act 1984 (section 1),Offensive weapons,A no further action disposal,,
Vehicle search,2021-09-18T08:15:00+00:00,False,,54.139001,-0.400002,,,,,Misuse of Drugs Act 1971 (section 23),Controlled drugs,Arrest,False,
Person search,2021-09-18T08:30:00+00:00,False,,,,Male,over 34,,Black,Misuse of Drugs Act 1971 (section 23),Controlled drugs,A no further action disposal,False,False
Person search,2021-09-18T14:00:00+00:00,False,,,,Male,over 34,White - English/Welsh/Scottish/Northern Irish/British,White,Misuse of Drugs Act 1971 (section 23),Controlled drugs,A no further action disposal,,False
Person search,2021-09-18T15:55:00+00:00,False,,50.265813,-5.056140,Male,10-17,,White,Police and Criminal Evidence Act 1984 (section 1),Stolen goods,A no further action disposal,,False
Person search,2021-09-18T16:00:00+00:00,False,,50.263241,-5.049969,Male,10-17,,White,Police and Criminal Evidence Act 1984 (section 1),Stolen goods,A no further action disposal,,False
Person search,2021-09-18T16:54:00+00:00,False,,,,Male,over 34,White - English/Welsh/Scottish/Northern Irish/British,White,Police and Criminal Evidence Act 1984 (section 1),Stolen goods,Community resolution,True,False
Person and Vehicle search,2021-09-18T18:22:00+00:00,False,,50.414903,-5.086581,Male,over 34,,White,Misuse of Drugs Act 1971 (section 23),Controlled drugs,A no further action disposal,,False
Person search,2021-09-18T18:45:00+00:00,False,,,,Male,over 34,,White,Misuse of Drugs Act 1971 (section 23),Controlled drugs,A no further action disposal,,False
Person search,2021-09-18T19:51:00+00:00,False,,,,Male,over 34,,White,Misuse of Drugs Act 1971 (section 23),Controlled drugs,Arrest,True,False
Person search,2021-09-19T00:10:00+00:00,False,,50.460612,-3.540455,Male,over 34,,White,Police and Criminal Evidence Act 1984 (section 1),Offensive weapons,A no further action disposal,,False
Person and Vehicle search,2021-09-19T09:40:00+00:00,False,,,,Male,25-34,,White,Police and Criminal Evidence Act 1984 (section 1),Offensive weapons,Arrest,True,False
Person search,2021-09-19T09:42:00+00:00,False,,,,Male,18-24,White - English/Welsh/Scottish/Northern Irish/British,White,Police and Criminal Evidence Act 1984 (section 1),Offensive weapons,Arrest,True,False
Person and Vehicle search,2021-09-19T14:50:00+00:00,False,,,,Male,over 34,White - English/Welsh/Scottish/Northern Irish/British,White,Misuse of Drugs Act 1971 (section 23),Controlled drugs,A no further action disposal,,False
Person search,2021-09-19T16:00:00+00:00,False,,,,Female,10-17,,White,Misuse of Drugs Act 1971 (section 23),Controlled drugs,A no further action disposal,False,False
Person search,2021-09-19T16:22:00+00:00,False,,50.470140,-3.540186,Male,25-34,,White,Police and Criminal Evidence Act 1984 (section 1),Stolen goods,A no further action disposal,True,False
Person and Vehicle search,2021-09-19T19:15:00+00:00,True,,50.718424,-3.476207,Male,18-24,White - English/Welsh/Scottish/Northern Irish/British,White,Misuse of Drugs Act 1971 (section 23),Controlled drugs,A no further action disposal,,False
Person search,2021-09-19T20:17:00+00:00,False,,50.470620,-3.540611,Male,10-17,White - English/Welsh/Scottish/Northern Irish/British,White,Police and Criminal Evidence Act 1984 (section 1),Article for use in theft,A no further action disposal,,False
Person search,2021-09-19T20:17:00+00:00,False,,50.470620,-3.540611,Male,10-17,White - English/Welsh/Scottish/Northern Irish/British,White,Police and Criminal Evidence Act 1984 (section 1),Stolen goods,A no further action disposal,,False
Person search,2021-09-19T20:18:00+00:00,False,,50.470620,-3.540611,Male,10-17,White - English/Welsh/Scottish/Northern Irish/British,White,Police and Criminal Evidence Act 1984 (section 1),Article for use in theft,A no further action disposal,,False
Person search,2021-09-19T22:44:00+00:00,True,,50.718424,-3.476207,Male,10-17,White - English/Welsh/Scottish/Northern Irish/British,White,Misuse of Drugs Act 1971 (section 23),Controlled drugs,A no further action disposal,,False
Person search,2021-09-20T00:05:00+00:00,False,,50.382237,-4.131830,Male,25-34,White - English/Welsh/Scottish/Northern Irish/British,White,Police and Criminal Evidence Act 1984 (section 1),Offensive weapons,Arrest,False,False
Person search,2021-09-20T00:10:00+00:00,False,,50.382237,-4.131830,Male,25-34,White - English/Welsh/Scottish/Northern Irish/British,White,Police and Criminal Evidence Act 1984 (section 1),Offensive weapons,A no further action disposal,,False
Person search,2021-09-20T01:54:00+00:00,False,,50.414382,-5.084857,Male,25-34,White - English/Welsh/Scottish/Northern Irish/British,White,Misuse of Drugs Act 1971 (section 23),Controlled drugs,A no further action disposal,,False
Person and Vehicle search,2021-09-20T01:54:00+00:00,False,,50.414631,-5.074104,Female,over 34,White - English/Welsh/Scottish/Northern Irish/British,White,Misuse of Drugs Act 1971 (section 23),Controlled drugs,A no further action disposal,,False
Person search,2021-09-20T03:09:00+00:00,False,,51.076132,-4.049508,Male,10-17,White - English/Welsh/Scottish/Northern Irish/British,White,Misuse of Drugs Act 1971 (section 23),Controlled drugs,A no further action disposal,,False
Vehicle search,2021-09-20T11:30:00+00:00,False,,50.372756,-4.136327,,,,,Misuse of Drugs Act 1971 (section 23),Controlled drugs,A no further action disposal,,
Vehicle search,2021-09-20T11:30:00+00:00,False,,,,,,,,Misuse of Drugs Act 1971 (section 23),Controlled drugs,A no further action disposal,,
Vehicle search,2021-09-20T11:30:00+00:00,False,,50.372266,-4.136544,,,,,Misuse of Drugs Act 1971 (section 23),Controlled drugs,A no further action disposal,,
Person search,2021-09-20T14:00:00+00:00,False,,50.372756,-4.136327,Male,18-24,,White,Misuse of Drugs Act 1971 (section 23),Controlled drugs,A no further action disposal,,False
Person search,2021-09-20T23:15:00+00:00,False,,,,Male,25-34,White - English/Welsh/Scottish/Northern Irish/British,White,Misuse of Drugs Act 1971 (section 23),Controlled drugs,A no further action disposal,True,False
Vehicle search,2021-09-21T02:05:00+00:00,False,,,,,,,,Misuse of Drugs Act 1971 (section 23),Controlled drugs,A no further action disposal,True,
Person and Vehicle search,2021-09-21T02:05:00+00:00,False,,50.161449,-5.086555,Male,25-34,White - English/Welsh/Scottish/Northern Irish/British,White,Misuse of Drugs Act 1971 (section 23),Controlled drugs,A no further action disposal,True,False
Person search,2021-09-21T09:30:00+00:00,False,,50.371774,-4.153427,Male,25-34,White - English/Welsh/Scottish/Northern Irish/British,White,Misuse of Drugs Act 1971 (section 23),Controlled drugs,A no further action disposal,,False
Person search,2021-09-21T11:30:00+00:00,False,,50.718424,-3.476207,Male,18-24,White - English/Welsh/Scottish/Northern Irish/British,White,Misuse of Drugs Act 1971 (section 23),Controlled drugs,Arrest,True,False
Person and Vehicle search,2021-09-21T11:30:00+00:00,False,,50.717650,-3.475517,Male,18-24,Black/African/Caribbean/Black British - Any other Black/African/Caribbean background,Black,Misuse of Drugs Act 1971 (section 23),Controlled drugs,Arrest,True,False
Person search,2021-09-21T12:20:00+00:00,False,,50.718424,-3.476207,Male,18-24,,White,Police and Criminal Evidence Act 1984 (section 1),Offensive weapons,A no further action disposal,,False
Person search,2021-09-21T13:51:00+00:00,False,,50.470620,-3.540611,Male,25-34,,White,Misuse of Drugs Act 1971 (section 23),Controlled drugs,A no further action disposal,,False
Person search,2021-09-21T14:30:00+00:00,False,,50.470759,-3.540263,Male,25-34,,White,Misuse of Drugs Act 1971 (section 23),Controlled drugs,A no further action disposal,,False
Person search,2021-09-21T14:57:00+00:00,False,,50.470759,-3.540263,Male,18-24,,White,Misuse of Drugs Act 1971 (section 23),Controlled drugs,A no further action disposal,,False
Person search,2021-09-21T17:15:00+00:00,False,,,,Male,18-24,White - English/Welsh/Scottish/Northern Irish/British,White,Police and Criminal Evidence Act 1984 (section 1),Offensive weapons,A no further action disposal,,False
Person search,2021-09-21T19:00:00+00:00,False,,50.804175,-4.378346,Female,over 34,White - English/Welsh/Scottish/Northern Irish/British,White,Police and Criminal Evidence Act 1984 (section 1),Offensive weapons,A no further action disposal,,False
Person search,2021-09-22T01:19:00+00:00,True,,50.391127,-4.054201,Male,18-24,White - English/Welsh/Scottish/Northern Irish/British,White,Police and Criminal Evidence Act 1984 (section 1),Offensive weapons,A no further action disposal,,False
Person search,2021-09-22T01:20:00+00:00,False,,50.372336,-4.135647,Male,18-24,,Asian,Police and Criminal Evidence Act 1984 (section 1),Offensive weapons,Arrest,False,False
Person search,2021-09-22T02:02:00+00:00,False,,50.468468,-3.560381,Male,18-24,,,Misuse of Drugs Act 1971 (section 23),Controlled drugs,A no further action disposal,,False
Person search,2021-09-22T10:25:00+00:00,False,,50.376033,-4.150300,Female,over 34,,Black,Misuse of Drugs Act 1971 (section 23),Controlled drugs,A no further action disposal,,False
Person search,2021-09-22T11:00:00+00:00,False,,,,Male,10-17,,White,Misuse of Drugs Act 1971 (section 23),Controlled drugs,A no further action disposal,,False
Person and Vehicle search,2021-09-22T12:00:00+00:00,False,,50.384061,-4.134374,Male,over 34,White - English/Welsh/Scottish/Northern Irish/British,White,Misuse of Drugs Act 1971 (section 23),Controlled drugs,A no further action disposal,,False
Vehicle search,2021-09-22T12:08:00+00:00,False,,50.464108,-3.543344,,,,,Misuse of Drugs Act 1971 (section 23),Controlled drugs,A no further action disposal,True,
Person search,2021-09-22T12:50:00+00:00,False,,50.371050,-4.161930,Male,25-34,White - English/Welsh/Scottish/Northern Irish/British,White,Misuse of Drugs Act 1971 (section 23),Controlled drugs,A no further action disposal,,False
Person search,2021-09-22T13:30:00+00:00,False,,,,Male,over 34,,White,Misuse of Drugs Act 1971 (section 23),Controlled drugs,A no further action disposal,True,False
Person search,2021-09-22T13:46:00+00:00,False,,50.724246,-3.526927,Male,10-17,,White,Misuse of Drugs Act 1971 (section 23),Controlled drugs,A no further action disposal,,False
Person and Vehicle search,2021-09-22T18:48:00+00:00,False,,,,Male,18-24,,,Misuse of Drugs Act 1971 (section 23),Controlled drugs,A no further action disposal,,False
Person search,2021-09-22T20:15:00+00:00,False,,50.372756,-4.136327,Male,over 34,White - English/Welsh/Scottish/Northern Irish/British,White,Misuse of Drugs Act 1971 (section 23),Controlled drugs,A no further action disposal,,False
Person and Vehicle search,2021-09-22T21:59:00+00:00,False,,50.216002,-5.318601,Male,25-34,White - English/Welsh/Scottish/Northern Irish/British,White,Misuse of Drugs Act 1971 (section 23),Controlled drugs,A no further action disposal,True,False
Vehicle search,2021-09-22T23:19:00+00:00,False,,50.369636,-4.151825,,,,,Police and Criminal Evidence Act 1984 (section 1),,A no further action disposal,False,
Person and Vehicle search,2021-09-23T00:55:00+00:00,False,,50.372756,-4.136327,Male,25-34,,Black,Misuse of Drugs Act 1971 (section 23),Controlled drugs,A no further action disposal,,False
Person search,2021-09-23T00:55:00+00:00,False,,50.372266,-4.136544,Male,18-24,,Asian,Misuse of Drugs Act 1971 (section 23),Controlled drugs,A no further action disposal,,False
Person search,2021-09-23T09:15:00+00:00,False,,50.896349,-3.497028,Male,25-34,White - English/Welsh/Scottish/Northern Irish/British,White,Misuse of Drugs Act 1971 (section 23),Controlled drugs,A no further action disposal,,False
Person and Vehicle search,2021-09-23T10:22:00+00:00,False,,,,Male,18-24,White - English/Welsh/Scottish/Northern Irish/British,White,Misuse of Drugs Act 1971 (section 23),Controlled drugs,A no further action disposal,,False
Person search,2021-09-23T12:00:00+00:00,False,,50.969044,-3.212884,Female,over 34,White - English/Welsh/Scottish/Northern Irish/British,White,Misuse of Drugs Act 1971 (section 23),Controlled drugs,Arrest,True,True
Person search,2021-09-23T12:30:00+00:00,True,,50.721903,-3.534133,Male,25-34,,White,Misuse of Drugs Act 1971 (section 23),Controlled drugs,A no further action disposal,,False
Person search,2021-09-23T12:30:00+00:00,True,,50.721903,-3.534133,Male,over 34,,White,Misuse of Drugs Act 1971 (section 23),Controlled drugs,A no further action disposal,,False
Person search,2021-09-23T17:05:00+00:00,False,,50.796473,-3.186559,Male,10-17,White - English/Welsh/Scottish/Northern Irish/British,White,Misuse of Drugs Act 1971 (section 23),Controlled drugs,A no further action disposal,,False
Person search,2021-09-23T20:52:00+00:00,False,,,,Male,over 34,,Black,Misuse of Drugs Act 1971 (section 23),Controlled drugs,Arrest,True,False
Person search,2021-09-23T22:09:00+00:00,True,,50.798783,-3.192861,Male,10-17,White - English/Welsh/Scottish/Northern Irish/British,White,Misuse of Drugs Act 1971 (section 23),Controlled drugs,A no further action disposal,True,False
Person search,2021-09-24T02:33:00+00:00,False,,,,Male,over 34,White - Any other White background,White,Police and Criminal Evidence Act 1984 (section 1),Offensive weapons,Arrest,True,False
Vehicle search,2021-09-24T06:52:00+00:00,False,,50.730842,-3.451942,,,,,Misuse of Drugs Act 1971 (section 23),Controlled drugs,Arrest,False,
Vehicle search,2021-09-24T06:56:00+00:00,False,,50.732256,-3.466184,,,,,Misuse of Drugs Act 1971 (section 23),Controlled drugs,A no further action disposal,,
Person search,2021-09-24T08:47:00+00:00,False,,50.399814,-5.055397,Male,over 34,,White,Police and Criminal Evidence Act 1984 (section 1),Stolen goods,Arrest,True,False
Person search,2021-09-24T08:47:00+00:00,False,,50.413699,-5.084841,Male,over 34,,White,Police and Criminal Evidence Act 1984 (section 1),Stolen goods,Arrest,True,False
Person search,2021-09-24T09:00:00+00:00,False,,,,Male,25-34,White - English/Welsh/Scottish/Northern Irish/British,White,Misuse of Drugs Act 1971 (section 23),Controlled drugs,Arrest,True,False
Vehicle search,2021-09-24T10:00:00+00:00,False,,50.424523,-4.409840,,,,,Misuse of Drugs Act 1971 (section 23),Controlled drugs,A no further action disposal,,
Person and Vehicle search,2021-09-24T10:35:00+00:00,False,,50.373281,-4.136112,Male,25-34,White - English/Welsh/Scottish/Northern Irish/British,White,Misuse of Drugs Act 1971 (section 23),Controlled drugs,A no further action disposal,,False
Person search,2021-09-24T10:48:00+00:00,False,,50.372752,-4.135553,Male,18-24,White - English/Welsh/Scottish/Northern Irish/British,White,Misuse of Drugs Act 1971 (section 23),Controlled drugs,A no further action disposal,,False
Person and Vehicle search,2021-09-24T11:12:00+00:00,False,,50.409617,-4.177380,Male,25-34,White - English/Welsh/Scottish/Northern Irish/British,White,Misuse of Drugs Act 1971 (section 23),Controlled drugs,A no further action disposal,,False
Person search,2021-09-24T13:30:00+00:00,False,,50.372756,-4.136327,Female,over 34,White - English/Welsh/Scottish/Northern Irish/British,White,Police and Criminal Evidence Act 1984 (section 1),Stolen goods,A no further action disposal,,False
Person search,2021-09-24T15:15:00+00:00,False,,50.390949,-3.510762,Male,25-34,,White,Misuse of Drugs Act 1971 (section 23),Controlled drugs,Arrest,True,False
Person and Vehicle search,2021-09-24T15:15:00+00:00,False,,50.390949,-3.510762,Male,over 34,,White,Misuse of Drugs Act 1971 (section 23),Controlled drugs,A no further action disposal,True,False
Person search,2021-09-24T15:20:00+00:00,False,,50.390325,-3.510377,Male,over 34,White - English/Welsh/Scottish/Northern Irish/British,White,Misuse of Drugs Act 1971 (section 23),Controlled drugs,A no further action disposal,True,False
Person search,2021-09-24T18:30:00+00:00,False,,50.582038,-3.476359,Male,10-17,,White,Misuse of Drugs Act 1971 (section 23),Controlled drugs,Arrest,True,False
Person search,2021-09-24T19:15:00+00:00,False,,50.372266,-4.136544,Male,18-24,White - English/Welsh/Scottish/Northern Irish/British,Black,Misuse of Drugs Act 1971 (section 23),Controlled drugs,A no further action disposal,,False
Person search,2021-09-24T19:15:00+00:00,False,,50.372266,-4.136544,Male,10-17,White - English/Welsh/Scottish/Northern Irish/British,White,Misuse of Drugs Act 1971 (section 23),Controlled drugs,A no further action disposal,,False
Person search,2021-09-24T19:30:00+00:00,False,,50.414631,-5.074104,Male,over 34,White - English/Welsh/Scottish/Northern Irish/British,White,Misuse of Drugs Act 1971 (section 23),Controlled drugs,A no further action disposal,,True
Person search,2021-09-24T20:07:00+00:00,False,,50.372266,-4.136544,Male,under 10,White - English/Welsh/Scottish/Northern Irish/British,White,Misuse of Drugs Act 1971 (section 23),Controlled drugs,A no further action disposal,,False
Person search,2021-09-24T23:15:00+00:00,False,,50.533738,-3.625229,Male,18-24,White - English/Welsh/Scottish/Northern Irish/British,White,Police and Criminal Evidence Act 1984 (section 1),Offensive weapons,A no further action disposal,,False
Person search,2021-09-25T00:40:00+00:00,False,,,,Male,over 34,,White,Police and Criminal Evidence Act 1984 (section 1),Offensive weapons,A no further action disposal,,False
Person and Vehicle search,2021-09-25T01:20:00+00:00,False,,50.829106,-4.543724,Male,18-24,,White,Misuse of Drugs Act 1971 (section 23),Controlled drugs,A no further action disposal,,False
Person search,2021-09-25T09:50:00+00:00,False,,50.470759,-3.540263,Male,over 34,,White,Misuse of Drugs Act 1971 (section 23),Controlled drugs,A no further action disposal,,False
Person search,2021-09-25T09:50:00+00:00,False,,50.470759,-3.540263,Male,over 34,,White,Misuse of Drugs Act 1971 (section 23),Controlled drugs,A no further action disposal,True,False
Person search,2021-09-25T13:10:00+00:00,True,,50.798783,-3.192861,Male,10-17,White - English/Welsh/Scottish/Northern Irish/British,White,Police and Criminal Evidence Act 1984 (section 1),Offensive weapons,A no further action disposal,,False
Person search,2021-09-25T17:46:00+00:00,False,,,,Male,under 10,White - English/Welsh/Scottish/Northern Irish/British,White,Police and Criminal Evidence Act 1984 (section 1),,A no further action disposal,,False
Person search,2021-09-25T18:20:00+00:00,False,,50.463289,-4.710213,Male,over 34,,White,Misuse of Drugs Act 1971 (section 23),Controlled drugs,Arrest,True,False
Person search,2021-09-25T19:50:00+00:00,False,,,,Female,25-34,White - English/Welsh/Scottish/Northern Irish/British,White,Misuse of Drugs Act 1971 (section 23),Controlled drugs,A no further action disposal,,False
Person search,2021-09-25T21:55:00+00:00,False,,50.374258,-4.137281,Male,over 34,White - English/Welsh/Scottish/Northern Irish/British,White,Misuse of Drugs Act 1971 (section 23),Controlled drugs,A no further action disposal,,False
Person and Vehicle search,2021-09-25T22:12:00+00:00,False,,,,Male,25-34,,White,Misuse of Drugs Act 1971 (section 23),Controlled drugs,Community resolution,True,False
Person search,2021-09-25T23:45:00+00:00,False,,,,Female,over 34,White - English/Welsh/Scottish/Northern Irish/British,White,Misuse of Drugs Act 1971 (section 23),Controlled drugs,A no further action disposal,,False
Person search,2021-09-26T00:07:00+00:00,False,,,,Female,over 34,,,Misuse of Drugs Act 1971 (section 23),Controlled drugs,A no further action disposal,,False
Person search,2021-09-26T01:02:00+00:00,False,,50.374002,-4.133078,Male,,,White,Misuse of Drugs Act 1971 (section 23),Controlled drugs,A no further action disposal,,False
Person search,2021-09-26T01:15:00+00:00,False,,50.907810,-3.481138,Male,10-17,,White,Police and Criminal Evidence Act 1984 (section 1),Articles for use in criminal damage,A no further action disposal,,False
Person search,2021-09-26T01:15:00+00:00,False,,50.904545,-3.474137,Male,10-17,,White,Police and Criminal Evidence Act 1984 (section 1),Articles for use in criminal damage,,,False
Person search,2021-09-26T01:15:00+00:00,False,,50.909235,-3.479434,Male,10-17,,White,Police and Criminal Evidence Act 1984 (section 1),Articles for use in criminal damage,A no further action disposal,,False
Person search,2021-09-26T09:55:00+00:00,False,,50.485964,-4.366062,Female,25-34,White - English/Welsh/Scottish/Northern Irish/British,White,Police and Criminal Evidence Act 1984 (section 1),Stolen goods,A no further action disposal,,False
Person search,2021-09-26T12:59:00+00:00,True,,50.485964,-4.366062,Male,25-34,White - English/Welsh/Scottish/Northern Irish/British,White,Police and Criminal Evidence Act 1984 (section 1),Stolen goods,A no further action disposal,,False
Person search,2021-09-26T18:20:00+00:00,False,,,,Male,18-24,White - English/Welsh/Scottish/Northern Irish/British,White,Police and Criminal Evidence Act 1984 (section 1),Offensive weapons,A no further action disposal,True,False
Person search,2021-09-26T19:25:00+00:00,False,,50.727725,-3.523526,Male,over 34,White - English/Welsh/Scottish/Northern Irish/British,White,Police and Criminal Evidence Act 1984 (section 1),Offensive weapons,A no further action disposal,,False
Person search,2021-09-26T20:00:00+00:00,False,,,,Male,25-34,,White,Misuse of Drugs Act 1971 (section 23),Controlled drugs,A no further action disposal,True,False
Person search,2021-09-26T20:40:00+00:00,False,,,,Male,25-34,,White,Misuse of Drugs Act 1971 (section 23),Controlled drugs,A no further action disposal,True,False
Person search,2021-09-26T20:40:00+00:00,False,,,,Male,over 34,,White,Misuse of Drugs Act 1971 (section 23),Controlled drugs,A no further action disposal,,False
Person search,2021-09-26T21:08:00+00:00,False,,50.798783,-3.192861,Male,10-17,White - English/Welsh/Scottish/Northern Irish/British,White,Police and Criminal Evidence Act 1984 (section 1),Stolen goods,,,False
Person search,2021-09-27T04:37:00+00:00,False,,,,Female,10-17,White - English/Welsh/Scottish/Northern Irish/British,White,Police and Criminal Evidence Act 1984 (section 1),Offensive weapons,A no further action disposal,,False
Person search,2021-09-27T08:24:00+00:00,False,,50.395809,-4.939647,Male,25-34,White - English/Welsh/Scottish/Northern Irish/British,White,Misuse of Drugs Act 1971 (section 23),Controlled drugs,A no further action disposal,,False
Person search,2021-09-27T08:24:00+00:00,False,,50.395809,-4.939647,Female,over 34,White - English/Welsh/Scottish/Northern Irish/British,White,Misuse of Drugs Act 1971 (section 23),Controlled drugs,A no further action disposal,,False
Person and Vehicle search,2021-09-27T14:00:00+00:00,False,,50.725568,-3.550093,Female,25-34,White - English/Welsh/Scottish/Northern Irish/British,White,Firearms Act 1968 (section 47),Firearms,A no further action disposal,,False
Person search,2021-09-27T15:00:00+00:00,False,,50.901913,-3.481677,Male,25-34,,White,Misuse of Drugs Act 1971 (section 23),Controlled drugs,A no further action disposal,,False
Person search,2021-09-27T16:00:00+00:00,False,,50.371351,-4.136433,Male,25-34,,White,Misuse of Drugs Act 1971 (section 23),Controlled drugs,A no further action disposal,True,False
Person search,2021-09-27T16:20:00+00:00,False,,50.376033,-4.150300,Male,25-34,White - English/Welsh/Scottish/Northern Irish/British,White,Misuse of Drugs Act 1971 (section 23),Controlled drugs,A no further action disposal,,False
Person search,2021-09-27T17:45:00+00:00,False,,,,Male,over 34,White - English/Welsh/Scottish/Northern Irish/British,Other,Misuse of Drugs Act 1971 (section 23),Controlled drugs,A no further action disposal,,False
Person search,2021-09-27T20:52:00+00:00,False,,50.721491,-3.531923,Male,10-17,White - English/Welsh/Scottish/Northern Irish/British,White,Misuse of Drugs Act 1971 (section 23),Controlled drugs,Arrest,True,False
Person search,2021-09-27T21:25:00+00:00,False,,50.410381,-4.222132,Male,18-24,White - English/Welsh/Scottish/Northern Irish/British,White,Misuse of Drugs Act 1971 (section 23),Controlled drugs,Community resolution,True,False
Vehicle search,2021-09-27T21:35:00+00:00,False,,,,,,,,Misuse of Drugs Act 1971 (section 23),Controlled drugs,Arrest,True,
Person and Vehicle search,2021-09-27T22:05:00+00:00,False,,50.718424,-3.476207,Male,25-34,,White,Misuse of Drugs Act 1971 (section 23),Controlled drugs,Arrest,True,False
Person search,2021-09-28T00:56:00+00:00,False,,,,Male,18-24,White - English/Welsh/Scottish/Northern Irish/British,White,Misuse of Drugs Act 1971 (section 23),Controlled drugs,A no further action disposal,True,False
Person search,2021-09-28T03:15:00+00:00,False,,50.718424,-3.476207,Male,25-34,White - English/Welsh/Scottish/Northern Irish/British,White,Misuse of Drugs Act 1971 (section 23),Controlled drugs,A no further action disposal,,False
Person search,2021-09-28T07:28:00+00:00,False,,50.372756,-4.136327,Male,25-34,White - English/Welsh/Scottish/Northern Irish/British,White,Misuse of Drugs Act 1971 (section 23),Controlled drugs,Arrest,False,False
Person search,2021-09-28T08:42:00+00:00,False,,50.789801,-3.655178,Male,10-17,White - English/Welsh/Scottish/Northern Irish/British,White,Misuse of Drugs Act 1971 (section 23),Controlled drugs,A no further action disposal,,False
Person search,2021-09-28T08:45:00+00:00,False,,50.791654,-3.666552,Male,over 34,,White,Misuse of Drugs Act 1971 (section 23),Controlled drugs,A no further action disposal,,False
Person and Vehicle search,2021-09-28T09:11:00+00:00,False,,50.372336,-4.135647,Male,over 34,White - English/Welsh/Scottish/Northern Irish/British,White,Misuse of Drugs Act 1971 (section 23),Controlled drugs,A no further action disposal,,False
Person search,2021-09-28T10:41:00+00:00,False,,51.076544,-4.057292,Male,10-17,White - English/Welsh/Scottish/Northern Irish/British,White,Misuse of Drugs Act 1971 (section 23),Controlled drugs,A no further action disposal,,False
Person search,2021-09-28T13:00:00+00:00,False,,50.482807,-3.550056,Male,25-34,White - English/Welsh/Scottish/Northern Irish/British,White,Police and Criminal Evidence Act 1984 (section 1),Offensive weapons,A no further action disposal,True,False
Person search,2021-09-28T16:05:00+00:00,False,,,,Male,25-34,White - English/Welsh/Scottish/Northern Irish/British,White,Police and Criminal Evidence Act 1984 (section 1),Stolen goods,A no further action disposal,,False
Person and Vehicle search,2021-09-28T18:04:00+00:00,False,,50.159190,-5.083889,Female,25-34,White - English/Welsh/Scottish/Northern Irish/British,White,Misuse of Drugs Act 1971 (section 23),Controlled drugs,A no further action disposal,False,False
Person search,2021-09-28T18:27:00+00:00,False,,50.700014,-3.493202,Male,over 34,White - English/Welsh/Scottish/Northern Irish/British,White,Misuse of Drugs Act 1971 (section 23),Controlled drugs,A no further action disposal,,False
Person search,2021-09-28T19:00:00+00:00,False,,51.076544,-4.057292,Male,10-17,White - English/Welsh/Scottish/Northern Irish/British,,Misuse of Drugs Act 1971 (section 23),Controlled drugs,A no further action disposal,,False
Person search,2021-09-28T19:00:00+00:00,False,,51.075486,-4.063227,Male,10-17,White - English/Welsh/Scottish/Northern Irish/British,White,Misuse of Drugs Act 1971 (section 23),Controlled drugs,A no further action disposal,,False
Person and Vehicle search,2021-09-28T19:45:00+00:00,False,,50.718424,-3.476207,Female,over 34,Black/African/Caribbean/Black British - Any other Black/African/Caribbean background,Black,Misuse of Drugs Act 1971 (section 23),Controlled drugs,Arrest,True,False
Person search,2021-09-28T21:00:00+00:00,False,,50.410218,-4.130904,Male,over 34,White - English/Welsh/Scottish/Northern Irish/British,White,Police and Criminal Evidence Act 1984 (section 1),Offensive weapons,A no further action disposal,,False
Person search,2021-09-28T22:45:00+00:00,False,,,,Male,25-34,,White,Misuse of Drugs Act 1971 (section 23),Controlled drugs,Arrest,True,False
Person search,2021-09-28T22:45:00+00:00,False,,,,Male,25-34,,White,Misuse of Drugs Act 1971 (section 23),Controlled drugs,Arrest,True,False
Person search,2021-09-29T00:30:00+00:00,False,,50.372266,-4.136544,Female,25-34,White - English/Welsh/Scottish/Northern Irish/British,White,Police and Criminal Evidence Act 1984 (section 1),Offensive weapons,Arrest,False,False
Person search,2021-09-29T00:36:00+00:00,False,,,,Male,10-17,,,Police and Criminal Evidence Act 1984 (section 1),Article for use in theft,Arrest,True,False
Person search,2021-09-29T12:28:00+00:00,False,,50.216221,-5.300502,Male,25-34,White - English/Welsh/Scottish/Northern Irish/British,White,Misuse of Drugs Act 1971 (section 23),Controlled drugs,Arrest,True,False
Person search,2021-09-29T12:38:00+00:00,True,,50.720868,-3.477091,Male,25-34,White - English/Welsh/Scottish/Northern Irish/British,White,Police and Criminal Evidence Act 1984 (section 1),Stolen goods,A no further action disposal,,False
Person search,2021-09-29T13:00:00+00:00,False,,50.338511,-4.786995,Female,18-24,White - English/Welsh/Scottish/Northern Irish/British,White,Misuse of Drugs Act 1971 (section 23),Controlled drugs,A no further action disposal,True,False
Person search,2021-09-29T13:09:00+00:00,False,,,,Male,over 34,White - English/Welsh/Scottish/Northern Irish/British,White,Misuse of Drugs Act 1971 (section 23),Stolen goods,Community resolution,False,False
Person search,2021-09-29T15:50:00+00:00,False,,,,Male,over 34,White - English/Welsh/Scottish/Northern Irish/British,White,Misuse of Drugs Act 1971 (section 23),Controlled drugs,Community resolution,True,False
Person and Vehicle search,2021-09-29T17:52:00+00:00,False,,50.629799,-4.372444,Female,18-24,,White,Misuse of Drugs Act 1971 (section 23),Controlled drugs,A no further action disposal,,False
Person search,2021-09-29T18:20:00+00:00,False,,50.629799,-4.372444,Male,18-24,,White,Misuse of Drugs Act 1971 (section 23),Controlled drugs,Community resolution,True,False
Person search,2021-09-29T18:42:00+00:00,False,,50.629799,-4.372444,Male,over 34,,White,Misuse of Drugs Act 1971 (section 23),Controlled drugs,Community resolution,True,False
Person search,2021-09-29T19:21:00+00:00,False,,50.629799,-4.372444,Male,25-34,,White,Misuse of Drugs Act 1971 (section 23),Controlled drugs,A no further action disposal,,False
Person search,2021-09-29T20:30:00+00:00,False,,50.721386,-3.533776,Male,25-34,White - English/Welsh/Scottish/Northern Irish/British,White,Police and Criminal Evidence Act 1984 (section 1),Stolen goods,A no further action disposal,,False
Person search,2021-09-29T20:58:00+00:00,False,,50.621733,-3.408175,Female,18-24,White - English/Welsh/Scottish/Northern Irish/British,White,Misuse of Drugs Act 1971 (section 23),Controlled drugs,A no further action disposal,True,False
Person search,2021-09-29T21:36:00+00:00,False,,50.372756,-4.136327,Male,over 34,White - English/Welsh/Scottish/Northern Irish/British,White,Misuse of Drugs Act 1971 (section 23),Controlled drugs,A no further action disposal,,False
Person search,2021-09-29T22:31:00+00:00,False,,50.372266,-4.136544,Male,over 34,White - Irish,White,Misuse of Drugs Act 1971 (section 23),Controlled drugs,A no further action disposal,,True
Person search,2021-09-29T23:15:00+00:00,False,,50.359694,-4.454782,Male,over 34,,White,Misuse of Drugs Act 1971 (section 23),Controlled drugs,A no further action disposal,,False
Person search,2021-09-29T23:39:00+00:00,False,,50.441284,-3.558727,Male,25-34,Black/African/Caribbean/Black British - African,Black,Misuse of Drugs Act 1971 (section 23),Controlled drugs,A no further action disposal,,False
Person search,2021-09-30T01:00:00+00:00,False,,,,Male,25-34,White - English/Welsh/Scottish/Northern Irish/British,White,Police and Criminal Evidence Act 1984 (section 1),Offensive weapons,Arrest,False,False
Vehicle search,2021-09-30T01:39:00+00:00,False,,50.343156,-5.156117,,,,,Police and Criminal Evidence Act 1984 (section 1),Articles for use in criminal damage,Arrest,True,
Person search,2021-09-30T02:15:00+00:00,False,,,,Male,25-34,White - English/Welsh/Scottish/Northern Irish/British,White,Police and Criminal Evidence Act 1984 (section 1),Offensive weapons,Arrest,True,False
Person search,2021-09-30T08:00:00+00:00,False,,,,Female,over 34,White - English/Welsh/Scottish/Northern Irish/British,White,Misuse of Drugs Act 1971 (section 23),Controlled drugs,A no further action disposal,,False
Person search,2021-09-30T08:15:00+00:00,False,,50.798783,-3.192861,Male,10-17,White - English/Welsh/Scottish/Northern Irish/British,White,Misuse of Drugs Act 1971 (section 23),Controlled drugs,A no further action disposal,,False
Person search,2021-09-30T10:03:00+00:00,False,,50.667666,-3.317923,Female,18-24,White - English/Welsh/Scottish/Northern Irish/British,White,Police and Criminal Evidence Act 1984 (section 1),Offensive weapons,A no further action disposal,,False
Person search,2021-09-30T12:41:00+00:00,False,,50.470759,-3.540263,Male,10-17,,White,Misuse of Drugs Act 1971 (section 23),Controlled drugs,Arrest,True,False
Person search,2021-09-30T12:42:00+00:00,False,,50.460106,-3.500708,Male,10-17,White - English/Welsh/Scottish/Northern Irish/British,White,Misuse of Drugs Act 1971 (section 23),Controlled drugs,A no further action disposal,True,False
Person search,2021-09-30T13:00:00+00:00,False,,50.527684,-3.613014,Male,over 34,White - English/Welsh/Scottish/Northern Irish/British,White,Misuse of Drugs Act 1971 (section 23),Controlled drugs,A no further action disposal,,False
Person search,2021-09-30T13:38:00+00:00,False,,,,Male,over 34,White - English/Welsh/Scottish/Northern Irish/British,White,Misuse of Drugs Act 1971 (section 23),Controlled drugs,A no further action disposal,False,False
Person search,2021-09-30T15:45:00+00:00,False,,,,Male,10-17,White - English/Welsh/Scottish/Northern Irish/British,White,Police and Criminal Evidence Act 1984 (section 1),Offensive weapons,A no further action disposal,,False
Person search,2021-09-30T21:38:00+00:00,False,,,,Male,10-17,,White,Police and Criminal Evidence Act 1984 (section 1),Offensive weapons,A no further action disposal,True,False
Person and Vehicle search,2021-09-30T22:14:00+00:00,False,,50.715634,-3.472125,Male,25-34,White - English/Welsh/Scottish/Northern Irish/British,White,Misuse of Drugs Act 1971 (section 23),Controlled drugs,Arrest,True,False
