Type,Date,Part of a policing operation,Policing operation,Latitude,Longitude,Gender,Age range,Self-defined ethnicity,Officer-defined ethnicity,Legislation,Object of search,Outcome,Outcome linked to object of search,Removal of more than just outer clothing
Person search,2021-08-31T23:00:00+00:00,,,51.676631,-4.138451,Female,10-17,White - English/Welsh/Scottish/Northern Irish/British,White,Police and Criminal Evidence Act 1984 (section 1),Stolen goods,Caution (simple or conditional),,False
Person search,2021-08-31T23:00:00+00:00,,,51.676631,-4.138451,Female,10-17,White - English/Welsh/Scottish/Northern Irish/British,White,Police and Criminal Evidence Act 1984 (section 1),Stolen goods,Caution (simple or conditional),True,False
Person search,2021-08-31T23:00:00+00:00,,,,,Male,18-24,White - English/Welsh/Scottish/Northern Irish/British,White,Police and Criminal Evidence Act 1984 (section 1),Offensive weapons,Arrest,True,True
Person search,2021-09-01T23:00:00+00:00,,,52.412096,-4.082684,Male,25-34,Mixed/Multiple ethnic groups - White and Black Caribbean,Black,Misuse of Drugs Act 1971 (section 23),Controlled drugs,Community resolution,True,False
Person search,2021-09-01T23:00:00+00:00,,,51.947286,-3.391294,Male,18-24,White - English/Welsh/Scottish/Northern Irish/British,White,Police and Criminal Evidence Act 1984 (section 1),Article for use in theft,A no further action disposal,,False
Person search,2021-09-02T23:00:00+00:00,,,,,Male,25-34,White - English/Welsh/Scottish/Northern Irish/British,White,Misuse of Drugs Act 1971 (section 23),Controlled drugs,A no further action disposal,,False
Person search,2021-09-02T23:00:00+00:00,,,,,Male,over 34,White - English/Welsh/Scottish/Northern Irish/British,White,Misuse of Drugs Act 1971 (section 23),Controlled drugs,Summons / charged by post,True,False
Person search,2021-09-03T23:00:00+00:00,,,51.856644,-4.307247,Male,18-24,White - English/Welsh/Scottish/Northern Irish/British,White,Misuse of Drugs Act 1971 (section 23),Controlled drugs,Arrest,True,False
Person and Vehicle search,2021-09-03T23:00:00+00:00,,,52.373469,-4.081629,Male,25-34,Other ethnic group - Not stated,White,Misuse of Drugs Act 1971 (section 23),Controlled drugs,A no further action disposal,,False
Person search,2021-09-03T23:00:00+00:00,,,52.660579,-3.143367,Male,18-24,Other ethnic group - Not stated,White,Misuse of Drugs Act 1971 (section 23),Controlled drugs,A no further action disposal,,False
Person and Vehicle search,2021-09-03T23:00:00+00:00,,,52.083088,-4.641831,Female,18-24,White - English/Welsh/Scottish/Northern Irish/British,White,Misuse of Drugs Act 1971 (section 23),Controlled drugs,A no further action disposal,,False
Person search,2021-09-03T23:00:00+00:00,,,51.707999,-4.038697,Male,over 34,White - English/Welsh/Scottish/Northern Irish/British,White,Police and Criminal Evidence Act 1984 (section 1),Articles for use in criminal damage,A no further action disposal,,False
Person search,2021-09-04T23:00:00+00:00,,,52.413485,-4.080382,Male,18-24,White - English/Welsh/Scottish/Northern Irish/British,White,Misuse of Drugs Act 1971 (section 23),Offensive weapons,A no further action disposal,,False
Person search,2021-09-04T23:00:00+00:00,,,52.394161,-3.333634,Male,18-24,Mixed/Multiple ethnic groups - White and Black Caribbean,Black,Misuse of Drugs Act 1971 (section 23),Controlled drugs,A no further action disposal,,False
Person search,2021-09-04T23:00:00+00:00,,,52.413485,-4.080382,Male,10-17,White - English/Welsh/Scottish/Northern Irish/British,White,Misuse of Drugs Act 1971 (section 23),Offensive weapons,A no further action disposal,,False
Person search,2021-09-04T23:00:00+00:00,,,51.856644,-4.307247,Male,18-24,White - English/Welsh/Scottish/Northern Irish/British,White,Misuse of Drugs Act 1971 (section 23),Controlled drugs,Arrest,True,False
Person search,2021-09-04T23:00:00+00:00,,,52.394161,-3.333634,Female,over 34,White - English/Welsh/Scottish/Northern Irish/British,White,Misuse of Drugs Act 1971 (section 23),Controlled drugs,A no further action disposal,,False
Vehicle search,2021-09-04T23:00:00+00:00,,,,,,,,,Misuse of Drugs Act 1971 (section 23),Controlled drugs,A no further action disposal,,False
Person search,2021-09-04T23:00:00+00:00,,,52.414143,-4.085927,Male,10-17,White - English/Welsh/Scottish/Northern Irish/British,White,Police and Criminal Evidence Act 1984 (section 1),Offensive weapons,A no further action disposal,,True
Person search,2021-09-04T23:00:00+00:00,,,52.414143,-4.085927,Male,18-24,White - English/Welsh/Scottish/Northern Irish/British,White,Police and Criminal Evidence Act 1984 (section 1),Offensive weapons,A no further action disposal,,False
Person search,2021-09-04T23:00:00+00:00,,,52.414143,-4.085927,Male,18-24,White - English/Welsh/Scottish/Northern Irish/British,White,Police and Criminal Evidence Act 1984 (section 1),Offensive weapons,A no further action disposal,,True
Person search,2021-09-05T23:00:00+00:00,,,52.112206,-4.078415,Male,10-17,White - English/Welsh/Scottish/Northern Irish/British,White,Police and Criminal Evidence Act 1984 (section 1),Article for use in theft,Community resolution,False,False
Person search,2021-09-05T23:00:00+00:00,,,51.792518,-4.979207,Male,25-34,White - English/Welsh/Scottish/Northern Irish/British,White,Misuse of Drugs Act 1971 (section 23),Controlled drugs,Arrest,,False
Person search,2021-09-05T23:00:00+00:00,,,51.674843,-4.161437,Male,10-17,Other ethnic group - Not stated,White,Police and Criminal Evidence Act 1984 (section 1),Offensive weapons,A no further action disposal,,False
Person and Vehicle search,2021-09-05T23:00:00+00:00,,,51.969691,-4.647631,Male,18-24,White - English/Welsh/Scottish/Northern Irish/British,White,Misuse of Drugs Act 1971 (section 23),Controlled drugs,A no further action disposal,,False
Person and Vehicle search,2021-09-06T23:00:00+00:00,,,52.515852,-3.430338,Male,over 34,White - English/Welsh/Scottish/Northern Irish/British,White,Misuse of Drugs Act 1971 (section 23),Controlled drugs,Arrest,True,False
Person search,2021-09-06T23:00:00+00:00,,,,,Male,10-17,White - English/Welsh/Scottish/Northern Irish/British,White,Police and Criminal Evidence Act 1984 (section 1),Offensive weapons,A no further action disposal,,False
Person search,2021-09-06T23:00:00+00:00,,,52.515379,-3.316155,Male,18-24,White - English/Welsh/Scottish/Northern Irish/British,White,Police and Criminal Evidence Act 1984 (section 1),Offensive weapons,A no further action disposal,,False
Person search,2021-09-06T23:00:00+00:00,,,51.969691,-4.647631,Male,18-24,White - English/Welsh/Scottish/Northern Irish/British,White,Misuse of Drugs Act 1971 (section 23),Controlled drugs,A no further action disposal,,False
Person and Vehicle search,2021-09-06T23:00:00+00:00,,,52.405021,-4.049199,Male,18-24,Asian/Asian British - Pakistani,Asian,Misuse of Drugs Act 1971 (section 23),Controlled drugs,A no further action disposal,,False
Person search,2021-09-06T23:00:00+00:00,,,52.405021,-4.049199,Male,18-24,Other ethnic group - Not stated,Asian,Misuse of Drugs Act 1971 (section 23),Controlled drugs,A no further action disposal,True,True
Person search,2021-09-07T23:00:00+00:00,,,51.693399,-4.140081,Male,10-17,White - English/Welsh/Scottish/Northern Irish/British,White,,Offensive weapons,,,False
Person search,2021-09-07T23:00:00+00:00,,,52.083225,-4.491055,Male,25-34,White - English/Welsh/Scottish/Northern Irish/British,White,Misuse of Drugs Act 1971 (section 23),Controlled drugs,A no further action disposal,,False
Person search,2021-09-07T23:00:00+00:00,,,,,Male,18-24,White - English/Welsh/Scottish/Northern Irish/British,White,Police and Criminal Evidence Act 1984 (section 1),Article for use in theft,A no further action disposal,,False
Person search,2021-09-07T23:00:00+00:00,,,52.049215,-4.490650,Male,over 34,White - English/Welsh/Scottish/Northern Irish/British,White,Misuse of Drugs Act 1971 (section 23),Controlled drugs,A no further action disposal,,False
Person and Vehicle search,2021-09-07T23:00:00+00:00,,,51.702099,-4.771486,Male,over 34,White - English/Welsh/Scottish/Northern Irish/British,White,Misuse of Drugs Act 1971 (section 23),Controlled drugs,Arrest,,False
Person search,2021-09-07T23:00:00+00:00,,,52.083225,-4.491055,Male,25-34,White - English/Welsh/Scottish/Northern Irish/British,White,Misuse of Drugs Act 1971 (section 23),Controlled drugs,A no further action disposal,,False
Vehicle search,2021-09-08T23:00:00+00:00,,,51.799921,-4.846734,,,,,Police and Criminal Evidence Act 1984 (section 1),Stolen goods,Arrest,,False
Person search,2021-09-08T23:00:00+00:00,,,,,Male,over 34,White - English/Welsh/Scottish/Northern Irish/British,White,Police and Criminal Evidence Act 1984 (section 1),Offensive weapons,Arrest,,False
Person search,2021-09-09T23:00:00+00:00,,,52.084404,-4.661645,Male,10-17,White - English/Welsh/Scottish/Northern Irish/British,White,Police and Criminal Evidence Act 1984 (section 1),Stolen goods,A no further action disposal,,False
Person search,2021-09-09T23:00:00+00:00,,,52.113877,-4.075923,Male,10-17,White - English/Welsh/Scottish/Northern Irish/British,White,Misuse of Drugs Act 1971 (section 23),Controlled drugs,Caution (simple or conditional),True,False
Person search,2021-09-10T23:00:00+00:00,,,52.080437,-4.656110,Male,10-17,White - English/Welsh/Scottish/Northern Irish/British,White,Police and Criminal Evidence Act 1984 (section 1),Article for use in theft,A no further action disposal,,False
Person and Vehicle search,2021-09-10T23:00:00+00:00,,,52.412221,-4.081205,Male,over 34,,White,Misuse of Drugs Act 1971 (section 23),Controlled drugs,Arrest,,False
Person search,2021-09-10T23:00:00+00:00,,,52.412221,-4.081205,Male,over 34,White - English/Welsh/Scottish/Northern Irish/British,White,Misuse of Drugs Act 1971 (section 23),Controlled drugs,A no further action disposal,,False
Person search,2021-09-10T23:00:00+00:00,,,52.515999,-3.315348,Male,18-24,Other ethnic group - Not stated,White,Misuse of Drugs Act 1971 (section 23),Controlled drugs,A no further action disposal,,False
Person search,2021-09-10T23:00:00+00:00,,,52.409833,-4.076902,Male,over 34,White - English/Welsh/Scottish/Northern Irish/British,White,Misuse of Drugs Act 1971 (section 23),Controlled drugs,Community resolution,True,False
Person and Vehicle search,2021-09-10T23:00:00+00:00,,,52.081909,-4.681275,Male,25-34,White - English/Welsh/Scottish/Northern Irish/British,White,Misuse of Drugs Act 1971 (section 23),Controlled drugs,A no further action disposal,,False
Person search,2021-09-10T23:00:00+00:00,,,51.685245,-4.114639,Male,25-34,White - English/Welsh/Scottish/Northern Irish/British,White,,Offensive weapons,Arrest,,False
Person search,2021-09-10T23:00:00+00:00,,,,,Female,over 34,White - English/Welsh/Scottish/Northern Irish/British,White,Misuse of Drugs Act 1971 (section 23),Controlled drugs,,,False
Person search,2021-09-10T23:00:00+00:00,,,,,Male,over 34,White - English/Welsh/Scottish/Northern Irish/British,White,Misuse of Drugs Act 1971 (section 23),Controlled drugs,,,False
Person and Vehicle search,2021-09-11T23:00:00+00:00,,,52.511297,-3.320203,Male,over 34,White - English/Welsh/Scottish/Northern Irish/British,White,Police and Criminal Evidence Act 1984 (section 1),Stolen goods,Arrest,False,False
Person and Vehicle search,2021-09-11T23:00:00+00:00,,,51.725715,-4.717292,Male,18-24,White - English/Welsh/Scottish/Northern Irish/British,White,Misuse of Drugs Act 1971 (section 23),Controlled drugs,A no further action disposal,True,False
Person and Vehicle search,2021-09-11T23:00:00+00:00,,,51.799921,-4.846734,Male,over 34,Other ethnic group - Not stated,White,Police and Criminal Evidence Act 1984 (section 1),Stolen goods,Arrest,,False
Vehicle search,2021-09-11T23:00:00+00:00,,,51.725715,-4.717292,,,,,Misuse of Drugs Act 1971 (section 23),Controlled drugs,Arrest,True,False
Person search,2021-09-11T23:00:00+00:00,,,52.240998,-3.452765,Male,over 34,Other ethnic group - Not stated,White,Police and Criminal Evidence Act 1984 (section 1),Stolen goods,Arrest,,False
Person search,2021-09-11T23:00:00+00:00,,,52.405021,-4.049199,Male,over 34,White - English/Welsh/Scottish/Northern Irish/British,White,Misuse of Drugs Act 1971 (section 23),Controlled drugs,A no further action disposal,,False
Person and Vehicle search,2021-09-11T23:00:00+00:00,,,52.405021,-4.049199,Female,over 34,White - English/Welsh/Scottish/Northern Irish/British,White,Misuse of Drugs Act 1971 (section 23),Controlled drugs,A no further action disposal,True,False
Person and Vehicle search,2021-09-12T23:00:00+00:00,,,52.675922,-3.120117,Male,over 34,White - English/Welsh/Scottish/Northern Irish/British,White,Misuse of Drugs Act 1971 (section 23),Controlled drugs,Summons / charged by post,True,False
Person search,2021-09-12T23:00:00+00:00,,,52.660032,-3.146931,Male,25-34,White - English/Welsh/Scottish/Northern Irish/British,White,Misuse of Drugs Act 1971 (section 23),Controlled drugs,A no further action disposal,,False
Person search,2021-09-12T23:00:00+00:00,,,,,Female,over 34,White - English/Welsh/Scottish/Northern Irish/British,White,Police and Criminal Evidence Act 1984 (section 1),Stolen goods,Community resolution,False,False
Person search,2021-09-12T23:00:00+00:00,,,51.947372,-3.390089,Male,25-34,White - English/Welsh/Scottish/Northern Irish/British,White,Misuse of Drugs Act 1971 (section 23),Controlled drugs,A no further action disposal,,False
Person search,2021-09-13T23:00:00+00:00,,,52.511297,-3.320203,Male,10-17,White - English/Welsh/Scottish/Northern Irish/British,White,Misuse of Drugs Act 1971 (section 23),Controlled drugs,Summons / charged by post,True,False
Person search,2021-09-14T23:00:00+00:00,,,51.869116,-4.285181,Male,over 34,White - English/Welsh/Scottish/Northern Irish/British,White,Misuse of Drugs Act 1971 (section 23),Controlled drugs,A no further action disposal,True,False
Person and Vehicle search,2021-09-14T23:00:00+00:00,,,52.406137,-4.065128,Male,18-24,White - English/Welsh/Scottish/Northern Irish/British,White,Misuse of Drugs Act 1971 (section 23),Controlled drugs,A no further action disposal,True,False
Person search,2021-09-14T23:00:00+00:00,,,52.407018,-4.066699,Male,18-24,White - English/Welsh/Scottish/Northern Irish/British,White,Misuse of Drugs Act 1971 (section 23),Controlled drugs,A no further action disposal,,True
Person search,2021-09-14T23:00:00+00:00,,,52.408727,-4.069234,Male,18-24,White - English/Welsh/Scottish/Northern Irish/British,White,Misuse of Drugs Act 1971 (section 23),Controlled drugs,A no further action disposal,,False
Person search,2021-09-14T23:00:00+00:00,,,52.406137,-4.065128,Male,18-24,White - English/Welsh/Scottish/Northern Irish/British,White,Misuse of Drugs Act 1971 (section 23),Controlled drugs,A no further action disposal,,False
Person and Vehicle search,2021-09-14T23:00:00+00:00,,,52.252202,-3.373041,Male,18-24,White - English/Welsh/Scottish/Northern Irish/British,White,Misuse of Drugs Act 1971 (section 23),Controlled drugs,A no further action disposal,,False
Person search,2021-09-15T23:00:00+00:00,,,51.867697,-5.120611,Female,10-17,White - English/Welsh/Scottish/Northern Irish/British,White,Police and Criminal Evidence Act 1984 (section 1),Offensive weapons,A no further action disposal,,False
Person search,2021-09-15T23:00:00+00:00,,,52.207137,-4.337138,Male,10-17,Mixed/Multiple ethnic groups - White and Black African,Black,Police and Criminal Evidence Act 1984 (section 1),Offensive weapons,A no further action disposal,,False
Person search,2021-09-15T23:00:00+00:00,,,51.723203,-5.021725,Male,10-17,White - English/Welsh/Scottish/Northern Irish/British,White,Misuse of Drugs Act 1971 (section 23),Controlled drugs,A no further action disposal,,False
Person search,2021-09-15T23:00:00+00:00,,,52.270971,-3.003716,Male,25-34,White - English/Welsh/Scottish/Northern Irish/British,White,Police and Criminal Evidence Act 1984 (section 1),Offensive weapons,A no further action disposal,,False
Person search,2021-09-15T23:00:00+00:00,,,52.511511,-3.322773,Male,over 34,Other ethnic group - Not stated,White,Misuse of Drugs Act 1971 (section 23),Controlled drugs,A no further action disposal,True,False
Person search,2021-09-16T23:00:00+00:00,,,51.792301,-4.981354,Male,10-17,White - English/Welsh/Scottish/Northern Irish/British,White,Misuse of Drugs Act 1971 (section 23),Controlled drugs,A no further action disposal,,False
Person search,2021-09-16T23:00:00+00:00,,,52.514446,-3.316009,Male,25-34,White - English/Welsh/Scottish/Northern Irish/British,White,Misuse of Drugs Act 1971 (section 23),Controlled drugs,Arrest,True,False
Person search,2021-09-17T23:00:00+00:00,,,52.102204,-4.609681,Female,25-34,White - English/Welsh/Scottish/Northern Irish/British,White,Misuse of Drugs Act 1971 (section 23),Controlled drugs,A no further action disposal,,False
Person search,2021-09-17T23:00:00+00:00,,,51.779329,-4.019340,Male,18-24,White - English/Welsh/Scottish/Northern Irish/British,White,Misuse of Drugs Act 1971 (section 23),Controlled drugs,Summons / charged by post,True,False
Vehicle search,2021-09-17T23:00:00+00:00,,,,,,,,,Misuse of Drugs Act 1971 (section 23),Controlled drugs,A no further action disposal,,False
Person search,2021-09-17T23:00:00+00:00,,,,,Female,25-34,White - English/Welsh/Scottish/Northern Irish/British,White,Misuse of Drugs Act 1971 (section 23),Controlled drugs,A no further action disposal,,True
Person search,2021-09-17T23:00:00+00:00,,,52.638622,-3.152917,Male,10-17,White - English/Welsh/Scottish/Northern Irish/British,White,Misuse of Drugs Act 1971 (section 23),Controlled drugs,A no further action disposal,,False
Person search,2021-09-17T23:00:00+00:00,,,52.638622,-3.152917,Male,10-17,White - English/Welsh/Scottish/Northern Irish/British,White,Misuse of Drugs Act 1971 (section 23),Controlled drugs,A no further action disposal,,False
Vehicle search,2021-09-17T23:00:00+00:00,,,52.638622,-3.152917,,,,,Misuse of Drugs Act 1971 (section 23),Controlled drugs,A no further action disposal,,False
Person search,2021-09-17T23:00:00+00:00,,,52.638622,-3.152917,Male,18-24,White - English/Welsh/Scottish/Northern Irish/British,White,Misuse of Drugs Act 1971 (section 23),Controlled drugs,A no further action disposal,,False
Person search,2021-09-17T23:00:00+00:00,,,52.638622,-3.152917,Male,18-24,White - English/Welsh/Scottish/Northern Irish/British,White,Misuse of Drugs Act 1971 (section 23),Controlled drugs,A no further action disposal,,False
Person search,2021-09-17T23:00:00+00:00,,,52.638622,-3.152917,Male,18-24,White - English/Welsh/Scottish/Northern Irish/British,White,Misuse of Drugs Act 1971 (section 23),Controlled drugs,A no further action disposal,,False
Person search,2021-09-17T23:00:00+00:00,,,,,Male,over 34,White - English/Welsh/Scottish/Northern Irish/British,White,Misuse of Drugs Act 1971 (section 23),Controlled drugs,Arrest,,False
Person search,2021-09-18T23:00:00+00:00,,,51.684180,-4.161780,Male,over 34,White - English/Welsh/Scottish/Northern Irish/British,White,Misuse of Drugs Act 1971 (section 23),Controlled drugs,A no further action disposal,,False
Person search,2021-09-18T23:00:00+00:00,,,,,Male,25-34,White - English/Welsh/Scottish/Northern Irish/British,White,Misuse of Drugs Act 1971 (section 23),Controlled drugs,,,False
Person search,2021-09-18T23:00:00+00:00,,,,,Male,25-34,White - English/Welsh/Scottish/Northern Irish/British,White,Misuse of Drugs Act 1971 (section 23),Controlled drugs,A no further action disposal,,False
Person search,2021-09-18T23:00:00+00:00,,,51.713213,-5.038027,Male,25-34,White - English/Welsh/Scottish/Northern Irish/British,White,Misuse of Drugs Act 1971 (section 23),Controlled drugs,Arrest,True,False
Person search,2021-09-18T23:00:00+00:00,,,,,Male,25-34,White - English/Welsh/Scottish/Northern Irish/British,White,Misuse of Drugs Act 1971 (section 23),Controlled drugs,,,False
Person and Vehicle search,2021-09-19T23:00:00+00:00,,,52.521477,-3.301318,Male,25-34,White - English/Welsh/Scottish/Northern Irish/British,White,Misuse of Drugs Act 1971 (section 23),Controlled drugs,Arrest,,False
Person search,2021-09-19T23:00:00+00:00,,,51.706240,-4.946736,Male,25-34,White - English/Welsh/Scottish/Northern Irish/British,White,,Offensive weapons,Arrest,,False
Person search,2021-09-20T23:00:00+00:00,,,51.672999,-4.701911,Male,10-17,White - English/Welsh/Scottish/Northern Irish/British,White,Misuse of Drugs Act 1971 (section 23),Controlled drugs,A no further action disposal,,False
Person search,2021-09-20T23:00:00+00:00,,,51.672999,-4.701911,Female,18-24,White - English/Welsh/Scottish/Northern Irish/British,White,Misuse of Drugs Act 1971 (section 23),Controlled drugs,A no further action disposal,,False
Vehicle search,2021-09-20T23:00:00+00:00,,,51.791773,-3.982947,,,,,Misuse of Drugs Act 1971 (section 23),Controlled drugs,A no further action disposal,,False
Person search,2021-09-21T23:00:00+00:00,,,,,,18-24,White - English/Welsh/Scottish/Northern Irish/British,White,Misuse of Drugs Act 1971 (section 23),Controlled drugs,,,False
Person search,2021-09-21T23:00:00+00:00,,,52.113877,-4.075923,Male,18-24,Mixed/Multiple ethnic groups - Any other Mixed/Multiple ethnic background,White,Misuse of Drugs Act 1971 (section 23),Controlled drugs,A no further action disposal,,False
Person search,2021-09-21T23:00:00+00:00,,,52.113877,-4.075923,Male,25-34,White - Any other White background,Other,Misuse of Drugs Act 1971 (section 23),Controlled drugs,A no further action disposal,True,False
Person search,2021-09-21T23:00:00+00:00,,,52.109581,-4.062506,Female,18-24,White - English/Welsh/Scottish/Northern Irish/British,White,Misuse of Drugs Act 1971 (section 23),Controlled drugs,Community resolution,True,False
Person search,2021-09-21T23:00:00+00:00,,,52.113482,-4.079483,Female,18-24,White - English/Welsh/Scottish/Northern Irish/British,White,Misuse of Drugs Act 1971 (section 23),Controlled drugs,A no further action disposal,,False
Person search,2021-09-21T23:00:00+00:00,,,,,Male,18-24,White - English/Welsh/Scottish/Northern Irish/British,White,Misuse of Drugs Act 1971 (section 23),Controlled drugs,A no further action disposal,,False
Person search,2021-09-21T23:00:00+00:00,,,,,Male,18-24,White - English/Welsh/Scottish/Northern Irish/British,White,Misuse of Drugs Act 1971 (section 23),Controlled drugs,A no further action disposal,,False
Person search,2021-09-21T23:00:00+00:00,,,,,Male,18-24,White - English/Welsh/Scottish/Northern Irish/British,White,Misuse of Drugs Act 1971 (section 23),Controlled drugs,A no further action disposal,,False
Person search,2021-09-21T23:00:00+00:00,,,,,Male,18-24,White - English/Welsh/Scottish/Northern Irish/British,White,Misuse of Drugs Act 1971 (section 23),Controlled drugs,A no further action disposal,,False
Person and Vehicle search,2021-09-21T23:00:00+00:00,,,51.694727,-4.813336,Male,over 34,White - English/Welsh/Scottish/Northern Irish/British,White,Misuse of Drugs Act 1971 (section 23),Controlled drugs,A no further action disposal,,False
Person search,2021-09-22T23:00:00+00:00,,,51.681343,-4.122066,Male,over 34,White - English/Welsh/Scottish/Northern Irish/British,White,Misuse of Drugs Act 1971 (section 23),Controlled drugs,A no further action disposal,,False
Person search,2021-09-22T23:00:00+00:00,,,,,Male,25-34,White - English/Welsh/Scottish/Northern Irish/British,White,Misuse of Drugs Act 1971 (section 23),Controlled drugs,Arrest,True,False
Person search,2021-09-22T23:00:00+00:00,,,51.797290,-4.976157,Female,over 34,White - English/Welsh/Scottish/Northern Irish/British,White,Misuse of Drugs Act 1971 (section 23),Controlled drugs,A no further action disposal,,True
Person search,2021-09-22T23:00:00+00:00,,,52.511519,-3.315641,Female,25-34,White - English/Welsh/Scottish/Northern Irish/British,White,Misuse of Drugs Act 1971 (section 23),Controlled drugs,A no further action disposal,,False
Person search,2021-09-23T23:00:00+00:00,,,51.682687,-4.173470,Female,18-24,White - English/Welsh/Scottish/Northern Irish/British,White,,Offensive weapons,Arrest,,False
Person and Vehicle search,2021-09-23T23:00:00+00:00,,,52.511511,-3.322773,Male,25-34,White - English/Welsh/Scottish/Northern Irish/British,White,Misuse of Drugs Act 1971 (section 23),Controlled drugs,Arrest,True,False
Person search,2021-09-23T23:00:00+00:00,,,51.692461,-4.927360,Male,10-17,White - English/Welsh/Scottish/Northern Irish/British,White,Misuse of Drugs Act 1971 (section 23),Controlled drugs,A no further action disposal,True,False
Person search,2021-09-23T23:00:00+00:00,,,51.689905,-4.927427,Male,18-24,White - English/Welsh/Scottish/Northern Irish/British,White,Misuse of Drugs Act 1971 (section 23),Controlled drugs,A no further action disposal,,False
Person and Vehicle search,2021-09-23T23:00:00+00:00,,,51.791773,-3.982947,Male,over 34,White - English/Welsh/Scottish/Northern Irish/British,White,Misuse of Drugs Act 1971 (section 23),Controlled drugs,Community resolution,True,False
Person and Vehicle search,2021-09-23T23:00:00+00:00,,,51.791881,-3.985098,Male,over 34,White - English/Welsh/Scottish/Northern Irish/British,White,Misuse of Drugs Act 1971 (section 23),Controlled drugs,A no further action disposal,,False
Person and Vehicle search,2021-09-23T23:00:00+00:00,,,51.676774,-4.151288,Male,25-34,White - English/Welsh/Scottish/Northern Irish/British,White,Misuse of Drugs Act 1971 (section 23),Controlled drugs,,,False
Person and Vehicle search,2021-09-23T23:00:00+00:00,,,51.676774,-4.151288,Male,25-34,White - English/Welsh/Scottish/Northern Irish/British,White,Misuse of Drugs Act 1971 (section 23),Controlled drugs,,,False
Person and Vehicle search,2021-09-23T23:00:00+00:00,,,51.683426,-4.178743,Female,18-24,White - English/Welsh/Scottish/Northern Irish/British,White,Misuse of Drugs Act 1971 (section 23),Controlled drugs,Arrest,,False
Person and Vehicle search,2021-09-23T23:00:00+00:00,,,,,Male,18-24,White - English/Welsh/Scottish/Northern Irish/British,White,Misuse of Drugs Act 1971 (section 23),Controlled drugs,A no further action disposal,,False
Person and Vehicle search,2021-09-23T23:00:00+00:00,,,51.683426,-4.178743,Female,25-34,White - English/Welsh/Scottish/Northern Irish/British,White,Misuse of Drugs Act 1971 (section 23),Controlled drugs,,,False
Person search,2021-09-23T23:00:00+00:00,,,52.517837,-3.317437,Male,10-17,White - English/Welsh/Scottish/Northern Irish/British,White,Police and Criminal Evidence Act 1984 (section 1),Offensive weapons,A no further action disposal,,False
Person search,2021-09-23T23:00:00+00:00,,,52.414819,-4.082254,Female,over 34,White - English/Welsh/Scottish/Northern Irish/British,White,Police and Criminal Evidence Act 1984 (section 1),Stolen goods,Community resolution,,False
Person search,2021-09-23T23:00:00+00:00,,,51.815924,-4.506647,Male,over 34,White - English/Welsh/Scottish/Northern Irish/British,White,Misuse of Drugs Act 1971 (section 23),Controlled drugs,A no further action disposal,True,False
Person search,2021-09-24T23:00:00+00:00,,,51.677912,-4.158372,Female,18-24,White - English/Welsh/Scottish/Northern Irish/British,White,,Offensive weapons,A no further action disposal,,False
Person search,2021-09-24T23:00:00+00:00,,,51.678909,-4.156944,Female,over 34,White - English/Welsh/Scottish/Northern Irish/British,White,,Offensive weapons,Arrest,,False
Person search,2021-09-24T23:00:00+00:00,,,51.668461,-4.152470,Male,18-24,White - English/Welsh/Scottish/Northern Irish/British,White,Misuse of Drugs Act 1971 (section 23),Controlled drugs,,,False
Person search,2021-09-24T23:00:00+00:00,,,51.680966,-4.165359,Male,over 34,White - English/Welsh/Scottish/Northern Irish/British,White,,Offensive weapons,Arrest,,False
Person search,2021-09-24T23:00:00+00:00,,,52.414819,-4.082254,Male,over 34,White - English/Welsh/Scottish/Northern Irish/British,White,Police and Criminal Evidence Act 1984 (section 1),Stolen goods,Community resolution,,False
Person search,2021-09-25T23:00:00+00:00,,,52.085920,-4.660640,Male,18-24,White - English/Welsh/Scottish/Northern Irish/British,White,Misuse of Drugs Act 1971 (section 23),Controlled drugs,Arrest,True,False
Person search,2021-09-25T23:00:00+00:00,,,51.849286,-4.307786,Male,over 34,White - English/Welsh/Scottish/Northern Irish/British,White,Police and Criminal Evidence Act 1984 (section 1),Stolen goods,A no further action disposal,,False
Person and Vehicle search,2021-09-27T23:00:00+00:00,,,52.413689,-4.076451,Male,18-24,Mixed/Multiple ethnic groups - White and Black Caribbean,Black,Misuse of Drugs Act 1971 (section 23),Controlled drugs,A no further action disposal,,False
Person and Vehicle search,2021-09-27T23:00:00+00:00,,,52.151926,-3.402052,Male,over 34,White - English/Welsh/Scottish/Northern Irish/British,White,Misuse of Drugs Act 1971 (section 23),Controlled drugs,A no further action disposal,,False
Person and Vehicle search,2021-09-27T23:00:00+00:00,,,51.796949,-4.082997,Male,over 34,White - English/Welsh/Scottish/Northern Irish/British,White,Police and Criminal Evidence Act 1984 (section 1),Stolen goods,Arrest,True,False
Person search,2021-09-27T23:00:00+00:00,,,,,Female,18-24,Other ethnic group - Not stated,White,Police and Criminal Evidence Act 1984 (section 1),Offensive weapons,A no further action disposal,,False
Person search,2021-09-27T23:00:00+00:00,,,,,Male,25-34,White - English/Welsh/Scottish/Northern Irish/British,White,Police and Criminal Evidence Act 1984 (section 1),Offensive weapons,Arrest,True,False
Person search,2021-09-27T23:00:00+00:00,,,51.713925,-5.039711,Male,18-24,Other ethnic group - Not stated,White,Police and Criminal Evidence Act 1984 (section 1),Offensive weapons,A no further action disposal,,False
Person search,2021-09-27T23:00:00+00:00,,,51.692384,-4.946226,Male,25-34,White - English/Welsh/Scottish/Northern Irish/British,White,Police and Criminal Evidence Act 1984 (section 1),Offensive weapons,Arrest,True,False
Person and Vehicle search,2021-09-27T23:00:00+00:00,,,52.413689,-4.076451,Male,18-24,Mixed/Multiple ethnic groups - White and Black Caribbean,Black,Misuse of Drugs Act 1971 (section 23),Controlled drugs,A no further action disposal,,False
Person search,2021-09-27T23:00:00+00:00,,,52.409833,-4.076902,Male,25-34,White - English/Welsh/Scottish/Northern Irish/British,White,Misuse of Drugs Act 1971 (section 23),Controlled drugs,A no further action disposal,,False
Person search,2021-09-28T23:00:00+00:00,,,52.151926,-3.402052,Male,10-17,White - English/Welsh/Scottish/Northern Irish/British,White,Misuse of Drugs Act 1971 (section 23),Controlled drugs,A no further action disposal,,False
Person search,2021-09-28T23:00:00+00:00,,,52.151926,-3.402052,Male,25-34,White - English/Welsh/Scottish/Northern Irish/British,White,Misuse of Drugs Act 1971 (section 23),Controlled drugs,A no further action disposal,,False
Person search,2021-09-28T23:00:00+00:00,,,51.856398,-4.314743,Male,18-24,White - English/Welsh/Scottish/Northern Irish/British,White,Police and Criminal Evidence Act 1984 (section 1),Offensive weapons,A no further action disposal,,False
Person search,2021-09-28T23:00:00+00:00,,,52.086200,-4.659796,Male,18-24,White - English/Welsh/Scottish/Northern Irish/British,White,Misuse of Drugs Act 1971 (section 23),Controlled drugs,A no further action disposal,True,False
Person search,2021-09-28T23:00:00+00:00,,,52.507050,-3.337373,Male,over 34,White - English/Welsh/Scottish/Northern Irish/British,White,Misuse of Drugs Act 1971 (section 23),Controlled drugs,A no further action disposal,,False
Person search,2021-09-29T23:00:00+00:00,,,52.412718,-4.084669,Male,18-24,White - English/Welsh/Scottish/Northern Irish/British,White,Misuse of Drugs Act 1971 (section 23),Controlled drugs,A no further action disposal,True,False
Person search,2021-09-29T23:00:00+00:00,,,52.413571,-4.086253,Male,18-24,White - English/Welsh/Scottish/Northern Irish/British,White,Misuse of Drugs Act 1971 (section 23),Controlled drugs,A no further action disposal,,False
Person search,2021-09-29T23:00:00+00:00,,,,,Female,18-24,White - English/Welsh/Scottish/Northern Irish/British,White,Misuse of Drugs Act 1971 (section 23),Controlled drugs,A no further action disposal,,False
Person search,2021-09-29T23:00:00+00:00,,,,,Male,18-24,Other ethnic group - Not stated,White,Misuse of Drugs Act 1971 (section 23),Controlled drugs,A no further action disposal,,False
Vehicle search,2021-09-29T23:00:00+00:00,,,51.711722,-5.045904,,,,,Misuse of Drugs Act 1971 (section 23),Controlled drugs,A no further action disposal,,False
