Type,Date,Part of a policing operation,Policing operation,Latitude,Longitude,Gender,Age range,Self-defined ethnicity,Officer-defined ethnicity,Legislation,Object of search,Outcome,Outcome linked to object of search,Removal of more than just outer clothing
Person search,2021-08-31T23:50:00+00:00,False,,52.650757,1.271012,Male,over 34,White - English/Welsh/Scottish/Northern Irish/British,White,Misuse of Drugs Act 1971 (section 23),Controlled drugs,A no further action disposal,False,False
Person search,2021-08-31T23:50:00+00:00,False,,52.650757,1.271012,Male,over 34,White - English/Welsh/Scottish/Northern Irish/British,White,Misuse of Drugs Act 1971 (section 23),Controlled drugs,A no further action disposal,False,False
Person search,2021-09-01T00:23:00+00:00,False,,52.957126,0.852423,Male,,White - English/Welsh/Scottish/Northern Irish/British,White,Misuse of Drugs Act 1971 (section 23),Controlled drugs,A no further action disposal,False,False
Person search,2021-09-01T00:23:00+00:00,False,,52.957126,0.852423,Male,,White - English/Welsh/Scottish/Northern Irish/British,White,Misuse of Drugs Act 1971 (section 23),Controlled drugs,A no further action disposal,False,False
Person search,2021-09-01T01:00:00+00:00,False,,52.407962,0.734660,Male,25-34,White - Any other White background,White,Police and Criminal Evidence Act 1984 (section 1),Article for use in theft,A no further action disposal,False,False
Person search,2021-09-01T01:50:00+00:00,False,,52.635558,1.258923,Female,25-34,White - English/Welsh/Scottish/Northern Irish/British,White,Misuse of Drugs Act 1971 (section 23),Controlled drugs,A no further action disposal,False,False
Person search,2021-09-01T02:00:00+00:00,False,,,,Female,over 34,White - English/Welsh/Scottish/Northern Irish/British,White,Misuse of Drugs Act 1971 (section 23),Controlled drugs,A no further action disposal,False,False
Person search,2021-09-01T09:38:00+00:00,False,,52.643132,1.545826,Male,25-34,White - English/Welsh/Scottish/Northern Irish/British,White,Misuse of Drugs Act 1971 (section 23),Controlled drugs,A no further action disposal,False,False
Person search,2021-09-01T13:30:00+00:00,False,,52.765774,0.428144,Male,25-34,White - English/Welsh/Scottish/Northern Irish/British,White,Misuse of Drugs Act 1971 (section 23),Controlled drugs,A no further action disposal,False,False
Person search,2021-09-01T13:30:00+00:00,False,,52.753567,0.411207,Male,10-17,Other ethnic group - Any other ethnic group,Black,Police and Criminal Evidence Act 1984 (section 6),Stolen goods,Community resolution,True,False
Person search,2021-09-01T14:20:00+00:00,False,,52.632832,1.282061,Male,25-34,White - English/Welsh/Scottish/Northern Irish/British,White,Misuse of Drugs Act 1971 (section 23),Controlled drugs,A no further action disposal,False,False
Person search,2021-09-01T15:20:00+00:00,False,,52.772900,0.449356,Male,25-34,White - English/Welsh/Scottish/Northern Irish/British,White,Police and Criminal Evidence Act 1984 (section 1),Article for use in theft,A no further action disposal,False,False
Person search,2021-09-01T19:00:00+00:00,False,,52.680533,0.937194,Male,over 34,White - English/Welsh/Scottish/Northern Irish/British,White,Misuse of Drugs Act 1971 (section 23),Controlled drugs,A no further action disposal,False,False
Person search,2021-09-01T19:00:52+00:00,False,,52.642814,0.690590,Male,18-24,White - English/Welsh/Scottish/Northern Irish/British,White,Misuse of Drugs Act 1971 (section 23),Controlled drugs,Caution (simple or conditional),True,False
Person search,2021-09-01T19:00:52+00:00,False,,52.642814,0.690590,Male,10-17,White - English/Welsh/Scottish/Northern Irish/British,White,Misuse of Drugs Act 1971 (section 23),Controlled drugs,A no further action disposal,False,False
Person search,2021-09-01T19:00:52+00:00,False,,52.574382,0.808640,Male,10-17,White - English/Welsh/Scottish/Northern Irish/British,White,Misuse of Drugs Act 1971 (section 23),Controlled drugs,A no further action disposal,False,False
Person search,2021-09-02T14:02:57+00:00,False,,52.611749,1.725609,Male,18-24,White - English/Welsh/Scottish/Northern Irish/British,White,Misuse of Drugs Act 1971 (section 23),Controlled drugs,A no further action disposal,False,False
Person search,2021-09-02T15:42:46+00:00,False,,52.606749,1.715551,Female,over 34,Mixed/Multiple ethnic groups - White and Black Caribbean,Mixed,Misuse of Drugs Act 1971 (section 23),Controlled drugs,A no further action disposal,False,False
Person search,2021-09-02T18:15:00+00:00,False,,52.604581,0.365367,Male,over 34,White - English/Welsh/Scottish/Northern Irish/British,White,Misuse of Drugs Act 1971 (section 23),Controlled drugs,Community resolution,True,False
Person search,2021-09-02T18:15:00+00:00,False,,52.604581,0.365367,Female,over 34,White - English/Welsh/Scottish/Northern Irish/British,White,Misuse of Drugs Act 1971 (section 23),Controlled drugs,A no further action disposal,False,False
Person search,2021-09-02T18:15:00+00:00,False,,52.604581,0.365367,Female,over 34,White - English/Welsh/Scottish/Northern Irish/British,White,Misuse of Drugs Act 1971 (section 23),Controlled drugs,A no further action disposal,False,False
Person search,2021-09-02T20:45:00+00:00,False,,52.751576,0.404740,Male,10-17,White - English/Welsh/Scottish/Northern Irish/British,White,Misuse of Drugs Act 1971 (section 23),Controlled drugs,Summons / charged by post,True,False
Person search,2021-09-02T22:38:00+00:00,False,,52.600572,1.729195,Male,18-24,Other ethnic group - Not stated,Black,Police and Criminal Evidence Act 1984 (section 1),Anything to threaten or harm anyone,A no further action disposal,False,False
Person search,2021-09-02T22:44:00+00:00,False,,52.756119,0.397536,Male,18-24,White - English/Welsh/Scottish/Northern Irish/British,White,Police and Criminal Evidence Act 1984 (section 6),Stolen goods,A no further action disposal,False,False
Person search,2021-09-03T00:12:00+00:00,False,,52.907343,0.482219,Male,25-34,White - English/Welsh/Scottish/Northern Irish/British,White,Police and Criminal Evidence Act 1984 (section 1),Anything to threaten or harm anyone,Arrest,False,False
Person search,2021-09-03T10:13:03+00:00,False,,52.420332,0.762695,Female,18-24,White - English/Welsh/Scottish/Northern Irish/British,White,Misuse of Drugs Act 1971 (section 23),Controlled drugs,A no further action disposal,False,False
Person search,2021-09-03T10:13:03+00:00,False,,52.420332,0.762695,Male,18-24,White - English/Welsh/Scottish/Northern Irish/British,White,Misuse of Drugs Act 1971 (section 23),Controlled drugs,A no further action disposal,False,False
Person search,2021-09-03T10:13:03+00:00,False,,52.420332,0.762695,Female,18-24,White - English/Welsh/Scottish/Northern Irish/British,White,Misuse of Drugs Act 1971 (section 23),Controlled drugs,A no further action disposal,False,False
Person search,2021-09-03T10:15:00+00:00,False,,52.420649,0.761436,Male,18-24,White - English/Welsh/Scottish/Northern Irish/British,White,Misuse of Drugs Act 1971 (section 23),Controlled drugs,Khat or Cannabis warning,True,False
Person search,2021-09-03T11:00:00+00:00,False,,52.619113,1.483589,Female,10-17,White - English/Welsh/Scottish/Northern Irish/British,White,Police and Criminal Evidence Act 1984 (section 1),Offensive weapons,A no further action disposal,False,False
Person search,2021-09-03T11:06:13+00:00,False,,52.618994,1.485485,Male,10-17,White - English/Welsh/Scottish/Northern Irish/British,White,Police and Criminal Evidence Act 1984 (section 1),Offensive weapons,A no further action disposal,False,False
Person search,2021-09-03T14:13:40+00:00,False,,52.648631,1.166946,Male,18-24,Mixed/Multiple ethnic groups - White and Black Caribbean,Black,Misuse of Drugs Act 1971 (section 23),Controlled drugs,Arrest,True,True
Person search,2021-09-03T14:22:57+00:00,True,,52.648631,1.166946,Male,18-24,Asian/Asian British - Pakistani,Asian,Misuse of Drugs Act 1971 (section 23),Controlled drugs,Arrest,True,True
Person search,2021-09-03T14:22:57+00:00,True,,52.648631,1.166946,Male,18-24,,Asian,Misuse of Drugs Act 1971 (section 23),Controlled drugs,A no further action disposal,False,True
Person search,2021-09-03T14:34:41+00:00,False,,52.648631,1.166946,Male,18-24,Black/African/Caribbean/Black British - Any other Black/African/Caribbean background,Black,Misuse of Drugs Act 1971 (section 23),Controlled drugs,Arrest,True,True
Person search,2021-09-03T14:51:56+00:00,False,,52.513774,0.998621,Female,18-24,White - English/Welsh/Scottish/Northern Irish/British,White,Misuse of Drugs Act 1971 (section 23),Psychoactive substances,A no further action disposal,True,False
Person search,2021-09-03T14:51:56+00:00,False,,52.513774,0.998621,Male,25-34,White - English/Welsh/Scottish/Northern Irish/British,White,Misuse of Drugs Act 1971 (section 23),Psychoactive substances,A no further action disposal,True,False
Person search,2021-09-03T14:55:10+00:00,False,,52.511620,0.993507,Male,18-24,White - Any other White background,White,Misuse of Drugs Act 1971 (section 23),Controlled drugs,Khat or Cannabis warning,True,False
Person search,2021-09-03T15:54:00+00:00,False,,52.633409,1.220138,Male,25-34,White - English/Welsh/Scottish/Northern Irish/British,White,Misuse of Drugs Act 1971 (section 23),Controlled drugs,Caution (simple or conditional),True,False
Person search,2021-09-03T17:05:00+00:00,True,,52.653489,1.185309,Male,18-24,Black/African/Caribbean/Black British - African,Black,Misuse of Drugs Act 1971 (section 23),Controlled drugs,A no further action disposal,True,False
Person search,2021-09-03T17:05:00+00:00,True,,52.653489,1.185309,Female,18-24,Other ethnic group - Any other ethnic group,Black,Misuse of Drugs Act 1971 (section 23),Controlled drugs,A no further action disposal,True,False
Person search,2021-09-03T20:45:00+00:00,False,,52.633624,1.291433,Male,18-24,White - English/Welsh/Scottish/Northern Irish/British,White,Misuse of Drugs Act 1971 (section 23),Controlled drugs,Summons / charged by post,True,False
Person search,2021-09-03T21:00:00+00:00,False,,52.633624,1.291433,Female,18-24,White - English/Welsh/Scottish/Northern Irish/British,White,Misuse of Drugs Act 1971 (section 23),Controlled drugs,Arrest,True,False
Person search,2021-09-04T02:30:00+00:00,False,,52.740628,0.401026,Male,25-34,White - English/Welsh/Scottish/Northern Irish/British,White,Misuse of Drugs Act 1971 (section 23),Controlled drugs,A no further action disposal,False,False
Person search,2021-09-04T02:58:00+00:00,False,,52.585284,1.721117,Male,25-34,White - English/Welsh/Scottish/Northern Irish/British,White,Police and Criminal Evidence Act 1984 (section 1),Articles for use in criminal damage,A no further action disposal,False,False
Person search,2021-09-04T07:09:00+00:00,False,,52.772428,0.459100,Male,18-24,White - Any other White background,White,Misuse of Drugs Act 1971 (section 23),Controlled drugs,A no further action disposal,False,False
Person search,2021-09-04T10:30:00+00:00,False,,52.607767,1.735481,Male,over 34,White - English/Welsh/Scottish/Northern Irish/British,White,Criminal Justice Act 1988 (section 139B),Firearms,Arrest,False,False
Person search,2021-09-04T11:45:00+00:00,False,,52.626082,1.293246,Male,over 34,White - English/Welsh/Scottish/Northern Irish/British,White,Police and Criminal Evidence Act 1984 (section 1),Article for use in theft,A no further action disposal,False,False
Person search,2021-09-04T12:02:00+00:00,False,,52.627539,1.294877,Male,over 34,White - English/Welsh/Scottish/Northern Irish/British,White,Misuse of Drugs Act 1971 (section 23),Controlled drugs,Khat or Cannabis warning,True,False
Person search,2021-09-04T12:32:00+00:00,False,,52.625864,1.289771,Male,over 34,White - English/Welsh/Scottish/Northern Irish/British,White,Misuse of Drugs Act 1971 (section 23),Controlled drugs,A no further action disposal,False,False
Person search,2021-09-04T12:54:58+00:00,False,,52.595395,1.238881,Male,25-34,White - English/Welsh/Scottish/Northern Irish/British,White,Misuse of Drugs Act 1971 (section 23),Controlled drugs,A no further action disposal,False,False
Person search,2021-09-04T13:28:41+00:00,False,,52.644533,1.164461,Male,10-17,White - English/Welsh/Scottish/Northern Irish/British,White,Police and Criminal Evidence Act 1984 (section 1),Offensive weapons,A no further action disposal,False,False
Person search,2021-09-04T13:28:41+00:00,False,,52.644533,1.164461,Male,18-24,White - English/Welsh/Scottish/Northern Irish/British,White,Police and Criminal Evidence Act 1984 (section 1),Offensive weapons,A no further action disposal,False,False
Person search,2021-09-04T13:48:03+00:00,False,,52.657319,1.205036,Male,25-34,White - English/Welsh/Scottish/Northern Irish/British,White,Misuse of Drugs Act 1971 (section 23),Controlled drugs,A no further action disposal,False,False
Person search,2021-09-04T14:05:00+00:00,False,,54.486569,-8.006394,Female,25-34,White - English/Welsh/Scottish/Northern Irish/British,White,Misuse of Drugs Act 1971 (section 23),Controlled drugs,A no further action disposal,False,False
Person search,2021-09-04T15:15:00+00:00,False,,52.628430,1.295166,Male,18-24,,White,Misuse of Drugs Act 1971 (section 23),Controlled drugs,A no further action disposal,False,False
Person search,2021-09-04T15:44:20+00:00,False,,52.638890,1.180079,Male,over 34,White - English/Welsh/Scottish/Northern Irish/British,White,Misuse of Drugs Act 1971 (section 23),Controlled drugs,Caution (simple or conditional),True,False
Person search,2021-09-04T16:00:00+00:00,False,,52.628430,1.295166,Male,,Black/African/Caribbean/Black British - Any other Black/African/Caribbean background,Black,Misuse of Drugs Act 1971 (section 23),Controlled drugs,A no further action disposal,False,False
Person search,2021-09-04T16:28:00+00:00,False,,52.579298,1.725541,Male,over 34,White - English/Welsh/Scottish/Northern Irish/British,White,Police and Criminal Evidence Act 1984 (section 1),Offensive weapons,A no further action disposal,True,False
Person search,2021-09-04T18:06:00+00:00,False,,52.404074,0.720804,Male,25-34,White - Any other White background,White,Misuse of Drugs Act 1971 (section 23),Controlled drugs,Caution (simple or conditional),True,False
Person search,2021-09-04T19:10:39+00:00,False,,52.654266,1.157992,Male,18-24,White - English/Welsh/Scottish/Northern Irish/British,White,Misuse of Drugs Act 1971 (section 23),Controlled drugs,A no further action disposal,False,False
Person search,2021-09-04T19:30:00+00:00,False,,52.753079,0.399814,Male,25-34,Other ethnic group - Not stated,White,Police and Criminal Evidence Act 1984 (section 1),Article for use in theft,A no further action disposal,False,False
Person search,2021-09-05T00:36:39+00:00,False,,52.420332,0.762695,Male,over 34,White - English/Welsh/Scottish/Northern Irish/British,White,Misuse of Drugs Act 1971 (section 23),Controlled drugs,A no further action disposal,False,False
Person search,2021-09-05T02:22:38+00:00,False,,52.744938,0.401767,Male,18-24,White - English/Welsh/Scottish/Northern Irish/British,White,Police and Criminal Evidence Act 1984 (section 1),Article for use in theft,A no further action disposal,False,False
Person search,2021-09-05T02:40:00+00:00,False,,52.746138,0.400662,Male,18-24,Asian/Asian British - Any other Asian background,Asian,Misuse of Drugs Act 1971 (section 23),Controlled drugs,A no further action disposal,False,True
Person search,2021-09-05T14:46:00+00:00,True,,52.653439,1.160683,Male,18-24,White - English/Welsh/Scottish/Northern Irish/British,White,Misuse of Drugs Act 1971 (section 23),Controlled drugs,A no further action disposal,False,False
Person search,2021-09-05T16:50:00+00:00,True,,52.654090,1.181375,Male,18-24,Black/African/Caribbean/Black British - Any other Black/African/Caribbean background,Black,Misuse of Drugs Act 1971 (section 23),Controlled drugs,A no further action disposal,False,True
Person search,2021-09-05T17:45:00+00:00,False,,52.794138,1.249157,Male,18-24,Other ethnic group - Not stated,Mixed,Misuse of Drugs Act 1971 (section 23),Controlled drugs,A no further action disposal,False,False
Person search,2021-09-05T19:45:00+00:00,False,,52.748082,0.401036,Male,over 34,White - English/Welsh/Scottish/Northern Irish/British,White,Misuse of Drugs Act 1971 (section 23),Controlled drugs,A no further action disposal,False,True
Person search,2021-09-06T00:33:00+00:00,False,,52.429599,0.736220,Male,over 34,White - English/Welsh/Scottish/Northern Irish/British,White,Misuse of Drugs Act 1971 (section 23),Controlled drugs,A no further action disposal,False,False
Person search,2021-09-06T01:15:00+00:00,False,,52.778833,0.441534,Male,25-34,White - English/Welsh/Scottish/Northern Irish/British,White,Police and Criminal Evidence Act 1984 (section 1),Article for use in theft,A no further action disposal,False,False
Person search,2021-09-06T07:30:00+00:00,False,,52.416683,0.749113,Male,over 34,White - Any other White background,White,Police and Criminal Evidence Act 1984 (section 1),Anything to threaten or harm anyone,Arrest,False,False
Person search,2021-09-06T15:09:00+00:00,False,,52.751917,0.398120,Female,25-34,White - English/Welsh/Scottish/Northern Irish/British,White,Misuse of Drugs Act 1971 (section 23),Controlled drugs,A no further action disposal,True,True
Person search,2021-09-06T21:50:00+00:00,False,,52.846463,0.840912,Male,25-34,White - English/Welsh/Scottish/Northern Irish/British,White,Misuse of Drugs Act 1971 (section 23),Controlled drugs,A no further action disposal,False,False
Person search,2021-09-06T21:50:00+00:00,False,,52.846463,0.840912,Male,over 34,White - English/Welsh/Scottish/Northern Irish/British,White,Misuse of Drugs Act 1971 (section 23),Controlled drugs,A no further action disposal,False,False
Person search,2021-09-06T23:26:00+00:00,False,,52.746284,0.399663,Male,over 34,White - Any other White background,White,Misuse of Drugs Act 1971 (section 23),Controlled drugs,A no further action disposal,False,False
Person search,2021-09-07T13:25:00+00:00,False,,52.624623,1.313635,Male,25-34,White - English/Welsh/Scottish/Northern Irish/British,White,Police and Criminal Evidence Act 1984 (section 1),Anything to threaten or harm anyone,A no further action disposal,False,False
Person search,2021-09-07T14:30:00+00:00,False,,52.412361,0.743123,Male,over 34,White - English/Welsh/Scottish/Northern Irish/British,White,Misuse of Drugs Act 1971 (section 23),Controlled drugs,A no further action disposal,False,False
Person search,2021-09-08T02:36:00+00:00,False,,52.758549,0.399670,Male,25-34,Other ethnic group - Any other ethnic group,Black,Misuse of Drugs Act 1971 (section 23),Controlled drugs,A no further action disposal,False,False
Person search,2021-09-08T03:00:00+00:00,False,,52.759379,0.398204,Female,18-24,White - Any other White background,White,Misuse of Drugs Act 1971 (section 23),Controlled drugs,A no further action disposal,False,False
Person search,2021-09-08T11:50:00+00:00,False,,52.744938,0.401767,Male,25-34,White - Any other White background,White,Misuse of Drugs Act 1971 (section 23),Controlled drugs,A no further action disposal,False,False
Person search,2021-09-08T11:50:00+00:00,False,,52.744938,0.401767,Male,over 34,White - Any other White background,White,Misuse of Drugs Act 1971 (section 23),Controlled drugs,A no further action disposal,False,False
Person search,2021-09-08T13:00:00+00:00,False,,52.675168,1.065861,Male,25-34,White - English/Welsh/Scottish/Northern Irish/British,White,Misuse of Drugs Act 1971 (section 23),Controlled drugs,Caution (simple or conditional),True,False
Person search,2021-09-09T00:05:00+00:00,False,,52.820712,1.394016,Male,25-34,Other ethnic group - Not stated,Mixed,Misuse of Drugs Act 1971 (section 23),Controlled drugs,A no further action disposal,False,False
Person search,2021-09-09T00:05:00+00:00,False,,52.820712,1.394016,Male,18-24,White - English/Welsh/Scottish/Northern Irish/British,White,Misuse of Drugs Act 1971 (section 23),Controlled drugs,A no further action disposal,False,False
Person search,2021-09-09T00:05:00+00:00,False,,52.820712,1.394016,Male,over 34,Other ethnic group - Not stated,White,Misuse of Drugs Act 1971 (section 23),Controlled drugs,A no further action disposal,False,False
Person search,2021-09-09T02:50:00+00:00,False,,52.419017,0.738448,Male,25-34,White - English/Welsh/Scottish/Northern Irish/British,White,Police and Criminal Evidence Act 1984 (section 6),Stolen goods,A no further action disposal,False,False
Person search,2021-09-09T08:45:00+00:00,False,,52.629689,1.259787,Male,25-34,Black/African/Caribbean/Black British - African,Black,Misuse of Drugs Act 1971 (section 23),Controlled drugs,A no further action disposal,False,False
Person search,2021-09-09T08:45:00+00:00,False,,52.629689,1.259787,Male,25-34,White - English/Welsh/Scottish/Northern Irish/British,White,Misuse of Drugs Act 1971 (section 23),Controlled drugs,A no further action disposal,False,False
Person search,2021-09-09T10:46:00+00:00,False,,52.672108,0.182195,Male,25-34,White - English/Welsh/Scottish/Northern Irish/British,White,Police and Criminal Evidence Act 1984 (section 6),Stolen goods,A no further action disposal,True,False
Person search,2021-09-10T00:30:00+00:00,False,,52.881734,0.500287,Male,18-24,White - English/Welsh/Scottish/Northern Irish/British,White,Police and Criminal Evidence Act 1984 (section 1),Article for use in theft,A no further action disposal,False,False
Person search,2021-09-10T04:44:45+00:00,False,,52.531291,0.925420,Male,10-17,White - English/Welsh/Scottish/Northern Irish/British,White,Police and Criminal Evidence Act 1984 (section 1),Offensive weapons,A no further action disposal,False,False
Person search,2021-09-10T19:45:00+00:00,False,,52.685847,1.208651,Male,10-17,White - English/Welsh/Scottish/Northern Irish/British,White,Misuse of Drugs Act 1971 (section 23),Controlled drugs,A no further action disposal,False,False
Person search,2021-09-10T20:53:00+00:00,False,,52.763439,0.403704,Female,18-24,White - English/Welsh/Scottish/Northern Irish/British,White,Police and Criminal Evidence Act 1984 (section 6),Stolen goods,A no further action disposal,False,False
Person search,2021-09-10T23:05:00+00:00,False,,52.901563,0.490335,Female,10-17,White - English/Welsh/Scottish/Northern Irish/British,White,Misuse of Drugs Act 1971 (section 23),Controlled drugs,A no further action disposal,False,False
Person search,2021-09-10T23:05:00+00:00,False,,52.901563,0.490335,Male,10-17,White - English/Welsh/Scottish/Northern Irish/British,White,Misuse of Drugs Act 1971 (section 23),Controlled drugs,A no further action disposal,False,False
Person search,2021-09-10T23:05:00+00:00,False,,52.901563,0.490335,Male,18-24,White - English/Welsh/Scottish/Northern Irish/British,White,Misuse of Drugs Act 1971 (section 23),Controlled drugs,A no further action disposal,False,False
Person search,2021-09-10T23:05:00+00:00,False,,52.901563,0.490335,Male,18-24,White - English/Welsh/Scottish/Northern Irish/British,White,Misuse of Drugs Act 1971 (section 23),Controlled drugs,A no further action disposal,False,False
Person search,2021-09-10T23:05:00+00:00,False,,52.901563,0.490335,Male,10-17,White - English/Welsh/Scottish/Northern Irish/British,White,Misuse of Drugs Act 1971 (section 23),Controlled drugs,A no further action disposal,False,False
Person search,2021-09-10T23:52:00+00:00,False,,52.630469,1.290087,Male,25-34,White - English/Welsh/Scottish/Northern Irish/British,White,Misuse of Drugs Act 1971 (section 23),Controlled drugs,A no further action disposal,False,False
Person search,2021-09-10T23:55:00+00:00,False,,52.754208,0.401773,Male,25-34,White - Gypsy or Irish Traveller,White,Police and Criminal Evidence Act 1984 (section 1),Offensive weapons,A no further action disposal,False,False
Person search,2021-09-11T00:50:00+00:00,False,,52.755154,0.398564,Male,18-24,White - English/Welsh/Scottish/Northern Irish/British,White,Misuse of Drugs Act 1971 (section 23),Controlled drugs,A no further action disposal,False,False
Person search,2021-09-11T02:00:00+00:00,False,,52.421202,0.732994,Male,10-17,White - Any other White background,White,Misuse of Drugs Act 1971 (section 23),Controlled drugs,A no further action disposal,False,False
Person search,2021-09-11T02:00:00+00:00,False,,52.421202,0.732994,Male,10-17,Other ethnic group - Not stated,Other,Misuse of Drugs Act 1971 (section 23),Controlled drugs,A no further action disposal,False,False
Person search,2021-09-11T02:00:00+00:00,False,,52.421202,0.732994,Male,10-17,White - Any other White background,White,Misuse of Drugs Act 1971 (section 23),Controlled drugs,A no further action disposal,False,False
Person search,2021-09-11T02:00:00+00:00,False,,52.421202,0.732994,Male,10-17,White - Any other White background,White,Misuse of Drugs Act 1971 (section 23),Controlled drugs,A no further action disposal,False,False
Person search,2021-09-11T09:38:00+00:00,False,,52.632257,1.310472,Male,25-34,White - English/Welsh/Scottish/Northern Irish/British,White,Misuse of Drugs Act 1971 (section 23),Controlled drugs,Khat or Cannabis warning,True,False
Person search,2021-09-11T09:40:00+00:00,False,,52.633301,1.309501,Male,18-24,White - English/Welsh/Scottish/Northern Irish/British,White,Misuse of Drugs Act 1971 (section 23),Controlled drugs,Khat or Cannabis warning,True,False
Person search,2021-09-11T11:00:00+00:00,False,,52.757016,0.397200,Male,18-24,White - Any other White background,White,Misuse of Drugs Act 1971 (section 23),Controlled drugs,A no further action disposal,False,False
Person search,2021-09-11T11:51:00+00:00,False,,52.630469,1.290087,Male,18-24,White - English/Welsh/Scottish/Northern Irish/British,White,Misuse of Drugs Act 1971 (section 23),Controlled drugs,Arrest,True,False
Person search,2021-09-11T16:30:00+00:00,False,,52.599016,1.716610,Male,18-24,White - English/Welsh/Scottish/Northern Irish/British,White,Misuse of Drugs Act 1971 (section 23),Controlled drugs,A no further action disposal,False,False
Person search,2021-09-11T17:00:00+00:00,False,,52.758031,0.417605,Male,25-34,White - English/Welsh/Scottish/Northern Irish/British,White,Misuse of Drugs Act 1971 (section 23),Controlled drugs,A no further action disposal,False,False
Person search,2021-09-11T18:30:00+00:00,False,,52.737836,0.395450,Female,25-34,White - English/Welsh/Scottish/Northern Irish/British,White,Police and Criminal Evidence Act 1984 (section 1),Anything to threaten or harm anyone,Community resolution,False,False
Person search,2021-09-11T22:53:00+00:00,False,,52.413877,0.747159,Male,10-17,White - English/Welsh/Scottish/Northern Irish/British,White,Police and Criminal Evidence Act 1984 (section 6),Stolen goods,Arrest,False,False
Person search,2021-09-12T01:00:00+00:00,False,,52.568789,0.511367,Male,10-17,White - English/Welsh/Scottish/Northern Irish/British,White,Misuse of Drugs Act 1971 (section 23),Controlled drugs,A no further action disposal,False,False
Person search,2021-09-12T01:00:00+00:00,False,,52.568789,0.511367,Male,10-17,White - English/Welsh/Scottish/Northern Irish/British,White,Misuse of Drugs Act 1971 (section 23),Controlled drugs,A no further action disposal,False,False
Person search,2021-09-12T01:41:00+00:00,False,,52.592514,1.172258,Female,18-24,White - English/Welsh/Scottish/Northern Irish/British,White,Misuse of Drugs Act 1971 (section 23),Controlled drugs,A no further action disposal,False,False
Person search,2021-09-12T02:00:00+00:00,False,,52.411156,0.747019,Male,over 34,White - Any other White background,White,Misuse of Drugs Act 1971 (section 23),Controlled drugs,A no further action disposal,False,False
Person search,2021-09-12T02:00:00+00:00,False,,52.411156,0.747019,Male,25-34,White - Any other White background,White,Misuse of Drugs Act 1971 (section 23),Controlled drugs,A no further action disposal,False,False
Person search,2021-09-12T11:30:00+00:00,False,,52.414297,0.748832,Male,25-34,White - English/Welsh/Scottish/Northern Irish/British,White,Misuse of Drugs Act 1971 (section 23),Controlled drugs,A no further action disposal,False,False
Person search,2021-09-12T13:45:00+00:00,False,,52.411156,0.747019,Male,over 34,White - Any other White background,White,Misuse of Drugs Act 1971 (section 23),Controlled drugs,A no further action disposal,False,False
Person search,2021-09-12T15:30:00+00:00,False,,52.835766,0.849376,Male,10-17,White - English/Welsh/Scottish/Northern Irish/British,White,Police and Criminal Evidence Act 1984 (section 1),Article for use in theft,A no further action disposal,False,False
Person search,2021-09-12T17:30:00+00:00,False,,52.630706,1.323155,Male,18-24,Other ethnic group - Not stated,White,Police and Criminal Evidence Act 1984 (section 1),Offensive weapons,Arrest,True,False
Person search,2021-09-13T02:00:00+00:00,False,,52.426127,0.752893,Male,18-24,White - English/Welsh/Scottish/Northern Irish/British,White,Police and Criminal Evidence Act 1984 (section 1),Article for use in theft,A no further action disposal,False,False
Person search,2021-09-13T09:06:47+00:00,False,,52.552982,0.861092,Male,25-34,Asian/Asian British - Bangladeshi,Mixed,Misuse of Drugs Act 1971 (section 23),Controlled drugs,A no further action disposal,False,False
Person search,2021-09-13T09:13:44+00:00,False,,52.552982,0.861092,Male,25-34,Asian/Asian British - Pakistani,Asian,Misuse of Drugs Act 1971 (section 23),Controlled drugs,A no further action disposal,False,False
Person search,2021-09-13T10:45:00+00:00,False,,52.659016,0.170023,Male,over 34,White - Any other White background,White,Misuse of Drugs Act 1971 (section 23),Controlled drugs,A no further action disposal,False,True
Person search,2021-09-13T10:46:00+00:00,False,,52.663091,0.166942,Female,over 34,White - English/Welsh/Scottish/Northern Irish/British,White,Misuse of Drugs Act 1971 (section 23),Controlled drugs,Summons / charged by post,True,False
Person search,2021-09-13T12:37:30+00:00,False,,52.628234,1.237406,Female,25-34,White - English/Welsh/Scottish/Northern Irish/British,White,Misuse of Drugs Act 1971 (section 23),Controlled drugs,Caution (simple or conditional),True,False
Person search,2021-09-13T13:00:00+00:00,False,,52.636690,1.301804,Male,over 34,White - English/Welsh/Scottish/Northern Irish/British,White,Misuse of Drugs Act 1971 (section 23),Controlled drugs,A no further action disposal,False,False
Person search,2021-09-13T15:45:00+00:00,False,,52.649491,1.302991,Male,25-34,Mixed/Multiple ethnic groups - Any other Mixed/Multiple ethnic background,Black,Misuse of Drugs Act 1971 (section 23),Controlled drugs,A no further action disposal,True,False
Person search,2021-09-13T18:00:59+00:00,False,,52.638641,1.296348,Male,over 34,White - English/Welsh/Scottish/Northern Irish/British,White,Misuse of Drugs Act 1971 (section 23),Controlled drugs,Community resolution,True,False
Person search,2021-09-13T18:15:00+00:00,False,,52.913505,1.116061,Male,10-17,White - English/Welsh/Scottish/Northern Irish/British,White,Misuse of Drugs Act 1971 (section 23),Controlled drugs,A no further action disposal,False,False
Person search,2021-09-13T18:15:00+00:00,False,,52.913505,1.116061,Male,10-17,White - English/Welsh/Scottish/Northern Irish/British,White,Misuse of Drugs Act 1971 (section 23),Controlled drugs,A no further action disposal,False,False
Person search,2021-09-13T18:15:00+00:00,False,,52.913505,1.116061,Male,10-17,White - English/Welsh/Scottish/Northern Irish/British,Mixed,Misuse of Drugs Act 1971 (section 23),Controlled drugs,Khat or Cannabis warning,True,False
Person search,2021-09-14T06:51:00+00:00,False,,52.464278,0.599755,Male,over 34,White - English/Welsh/Scottish/Northern Irish/British,White,Police and Criminal Evidence Act 1984 (section 1),Evidence of wildlife offences,A no further action disposal,False,False
Person search,2021-09-14T11:45:00+00:00,False,,52.759641,1.341940,Male,10-17,White - English/Welsh/Scottish/Northern Irish/British,White,Police and Criminal Evidence Act 1984 (section 1),Stolen goods,A no further action disposal,True,False
Person search,2021-09-14T14:30:00+00:00,False,,52.718482,0.435348,Male,25-34,White - English/Welsh/Scottish/Northern Irish/British,White,Misuse of Drugs Act 1971 (section 23),Controlled drugs,Arrest,True,False
Person search,2021-09-14T19:45:00+00:00,False,,52.746284,0.399663,Male,25-34,White - English/Welsh/Scottish/Northern Irish/British,White,Misuse of Drugs Act 1971 (section 23),Controlled drugs,Khat or Cannabis warning,True,False
Person search,2021-09-14T20:04:58+00:00,False,,52.746284,0.399663,Male,over 34,White - Any other White background,White,Misuse of Drugs Act 1971 (section 23),Controlled drugs,A no further action disposal,False,False
Person search,2021-09-14T22:58:00+00:00,False,,52.639440,1.308324,Female,18-24,Other ethnic group - Not stated,White,Police and Criminal Evidence Act 1984 (section 1),Offensive weapons,Arrest,False,False
Person search,2021-09-15T07:45:00+00:00,False,,52.643321,1.324852,Male,10-17,Other ethnic group - Not stated,White,Police and Criminal Evidence Act 1984 (section 1),Offensive weapons,A no further action disposal,False,False
Person search,2021-09-15T13:20:00+00:00,False,,52.656598,1.277364,Male,over 34,White - English/Welsh/Scottish/Northern Irish/British,White,Misuse of Drugs Act 1971 (section 23),Controlled drugs,A no further action disposal,False,False
Person search,2021-09-15T13:40:00+00:00,False,,52.416683,0.749113,Male,25-34,White - English/Welsh/Scottish/Northern Irish/British,White,Misuse of Drugs Act 1971 (section 23),Controlled drugs,Arrest,True,False
Person search,2021-09-15T15:05:00+00:00,False,,52.418186,0.744029,Male,over 34,White - English/Welsh/Scottish/Northern Irish/British,White,Misuse of Drugs Act 1971 (section 23),Controlled drugs,A no further action disposal,False,False
Person search,2021-09-15T15:25:00+00:00,False,,52.511814,1.012417,Male,over 34,White - English/Welsh/Scottish/Northern Irish/British,White,Misuse of Drugs Act 1971 (section 23),Controlled drugs,A no further action disposal,False,False
Person search,2021-09-15T16:04:00+00:00,False,,52.752106,0.395433,Male,18-24,Other ethnic group - Not stated,Other,Police and Criminal Evidence Act 1984 (section 1),Goods on which duty has not been paid etc.,A no further action disposal,False,False
Person search,2021-09-15T17:00:00+00:00,False,,52.418349,0.731170,Male,18-24,White - English/Welsh/Scottish/Northern Irish/British,White,Misuse of Drugs Act 1971 (section 23),Controlled drugs,A no further action disposal,False,False
Person search,2021-09-15T17:55:00+00:00,False,,52.748833,0.399906,Male,25-34,White - English/Welsh/Scottish/Northern Irish/British,White,Misuse of Drugs Act 1971 (section 23),Controlled drugs,Arrest,True,False
Person search,2021-09-16T09:41:00+00:00,False,,52.617046,1.723355,Male,18-24,White - English/Welsh/Scottish/Northern Irish/British,White,Misuse of Drugs Act 1971 (section 23),Controlled drugs,A no further action disposal,False,False
Person search,2021-09-16T10:25:00+00:00,False,,52.702497,0.236346,Male,over 34,Other ethnic group - Not stated,White,Misuse of Drugs Act 1971 (section 23),Controlled drugs,A no further action disposal,False,False
Person search,2021-09-16T11:10:00+00:00,False,,54.948226,-3.187863,Male,over 34,White - English/Welsh/Scottish/Northern Irish/British,White,Misuse of Drugs Act 1971 (section 23),Controlled drugs,Khat or Cannabis warning,True,False
Person search,2021-09-16T12:58:00+00:00,False,,52.606834,1.730008,Male,25-34,White - English/Welsh/Scottish/Northern Irish/British,White,Misuse of Drugs Act 1971 (section 23),Controlled drugs,A no further action disposal,False,False
Person search,2021-09-16T13:00:00+00:00,False,,52.606834,1.730008,Male,over 34,White - English/Welsh/Scottish/Northern Irish/British,White,Misuse of Drugs Act 1971 (section 23),Controlled drugs,A no further action disposal,False,False
Person search,2021-09-16T13:50:00+00:00,False,,52.618086,1.221052,Male,over 34,White - English/Welsh/Scottish/Northern Irish/British,White,Misuse of Drugs Act 1971 (section 23),Controlled drugs,Arrest,True,False
Person search,2021-09-16T14:00:00+00:00,False,,52.660714,1.289446,Male,25-34,White - English/Welsh/Scottish/Northern Irish/British,White,Police and Criminal Evidence Act 1984 (section 6),Stolen goods,A no further action disposal,True,False
Person search,2021-09-16T14:51:00+00:00,False,,52.608350,1.715539,Male,18-24,White - English/Welsh/Scottish/Northern Irish/British,White,Misuse of Drugs Act 1971 (section 23),Controlled drugs,A no further action disposal,False,False
Person search,2021-09-16T14:51:00+00:00,False,,52.608350,1.715539,Male,over 34,White - English/Welsh/Scottish/Northern Irish/British,White,Misuse of Drugs Act 1971 (section 23),Controlled drugs,A no further action disposal,False,False
Person search,2021-09-16T16:00:00+00:00,False,,52.601313,1.190175,Male,18-24,White - English/Welsh/Scottish/Northern Irish/British,White,Misuse of Drugs Act 1971 (section 23),Controlled drugs,A no further action disposal,False,False
Person search,2021-09-16T23:57:00+00:00,False,,52.421202,0.732994,Male,18-24,White - Any other White background,White,Police and Criminal Evidence Act 1984 (section 1),Articles for use in criminal damage,A no further action disposal,False,False
Person search,2021-09-16T23:57:00+00:00,False,,52.421202,0.732994,Male,18-24,White - Any other White background,White,Police and Criminal Evidence Act 1984 (section 1),Articles for use in criminal damage,A no further action disposal,False,False
Person search,2021-09-17T12:00:00+00:00,False,,52.609684,1.723750,Male,over 34,White - English/Welsh/Scottish/Northern Irish/British,White,Police and Criminal Evidence Act 1984 (section 1),Evidence of offences under the Act,A no further action disposal,False,False
Person search,2021-09-17T12:08:00+00:00,False,,52.613285,1.279962,Male,25-34,White - English/Welsh/Scottish/Northern Irish/British,White,Police and Criminal Evidence Act 1984 (section 6),Stolen goods,A no further action disposal,False,False
Person search,2021-09-17T15:00:00+00:00,True,,52.751347,0.431416,Male,25-34,White - English/Welsh/Scottish/Northern Irish/British,White,Misuse of Drugs Act 1971 (section 23),Controlled drugs,Summons / charged by post,True,False
Person search,2021-09-17T20:00:00+00:00,False,,52.671098,0.939430,Male,25-34,White - English/Welsh/Scottish/Northern Irish/British,White,Misuse of Drugs Act 1971 (section 23),Controlled drugs,A no further action disposal,False,False
Person search,2021-09-18T01:40:00+00:00,False,,52.603379,1.734309,Male,18-24,,White,Police and Criminal Evidence Act 1984 (section 1),Article for use in theft,A no further action disposal,False,False
Person search,2021-09-18T02:00:00+00:00,False,,52.753917,0.423171,Male,25-34,White - English/Welsh/Scottish/Northern Irish/British,White,Police and Criminal Evidence Act 1984 (section 1),Anything to threaten or harm anyone,A no further action disposal,False,False
Person search,2021-09-18T05:10:04+00:00,False,,52.643505,1.213991,Male,over 34,White - English/Welsh/Scottish/Northern Irish/British,White,Police and Criminal Evidence Act 1984 (section 1),Article for use in theft,A no further action disposal,False,False
Person search,2021-09-18T10:30:00+00:00,False,,52.742868,0.393860,Male,18-24,White - English/Welsh/Scottish/Northern Irish/British,Mixed,Police and Criminal Evidence Act 1984 (section 1),Evidence of offences under the Act,A no further action disposal,False,False
Person search,2021-09-18T10:45:00+00:00,False,,52.759791,0.405786,Female,18-24,White - English/Welsh/Scottish/Northern Irish/British,White,Misuse of Drugs Act 1971 (section 23),Controlled drugs,A no further action disposal,False,False
Person search,2021-09-18T11:45:00+00:00,True,,52.760197,0.404874,Male,18-24,White - English/Welsh/Scottish/Northern Irish/British,White,Misuse of Drugs Act 1971 (section 23),Controlled drugs,Summons / charged by post,True,True
Person search,2021-09-18T11:45:00+00:00,True,,52.760197,0.404874,Male,25-34,White - English/Welsh/Scottish/Northern Irish/British,White,Misuse of Drugs Act 1971 (section 23),Controlled drugs,Summons / charged by post,True,False
Person search,2021-09-18T13:50:00+00:00,False,,52.603583,0.361754,Female,18-24,White - English/Welsh/Scottish/Northern Irish/British,White,Misuse of Drugs Act 1971 (section 23),Controlled drugs,A no further action disposal,False,False
Person search,2021-09-18T14:00:00+00:00,False,,52.600635,0.365745,Male,18-24,White - English/Welsh/Scottish/Northern Irish/British,White,Misuse of Drugs Act 1971 (section 23),Controlled drugs,Khat or Cannabis warning,True,False
Person search,2021-09-18T14:00:00+00:00,False,,52.624060,1.288690,Male,18-24,White - English/Welsh/Scottish/Northern Irish/British,White,Misuse of Drugs Act 1971 (section 23),Controlled drugs,Khat or Cannabis warning,True,False
Person search,2021-09-18T15:11:00+00:00,False,,52.621560,1.248942,Male,25-34,White - English/Welsh/Scottish/Northern Irish/British,White,Misuse of Drugs Act 1971 (section 23),Controlled drugs,A no further action disposal,False,False
Person search,2021-09-18T15:11:00+00:00,False,,52.760297,0.398136,Male,18-24,White - English/Welsh/Scottish/Northern Irish/British,White,Misuse of Drugs Act 1971 (section 23),Controlled drugs,Arrest,True,True
Person search,2021-09-18T16:30:00+00:00,False,,52.629265,1.292642,Male,over 34,White - English/Welsh/Scottish/Northern Irish/British,White,Police and Criminal Evidence Act 1984 (section 1),Article for use in theft,Arrest,True,False
Person search,2021-09-18T17:32:00+00:00,False,,52.654088,1.275091,Male,over 34,White - English/Welsh/Scottish/Northern Irish/British,White,Misuse of Drugs Act 1971 (section 23),Controlled drugs,Arrest,True,False
Person search,2021-09-18T20:00:00+00:00,False,,52.514847,1.018668,Male,10-17,White - English/Welsh/Scottish/Northern Irish/British,White,Misuse of Drugs Act 1971 (section 23),Controlled drugs,A no further action disposal,False,False
Person search,2021-09-19T00:40:00+00:00,False,,52.575582,1.339782,Male,25-34,White - English/Welsh/Scottish/Northern Irish/British,White,Police and Criminal Evidence Act 1984 (section 1),Evidence of offences under the Act,Arrest,False,False
Person search,2021-09-19T21:45:00+00:00,False,,52.446293,1.724630,Male,18-24,White - English/Welsh/Scottish/Northern Irish/British,White,Misuse of Drugs Act 1971 (section 23),Controlled drugs,A no further action disposal,False,False
Person search,2021-09-19T21:45:00+00:00,False,,52.446293,1.724630,Male,25-34,White - English/Welsh/Scottish/Northern Irish/British,White,Misuse of Drugs Act 1971 (section 23),Controlled drugs,A no further action disposal,False,False
Person search,2021-09-19T21:46:00+00:00,False,,52.446293,1.724630,Male,25-34,White - English/Welsh/Scottish/Northern Irish/British,White,Misuse of Drugs Act 1971 (section 23),Controlled drugs,Arrest,False,False
Person search,2021-09-19T22:45:00+00:00,False,,52.755452,0.398937,Male,18-24,White - Any other White background,Mixed,Police and Criminal Evidence Act 1984 (section 1),Offensive weapons,A no further action disposal,False,False
Person search,2021-09-19T23:44:04+00:00,False,,52.908724,0.755535,Male,over 34,White - English/Welsh/Scottish/Northern Irish/British,White,Misuse of Drugs Act 1971 (section 23),Controlled drugs,Arrest,True,True
Person search,2021-09-20T08:15:00+00:00,False,,52.628859,1.315566,Male,over 34,White - English/Welsh/Scottish/Northern Irish/British,White,Misuse of Drugs Act 1971 (section 23),Controlled drugs,Arrest,True,False
Person search,2021-09-20T12:45:00+00:00,False,,52.628516,1.303065,Male,25-34,White - English/Welsh/Scottish/Northern Irish/British,White,Misuse of Drugs Act 1971 (section 23),Controlled drugs,Khat or Cannabis warning,True,False
Person search,2021-09-20T16:10:00+00:00,False,,52.609803,1.229293,Male,10-17,White - English/Welsh/Scottish/Northern Irish/British,White,Misuse of Drugs Act 1971 (section 23),Controlled drugs,A no further action disposal,True,False
Person search,2021-09-20T16:10:00+00:00,False,,52.609803,1.229293,Female,10-17,White - English/Welsh/Scottish/Northern Irish/British,White,Misuse of Drugs Act 1971 (section 23),Controlled drugs,A no further action disposal,False,False
Person search,2021-09-20T19:30:00+00:00,False,,52.606813,1.727820,Male,10-17,Other ethnic group - Not stated,Black,Criminal Justice Act 1988 (section 139B),Firearms,A no further action disposal,False,False
Person search,2021-09-20T19:30:00+00:00,False,,52.606813,1.727820,Male,18-24,Other ethnic group - Not stated,Black,Criminal Justice Act 1988 (section 139B),Firearms,A no further action disposal,False,False
Person search,2021-09-20T22:00:00+00:00,False,,52.416778,0.746192,Male,25-34,White - Any other White background,White,Police and Criminal Evidence Act 1984 (section 1),Anything to threaten or harm anyone,A no further action disposal,True,False
Person search,2021-09-21T09:16:00+00:00,False,,52.644434,1.291461,Female,25-34,Other ethnic group - Not stated,White,Police and Criminal Evidence Act 1984 (section 1),Offensive weapons,Arrest,False,False
Person search,2021-09-21T10:30:00+00:00,False,,52.606111,0.222836,Male,,White - English/Welsh/Scottish/Northern Irish/British,White,Misuse of Drugs Act 1971 (section 23),Controlled drugs,A no further action disposal,False,False
Person search,2021-09-21T10:30:00+00:00,False,,52.606111,0.222836,Male,25-34,White - English/Welsh/Scottish/Northern Irish/British,White,Misuse of Drugs Act 1971 (section 23),Controlled drugs,A no further action disposal,False,False
Person search,2021-09-21T12:00:00+00:00,False,,52.751576,0.404740,Male,25-34,White - English/Welsh/Scottish/Northern Irish/British,White,Misuse of Drugs Act 1971 (section 23),Controlled drugs,Summons / charged by post,True,False
Person search,2021-09-21T13:58:16+00:00,False,,52.591757,1.725211,Male,over 34,White - English/Welsh/Scottish/Northern Irish/British,White,Police and Criminal Evidence Act 1984 (section 1),Offensive weapons,A no further action disposal,False,False
Person search,2021-09-21T14:00:00+00:00,False,,52.674989,0.172250,Male,18-24,White - English/Welsh/Scottish/Northern Irish/British,White,Misuse of Drugs Act 1971 (section 23),Controlled drugs,A no further action disposal,False,False
Person search,2021-09-21T14:00:00+00:00,False,,52.674989,0.172250,Male,10-17,White - English/Welsh/Scottish/Northern Irish/British,White,Misuse of Drugs Act 1971 (section 23),Controlled drugs,A no further action disposal,False,False
Person search,2021-09-21T14:00:00+00:00,False,,52.674989,0.172250,Male,18-24,White - English/Welsh/Scottish/Northern Irish/British,White,Misuse of Drugs Act 1971 (section 23),Controlled drugs,A no further action disposal,False,False
Person search,2021-09-21T14:30:00+00:00,True,,52.633042,1.284249,Male,over 34,White - English/Welsh/Scottish/Northern Irish/British,White,Misuse of Drugs Act 1971 (section 23),Controlled drugs,A no further action disposal,True,False
Person search,2021-09-21T18:15:00+00:00,False,,52.641534,1.301297,Male,over 34,White - English/Welsh/Scottish/Northern Irish/British,White,Police and Criminal Evidence Act 1984 (section 1),Article for use in theft,Arrest,False,False
Person search,2021-09-21T20:35:00+00:00,False,,52.538235,1.731000,Male,18-24,White - English/Welsh/Scottish/Northern Irish/British,White,Misuse of Drugs Act 1971 (section 23),Controlled drugs,A no further action disposal,False,False
Person search,2021-09-22T07:10:00+00:00,False,,52.613893,1.721506,Female,over 34,White - English/Welsh/Scottish/Northern Irish/British,White,Police and Criminal Evidence Act 1984 (section 1),Article for use in theft,A no further action disposal,False,False
Person search,2021-09-22T13:00:00+00:00,False,,52.742561,0.393458,Male,18-24,White - English/Welsh/Scottish/Northern Irish/British,White,Misuse of Drugs Act 1971 (section 23),Controlled drugs,Khat or Cannabis warning,True,False
Person search,2021-09-22T13:40:00+00:00,False,,52.763002,0.400434,Male,25-34,Asian/Asian British - Bangladeshi,White,Misuse of Drugs Act 1971 (section 23),Crossbows,A no further action disposal,False,False
Person search,2021-09-22T14:15:00+00:00,True,,52.632101,1.286056,Male,25-34,White - English/Welsh/Scottish/Northern Irish/British,White,Misuse of Drugs Act 1971 (section 23),Controlled drugs,A no further action disposal,False,True
Person search,2021-09-22T14:20:00+00:00,True,,52.631817,1.284956,Male,25-34,White - English/Welsh/Scottish/Northern Irish/British,White,Misuse of Drugs Act 1971 (section 23),Controlled drugs,A no further action disposal,False,False
Person search,2021-09-22T17:30:00+00:00,False,,52.678477,0.943950,Male,18-24,White - English/Welsh/Scottish/Northern Irish/British,White,Misuse of Drugs Act 1971 (section 23),Controlled drugs,Khat or Cannabis warning,True,False
Person search,2021-09-22T18:55:00+00:00,False,,52.573249,1.713099,Male,10-17,White - English/Welsh/Scottish/Northern Irish/British,White,Police and Criminal Evidence Act 1984 (section 1),Offensive weapons,A no further action disposal,False,False
Person search,2021-09-22T19:00:00+00:00,False,,52.573249,1.713099,Male,10-17,White - English/Welsh/Scottish/Northern Irish/British,White,Police and Criminal Evidence Act 1984 (section 1),Evidence of offences under the Act,A no further action disposal,False,False
Person search,2021-09-22T19:00:00+00:00,False,,52.573249,1.713099,Male,10-17,White - English/Welsh/Scottish/Northern Irish/British,White,Police and Criminal Evidence Act 1984 (section 1),Evidence of offences under the Act,A no further action disposal,False,False
Person search,2021-09-22T19:00:00+00:00,False,,52.594463,1.729547,Male,18-24,,Black,Police and Criminal Evidence Act 1984 (section 1),Offensive weapons,A no further action disposal,False,False
Person search,2021-09-22T19:06:00+00:00,False,,52.572165,1.711221,Male,10-17,White - English/Welsh/Scottish/Northern Irish/British,White,Police and Criminal Evidence Act 1984 (section 1),Offensive weapons,A no further action disposal,False,False
Person search,2021-09-22T19:07:00+00:00,False,,52.573120,1.712616,Male,10-17,White - English/Welsh/Scottish/Northern Irish/British,White,Police and Criminal Evidence Act 1984 (section 1),Offensive weapons,A no further action disposal,False,False
Person search,2021-09-22T19:15:00+00:00,False,,52.573120,1.712616,Female,10-17,White - English/Welsh/Scottish/Northern Irish/British,White,Police and Criminal Evidence Act 1984 (section 1),Offensive weapons,A no further action disposal,False,False
Person search,2021-09-22T19:15:00+00:00,False,,52.573120,1.712616,Female,10-17,White - English/Welsh/Scottish/Northern Irish/British,White,Police and Criminal Evidence Act 1984 (section 1),Offensive weapons,A no further action disposal,False,False
Person search,2021-09-22T19:15:00+00:00,False,,52.573120,1.712616,Female,10-17,White - English/Welsh/Scottish/Northern Irish/British,White,Police and Criminal Evidence Act 1984 (section 1),Offensive weapons,A no further action disposal,False,False
Person search,2021-09-22T19:30:00+00:00,False,,52.409321,0.742773,Male,over 34,White - Any other White background,White,Police and Criminal Evidence Act 1984 (section 1),Anything to threaten or harm anyone,A no further action disposal,False,False
Person search,2021-09-23T01:30:00+00:00,False,,52.774823,0.431035,Male,18-24,White - English/Welsh/Scottish/Northern Irish/British,White,Misuse of Drugs Act 1971 (section 23),Controlled drugs,Summons / charged by post,True,False
Person search,2021-09-23T01:30:00+00:00,False,,52.774823,0.431035,Female,18-24,White - English/Welsh/Scottish/Northern Irish/British,White,Misuse of Drugs Act 1971 (section 23),Controlled drugs,A no further action disposal,True,False
Person search,2021-09-23T12:20:00+00:00,False,,52.607831,1.724331,Male,10-17,White - English/Welsh/Scottish/Northern Irish/British,White,Misuse of Drugs Act 1971 (section 23),Controlled drugs,Caution (simple or conditional),True,False
Person search,2021-09-23T12:20:00+00:00,False,,52.607831,1.724331,Male,10-17,White - English/Welsh/Scottish/Northern Irish/British,White,Misuse of Drugs Act 1971 (section 23),Controlled drugs,A no further action disposal,False,False
Person search,2021-09-23T14:30:00+00:00,False,,52.742561,0.393458,Male,18-24,White - English/Welsh/Scottish/Northern Irish/British,White,Misuse of Drugs Act 1971 (section 23),Controlled drugs,Khat or Cannabis warning,False,False
Person search,2021-09-23T19:15:00+00:00,False,,52.547399,0.981220,Male,18-24,White - English/Welsh/Scottish/Northern Irish/British,White,Misuse of Drugs Act 1971 (section 23),Controlled drugs,Khat or Cannabis warning,True,False
Person search,2021-09-23T21:15:00+00:00,False,,52.524780,1.034669,Male,over 34,White - English/Welsh/Scottish/Northern Irish/British,White,Misuse of Drugs Act 1971 (section 23),Controlled drugs,A no further action disposal,False,False
Person search,2021-09-23T21:15:00+00:00,False,,52.771138,0.437086,Male,18-24,White - English/Welsh/Scottish/Northern Irish/British,White,Misuse of Drugs Act 1971 (section 23),Controlled drugs,A no further action disposal,False,False
Person search,2021-09-24T15:01:30+00:00,False,,52.429599,0.736220,Male,25-34,White - Any other White background,White,Misuse of Drugs Act 1971 (section 23),Controlled drugs,Khat or Cannabis warning,True,False
Person search,2021-09-24T17:30:00+00:00,False,,52.515150,1.010685,Male,25-34,White - English/Welsh/Scottish/Northern Irish/British,White,Misuse of Drugs Act 1971 (section 23),Controlled drugs,A no further action disposal,False,False
Person search,2021-09-24T17:30:00+00:00,False,,52.515150,1.010685,Male,18-24,White - English/Welsh/Scottish/Northern Irish/British,White,Misuse of Drugs Act 1971 (section 23),Controlled drugs,A no further action disposal,False,False
Person search,2021-09-24T18:35:00+00:00,False,,52.515370,1.010493,Male,18-24,White - English/Welsh/Scottish/Northern Irish/British,White,Misuse of Drugs Act 1971 (section 23),Controlled drugs,A no further action disposal,False,False
Person search,2021-09-24T20:30:00+00:00,False,,52.519528,1.007903,Male,18-24,White - English/Welsh/Scottish/Northern Irish/British,White,Misuse of Drugs Act 1971 (section 23),Controlled drugs,A no further action disposal,False,False
Person search,2021-09-25T04:10:00+00:00,False,,52.606588,1.734671,Male,18-24,White - English/Welsh/Scottish/Northern Irish/British,White,Misuse of Drugs Act 1971 (section 23),Controlled drugs,A no further action disposal,False,False
Person search,2021-09-25T04:23:00+00:00,False,,52.648879,0.685670,Male,25-34,,White,Police and Criminal Evidence Act 1984 (section 1),Offensive weapons,Arrest,True,False
Person search,2021-09-25T04:40:45+00:00,False,,52.606116,1.729652,Male,18-24,White - English/Welsh/Scottish/Northern Irish/British,White,Police and Criminal Evidence Act 1984 (section 1),Offensive weapons,A no further action disposal,False,False
Person search,2021-09-25T06:30:00+00:00,False,,52.747238,0.439278,Female,over 34,White - English/Welsh/Scottish/Northern Irish/British,White,Police and Criminal Evidence Act 1984 (section 1),Anything to threaten or harm anyone,A no further action disposal,True,False
Person search,2021-09-25T12:50:00+00:00,False,,52.957817,0.539056,Male,over 34,White - English/Welsh/Scottish/Northern Irish/British,White,Misuse of Drugs Act 1971 (section 23),Controlled drugs,Khat or Cannabis warning,True,False
Person search,2021-09-25T12:50:00+00:00,False,,52.957817,0.539056,Female,25-34,White - English/Welsh/Scottish/Northern Irish/British,White,Misuse of Drugs Act 1971 (section 23),Controlled drugs,A no further action disposal,False,False
Person search,2021-09-25T21:00:00+00:00,False,,52.416683,0.749113,Male,over 34,White - English/Welsh/Scottish/Northern Irish/British,White,Police and Criminal Evidence Act 1984 (section 6),Stolen goods,Community resolution,True,False
Person search,2021-09-25T23:05:00+00:00,False,,52.608341,0.381448,Male,10-17,White - English/Welsh/Scottish/Northern Irish/British,White,Misuse of Drugs Act 1971 (section 23),Controlled drugs,A no further action disposal,False,False
Person search,2021-09-26T03:24:00+00:00,False,,52.605739,1.727374,Male,18-24,Black/African/Caribbean/Black British - Any other Black/African/Caribbean background,Black,Police and Criminal Evidence Act 1984 (section 1),Offensive weapons,Arrest,False,False
Person search,2021-09-26T11:15:00+00:00,False,,52.467654,0.548774,Male,18-24,White - English/Welsh/Scottish/Northern Irish/British,White,Misuse of Drugs Act 1971 (section 23),Controlled drugs,A no further action disposal,False,False
Person search,2021-09-26T16:20:00+00:00,False,,52.755154,0.398564,Female,10-17,White - English/Welsh/Scottish/Northern Irish/British,White,Police and Criminal Evidence Act 1984 (section 1),Articles for use in criminal damage,A no further action disposal,False,False
Person search,2021-09-26T16:37:00+00:00,False,,52.755154,0.398564,Male,10-17,White - English/Welsh/Scottish/Northern Irish/British,White,Police and Criminal Evidence Act 1984 (section 1),Articles for use in criminal damage,A no further action disposal,False,False
Person search,2021-09-26T16:40:00+00:00,False,,52.877003,0.499895,Male,25-34,White - English/Welsh/Scottish/Northern Irish/British,White,Police and Criminal Evidence Act 1984 (section 1),Anything to threaten or harm anyone,Khat or Cannabis warning,False,False
Person search,2021-09-26T21:00:00+00:00,False,,52.754506,0.400826,Male,10-17,White - English/Welsh/Scottish/Northern Irish/British,White,Police and Criminal Evidence Act 1984 (section 1),Anything to threaten or harm anyone,A no further action disposal,False,False
Person search,2021-09-27T12:45:00+00:00,False,,52.756490,0.430562,Female,25-34,White - English/Welsh/Scottish/Northern Irish/British,White,Misuse of Drugs Act 1971 (section 23),Controlled drugs,Arrest,True,True
Person search,2021-09-27T15:30:00+00:00,False,,52.746974,0.397567,Male,18-24,White - English/Welsh/Scottish/Northern Irish/British,White,Misuse of Drugs Act 1971 (section 23),Controlled drugs,Khat or Cannabis warning,False,False
Person search,2021-09-27T17:29:00+00:00,False,,52.629844,1.287660,Male,25-34,White - English/Welsh/Scottish/Northern Irish/British,White,Police and Criminal Evidence Act 1984 (section 1),Offensive weapons,A no further action disposal,False,False
Person search,2021-09-27T20:45:00+00:00,False,,52.768789,0.390375,Male,25-34,White - Any other White background,White,Misuse of Drugs Act 1971 (section 23),Controlled drugs,Khat or Cannabis warning,True,False
Person search,2021-09-28T14:10:00+00:00,False,,52.406336,0.739632,Male,over 34,White - English/Welsh/Scottish/Northern Irish/British,White,Police and Criminal Evidence Act 1984 (section 1),Evidence of offences under the Act,Arrest,True,False
Person search,2021-09-28T15:00:00+00:00,False,,52.630259,1.285681,Male,18-24,Other ethnic group - Not stated,White,Misuse of Drugs Act 1971 (section 23),Controlled drugs,A no further action disposal,False,False
Person search,2021-09-28T15:00:00+00:00,False,,52.630259,1.285681,Female,18-24,Other ethnic group - Not stated,White,Misuse of Drugs Act 1971 (section 23),Controlled drugs,A no further action disposal,False,False
Person search,2021-09-29T11:45:00+00:00,False,,52.419441,0.737224,Male,18-24,White - English/Welsh/Scottish/Northern Irish/British,White,Misuse of Drugs Act 1971 (section 23),Controlled drugs,A no further action disposal,False,False
Person search,2021-09-29T12:46:00+00:00,False,,52.621265,1.295381,Male,18-24,White - English/Welsh/Scottish/Northern Irish/British,White,Police and Criminal Evidence Act 1984 (section 1),Offensive weapons,A no further action disposal,False,False
Person search,2021-09-29T16:00:00+00:00,False,,52.420494,0.734862,Male,10-17,White - English/Welsh/Scottish/Northern Irish/British,White,Misuse of Drugs Act 1971 (section 23),Controlled drugs,A no further action disposal,False,False
Person search,2021-09-29T16:30:00+00:00,True,,52.753119,0.430522,Male,25-34,White - English/Welsh/Scottish/Northern Irish/British,White,Misuse of Drugs Act 1971 (section 23),Psychoactive substances,Arrest,True,False
Person search,2021-09-29T19:15:00+00:00,False,,52.412806,0.746063,Male,25-34,Black/African/Caribbean/Black British - Any other Black/African/Caribbean background,Black,Misuse of Drugs Act 1971 (section 23),Controlled drugs,Khat or Cannabis warning,True,False
Person search,2021-09-29T21:40:00+00:00,False,,52.644094,1.298518,Male,25-34,White - English/Welsh/Scottish/Northern Irish/British,White,Misuse of Drugs Act 1971 (section 23),Controlled drugs,A no further action disposal,False,False
