Type,Date,Part of a policing operation,Policing operation,Latitude,Longitude,Gender,Age range,Self-defined ethnicity,Officer-defined ethnicity,Legislation,Object of search,Outcome,Outcome linked to object of search,Removal of more than just outer clothing
Person search,2021-07-01T00:30:00+00:00,,,50.618540,-2.450027,Female,over 34,White - English/Welsh/Scottish/Northern Irish/British,White,Misuse of Drugs Act 1971 (section 23),Controlled drugs,,,False
Person search,2021-07-01T03:30:00+00:00,,,50.731459,-1.854303,Female,18-24,White - English/Welsh/Scottish/Northern Irish/British,White,Misuse of Drugs Act 1971 (section 23),Controlled drugs,A no further action disposal,,False
Person search,2021-07-01T03:33:00+00:00,,,50.731907,-1.876406,Male,18-24,Asian/Asian British - Indian,Asian,Misuse of Drugs Act 1971 (section 23),Controlled drugs,A no further action disposal,,False
Person search,2021-07-01T03:35:00+00:00,,,50.731459,-1.854303,Male,18-24,Black/African/Caribbean/Black British - African,Black,Misuse of Drugs Act 1971 (section 23),Controlled drugs,,,False
Person search,2021-07-01T03:35:00+00:00,,,50.731459,-1.854303,Male,18-24,Other ethnic group - Not stated,,Misuse of Drugs Act 1971 (section 23),Controlled drugs,A no further action disposal,,False
Person search,2021-07-01T03:35:00+00:00,,,50.731459,-1.854303,Male,10-17,Other ethnic group - Not stated,White,Misuse of Drugs Act 1971 (section 23),Controlled drugs,A no further action disposal,,False
Person search,2021-07-01T11:30:00+00:00,,,50.729840,-1.847380,Male,10-17,Asian/Asian British - Indian,,Misuse of Drugs Act 1971 (section 23),Controlled drugs,A no further action disposal,,True
Person search,2021-07-01T14:29:00+00:00,,,50.727005,-1.838747,Male,10-17,White - English/Welsh/Scottish/Northern Irish/British,White,Misuse of Drugs Act 1971 (section 23),Controlled drugs,A no further action disposal,,False
Person search,2021-07-01T15:57:00+00:00,,,50.750749,-1.834498,Male,18-24,Other ethnic group - Not stated,White,Misuse of Drugs Act 1971 (section 23),Controlled drugs,A no further action disposal,,False
Person search,2021-07-01T19:27:00+00:00,,,50.763108,-1.865392,Male,10-17,White - English/Welsh/Scottish/Northern Irish/British,White,Misuse of Drugs Act 1971 (section 23),Evidence of offences under the Act,,,False
Person search,2021-07-01T19:27:00+00:00,,,50.763108,-1.865392,Male,10-17,White - English/Welsh/Scottish/Northern Irish/British,White,Misuse of Drugs Act 1971 (section 23),Evidence of offences under the Act,A no further action disposal,,False
Person search,2021-07-01T19:27:00+00:00,,,50.763108,-1.865392,Male,10-17,White - English/Welsh/Scottish/Northern Irish/British,White,Misuse of Drugs Act 1971 (section 23),Evidence of offences under the Act,A no further action disposal,,False
Person search,2021-07-02T10:37:00+00:00,,,50.614667,-2.460873,Female,18-24,White - English/Welsh/Scottish/Northern Irish/British,White,Misuse of Drugs Act 1971 (section 23),Controlled drugs,A no further action disposal,,False
Person search,2021-07-02T10:37:00+00:00,,,50.614667,-2.460873,Male,25-34,White - English/Welsh/Scottish/Northern Irish/British,White,Misuse of Drugs Act 1971 (section 23),Controlled drugs,Summons / charged by post,,False
Person search,2021-07-02T12:30:00+00:00,,,50.623301,-2.453691,Male,over 34,Other ethnic group - Not stated,White,Misuse of Drugs Act 1971 (section 23),Controlled drugs,,,False
Person search,2021-07-02T12:30:00+00:00,,,50.623301,-2.453691,Male,18-24,Other ethnic group - Any other ethnic group,White,Misuse of Drugs Act 1971 (section 23),Controlled drugs,A no further action disposal,,False
Person search,2021-07-02T16:30:00+00:00,,,50.681179,-2.220807,Male,10-17,White - English/Welsh/Scottish/Northern Irish/British,White,Misuse of Drugs Act 1971 (section 23),Controlled drugs,,,True
Person search,2021-07-02T20:55:00+00:00,,,50.727957,-1.837879,Male,25-34,Other ethnic group - Not stated,White,Misuse of Drugs Act 1971 (section 23),Controlled drugs,Arrest,True,False
Person search,2021-07-03T19:45:00+00:00,,,50.722131,-2.415475,Male,25-34,White - English/Welsh/Scottish/Northern Irish/British,White,Police and Criminal Evidence Act 1984 (section 1),Offensive weapons,Arrest,True,False
Person search,2021-07-03T19:45:00+00:00,,,50.722131,-2.415475,Male,25-34,Other ethnic group - Not stated,White,Police and Criminal Evidence Act 1984 (section 1),Offensive weapons,Arrest,True,False
Person search,2021-07-03T23:15:00+00:00,,,50.719172,-2.027415,Male,over 34,White - English/Welsh/Scottish/Northern Irish/British,White,Police and Criminal Evidence Act 1984 (section 1),Evidence of offences under the Act,A no further action disposal,,False
Person search,2021-07-03T23:50:00+00:00,,,50.719544,-1.887148,Male,over 34,White - English/Welsh/Scottish/Northern Irish/British,White,Misuse of Drugs Act 1971 (section 23),Controlled drugs,,,False
Person search,2021-07-03T23:55:00+00:00,,,50.745219,-1.879546,Female,25-34,Other ethnic group - Not stated,White,Police and Criminal Evidence Act 1984 (section 1),Offensive weapons,A no further action disposal,,False
Person search,2021-07-04T12:53:00+00:00,,,50.855609,-2.166153,Male,18-24,White - English/Welsh/Scottish/Northern Irish/British,White,Misuse of Drugs Act 1971 (section 23),Controlled drugs,Arrest,True,False
Person search,2021-07-04T17:35:00+00:00,,,50.849813,-2.163263,Female,18-24,White - English/Welsh/Scottish/Northern Irish/British,White,Misuse of Drugs Act 1971 (section 23),Controlled drugs,,,False
Person search,2021-07-05T00:40:00+00:00,,,50.744073,-1.883872,Male,25-34,Other ethnic group - Not stated,White,Police and Criminal Evidence Act 1984 (section 1),Article for use in theft,A no further action disposal,,False
Person search,2021-07-05T22:37:00+00:00,,,50.763662,-1.897052,Female,25-34,White - English/Welsh/Scottish/Northern Irish/British,White,Misuse of Drugs Act 1971 (section 23),Controlled drugs,,,False
Person search,2021-07-06T00:45:00+00:00,,,50.722659,-1.865338,Male,over 34,Other ethnic group - Not stated,White,Misuse of Drugs Act 1971 (section 23),Controlled drugs,,,False
Person search,2021-07-06T01:30:00+00:00,,,,,Female,18-24,White - English/Welsh/Scottish/Northern Irish/British,White,Misuse of Drugs Act 1971 (section 23),Controlled drugs,A no further action disposal,,False
Person search,2021-07-06T01:30:00+00:00,,,,,Male,25-34,White - English/Welsh/Scottish/Northern Irish/British,White,Misuse of Drugs Act 1971 (section 23),Controlled drugs,,,False
Person search,2021-07-07T01:37:00+00:00,,,50.738338,-1.986712,Male,over 34,Asian/Asian British - Any other Asian background,Asian,Misuse of Drugs Act 1971 (section 23),Controlled drugs,A no further action disposal,,False
Person search,2021-07-07T08:21:00+00:00,,,50.729284,-1.935793,Male,25-34,White - English/Welsh/Scottish/Northern Irish/British,White,Misuse of Drugs Act 1971 (section 23),Controlled drugs,,,False
Person search,2021-07-07T13:04:00+00:00,,,50.746241,-1.905325,Female,over 34,White - English/Welsh/Scottish/Northern Irish/British,White,Misuse of Drugs Act 1971 (section 23),Controlled drugs,,,False
Person search,2021-07-07T13:04:00+00:00,,,50.746241,-1.905325,Male,over 34,Other ethnic group - Not stated,White,Misuse of Drugs Act 1971 (section 23),Controlled drugs,,,False
Person search,2021-07-07T13:07:00+00:00,,,50.744727,-1.901062,Male,over 34,Other ethnic group - Not stated,White,Misuse of Drugs Act 1971 (section 23),Controlled drugs,Arrest,True,False
Person search,2021-07-07T17:15:00+00:00,,,50.726062,-1.839827,Male,10-17,Other ethnic group - Not stated,White,Police and Criminal Evidence Act 1984 (section 1),Article for use in theft,A no further action disposal,,False
Person search,2021-07-07T17:19:00+00:00,,,50.727723,-1.837767,Male,10-17,Other ethnic group - Not stated,,Police and Criminal Evidence Act 1984 (section 1),Article for use in theft,A no further action disposal,,False
Person search,2021-07-07T21:13:00+00:00,,,50.607767,-2.454616,Male,18-24,White - English/Welsh/Scottish/Northern Irish/British,White,Misuse of Drugs Act 1971 (section 23),Controlled drugs,,,False
Person search,2021-07-07T23:15:00+00:00,,,50.719977,-1.879752,Male,25-34,Mixed/Multiple ethnic groups - White and Asian,Asian,Misuse of Drugs Act 1971 (section 23),Controlled drugs,A no further action disposal,,False
Person search,2021-07-08T12:50:00+00:00,,,50.715269,-2.467766,Female,over 34,Other ethnic group - Not stated,White,Misuse of Drugs Act 1971 (section 23),Controlled drugs,,,False
Person search,2021-07-09T12:34:00+00:00,,,,,Male,18-24,Asian/Asian British - Pakistani,Asian,Misuse of Drugs Act 1971 (section 23),Controlled drugs,Arrest,True,False
Person search,2021-07-09T13:09:00+00:00,,,,,Male,18-24,Black/African/Caribbean/Black British - African,Black,Misuse of Drugs Act 1971 (section 23),Controlled drugs,Arrest,True,False
Person search,2021-07-09T18:15:00+00:00,,,,,Male,25-34,Mixed/Multiple ethnic groups - White and Black African,White,Police and Criminal Evidence Act 1984 (section 1),Offensive weapons,A no further action disposal,,False
Person search,2021-07-09T19:05:00+00:00,,,50.619222,-2.452832,Male,25-34,White - English/Welsh/Scottish/Northern Irish/British,White,Misuse of Drugs Act 1971 (section 23),Controlled drugs,,,False
Person search,2021-07-09T19:20:00+00:00,,,50.719977,-1.879752,Male,over 34,White - Any other White background,White,Misuse of Drugs Act 1971 (section 23),Controlled drugs,,,False
Person search,2021-07-09T19:20:00+00:00,,,50.719977,-1.879752,Male,over 34,White - Any other White background,White,Misuse of Drugs Act 1971 (section 23),Controlled drugs,,,False
Person search,2021-07-09T19:20:00+00:00,,,50.718669,-1.875208,Male,25-34,Black/African/Caribbean/Black British - African,Black,Misuse of Drugs Act 1971 (section 23),Controlled drugs,Arrest,True,True
Person search,2021-07-09T19:31:00+00:00,,,50.618587,-2.451808,Male,18-24,Other ethnic group - Any other ethnic group,White,Misuse of Drugs Act 1971 (section 23),Controlled drugs,,,False
Person search,2021-07-09T19:51:00+00:00,,,50.726447,-1.852151,Female,25-34,White - English/Welsh/Scottish/Northern Irish/British,White,Misuse of Drugs Act 1971 (section 23),Controlled drugs,Community resolution,True,False
Person search,2021-07-09T20:20:00+00:00,,,50.716097,-1.875668,Male,18-24,White - English/Welsh/Scottish/Northern Irish/British,White,,Offensive weapons,Arrest,True,False
Person search,2021-07-09T23:01:00+00:00,,,50.721824,-1.874138,Male,over 34,Other ethnic group - Not stated,White,Police and Criminal Evidence Act 1984 (section 1),Stolen goods,A no further action disposal,,False
Person search,2021-07-09T23:30:00+00:00,,,50.712107,-1.986705,Male,18-24,White - English/Welsh/Scottish/Northern Irish/British,White,Police and Criminal Evidence Act 1984 (section 1),Offensive weapons,Arrest,True,False
Person search,2021-07-10T01:10:00+00:00,,,50.719192,-1.885378,Male,18-24,White - English/Welsh/Scottish/Northern Irish/British,White,Police and Criminal Evidence Act 1984 (section 1),Articles for use in criminal damage,Community resolution,True,False
Person search,2021-07-10T01:25:00+00:00,,,50.719192,-1.885378,Male,18-24,White - English/Welsh/Scottish/Northern Irish/British,White,Police and Criminal Evidence Act 1984 (section 1),Articles for use in criminal damage,Community resolution,True,False
Person search,2021-07-10T15:10:00+00:00,,,50.751631,-1.888587,Male,25-34,White - English/Welsh/Scottish/Northern Irish/British,White,Police and Criminal Evidence Act 1984 (section 1),Offensive weapons,A no further action disposal,,False
Person search,2021-07-10T17:15:00+00:00,,,50.800100,-1.987745,Male,10-17,White - English/Welsh/Scottish/Northern Irish/British,White,Police and Criminal Evidence Act 1984 (section 1),,A no further action disposal,,False
Person search,2021-07-10T17:15:00+00:00,,,50.800100,-1.987745,Male,10-17,,White,Police and Criminal Evidence Act 1984 (section 1),Firearms,A no further action disposal,,False
Person search,2021-07-10T17:20:00+00:00,,,50.800100,-1.987745,Male,10-17,White - English/Welsh/Scottish/Northern Irish/British,White,Police and Criminal Evidence Act 1984 (section 1),Firearms,A no further action disposal,,False
Person search,2021-07-10T18:20:00+00:00,,,50.715186,-2.433332,Male,10-17,White - English/Welsh/Scottish/Northern Irish/British,White,Misuse of Drugs Act 1971 (section 23),Controlled drugs,,,True
Person search,2021-07-10T19:19:00+00:00,,,50.811356,-1.904470,Male,10-17,White - English/Welsh/Scottish/Northern Irish/British,White,Misuse of Drugs Act 1971 (section 23),Controlled drugs,A no further action disposal,,False
Person search,2021-07-12T20:25:00+00:00,,,,,Male,18-24,Other ethnic group - Not stated,White,Misuse of Drugs Act 1971 (section 23),Controlled drugs,A no further action disposal,,False
Person search,2021-07-13T12:00:00+00:00,,,50.864580,-2.155897,Male,over 34,White - English/Welsh/Scottish/Northern Irish/British,White,Police and Criminal Evidence Act 1984 (section 1),Articles for use in criminal damage,,,False
Person search,2021-07-13T16:20:00+00:00,,,50.728617,-1.861396,Male,18-24,Black/African/Caribbean/Black British - African,Black,Misuse of Drugs Act 1971 (section 23),Controlled drugs,Arrest,True,True
Person search,2021-07-13T19:30:00+00:00,,,,,Male,over 34,Other ethnic group - Not stated,White,Misuse of Drugs Act 1971 (section 23),Controlled drugs,Community resolution,True,False
Person search,2021-07-14T00:45:00+00:00,,,50.715208,-1.980019,Male,over 34,White - English/Welsh/Scottish/Northern Irish/British,White,Police and Criminal Evidence Act 1984 (section 1),Offensive weapons,A no further action disposal,,False
Person search,2021-07-14T02:06:00+00:00,,,,,Male,25-34,White - English/Welsh/Scottish/Northern Irish/British,White,Police and Criminal Evidence Act 1984 (section 1),Article for use in theft,A no further action disposal,,False
Person search,2021-07-15T13:03:00+00:00,,,50.724205,-1.880903,Male,over 34,White - English/Welsh/Scottish/Northern Irish/British,White,Misuse of Drugs Act 1971 (section 23),Controlled drugs,A no further action disposal,,False
Person search,2021-07-15T14:10:00+00:00,,,50.723553,-1.885027,Male,10-17,White - English/Welsh/Scottish/Northern Irish/British,White,Misuse of Drugs Act 1971 (section 23),Controlled drugs,A no further action disposal,,False
Person search,2021-07-15T15:10:00+00:00,,,50.716404,-1.980302,Male,over 34,White - English/Welsh/Scottish/Northern Irish/British,White,Misuse of Drugs Act 1971 (section 23),Controlled drugs,A no further action disposal,,False
Person search,2021-07-15T16:20:00+00:00,,,50.740216,-1.793493,Male,10-17,Other ethnic group - Not stated,White,Misuse of Drugs Act 1971 (section 23),Evidence of offences under the Act,,,False
Person search,2021-07-15T17:21:00+00:00,,,50.727251,-1.919970,Male,over 34,Black/African/Caribbean/Black British - Any other Black/African/Caribbean background,Black,Police and Criminal Evidence Act 1984 (section 1),Offensive weapons,A no further action disposal,,False
Person search,2021-07-16T14:10:00+00:00,,,50.723553,-1.885027,Male,10-17,White - English/Welsh/Scottish/Northern Irish/British,White,Misuse of Drugs Act 1971 (section 23),Controlled drugs,Arrest,True,False
Person search,2021-07-17T01:00:00+00:00,,,50.715262,-1.932101,Male,over 34,White - English/Welsh/Scottish/Northern Irish/British,White,Police and Criminal Evidence Act 1984 (section 1),Article for use in theft,A no further action disposal,,False
Person search,2021-07-17T11:00:00+00:00,,,50.857024,-2.157762,Female,25-34,Other ethnic group - Not stated,White,Police and Criminal Evidence Act 1984 (section 1),Offensive weapons,A no further action disposal,,False
Person search,2021-07-17T14:30:00+00:00,,,50.736531,-1.994662,Male,25-34,Black/African/Caribbean/Black British - African,Black,Misuse of Drugs Act 1971 (section 23),Controlled drugs,A no further action disposal,,False
Person search,2021-07-17T19:25:00+00:00,,,50.740103,-1.863857,Male,25-34,White - English/Welsh/Scottish/Northern Irish/British,White,Police and Criminal Evidence Act 1984 (section 1),Stolen goods,A no further action disposal,,False
Person search,2021-07-17T19:49:00+00:00,,,50.746920,-1.785824,Male,over 34,White - English/Welsh/Scottish/Northern Irish/British,White,Police and Criminal Evidence Act 1984 (section 1),Stolen goods,A no further action disposal,,False
Person search,2021-07-18T01:50:00+00:00,,,50.748887,-1.877836,Female,18-24,,White,Misuse of Drugs Act 1971 (section 23),Controlled drugs,Community resolution,True,False
Person search,2021-07-18T02:00:00+00:00,,,50.748887,-1.877836,Male,10-17,White - Any other White background,White,Misuse of Drugs Act 1971 (section 23),Controlled drugs,Community resolution,True,False
Person search,2021-07-18T14:30:00+00:00,,,50.720636,-1.843698,Male,over 34,White - Any other White background,White,Misuse of Drugs Act 1971 (section 23),Controlled drugs,Community resolution,True,False
Person search,2021-07-18T14:50:00+00:00,,,50.676864,-1.951574,Male,over 34,White - English/Welsh/Scottish/Northern Irish/British,White,Police and Criminal Evidence Act 1984 (section 1),Offensive weapons,,,False
Person search,2021-07-19T18:40:00+00:00,,,51.036254,-2.276373,Male,over 34,Other ethnic group - Not stated,White,Police and Criminal Evidence Act 1984 (section 1),Offensive weapons,,,False
Person search,2021-07-19T18:55:00+00:00,,,50.715586,-1.983064,Male,over 34,White - English/Welsh/Scottish/Northern Irish/British,White,Police and Criminal Evidence Act 1984 (section 1),Offensive weapons,Arrest,True,False
Person search,2021-07-20T06:30:00+00:00,,,50.618540,-2.450027,Male,over 34,Other ethnic group - Not stated,White,Misuse of Drugs Act 1971 (section 23),Controlled drugs,A no further action disposal,,False
Person search,2021-07-22T01:15:00+00:00,,,50.618540,-2.450027,Male,over 34,White - English/Welsh/Scottish/Northern Irish/British,White,Misuse of Drugs Act 1971 (section 23),Controlled drugs,Summons / charged by post,,False
Person search,2021-07-22T01:15:00+00:00,,,50.618540,-2.450027,Female,over 34,White - English/Welsh/Scottish/Northern Irish/British,White,Misuse of Drugs Act 1971 (section 23),Controlled drugs,Summons / charged by post,,False
Person search,2021-07-22T20:30:00+00:00,,,50.724647,-1.865828,Female,10-17,White - Any other White background,White,Police and Criminal Evidence Act 1984 (section 1),Stolen goods,Arrest,True,False
Person search,2021-07-22T20:30:00+00:00,,,50.724647,-1.865828,Female,over 34,White - Any other White background,White,Police and Criminal Evidence Act 1984 (section 1),Stolen goods,Arrest,True,False
Person search,2021-07-23T01:10:00+00:00,,,50.721888,-1.866743,Male,18-24,Black/African/Caribbean/Black British - Any other Black/African/Caribbean background,Black,Misuse of Drugs Act 1971 (section 23),Controlled drugs,A no further action disposal,,False
Person search,2021-07-23T10:10:00+00:00,,,50.591727,-2.469464,Male,25-34,Other ethnic group - Not stated,White,Misuse of Drugs Act 1971 (section 23),Controlled drugs,A no further action disposal,,True
Person search,2021-07-24T00:45:00+00:00,,,50.725919,-1.861518,Male,over 34,White - English/Welsh/Scottish/Northern Irish/British,,Misuse of Drugs Act 1971 (section 23),Controlled drugs,A no further action disposal,,False
Person search,2021-07-24T03:05:00+00:00,,,50.726154,-1.841158,Male,25-34,White - Any other White background,White,Police and Criminal Evidence Act 1984 (section 1),Offensive weapons,A no further action disposal,,False
Person search,2021-07-24T03:35:00+00:00,,,50.715293,-2.438488,Male,18-24,Other ethnic group - Not stated,White,Misuse of Drugs Act 1971 (section 23),Controlled drugs,A no further action disposal,,False
Person search,2021-07-24T09:15:00+00:00,,,50.629456,-2.461852,Male,over 34,White - English/Welsh/Scottish/Northern Irish/British,White,Police and Criminal Evidence Act 1984 (section 1),Stolen goods,Arrest,True,False
Person search,2021-07-24T09:30:00+00:00,,,50.719379,-1.874909,Male,over 34,Black/African/Caribbean/Black British - Caribbean,Black,Police and Criminal Evidence Act 1984 (section 1),Stolen goods,Community resolution,True,False
Person search,2021-07-24T09:30:00+00:00,,,50.719379,-1.874909,Male,over 34,Black/African/Caribbean/Black British - Caribbean,Black,Police and Criminal Evidence Act 1984 (section 1),Stolen goods,Community resolution,True,False
Person search,2021-07-24T19:55:00+00:00,,,50.735911,-1.780036,Male,10-17,Other ethnic group - Not stated,,Misuse of Drugs Act 1971 (section 23),Controlled drugs,,,False
Person search,2021-07-24T22:30:00+00:00,,,50.693719,-2.118859,Male,25-34,White - English/Welsh/Scottish/Northern Irish/British,White,,Offensive weapons,A no further action disposal,,False
Person search,2021-07-24T22:30:00+00:00,,,50.693719,-2.118859,Male,25-34,Other ethnic group - Not stated,,Police and Criminal Evidence Act 1984 (section 1),Offensive weapons,,,False
Person search,2021-07-27T16:26:00+00:00,,,50.698299,-2.235485,Male,18-24,Black/African/Caribbean/Black British - Caribbean,,Misuse of Drugs Act 1971 (section 23),Controlled drugs,Arrest,True,False
Person search,2021-07-27T19:43:00+00:00,,,50.616811,-2.455381,Male,10-17,White - English/Welsh/Scottish/Northern Irish/British,White,Police and Criminal Evidence Act 1984 (section 1),Offensive weapons,A no further action disposal,,False
Person search,2021-07-27T19:50:00+00:00,,,50.616811,-2.455381,Male,10-17,White - English/Welsh/Scottish/Northern Irish/British,White,Police and Criminal Evidence Act 1984 (section 1),Offensive weapons,Arrest,True,False
Person search,2021-07-27T20:20:00+00:00,,,50.700581,-2.445544,Male,10-17,White - English/Welsh/Scottish/Northern Irish/British,White,Misuse of Drugs Act 1971 (section 23),Controlled drugs,A no further action disposal,,False
Person search,2021-07-28T13:50:00+00:00,,,50.615522,-2.465065,Male,25-34,White - English/Welsh/Scottish/Northern Irish/British,White,Misuse of Drugs Act 1971 (section 23),Controlled drugs,A no further action disposal,,False
Person search,2021-07-28T16:15:00+00:00,,,,,Male,over 34,White - English/Welsh/Scottish/Northern Irish/British,White,Police and Criminal Evidence Act 1984 (section 1),Stolen goods,A no further action disposal,,False
Person search,2021-07-28T18:05:00+00:00,,,50.762699,-1.918676,Male,10-17,White - English/Welsh/Scottish/Northern Irish/British,White,Police and Criminal Evidence Act 1984 (section 1),Offensive weapons,A no further action disposal,,False
Person search,2021-07-28T18:06:00+00:00,,,,,Male,10-17,,White,Police and Criminal Evidence Act 1984 (section 1),Offensive weapons,A no further action disposal,,False
Person search,2021-07-29T08:45:00+00:00,,,50.614408,-2.455754,Male,18-24,White - English/Welsh/Scottish/Northern Irish/British,White,Police and Criminal Evidence Act 1984 (section 1),Stolen goods,Arrest,True,False
Person search,2021-07-30T22:50:00+00:00,,,50.721120,-1.879962,Female,18-24,White - English/Welsh/Scottish/Northern Irish/British,White,Misuse of Drugs Act 1971 (section 23),Controlled drugs,Community resolution,True,False
Person search,2021-07-30T22:50:00+00:00,,,50.721120,-1.879962,Female,18-24,White - English/Welsh/Scottish/Northern Irish/British,White,Misuse of Drugs Act 1971 (section 23),Controlled drugs,A no further action disposal,,False
Person search,2021-07-30T23:30:00+00:00,,,50.769096,-1.899550,Male,25-34,White - English/Welsh/Scottish/Northern Irish/British,White,Police and Criminal Evidence Act 1984 (section 1),Offensive weapons,A no further action disposal,,False
Person search,2021-07-30T23:38:00+00:00,,,50.769096,-1.899550,Male,10-17,White - English/Welsh/Scottish/Northern Irish/British,White,Police and Criminal Evidence Act 1984 (section 1),Offensive weapons,A no further action disposal,,False
Person search,2021-07-31T19:50:00+00:00,,,50.725501,-1.837222,Male,10-17,Mixed/Multiple ethnic groups - White and Black African,White,Police and Criminal Evidence Act 1984 (section 1),Articles for use in criminal damage,A no further action disposal,,False
