Type,Date,Part of a policing operation,Policing operation,Latitude,Longitude,Gender,Age range,Self-defined ethnicity,Officer-defined ethnicity,Legislation,Object of search,Outcome,Outcome linked to object of search,Removal of more than just outer clothing
Person search,2021-06-30T23:35:00+00:00,False,,,,Male,over 34,White - English/Welsh/Scottish/Northern Irish/British,White,Police and Criminal Evidence Act 1984 (section 1),Article for use in theft,A no further action disposal,,False
Vehicle search,2021-07-01T00:15:00+00:00,False,,50.161449,-5.086555,,,,,Misuse of Drugs Act 1971 (section 23),Controlled drugs,Arrest,True,
Person search,2021-07-01T00:55:00+00:00,False,,50.161449,-5.086555,Male,18-24,White - English/Welsh/Scottish/Northern Irish/British,White,Misuse of Drugs Act 1971 (section 23),Controlled drugs,Arrest,True,False
Person search,2021-07-01T01:00:00+00:00,False,,50.152696,-5.066516,Male,18-24,White - English/Welsh/Scottish/Northern Irish/British,White,Misuse of Drugs Act 1971 (section 23),Controlled drugs,A no further action disposal,,False
Person search,2021-07-01T02:16:00+00:00,False,,50.412353,-5.084374,Male,18-24,White - English/Welsh/Scottish/Northern Irish/British,White,Misuse of Drugs Act 1971 (section 23),Controlled drugs,A no further action disposal,,False
Person search,2021-07-01T02:25:00+00:00,False,,,,Male,10-17,White - English/Welsh/Scottish/Northern Irish/British,White,Police and Criminal Evidence Act 1984 (section 1),Stolen goods,,,False
Person search,2021-07-01T02:25:00+00:00,False,,50.372266,-4.136544,Male,over 34,White - English/Welsh/Scottish/Northern Irish/British,White,Police and Criminal Evidence Act 1984 (section 1),Article for use in theft,Arrest,False,False
Person search,2021-07-01T02:25:00+00:00,False,,,,Male,10-17,White - English/Welsh/Scottish/Northern Irish/British,White,Police and Criminal Evidence Act 1984 (section 1),Stolen goods,,,False
Person and Vehicle search,2021-07-01T06:52:00+00:00,False,,,,Male,18-24,White - English/Welsh/Scottish/Northern Irish/British,White,Misuse of Drugs Act 1971 (section 23),Controlled drugs,Arrest,False,False
Person and Vehicle search,2021-07-01T09:18:00+00:00,False,,50.718424,-3.476207,Male,25-34,White - Any other White background,White,Misuse of Drugs Act 1971 (section 23),Controlled drugs,A no further action disposal,True,False
Person search,2021-07-01T13:45:00+00:00,False,,51.077576,-4.039935,Male,over 34,White - English/Welsh/Scottish/Northern Irish/British,White,Misuse of Drugs Act 1971 (section 23),Controlled drugs,A no further action disposal,,False
Person search,2021-07-01T22:00:00+00:00,False,,50.470140,-3.540186,Male,18-24,White - English/Welsh/Scottish/Northern Irish/British,White,Misuse of Drugs Act 1971 (section 23),Controlled drugs,A no further action disposal,True,False
Person search,2021-07-01T22:37:00+00:00,False,,51.074277,-4.068013,Male,18-24,White - English/Welsh/Scottish/Northern Irish/British,,Misuse of Drugs Act 1971 (section 23),Controlled drugs,A no further action disposal,,False
Person search,2021-07-01T23:04:00+00:00,False,,50.373401,-4.137411,Male,25-34,,,Police and Criminal Evidence Act 1984 (section 1),Offensive weapons,A no further action disposal,,False
Person search,2021-07-01T23:53:00+00:00,False,,50.717058,-3.535278,Female,25-34,White - English/Welsh/Scottish/Northern Irish/British,White,Misuse of Drugs Act 1971 (section 23),Controlled drugs,Community resolution,True,False
Person search,2021-07-02T00:00:00+00:00,False,,,,Female,25-34,White - English/Welsh/Scottish/Northern Irish/British,White,Misuse of Drugs Act 1971 (section 23),Controlled drugs,Arrest,True,False
Person search,2021-07-02T00:10:00+00:00,False,,,,Male,25-34,White - English/Welsh/Scottish/Northern Irish/British,White,Misuse of Drugs Act 1971 (section 23),Controlled drugs,A no further action disposal,,False
Person and Vehicle search,2021-07-02T00:10:00+00:00,False,,,,Male,25-34,White - English/Welsh/Scottish/Northern Irish/British,White,Misuse of Drugs Act 1971 (section 23),Controlled drugs,Community resolution,True,False
Person search,2021-07-02T02:00:00+00:00,False,,,,Male,18-24,White - English/Welsh/Scottish/Northern Irish/British,White,Police and Criminal Evidence Act 1984 (section 1),Stolen goods,A no further action disposal,,False
Person search,2021-07-02T08:09:00+00:00,False,,50.688651,-3.528248,Male,25-34,White - English/Welsh/Scottish/Northern Irish/British,White,Misuse of Drugs Act 1971 (section 23),Controlled drugs,A no further action disposal,,False
Vehicle search,2021-07-02T08:23:00+00:00,False,,50.688651,-3.528248,,,,,Misuse of Drugs Act 1971 (section 23),Controlled drugs,A no further action disposal,,
Person search,2021-07-02T08:35:00+00:00,False,,50.679416,-3.530878,Female,25-34,White - English/Welsh/Scottish/Northern Irish/British,White,Misuse of Drugs Act 1971 (section 23),Controlled drugs,A no further action disposal,,False
Person search,2021-07-02T11:19:00+00:00,False,,50.372756,-4.136327,Female,over 34,,White,Misuse of Drugs Act 1971 (section 23),Controlled drugs,A no further action disposal,,True
Person and Vehicle search,2021-07-02T12:26:00+00:00,False,,50.796473,-3.186559,Male,25-34,,White,Misuse of Drugs Act 1971 (section 23),Controlled drugs,A no further action disposal,,False
Person search,2021-07-02T15:08:00+00:00,False,,50.721386,-3.533776,Male,over 34,White - English/Welsh/Scottish/Northern Irish/British,White,Police and Criminal Evidence Act 1984 (section 1),Offensive weapons,A no further action disposal,True,False
Person search,2021-07-02T19:59:00+00:00,False,,50.705064,-3.077754,Male,10-17,White - English/Welsh/Scottish/Northern Irish/British,White,Misuse of Drugs Act 1971 (section 23),Controlled drugs,A no further action disposal,,False
Person search,2021-07-02T20:20:00+00:00,False,,,,Male,over 34,White - English/Welsh/Scottish/Northern Irish/British,White,Misuse of Drugs Act 1971 (section 23),Controlled drugs,Community resolution,True,False
Person search,2021-07-02T20:37:00+00:00,False,,50.370679,-4.139187,Male,10-17,Black/African/Caribbean/Black British - Any other Black/African/Caribbean background,White,Misuse of Drugs Act 1971 (section 23),Controlled drugs,A no further action disposal,,False
Person search,2021-07-02T21:32:00+00:00,False,,50.370887,-4.145961,Male,10-17,White - English/Welsh/Scottish/Northern Irish/British,White,Misuse of Drugs Act 1971 (section 23),Controlled drugs,A no further action disposal,,False
Person search,2021-07-02T21:35:00+00:00,False,,50.369469,-4.152605,Male,18-24,,White,Misuse of Drugs Act 1971 (section 23),Controlled drugs,A no further action disposal,,False
Person search,2021-07-02T21:42:00+00:00,False,,,,Female,18-24,,White,Misuse of Drugs Act 1971 (section 23),Controlled drugs,A no further action disposal,,False
Person search,2021-07-02T23:39:00+00:00,False,,,,Male,18-24,,White,Misuse of Drugs Act 1971 (section 23),Controlled drugs,A no further action disposal,,False
Person search,2021-07-02T23:40:00+00:00,False,,50.370038,-4.141282,Male,18-24,White - English/Welsh/Scottish/Northern Irish/British,,Misuse of Drugs Act 1971 (section 23),Controlled drugs,A no further action disposal,True,False
Person and Vehicle search,2021-07-03T01:15:00+00:00,False,,,,Male,18-24,White - English/Welsh/Scottish/Northern Irish/British,White,Misuse of Drugs Act 1971 (section 23),Controlled drugs,Community resolution,False,False
Person search,2021-07-03T01:18:00+00:00,False,,50.735267,-3.997202,Male,18-24,White - English/Welsh/Scottish/Northern Irish/British,White,Misuse of Drugs Act 1971 (section 23),Controlled drugs,A no further action disposal,True,False
Person search,2021-07-03T01:20:00+00:00,False,,,,Male,under 10,White - English/Welsh/Scottish/Northern Irish/British,White,Misuse of Drugs Act 1971 (section 23),Controlled drugs,Khat or Cannabis warning,False,False
Person search,2021-07-03T01:37:00+00:00,False,,50.735267,-3.997202,Male,18-24,White - English/Welsh/Scottish/Northern Irish/British,White,Misuse of Drugs Act 1971 (section 23),Controlled drugs,A no further action disposal,True,False
Person search,2021-07-03T02:27:00+00:00,False,,50.623704,-4.677945,Male,10-17,,White,Misuse of Drugs Act 1971 (section 23),Controlled drugs,Summons / charged by post,True,False
Person search,2021-07-03T02:29:00+00:00,False,,50.623946,-4.677181,Female,18-24,,White,Misuse of Drugs Act 1971 (section 23),Controlled drugs,Summons / charged by post,True,False
Person search,2021-07-03T02:57:00+00:00,False,,50.623704,-4.677945,Male,18-24,,White,Misuse of Drugs Act 1971 (section 23),Controlled drugs,Caution (simple or conditional),True,False
Vehicle search,2021-07-03T11:31:00+00:00,False,,50.803745,-3.859047,,,,,Misuse of Drugs Act 1971 (section 23),Controlled drugs,A no further action disposal,,
Person search,2021-07-03T14:20:00+00:00,True,,50.718424,-3.476207,Male,25-34,White - English/Welsh/Scottish/Northern Irish/British,White,Misuse of Drugs Act 1971 (section 23),Controlled drugs,A no further action disposal,True,False
Person search,2021-07-03T18:00:00+00:00,False,,50.469887,-3.541658,Male,18-24,White - English/Welsh/Scottish/Northern Irish/British,White,Misuse of Drugs Act 1971 (section 23),Controlled drugs,Arrest,True,False
Person search,2021-07-03T18:20:00+00:00,False,,50.470140,-3.540186,Female,25-34,,White,Misuse of Drugs Act 1971 (section 23),Controlled drugs,Arrest,True,False
Person and Vehicle search,2021-07-03T18:20:00+00:00,False,,,,Female,25-34,,White,Misuse of Drugs Act 1971 (section 23),Controlled drugs,Arrest,True,False
Person search,2021-07-03T21:00:00+00:00,False,,,,Male,18-24,White - English/Welsh/Scottish/Northern Irish/British,White,Police and Criminal Evidence Act 1984 (section 1),Offensive weapons,Arrest,False,False
Person search,2021-07-03T22:03:00+00:00,False,,50.718424,-3.476207,Male,18-24,White - English/Welsh/Scottish/Northern Irish/British,White,Misuse of Drugs Act 1971 (section 23),Controlled drugs,Arrest,True,False
Person search,2021-07-03T23:30:00+00:00,False,,50.776077,-3.033560,Male,18-24,,White,Misuse of Drugs Act 1971 (section 23),Controlled drugs,A no further action disposal,,False
Person search,2021-07-03T23:32:00+00:00,False,,50.776077,-3.033560,Male,18-24,White - English/Welsh/Scottish/Northern Irish/British,White,Misuse of Drugs Act 1971 (section 23),Controlled drugs,A no further action disposal,,False
Person search,2021-07-04T01:23:00+00:00,False,,,,Male,25-34,White - English/Welsh/Scottish/Northern Irish/British,White,Misuse of Drugs Act 1971 (section 23),Controlled drugs,A no further action disposal,,False
Person search,2021-07-04T01:25:00+00:00,False,,50.148859,-5.052046,Female,25-34,White - English/Welsh/Scottish/Northern Irish/British,White,Misuse of Drugs Act 1971 (section 23),Controlled drugs,A no further action disposal,True,False
Person search,2021-07-04T01:37:00+00:00,False,,50.148859,-5.052046,Female,18-24,White - English/Welsh/Scottish/Northern Irish/British,White,Misuse of Drugs Act 1971 (section 23),Controlled drugs,A no further action disposal,,False
Person search,2021-07-04T04:40:00+00:00,False,,50.410251,-4.134002,Male,25-34,,White,Police and Criminal Evidence Act 1984 (section 1),Stolen goods,A no further action disposal,,False
Person search,2021-07-04T12:54:00+00:00,False,,50.374993,-4.151055,Male,over 34,,White,Police and Criminal Evidence Act 1984 (section 1),Stolen goods,A no further action disposal,,False
Person search,2021-07-04T13:55:00+00:00,False,,,,Male,,,Black,Misuse of Drugs Act 1971 (section 23),Controlled drugs,A no further action disposal,,False
Person search,2021-07-04T15:47:00+00:00,False,,50.471508,-4.718816,Male,10-17,White - English/Welsh/Scottish/Northern Irish/British,White,Police and Criminal Evidence Act 1984 (section 1),Offensive weapons,A no further action disposal,False,False
Person search,2021-07-04T19:32:00+00:00,False,,50.724797,-3.525996,Male,over 34,White - English/Welsh/Scottish/Northern Irish/British,White,Misuse of Drugs Act 1971 (section 23),Controlled drugs,A no further action disposal,True,False
Person and Vehicle search,2021-07-04T19:39:00+00:00,False,,50.704344,-3.080683,Female,25-34,White - English/Welsh/Scottish/Northern Irish/British,White,Misuse of Drugs Act 1971 (section 23),Controlled drugs,A no further action disposal,,False
Person search,2021-07-04T19:55:00+00:00,False,,50.724246,-3.526927,Male,over 34,White - Any other White background,White,Misuse of Drugs Act 1971 (section 23),Controlled drugs,Community resolution,True,False
Person and Vehicle search,2021-07-04T23:56:00+00:00,False,,50.429321,-3.599911,Male,25-34,White - English/Welsh/Scottish/Northern Irish/British,White,Misuse of Drugs Act 1971 (section 23),Controlled drugs,A no further action disposal,,False
Person search,2021-07-05T00:08:00+00:00,False,,50.429321,-3.599911,Female,18-24,,White,Misuse of Drugs Act 1971 (section 23),Controlled drugs,A no further action disposal,,False
Person and Vehicle search,2021-07-05T03:11:00+00:00,False,,50.161449,-5.086555,Male,18-24,,White,Misuse of Drugs Act 1971 (section 23),Controlled drugs,A no further action disposal,,False
Person search,2021-07-05T09:45:00+00:00,False,,50.722479,-3.533387,Female,25-34,White - English/Welsh/Scottish/Northern Irish/British,White,Police and Criminal Evidence Act 1984 (section 1),Stolen goods,A no further action disposal,,False
Person search,2021-07-05T10:00:00+00:00,False,,51.071935,-4.057502,Male,over 34,White - English/Welsh/Scottish/Northern Irish/British,White,Misuse of Drugs Act 1971 (section 23),Controlled drugs,A no further action disposal,True,False
Person search,2021-07-05T10:45:00+00:00,False,,50.749787,-3.398590,Male,,,White,Police and Criminal Evidence Act 1984 (section 1),Offensive weapons,A no further action disposal,,False
Person search,2021-07-05T11:15:00+00:00,False,,,,Female,18-24,White - English/Welsh/Scottish/Northern Irish/British,White,Misuse of Drugs Act 1971 (section 23),Controlled drugs,A no further action disposal,,False
Person search,2021-07-05T12:24:00+00:00,False,,51.076544,-4.057292,Male,over 34,White - English/Welsh/Scottish/Northern Irish/British,White,Misuse of Drugs Act 1971 (section 23),Controlled drugs,A no further action disposal,False,False
Person search,2021-07-05T13:36:00+00:00,False,,50.723557,-3.530744,Female,over 34,White - English/Welsh/Scottish/Northern Irish/British,White,Misuse of Drugs Act 1971 (section 23),Controlled drugs,A no further action disposal,True,False
Person search,2021-07-05T13:52:00+00:00,False,,50.722902,-3.531346,Male,over 34,White - English/Welsh/Scottish/Northern Irish/British,White,Misuse of Drugs Act 1971 (section 23),Controlled drugs,A no further action disposal,,False
Person search,2021-07-05T14:00:00+00:00,False,,,,Female,18-24,White - Any other White background,White,Misuse of Drugs Act 1971 (section 23),Controlled drugs,A no further action disposal,,False
Person search,2021-07-05T14:00:00+00:00,False,,,,Male,over 34,Black/African/Caribbean/Black British - African,Black,Misuse of Drugs Act 1971 (section 23),Controlled drugs,A no further action disposal,,False
Person search,2021-07-05T14:01:00+00:00,False,,51.076544,-4.057292,Male,over 34,White - English/Welsh/Scottish/Northern Irish/British,White,Misuse of Drugs Act 1971 (section 23),Controlled drugs,A no further action disposal,,False
Person search,2021-07-05T17:10:00+00:00,False,,,,Male,25-34,,White,Police and Criminal Evidence Act 1984 (section 1),Offensive weapons,Arrest,True,False
Person search,2021-07-05T20:03:00+00:00,False,,50.467335,-4.737179,Male,18-24,White - English/Welsh/Scottish/Northern Irish/British,White,Misuse of Drugs Act 1971 (section 23),Controlled drugs,A no further action disposal,,False
Person search,2021-07-05T20:12:00+00:00,False,,50.467335,-4.737179,Male,25-34,White - English/Welsh/Scottish/Northern Irish/British,White,Misuse of Drugs Act 1971 (section 23),Controlled drugs,Community resolution,True,False
Vehicle search,2021-07-05T20:14:00+00:00,False,,50.467335,-4.737179,,,,,Misuse of Drugs Act 1971 (section 23),Controlled drugs,Community resolution,True,
Person and Vehicle search,2021-07-05T20:14:00+00:00,False,,,,Male,25-34,White - English/Welsh/Scottish/Northern Irish/British,White,Misuse of Drugs Act 1971 (section 23),Controlled drugs,Community resolution,True,False
Person search,2021-07-06T10:00:00+00:00,False,,,,Male,over 34,,White,Misuse of Drugs Act 1971 (section 23),Controlled drugs,A no further action disposal,True,False
Person and Vehicle search,2021-07-06T11:22:00+00:00,False,,,,Male,25-34,White - English/Welsh/Scottish/Northern Irish/British,White,Misuse of Drugs Act 1971 (section 23),Controlled drugs,Arrest,False,False
Person search,2021-07-06T13:11:00+00:00,False,,51.076544,-4.057292,Male,over 34,,White,Misuse of Drugs Act 1971 (section 23),Controlled drugs,A no further action disposal,False,False
Person search,2021-07-06T13:40:00+00:00,False,,50.717650,-3.475517,Female,18-24,White - English/Welsh/Scottish/Northern Irish/British,White,Police and Criminal Evidence Act 1984 (section 1),Offensive weapons,Arrest,True,False
Person search,2021-07-06T14:56:00+00:00,False,,,,Female,25-34,White - English/Welsh/Scottish/Northern Irish/British,White,Police and Criminal Evidence Act 1984 (section 1),Stolen goods,A no further action disposal,,False
Person search,2021-07-06T16:20:00+00:00,False,,50.372756,-4.136327,Male,18-24,,White,Misuse of Drugs Act 1971 (section 23),Controlled drugs,A no further action disposal,,False
Person search,2021-07-06T16:20:00+00:00,False,,50.372266,-4.136544,Male,18-24,,White,Misuse of Drugs Act 1971 (section 23),Controlled drugs,A no further action disposal,,False
Person search,2021-07-06T16:20:00+00:00,False,,50.372266,-4.136544,Male,18-24,,White,Misuse of Drugs Act 1971 (section 23),Controlled drugs,A no further action disposal,,False
Person search,2021-07-06T16:20:00+00:00,False,,50.372336,-4.135647,Male,18-24,,White,Misuse of Drugs Act 1971 (section 23),Controlled drugs,Arrest,False,False
Person search,2021-07-06T17:00:00+00:00,False,,50.390824,-4.170863,Male,10-17,White - English/Welsh/Scottish/Northern Irish/British,White,Police and Criminal Evidence Act 1984 (section 1),Offensive weapons,A no further action disposal,,False
Person search,2021-07-06T17:09:00+00:00,False,,50.388860,-4.055242,Male,25-34,White - English/Welsh/Scottish/Northern Irish/British,White,Misuse of Drugs Act 1971 (section 23),Controlled drugs,A no further action disposal,,False
Person search,2021-07-06T17:46:00+00:00,False,,50.746053,-3.990219,Male,over 34,White - English/Welsh/Scottish/Northern Irish/British,White,Misuse of Drugs Act 1971 (section 23),Controlled drugs,Community resolution,True,False
Person search,2021-07-06T18:17:00+00:00,True,,50.781393,-3.000371,Male,10-17,White - English/Welsh/Scottish/Northern Irish/British,White,Misuse of Drugs Act 1971 (section 23),Controlled drugs,A no further action disposal,,False
Person and Vehicle search,2021-07-06T18:18:00+00:00,False,,50.740004,-3.995760,Male,over 34,White - English/Welsh/Scottish/Northern Irish/British,White,Misuse of Drugs Act 1971 (section 23),Controlled drugs,Community resolution,True,False
Vehicle search,2021-07-06T19:12:00+00:00,False,,50.372266,-4.136544,,,,,Misuse of Drugs Act 1971 (section 23),Controlled drugs,Arrest,False,
Person search,2021-07-06T20:00:00+00:00,False,,,,Male,over 34,White - English/Welsh/Scottish/Northern Irish/British,White,Police and Criminal Evidence Act 1984 (section 1),Offensive weapons,A no further action disposal,,False
Person search,2021-07-06T20:46:00+00:00,False,,50.718424,-3.476207,Male,10-17,White - English/Welsh/Scottish/Northern Irish/British,White,Misuse of Drugs Act 1971 (section 23),Controlled drugs,A no further action disposal,,False
Person search,2021-07-06T22:00:00+00:00,False,,50.372266,-4.136544,Male,,White - English/Welsh/Scottish/Northern Irish/British,White,Misuse of Drugs Act 1971 (section 23),Controlled drugs,A no further action disposal,,False
Person search,2021-07-06T23:11:00+00:00,False,,50.391127,-4.054201,Male,over 34,,White,Police and Criminal Evidence Act 1984 (section 1),Offensive weapons,Arrest,False,False
Person and Vehicle search,2021-07-07T12:05:00+00:00,False,,,,Male,over 34,,White,Misuse of Drugs Act 1971 (section 23),Controlled drugs,A no further action disposal,,True
Person search,2021-07-07T12:15:00+00:00,False,,50.372752,-4.135553,Female,over 34,,White,Misuse of Drugs Act 1971 (section 23),Controlled drugs,A no further action disposal,,True
Person and Vehicle search,2021-07-07T12:45:00+00:00,False,,50.407235,-4.131699,Male,over 34,White - English/Welsh/Scottish/Northern Irish/British,White,Misuse of Drugs Act 1971 (section 23),Controlled drugs,A no further action disposal,,False
Person search,2021-07-07T14:30:00+00:00,False,,50.720318,-3.477910,Female,over 34,White - English/Welsh/Scottish/Northern Irish/British,White,Misuse of Drugs Act 1971 (section 23),Controlled drugs,Arrest,True,False
Person and Vehicle search,2021-07-07T14:31:00+00:00,False,,,,Female,18-24,White - English/Welsh/Scottish/Northern Irish/British,White,Misuse of Drugs Act 1971 (section 23),Controlled drugs,Arrest,True,False
Person search,2021-07-07T16:10:00+00:00,False,,,,Male,10-17,White - English/Welsh/Scottish/Northern Irish/British,White,Misuse of Drugs Act 1971 (section 23),Controlled drugs,A no further action disposal,,False
Person and Vehicle search,2021-07-07T20:55:00+00:00,False,,50.370202,-4.147013,Male,25-34,,White,Misuse of Drugs Act 1971 (section 23),Controlled drugs,A no further action disposal,,False
Vehicle search,2021-07-07T20:59:00+00:00,False,,50.370202,-4.147013,,,,,Misuse of Drugs Act 1971 (section 23),Controlled drugs,A no further action disposal,,
Person search,2021-07-07T21:45:00+00:00,False,,50.380865,-4.166146,Male,10-17,White - English/Welsh/Scottish/Northern Irish/British,White,Misuse of Drugs Act 1971 (section 23),Controlled drugs,A no further action disposal,,False
Person search,2021-07-07T21:45:00+00:00,False,,50.380865,-4.166146,Male,18-24,White - English/Welsh/Scottish/Northern Irish/British,White,Misuse of Drugs Act 1971 (section 23),Controlled drugs,A no further action disposal,,False
Person search,2021-07-08T00:01:00+00:00,False,,50.763016,-3.400842,Male,18-24,White - English/Welsh/Scottish/Northern Irish/British,White,Misuse of Drugs Act 1971 (section 23),Controlled drugs,A no further action disposal,,False
Person search,2021-07-08T00:05:00+00:00,False,,50.679062,-3.236545,Male,25-34,White - English/Welsh/Scottish/Northern Irish/British,White,Misuse of Drugs Act 1971 (section 23),Controlled drugs,A no further action disposal,,False
Person search,2021-07-08T00:09:00+00:00,False,,50.679062,-3.236545,Male,over 34,White - English/Welsh/Scottish/Northern Irish/British,White,Misuse of Drugs Act 1971 (section 23),Controlled drugs,Community resolution,True,False
Person search,2021-07-08T01:09:00+00:00,False,,50.717650,-3.475517,Female,18-24,White - English/Welsh/Scottish/Northern Irish/British,White,Misuse of Drugs Act 1971 (section 23),Controlled drugs,Community resolution,True,False
Vehicle search,2021-07-08T01:17:00+00:00,False,,50.717650,-3.475517,,,,,Misuse of Drugs Act 1971 (section 23),Controlled drugs,A no further action disposal,False,
Person search,2021-07-08T02:00:00+00:00,False,,50.628339,-3.403367,Female,10-17,White - English/Welsh/Scottish/Northern Irish/British,White,Police and Criminal Evidence Act 1984 (section 1),Offensive weapons,A no further action disposal,,False
Person search,2021-07-08T10:30:00+00:00,True,,50.478160,-4.704721,Female,over 34,White - English/Welsh/Scottish/Northern Irish/British,White,Misuse of Drugs Act 1971 (section 23),Controlled drugs,Arrest,False,False
Person search,2021-07-08T11:47:00+00:00,False,,50.478268,-3.549161,Female,18-24,White - English/Welsh/Scottish/Northern Irish/British,White,Misuse of Drugs Act 1971 (section 23),Controlled drugs,A no further action disposal,True,False
Person search,2021-07-08T12:00:00+00:00,False,,50.718424,-3.476207,Male,over 34,,White,Police and Criminal Evidence Act 1984 (section 1),Stolen goods,Arrest,False,False
Person and Vehicle search,2021-07-08T15:36:00+00:00,False,,50.928893,-3.337076,Male,over 34,White - English/Welsh/Scottish/Northern Irish/British,White,Misuse of Drugs Act 1971 (section 23),Controlled drugs,Summons / charged by post,False,False
Person search,2021-07-08T17:31:00+00:00,False,,50.716712,-3.506680,Male,over 34,White - English/Welsh/Scottish/Northern Irish/British,White,Misuse of Drugs Act 1971 (section 23),Controlled drugs,Arrest,True,False
Person search,2021-07-08T18:40:00+00:00,False,,,,Female,over 34,White - English/Welsh/Scottish/Northern Irish/British,White,Misuse of Drugs Act 1971 (section 23),Controlled drugs,Arrest,True,False
Person search,2021-07-08T18:40:00+00:00,False,,50.829232,-4.544128,Male,over 34,White - English/Welsh/Scottish/Northern Irish/British,White,Misuse of Drugs Act 1971 (section 23),Controlled drugs,Arrest,True,False
Person search,2021-07-08T19:15:00+00:00,False,,,,Male,25-34,,White,Police and Criminal Evidence Act 1984 (section 1),Offensive weapons,Arrest,False,False
Person search,2021-07-08T19:30:00+00:00,False,,,,Male,over 34,White - English/Welsh/Scottish/Northern Irish/British,White,Misuse of Drugs Act 1971 (section 23),Controlled drugs,A no further action disposal,False,False
Person search,2021-07-08T20:13:00+00:00,False,,,,Male,over 34,White - English/Welsh/Scottish/Northern Irish/British,White,Misuse of Drugs Act 1971 (section 23),Controlled drugs,A no further action disposal,,False
Person and Vehicle search,2021-07-08T21:30:00+00:00,False,,50.546884,-3.996555,Male,18-24,White - English/Welsh/Scottish/Northern Irish/British,White,Misuse of Drugs Act 1971 (section 23),Controlled drugs,Arrest,True,False
Person and Vehicle search,2021-07-08T21:32:00+00:00,False,,50.622516,-3.407421,Male,18-24,White - English/Welsh/Scottish/Northern Irish/British,White,Misuse of Drugs Act 1971 (section 23),Controlled drugs,Community resolution,True,False
Person search,2021-07-08T22:30:00+00:00,True,,50.399114,-4.185919,Male,10-17,White - English/Welsh/Scottish/Northern Irish/British,White,Misuse of Drugs Act 1971 (section 23),Controlled drugs,A no further action disposal,,False
Person search,2021-07-09T02:15:00+00:00,False,,50.216002,-5.318601,Male,25-34,,White,Police and Criminal Evidence Act 1984 (section 1),Article for use in theft,A no further action disposal,,False
Person search,2021-07-09T09:00:00+00:00,False,,51.071935,-4.057502,Male,over 34,White - English/Welsh/Scottish/Northern Irish/British,White,Police and Criminal Evidence Act 1984 (section 1),Articles for use in criminal damage,Arrest,True,False
Person search,2021-07-09T10:02:00+00:00,False,,50.117881,-5.541828,Male,over 34,White - English/Welsh/Scottish/Northern Irish/British,White,Misuse of Drugs Act 1971 (section 23),Controlled drugs,A no further action disposal,,False
Person search,2021-07-09T10:30:00+00:00,False,,50.414631,-5.074104,Male,25-34,,,Police and Criminal Evidence Act 1984 (section 1),,A no further action disposal,,False
Person search,2021-07-09T11:05:00+00:00,False,,,,Female,25-34,White - English/Welsh/Scottish/Northern Irish/British,White,Misuse of Drugs Act 1971 (section 23),Controlled drugs,A no further action disposal,,False
Person search,2021-07-09T11:05:00+00:00,True,,50.374369,-4.138073,Male,25-34,,Black,Misuse of Drugs Act 1971 (section 23),Controlled drugs,A no further action disposal,,False
Person search,2021-07-09T12:39:00+00:00,False,,50.118763,-5.541516,Male,over 34,,White,Misuse of Drugs Act 1971 (section 23),Controlled drugs,Arrest,True,False
Person search,2021-07-09T16:05:00+00:00,True,,,,Male,10-17,White - English/Welsh/Scottish/Northern Irish/British,White,Misuse of Drugs Act 1971 (section 23),Controlled drugs,Community resolution,True,False
Person search,2021-07-09T16:18:00+00:00,False,,50.372756,-4.136327,Male,25-34,,White,Misuse of Drugs Act 1971 (section 23),Controlled drugs,Arrest,False,False
Person search,2021-07-09T16:54:00+00:00,True,,50.468775,-4.743633,Male,25-34,White - English/Welsh/Scottish/Northern Irish/British,White,Police and Criminal Evidence Act 1984 (section 1),Offensive weapons,Arrest,False,False
Person search,2021-07-09T17:00:00+00:00,False,,51.065498,-4.081280,Male,over 34,White - English/Welsh/Scottish/Northern Irish/British,White,Misuse of Drugs Act 1971 (section 23),Controlled drugs,A no further action disposal,,False
Person search,2021-07-09T17:00:00+00:00,False,,,,Male,over 34,White - English/Welsh/Scottish/Northern Irish/British,White,Misuse of Drugs Act 1971 (section 23),Controlled drugs,Community resolution,True,False
Person search,2021-07-09T17:41:00+00:00,False,,50.463714,-3.536413,Male,10-17,White - English/Welsh/Scottish/Northern Irish/British,White,Misuse of Drugs Act 1971 (section 23),Controlled drugs,A no further action disposal,,False
Person search,2021-07-09T17:45:00+00:00,False,,50.463714,-3.536413,Male,10-17,White - English/Welsh/Scottish/Northern Irish/British,White,Misuse of Drugs Act 1971 (section 23),Controlled drugs,A no further action disposal,,False
Person search,2021-07-09T17:49:00+00:00,False,,51.066028,-4.080262,Male,18-24,White - English/Welsh/Scottish/Northern Irish/British,White,Misuse of Drugs Act 1971 (section 23),Controlled drugs,A no further action disposal,,False
Person search,2021-07-09T18:00:00+00:00,False,,,,Male,over 34,White - English/Welsh/Scottish/Northern Irish/British,White,Misuse of Drugs Act 1971 (section 23),Controlled drugs,Arrest,False,False
Person search,2021-07-09T18:16:00+00:00,True,,,,Male,over 34,White - English/Welsh/Scottish/Northern Irish/British,White,Misuse of Drugs Act 1971 (section 23),Controlled drugs,Community resolution,True,False
Person search,2021-07-09T18:25:00+00:00,False,,,,Male,10-17,White - English/Welsh/Scottish/Northern Irish/British,White,Misuse of Drugs Act 1971 (section 23),Controlled drugs,A no further action disposal,,False
Person search,2021-07-09T18:40:00+00:00,False,,50.639538,-4.364986,Male,10-17,White - English/Welsh/Scottish/Northern Irish/British,White,Police and Criminal Evidence Act 1984 (section 1),Offensive weapons,Arrest,False,False
Person search,2021-07-09T19:37:00+00:00,False,,,,Male,10-17,White - English/Welsh/Scottish/Northern Irish/British,White,Misuse of Drugs Act 1971 (section 23),Controlled drugs,A no further action disposal,True,False
Person and Vehicle search,2021-07-09T19:54:00+00:00,False,,50.338511,-4.786995,Female,18-24,White - English/Welsh/Scottish/Northern Irish/British,White,Misuse of Drugs Act 1971 (section 23),Controlled drugs,A no further action disposal,,True
Person search,2021-07-10T00:00:00+00:00,False,,,,Male,10-17,,White,Misuse of Drugs Act 1971 (section 23),Controlled drugs,A no further action disposal,,False
Person search,2021-07-10T00:10:00+00:00,False,,50.527927,-3.605841,Male,18-24,White - English/Welsh/Scottish/Northern Irish/British,White,Police and Criminal Evidence Act 1984 (section 1),Offensive weapons,A no further action disposal,,False
Person search,2021-07-10T00:21:00+00:00,False,,,,Female,over 34,White - English/Welsh/Scottish/Northern Irish/British,White,Police and Criminal Evidence Act 1984 (section 1),Stolen goods,A no further action disposal,,False
Person search,2021-07-10T01:15:00+00:00,False,,50.280015,-5.163054,Male,18-24,Asian/Asian British - Bangladeshi,Asian,Misuse of Drugs Act 1971 (section 23),Controlled drugs,A no further action disposal,,False
Person search,2021-07-10T01:15:00+00:00,False,,50.280015,-5.163054,Male,18-24,Asian/Asian British - Bangladeshi,Asian,Misuse of Drugs Act 1971 (section 23),Controlled drugs,A no further action disposal,,False
Person search,2021-07-10T01:30:00+00:00,False,,50.382005,-4.165833,Male,over 34,White - English/Welsh/Scottish/Northern Irish/British,White,Police and Criminal Evidence Act 1984 (section 1),Offensive weapons,A no further action disposal,,False
Person search,2021-07-10T01:46:00+00:00,False,,51.076544,-4.057292,Male,25-34,,White,Misuse of Drugs Act 1971 (section 23),Controlled drugs,Community resolution,True,False
Person search,2021-07-10T06:40:00+00:00,False,,50.623283,-3.414639,Male,25-34,White - English/Welsh/Scottish/Northern Irish/British,White,Misuse of Drugs Act 1971 (section 23),Controlled drugs,A no further action disposal,,False
Person and Vehicle search,2021-07-10T06:44:00+00:00,False,,50.623283,-3.414639,Male,18-24,White - English/Welsh/Scottish/Northern Irish/British,White,Misuse of Drugs Act 1971 (section 23),Controlled drugs,Community resolution,True,False
Person search,2021-07-10T06:51:00+00:00,False,,50.623283,-3.414639,Male,18-24,White - English/Welsh/Scottish/Northern Irish/British,White,Misuse of Drugs Act 1971 (section 23),Controlled drugs,A no further action disposal,True,False
Person search,2021-07-10T10:47:00+00:00,False,,50.726023,-3.527835,Female,18-24,White - English/Welsh/Scottish/Northern Irish/British,White,Misuse of Drugs Act 1971 (section 23),Controlled drugs,A no further action disposal,,False
Person search,2021-07-10T10:49:00+00:00,False,,50.725641,-3.528191,Male,25-34,White - English/Welsh/Scottish/Northern Irish/British,White,Misuse of Drugs Act 1971 (section 23),Controlled drugs,A no further action disposal,,False
Person search,2021-07-10T11:11:00+00:00,False,,50.422590,-4.163728,Male,over 34,White - English/Welsh/Scottish/Northern Irish/British,White,Misuse of Drugs Act 1971 (section 23),Controlled drugs,A no further action disposal,,False
Person search,2021-07-10T12:15:00+00:00,False,,,,Male,over 34,White - English/Welsh/Scottish/Northern Irish/British,White,Police and Criminal Evidence Act 1984 (section 1),Stolen goods,A no further action disposal,,False
Person search,2021-07-10T15:35:00+00:00,False,,50.170179,-5.445602,Male,over 34,White - English/Welsh/Scottish/Northern Irish/British,White,Misuse of Drugs Act 1971 (section 23),Controlled drugs,Summons / charged by post,True,False
Person search,2021-07-10T16:28:00+00:00,False,,50.718516,-3.535892,Male,over 34,Asian/Asian British - Any other Asian background,Asian,Misuse of Drugs Act 1971 (section 23),Controlled drugs,A no further action disposal,,False
Person search,2021-07-10T17:54:00+00:00,False,,,,Male,18-24,White - English/Welsh/Scottish/Northern Irish/British,White,Police and Criminal Evidence Act 1984 (section 1),Offensive weapons,A no further action disposal,,False
Person search,2021-07-10T18:12:00+00:00,False,,50.390982,-4.113946,Female,18-24,White - English/Welsh/Scottish/Northern Irish/British,White,Police and Criminal Evidence Act 1984 (section 1),Offensive weapons,,,False
Person and Vehicle search,2021-07-10T19:10:00+00:00,False,,50.339758,-4.761108,Male,over 34,White - English/Welsh/Scottish/Northern Irish/British,White,Police and Criminal Evidence Act 1984 (section 1),Stolen goods,,True,False
Person search,2021-07-10T21:20:00+00:00,False,,,,Male,18-24,White - English/Welsh/Scottish/Northern Irish/British,White,Misuse of Drugs Act 1971 (section 23),Controlled drugs,Arrest,True,False
Person search,2021-07-10T21:25:00+00:00,False,,50.105052,-5.311325,Male,25-34,,White,Misuse of Drugs Act 1971 (section 23),Controlled drugs,A no further action disposal,True,False
Vehicle search,2021-07-10T21:30:00+00:00,False,,,,,,,,Misuse of Drugs Act 1971 (section 23),Controlled drugs,Arrest,True,
Person search,2021-07-10T23:10:00+00:00,False,,51.079030,-4.057060,Male,25-34,White - English/Welsh/Scottish/Northern Irish/British,White,Misuse of Drugs Act 1971 (section 23),Controlled drugs,A no further action disposal,,False
Person search,2021-07-10T23:30:00+00:00,False,,50.161449,-5.086555,Male,10-17,White - English/Welsh/Scottish/Northern Irish/British,White,Police and Criminal Evidence Act 1984 (section 1),Offensive weapons,A no further action disposal,,False
Person search,2021-07-11T00:38:00+00:00,False,,,,Male,10-17,White - English/Welsh/Scottish/Northern Irish/British,White,Police and Criminal Evidence Act 1984 (section 1),Article for use in theft,A no further action disposal,,False
Person search,2021-07-11T00:43:00+00:00,False,,50.232645,-5.228974,Male,10-17,White - English/Welsh/Scottish/Northern Irish/British,White,Police and Criminal Evidence Act 1984 (section 1),Article for use in theft,A no further action disposal,,False
Person search,2021-07-11T00:45:00+00:00,False,,50.161449,-5.086555,Male,10-17,White - English/Welsh/Scottish/Northern Irish/British,White,Police and Criminal Evidence Act 1984 (section 1),Article for use in theft,A no further action disposal,,False
Person search,2021-07-11T02:07:00+00:00,False,,50.209689,-5.300219,Male,18-24,White - English/Welsh/Scottish/Northern Irish/British,White,Police and Criminal Evidence Act 1984 (section 1),Article for use in theft,A no further action disposal,,False
Person search,2021-07-11T02:20:00+00:00,False,,50.434028,-3.561276,Male,under 10,,White,Police and Criminal Evidence Act 1984 (section 1),Offensive weapons,A no further action disposal,,False
Person search,2021-07-11T15:30:00+00:00,False,,50.265813,-5.056140,Male,18-24,White - English/Welsh/Scottish/Northern Irish/British,White,Police and Criminal Evidence Act 1984 (section 1),Stolen goods,Arrest,False,True
Person search,2021-07-11T17:15:00+00:00,False,,,,Male,25-34,White - English/Welsh/Scottish/Northern Irish/British,White,Misuse of Drugs Act 1971 (section 23),Controlled drugs,Community resolution,True,False
Person search,2021-07-11T17:54:00+00:00,False,,50.165917,-5.101828,Male,25-34,,White,Police and Criminal Evidence Act 1984 (section 1),Controlled drugs,Summons / charged by post,False,False
Person search,2021-07-11T18:38:00+00:00,False,,50.722277,-3.534414,Male,over 34,,White,Police and Criminal Evidence Act 1984 (section 1),Offensive weapons,A no further action disposal,,False
Person search,2021-07-11T19:00:00+00:00,False,,,,Female,over 34,,White,Misuse of Drugs Act 1971 (section 23),Controlled drugs,A no further action disposal,,False
Person search,2021-07-11T19:04:00+00:00,False,,,,Female,over 34,,White,Misuse of Drugs Act 1971 (section 23),Controlled drugs,A no further action disposal,,False
Person search,2021-07-11T23:44:00+00:00,False,,50.363991,-4.764146,Male,10-17,White - English/Welsh/Scottish/Northern Irish/British,White,Misuse of Drugs Act 1971 (section 23),Controlled drugs,A no further action disposal,True,False
Person search,2021-07-11T23:54:00+00:00,False,,50.363991,-4.764146,Male,10-17,White - English/Welsh/Scottish/Northern Irish/British,White,Misuse of Drugs Act 1971 (section 23),Controlled drugs,A no further action disposal,True,False
Person search,2021-07-11T23:55:00+00:00,False,,50.434420,-3.692063,Male,18-24,,White,Misuse of Drugs Act 1971 (section 23),Article for use in theft,A no further action disposal,False,False
Person search,2021-07-11T23:55:00+00:00,False,,50.433099,-3.710420,Male,18-24,,White,Misuse of Drugs Act 1971 (section 23),Article for use in theft,A no further action disposal,,False
Person search,2021-07-11T23:55:00+00:00,False,,50.433099,-3.710420,Male,18-24,,Other,Misuse of Drugs Act 1971 (section 23),Article for use in theft,A no further action disposal,,False
Person search,2021-07-11T23:59:00+00:00,False,,50.363991,-4.764146,Male,10-17,White - English/Welsh/Scottish/Northern Irish/British,White,Misuse of Drugs Act 1971 (section 23),Controlled drugs,A no further action disposal,True,False
Person search,2021-07-12T00:35:00+00:00,False,,50.447577,-3.564948,Male,,,White,Police and Criminal Evidence Act 1984 (section 1),Stolen goods,A no further action disposal,,False
Person search,2021-07-12T01:55:00+00:00,False,,50.457000,-3.587011,Male,18-24,White - English/Welsh/Scottish/Northern Irish/British,White,Misuse of Drugs Act 1971 (section 23),Controlled drugs,A no further action disposal,,False
Person search,2021-07-12T03:03:00+00:00,False,,50.368706,-4.146214,Male,18-24,White - English/Welsh/Scottish/Northern Irish/British,White,Misuse of Drugs Act 1971 (section 23),Controlled drugs,A no further action disposal,,False
Person search,2021-07-12T10:35:00+00:00,False,,,,Male,over 34,White - English/Welsh/Scottish/Northern Irish/British,White,Misuse of Drugs Act 1971 (section 23),Controlled drugs,A no further action disposal,,False
Person search,2021-07-12T10:37:00+00:00,False,,,,Male,over 34,White - English/Welsh/Scottish/Northern Irish/British,White,Misuse of Drugs Act 1971 (section 23),Controlled drugs,A no further action disposal,,False
Person search,2021-07-12T10:37:00+00:00,False,,,,Male,over 34,White - English/Welsh/Scottish/Northern Irish/British,White,Misuse of Drugs Act 1971 (section 23),Controlled drugs,A no further action disposal,,False
Person search,2021-07-12T15:43:00+00:00,False,,,,Male,10-17,,White,Misuse of Drugs Act 1971 (section 23),Controlled drugs,A no further action disposal,True,False
Person search,2021-07-12T18:03:00+00:00,False,,50.338511,-4.786995,Male,over 34,White - English/Welsh/Scottish/Northern Irish/British,,Misuse of Drugs Act 1971 (section 23),Controlled drugs,A no further action disposal,False,False
Person search,2021-07-12T18:03:00+00:00,False,,50.338511,-4.786995,Male,25-34,White - English/Welsh/Scottish/Northern Irish/British,,Misuse of Drugs Act 1971 (section 23),Controlled drugs,A no further action disposal,,False
Person search,2021-07-12T19:45:00+00:00,False,,50.393130,-4.170223,Male,25-34,White - Any other White background,White,Misuse of Drugs Act 1971 (section 23),Controlled drugs,,True,False
Person search,2021-07-12T19:48:00+00:00,False,,50.393130,-4.170223,Male,25-34,White - Any other White background,White,Misuse of Drugs Act 1971 (section 23),Controlled drugs,A no further action disposal,,False
Person search,2021-07-12T22:20:00+00:00,False,,50.718424,-3.476207,Male,25-34,,Black,Police and Criminal Evidence Act 1984 (section 1),Stolen goods,Arrest,True,False
Person search,2021-07-13T03:43:00+00:00,False,,,,Male,over 34,,White,Misuse of Drugs Act 1971 (section 23),Controlled drugs,Arrest,True,False
Person search,2021-07-13T03:45:00+00:00,False,,50.827164,-4.546175,Female,over 34,,White,Police and Criminal Evidence Act 1984 (section 1),Stolen goods,Community resolution,False,False
Person search,2021-07-13T08:20:00+00:00,False,,51.076544,-4.057292,Male,over 34,,White,Police and Criminal Evidence Act 1984 (section 1),Offensive weapons,A no further action disposal,,False
Person search,2021-07-13T09:18:00+00:00,False,,,,Male,25-34,White - English/Welsh/Scottish/Northern Irish/British,White,Police and Criminal Evidence Act 1984 (section 1),Stolen goods,Arrest,True,False
Person search,2021-07-13T13:13:00+00:00,False,,,,Male,10-17,,White,Misuse of Drugs Act 1971 (section 23),Controlled drugs,A no further action disposal,,False
Person search,2021-07-13T16:15:00+00:00,False,,50.371351,-4.136433,Male,over 34,White - English/Welsh/Scottish/Northern Irish/British,White,Misuse of Drugs Act 1971 (section 23),Controlled drugs,A no further action disposal,,False
Person search,2021-07-13T16:33:00+00:00,False,,,,Male,over 34,,White,Misuse of Drugs Act 1971 (section 23),Controlled drugs,A no further action disposal,,False
Person search,2021-07-13T19:22:00+00:00,False,,50.536542,-3.609831,Male,18-24,White - English/Welsh/Scottish/Northern Irish/British,White,Police and Criminal Evidence Act 1984 (section 1),Offensive weapons,A no further action disposal,False,False
Person search,2021-07-13T21:09:00+00:00,False,,50.611806,-3.402818,Female,18-24,White - English/Welsh/Scottish/Northern Irish/British,White,Misuse of Drugs Act 1971 (section 23),Controlled drugs,A no further action disposal,,False
Person search,2021-07-13T21:10:00+00:00,False,,50.621751,-3.408953,Female,18-24,White - English/Welsh/Scottish/Northern Irish/British,White,Misuse of Drugs Act 1971 (section 23),Controlled drugs,A no further action disposal,,False
Person and Vehicle search,2021-07-13T21:50:00+00:00,False,,50.713008,-3.462835,Male,over 34,White - English/Welsh/Scottish/Northern Irish/British,White,Misuse of Drugs Act 1971 (section 23),Controlled drugs,A no further action disposal,,False
Person search,2021-07-13T23:45:00+00:00,False,,50.117970,-5.537134,Male,25-34,,White,Misuse of Drugs Act 1971 (section 23),Controlled drugs,A no further action disposal,,False
Person and Vehicle search,2021-07-14T00:19:00+00:00,False,,50.410251,-4.134002,Male,18-24,White - English/Welsh/Scottish/Northern Irish/British,White,Police and Criminal Evidence Act 1984 (section 1),Offensive weapons,A no further action disposal,,False
Person and Vehicle search,2021-07-14T00:29:00+00:00,False,,50.778595,-3.441165,Male,25-34,White - English/Welsh/Scottish/Northern Irish/British,White,Misuse of Drugs Act 1971 (section 23),Controlled drugs,Arrest,True,False
Person search,2021-07-14T00:50:00+00:00,False,,51.076544,-4.057292,Male,over 34,White - English/Welsh/Scottish/Northern Irish/British,White,Police and Criminal Evidence Act 1984 (section 1),Article for use in theft,Arrest,True,False
Person search,2021-07-14T01:19:00+00:00,False,,,,Male,over 34,White - English/Welsh/Scottish/Northern Irish/British,White,Misuse of Drugs Act 1971 (section 23),Controlled drugs,A no further action disposal,,False
Person and Vehicle search,2021-07-14T02:01:00+00:00,False,,50.143583,-5.069936,Male,over 34,,White,Misuse of Drugs Act 1971 (section 23),Controlled drugs,Community resolution,True,False
Person search,2021-07-14T09:00:00+00:00,False,,50.394454,-3.515165,Male,over 34,,White,Misuse of Drugs Act 1971 (section 23),Controlled drugs,A no further action disposal,,False
Person search,2021-07-14T14:13:00+00:00,False,,51.076544,-4.057292,Male,over 34,White - English/Welsh/Scottish/Northern Irish/British,White,Police and Criminal Evidence Act 1984 (section 1),Stolen goods,Arrest,False,False
Person search,2021-07-14T14:15:00+00:00,False,,50.722902,-3.531346,Male,over 34,White - English/Welsh/Scottish/Northern Irish/British,White,Misuse of Drugs Act 1971 (section 23),Controlled drugs,A no further action disposal,,False
Person search,2021-07-14T14:30:00+00:00,True,,50.723820,-3.531234,Male,18-24,Black/African/Caribbean/Black British - African,Black,Misuse of Drugs Act 1971 (section 23),Controlled drugs,A no further action disposal,,False
Person and Vehicle search,2021-07-14T15:53:00+00:00,False,,50.396839,-4.120300,Male,over 34,White - English/Welsh/Scottish/Northern Irish/British,White,Misuse of Drugs Act 1971 (section 23),Controlled drugs,A no further action disposal,,False
Person search,2021-07-14T15:59:00+00:00,False,,50.400186,-4.134971,Female,over 34,White - English/Welsh/Scottish/Northern Irish/British,White,Misuse of Drugs Act 1971 (section 23),Controlled drugs,A no further action disposal,,False
Person search,2021-07-14T15:59:00+00:00,False,,50.410251,-4.134002,Female,25-34,White - English/Welsh/Scottish/Northern Irish/British,White,Misuse of Drugs Act 1971 (section 23),Controlled drugs,A no further action disposal,,False
Person and Vehicle search,2021-07-14T17:45:00+00:00,False,,,,Male,10-17,White - English/Welsh/Scottish/Northern Irish/British,White,Misuse of Drugs Act 1971 (section 23),Controlled drugs,Arrest,True,False
Person search,2021-07-14T18:01:00+00:00,False,,50.728578,-3.520876,Male,18-24,White - English/Welsh/Scottish/Northern Irish/British,White,Misuse of Drugs Act 1971 (section 23),Controlled drugs,A no further action disposal,,False
Person search,2021-07-14T22:05:00+00:00,False,,,,Male,over 34,White - English/Welsh/Scottish/Northern Irish/British,White,Police and Criminal Evidence Act 1984 (section 1),Stolen goods,Arrest,False,False
Person search,2021-07-15T02:15:00+00:00,False,,,,Male,over 34,,White,Police and Criminal Evidence Act 1984 (section 1),Article for use in theft,Community resolution,False,False
Person search,2021-07-15T05:48:00+00:00,False,,,,Male,18-24,White - English/Welsh/Scottish/Northern Irish/British,White,Misuse of Drugs Act 1971 (section 23),Controlled drugs,A no further action disposal,,False
Person search,2021-07-15T10:39:00+00:00,False,,50.414120,-5.080124,Male,10-17,White - English/Welsh/Scottish/Northern Irish/British,White,Misuse of Drugs Act 1971 (section 23),Controlled drugs,A no further action disposal,False,False
Person search,2021-07-15T10:43:00+00:00,False,,50.414120,-5.080124,Male,10-17,White - English/Welsh/Scottish/Northern Irish/British,White,Misuse of Drugs Act 1971 (section 23),Controlled drugs,A no further action disposal,,False
Person search,2021-07-15T12:04:00+00:00,False,,50.414988,-5.076576,Male,over 34,White - English/Welsh/Scottish/Northern Irish/British,White,Misuse of Drugs Act 1971 (section 23),Controlled drugs,A no further action disposal,,False
Person search,2021-07-15T13:19:00+00:00,False,,50.411325,-5.072228,Male,over 34,White - English/Welsh/Scottish/Northern Irish/British,White,Misuse of Drugs Act 1971 (section 23),Controlled drugs,A no further action disposal,,False
Person search,2021-07-15T13:40:00+00:00,False,,50.470620,-3.540611,Male,over 34,,White,Misuse of Drugs Act 1971 (section 23),Controlled drugs,A no further action disposal,,False
Person search,2021-07-15T20:55:00+00:00,False,,50.384857,-3.912949,Male,,White - English/Welsh/Scottish/Northern Irish/British,White,Police and Criminal Evidence Act 1984 (section 1),Offensive weapons,A no further action disposal,,False
Person search,2021-07-16T09:00:00+00:00,False,,50.372756,-4.136327,Female,18-24,White - English/Welsh/Scottish/Northern Irish/British,White,Misuse of Drugs Act 1971 (section 23),Controlled drugs,A no further action disposal,,False
Person search,2021-07-16T12:49:00+00:00,True,,50.470759,-3.540263,Female,18-24,White - English/Welsh/Scottish/Northern Irish/British,White,Police and Criminal Evidence Act 1984 (section 1),,A no further action disposal,,False
Person search,2021-07-16T13:08:00+00:00,False,,50.470759,-3.540263,Male,18-24,,White,Police and Criminal Evidence Act 1984 (section 1),Stolen goods,A no further action disposal,,False
Person search,2021-07-16T15:48:00+00:00,False,,51.206400,-4.121086,Male,18-24,White - English/Welsh/Scottish/Northern Irish/British,White,Misuse of Drugs Act 1971 (section 23),Controlled drugs,A no further action disposal,,False
Person search,2021-07-16T16:15:00+00:00,False,,51.076544,-4.057292,Male,over 34,White - Any other White background,White,Misuse of Drugs Act 1971 (section 23),Controlled drugs,Summons / charged by post,True,False
Person search,2021-07-16T17:30:00+00:00,False,,50.372756,-4.136327,Male,over 34,,White,Police and Criminal Evidence Act 1984 (section 1),Stolen goods,Community resolution,True,False
Person search,2021-07-16T17:40:00+00:00,False,,50.209689,-5.300219,Male,over 34,White - English/Welsh/Scottish/Northern Irish/British,White,Police and Criminal Evidence Act 1984 (section 1),Offensive weapons,A no further action disposal,False,False
Vehicle search,2021-07-16T21:04:00+00:00,False,,50.920589,-3.330336,,,,,Misuse of Drugs Act 1971 (section 23),Controlled drugs,Arrest,False,
Person search,2021-07-16T21:08:00+00:00,False,,50.917413,-3.480604,Male,18-24,White - English/Welsh/Scottish/Northern Irish/British,White,Misuse of Drugs Act 1971 (section 23),Controlled drugs,Community resolution,True,False
Person search,2021-07-16T21:14:00+00:00,False,,50.367480,-4.175380,Male,18-24,Mixed/Multiple ethnic groups - Any other Mixed/Multiple ethnic background,Other,Misuse of Drugs Act 1971 (section 23),Controlled drugs,Community resolution,True,False
Person search,2021-07-16T21:34:00+00:00,False,,50.367480,-4.175380,Male,25-34,Black/African/Caribbean/Black British - African,Black,Misuse of Drugs Act 1971 (section 23),Controlled drugs,A no further action disposal,,False
Person search,2021-07-16T22:05:00+00:00,False,,50.901699,-3.487927,Male,18-24,White - English/Welsh/Scottish/Northern Irish/British,White,Misuse of Drugs Act 1971 (section 23),Controlled drugs,A no further action disposal,,False
Person search,2021-07-16T22:15:00+00:00,False,,50.370202,-4.147013,Male,18-24,White - English/Welsh/Scottish/Northern Irish/British,White,Police and Criminal Evidence Act 1984 (section 1),Offensive weapons,A no further action disposal,,False
Person search,2021-07-16T22:23:00+00:00,False,,50.370202,-4.147013,Male,over 34,White - English/Welsh/Scottish/Northern Irish/British,White,Police and Criminal Evidence Act 1984 (section 1),Offensive weapons,A no further action disposal,,False
Person search,2021-07-17T01:16:00+00:00,False,,50.473411,-3.553935,Male,18-24,White - English/Welsh/Scottish/Northern Irish/British,White,Police and Criminal Evidence Act 1984 (section 1),Offensive weapons,A no further action disposal,,False
Person search,2021-07-17T10:32:00+00:00,False,,50.224423,-5.279642,Male,25-34,,White,Police and Criminal Evidence Act 1984 (section 1),Offensive weapons,A no further action disposal,False,False
Person search,2021-07-17T13:30:00+00:00,False,,,,Male,25-34,White - English/Welsh/Scottish/Northern Irish/British,White,Misuse of Drugs Act 1971 (section 23),Controlled drugs,A no further action disposal,True,False
Person search,2021-07-17T14:41:00+00:00,False,,,,Male,over 34,White - English/Welsh/Scottish/Northern Irish/British,White,Police and Criminal Evidence Act 1984 (section 1),Stolen goods,A no further action disposal,,False
Person search,2021-07-17T16:29:00+00:00,False,,50.730117,-3.768743,Female,25-34,White - Any other White background,White,Police and Criminal Evidence Act 1984 (section 1),,A no further action disposal,,False
Person search,2021-07-17T19:26:00+00:00,False,,50.463018,-4.732547,Female,over 34,White - English/Welsh/Scottish/Northern Irish/British,White,Police and Criminal Evidence Act 1984 (section 1),Stolen goods,A no further action disposal,,False
Person search,2021-07-17T21:40:00+00:00,False,,50.343924,-4.784444,Male,18-24,White - English/Welsh/Scottish/Northern Irish/British,White,Police and Criminal Evidence Act 1984 (section 1),Article for use in theft,A no further action disposal,,False
Person search,2021-07-17T21:40:00+00:00,False,,50.343924,-4.784444,Male,10-17,White - English/Welsh/Scottish/Northern Irish/British,White,Police and Criminal Evidence Act 1984 (section 1),Articles for use in criminal damage,A no further action disposal,,False
Person search,2021-07-17T22:00:00+00:00,False,,50.161449,-5.086555,Male,18-24,White - English/Welsh/Scottish/Northern Irish/British,White,Police and Criminal Evidence Act 1984 (section 1),Offensive weapons,A no further action disposal,,False
Person search,2021-07-17T22:12:00+00:00,False,,50.635510,-4.362267,Male,25-34,Mixed/Multiple ethnic groups - White and Black Caribbean,Black,Police and Criminal Evidence Act 1984 (section 1),Offensive weapons,A no further action disposal,,False
Person search,2021-07-18T00:00:00+00:00,False,,,,Female,18-24,,White,Misuse of Drugs Act 1971 (section 23),Controlled drugs,A no further action disposal,,False
Person search,2021-07-18T00:13:00+00:00,False,,50.191974,-5.179452,Male,over 34,,White,Misuse of Drugs Act 1971 (section 23),Controlled drugs,A no further action disposal,,False
Person search,2021-07-18T00:13:00+00:00,False,,50.191974,-5.179452,Male,18-24,White - English/Welsh/Scottish/Northern Irish/British,White,Misuse of Drugs Act 1971 (section 23),Controlled drugs,A no further action disposal,,False
Person search,2021-07-18T00:15:00+00:00,False,,50.191974,-5.179452,Male,18-24,White - English/Welsh/Scottish/Northern Irish/British,White,Misuse of Drugs Act 1971 (section 23),Controlled drugs,A no further action disposal,,False
Person and Vehicle search,2021-07-18T00:20:00+00:00,False,,50.829591,-4.544191,Male,18-24,White - English/Welsh/Scottish/Northern Irish/British,White,Police and Criminal Evidence Act 1984 (section 1),Offensive weapons,Arrest,False,False
Person and Vehicle search,2021-07-18T00:23:00+00:00,False,,50.372336,-4.135647,Male,over 34,White - English/Welsh/Scottish/Northern Irish/British,White,Misuse of Drugs Act 1971 (section 23),Controlled drugs,Community resolution,True,False
Vehicle search,2021-07-18T00:30:00+00:00,False,,,,,,,,Misuse of Drugs Act 1971 (section 23),Controlled drugs,Community resolution,True,
Person search,2021-07-18T01:24:00+00:00,False,,,,Male,18-24,,White,Misuse of Drugs Act 1971 (section 23),Controlled drugs,A no further action disposal,,False
Person search,2021-07-18T09:24:00+00:00,False,,50.207641,-5.297582,Male,18-24,,White,Police and Criminal Evidence Act 1984 (section 1),Offensive weapons,Community resolution,True,False
Person search,2021-07-18T11:41:00+00:00,False,,,,Female,18-24,White - English/Welsh/Scottish/Northern Irish/British,White,Police and Criminal Evidence Act 1984 (section 1),Offensive weapons,A no further action disposal,,False
Person and Vehicle search,2021-07-18T13:10:00+00:00,False,,50.365090,-4.149637,Male,over 34,White - English/Welsh/Scottish/Northern Irish/British,White,Police and Criminal Evidence Act 1984 (section 1),Offensive weapons,,True,False
Person search,2021-07-18T19:35:00+00:00,False,,50.402137,-4.172436,Male,10-17,White - English/Welsh/Scottish/Northern Irish/British,White,Misuse of Drugs Act 1971 (section 23),Controlled drugs,A no further action disposal,,False
Person search,2021-07-18T19:35:00+00:00,False,,50.402137,-4.172436,Male,18-24,White - English/Welsh/Scottish/Northern Irish/British,White,Misuse of Drugs Act 1971 (section 23),Controlled drugs,A no further action disposal,,False
Vehicle search,2021-07-18T20:40:00+00:00,False,,,,,,,,Misuse of Drugs Act 1971 (section 23),Controlled drugs,A no further action disposal,,
Person search,2021-07-18T20:40:00+00:00,False,,,,Male,25-34,White - English/Welsh/Scottish/Northern Irish/British,White,Misuse of Drugs Act 1971 (section 23),Controlled drugs,A no further action disposal,,False
Person search,2021-07-18T21:03:00+00:00,False,,50.375519,-4.150333,Male,25-34,,White,Misuse of Drugs Act 1971 (section 23),Controlled drugs,A no further action disposal,,False
Person search,2021-07-18T22:23:00+00:00,False,,50.372336,-4.135647,Male,over 34,,White,Police and Criminal Evidence Act 1984 (section 1),Offensive weapons,A no further action disposal,,False
Person search,2021-07-18T23:57:00+00:00,False,,50.391127,-4.054201,Male,,,White,Police and Criminal Evidence Act 1984 (section 1),Offensive weapons,A no further action disposal,,False
Person search,2021-07-19T12:27:00+00:00,False,,50.720868,-3.477091,Male,over 34,White - English/Welsh/Scottish/Northern Irish/British,White,Police and Criminal Evidence Act 1984 (section 1),Article for use in theft,Arrest,True,False
Person search,2021-07-19T13:50:00+00:00,False,,50.370679,-4.139187,Male,25-34,White - English/Welsh/Scottish/Northern Irish/British,White,Misuse of Drugs Act 1971 (section 23),Controlled drugs,Arrest,True,True
Person search,2021-07-19T13:55:00+00:00,False,,,,Female,25-34,White - English/Welsh/Scottish/Northern Irish/British,White,Misuse of Drugs Act 1971 (section 23),Controlled drugs,A no further action disposal,,False
Person search,2021-07-19T16:41:00+00:00,False,,50.418280,-4.173470,Female,over 34,White - English/Welsh/Scottish/Northern Irish/British,White,Police and Criminal Evidence Act 1984 (section 1),Offensive weapons,A no further action disposal,,False
Person search,2021-07-19T16:43:00+00:00,False,,50.118763,-5.541516,Male,,White - English/Welsh/Scottish/Northern Irish/British,White,Misuse of Drugs Act 1971 (section 23),Controlled drugs,A no further action disposal,,False
Person and Vehicle search,2021-07-19T16:47:00+00:00,False,,50.418280,-4.173470,Male,over 34,White - English/Welsh/Scottish/Northern Irish/British,White,Police and Criminal Evidence Act 1984 (section 1),Offensive weapons,A no further action disposal,True,False
Person search,2021-07-19T17:19:00+00:00,False,,50.117617,-5.537513,Male,over 34,White - English/Welsh/Scottish/Northern Irish/British,White,Misuse of Drugs Act 1971 (section 23),Controlled drugs,A no further action disposal,,False
Person search,2021-07-20T00:00:00+00:00,False,,50.370728,-4.151663,Male,18-24,,Black,Misuse of Drugs Act 1971 (section 23),Controlled drugs,A no further action disposal,False,True
Person and Vehicle search,2021-07-20T12:00:00+00:00,False,,50.385884,-4.168091,Male,over 34,,White,Misuse of Drugs Act 1971 (section 23),Controlled drugs,Arrest,True,False
Person search,2021-07-20T12:23:00+00:00,False,,50.373805,-4.141381,Male,25-34,White - English/Welsh/Scottish/Northern Irish/British,White,Police and Criminal Evidence Act 1984 (section 1),Stolen goods,Community resolution,False,False
Vehicle search,2021-07-20T13:30:00+00:00,False,,,,,,,,Misuse of Drugs Act 1971 (section 23),Controlled drugs,Arrest,True,
Person search,2021-07-20T13:41:00+00:00,False,,50.371915,-4.144348,Male,10-17,,White,Misuse of Drugs Act 1971 (section 23),Controlled drugs,A no further action disposal,True,False
Person search,2021-07-20T16:30:00+00:00,False,,50.381503,-4.175853,Male,10-17,White - English/Welsh/Scottish/Northern Irish/British,White,Police and Criminal Evidence Act 1984 (section 1),Offensive weapons,A no further action disposal,True,False
Person search,2021-07-20T19:18:00+00:00,False,,,,Male,10-17,White - English/Welsh/Scottish/Northern Irish/British,White,Misuse of Drugs Act 1971 (section 23),Controlled drugs,Arrest,True,False
Person search,2021-07-20T20:21:00+00:00,False,,50.261755,-5.075919,Male,over 34,White - English/Welsh/Scottish/Northern Irish/British,White,Police and Criminal Evidence Act 1984 (section 1),Article for use in theft,A no further action disposal,,False
Person and Vehicle search,2021-07-20T23:15:00+00:00,False,,,,Male,25-34,White - English/Welsh/Scottish/Northern Irish/British,White,Misuse of Drugs Act 1971 (section 23),Controlled drugs,A no further action disposal,,False
Person and Vehicle search,2021-07-20T23:22:00+00:00,False,,50.481967,-3.772034,Male,25-34,White - English/Welsh/Scottish/Northern Irish/British,White,Police and Criminal Evidence Act 1984 (section 1),Article for use in theft,A no further action disposal,,False
Person and Vehicle search,2021-07-20T23:35:00+00:00,False,,,,Male,25-34,White - English/Welsh/Scottish/Northern Irish/British,White,Misuse of Drugs Act 1971 (section 23),Controlled drugs,Arrest,True,False
Person search,2021-07-20T23:40:00+00:00,False,,51.072582,-4.078372,Female,over 34,White - English/Welsh/Scottish/Northern Irish/British,White,Police and Criminal Evidence Act 1984 (section 1),Offensive weapons,A no further action disposal,False,False
Person search,2021-07-21T08:58:00+00:00,False,,50.161449,-5.086555,Male,18-24,White - English/Welsh/Scottish/Northern Irish/British,White,Police and Criminal Evidence Act 1984 (section 1),Offensive weapons,Arrest,False,False
Person search,2021-07-21T18:33:00+00:00,False,,50.203768,-5.370678,Male,18-24,White - English/Welsh/Scottish/Northern Irish/British,White,Misuse of Drugs Act 1971 (section 23),Controlled drugs,A no further action disposal,True,False
Person search,2021-07-21T18:37:00+00:00,False,,50.203768,-5.370678,Male,10-17,White - English/Welsh/Scottish/Northern Irish/British,White,Misuse of Drugs Act 1971 (section 23),Controlled drugs,,True,False
Person search,2021-07-21T19:39:00+00:00,False,,50.715781,-3.544104,Female,over 34,White - English/Welsh/Scottish/Northern Irish/British,White,Police and Criminal Evidence Act 1984 (section 1),Offensive weapons,,,False
Person search,2021-07-21T20:35:00+00:00,False,,,,Male,18-24,,White,Police and Criminal Evidence Act 1984 (section 1),Offensive weapons,A no further action disposal,,False
Person search,2021-07-21T20:39:00+00:00,False,,50.365771,-4.146363,Male,18-24,White - English/Welsh/Scottish/Northern Irish/British,White,Police and Criminal Evidence Act 1984 (section 1),Offensive weapons,A no further action disposal,,False
Person search,2021-07-22T00:07:00+00:00,False,,51.070215,-4.021098,Male,over 34,,,Misuse of Drugs Act 1971 (section 23),Controlled drugs,Arrest,True,False
Person search,2021-07-22T03:00:00+00:00,False,,,,Male,25-34,,White,Police and Criminal Evidence Act 1984 (section 1),Offensive weapons,A no further action disposal,,False
Person search,2021-07-22T09:00:00+00:00,False,,50.621751,-3.408953,Female,10-17,White - English/Welsh/Scottish/Northern Irish/British,White,Police and Criminal Evidence Act 1984 (section 1),Stolen goods,A no further action disposal,,False
Person search,2021-07-22T09:00:00+00:00,False,,,,Female,18-24,White - English/Welsh/Scottish/Northern Irish/British,White,Police and Criminal Evidence Act 1984 (section 1),Stolen goods,A no further action disposal,,False
Person search,2021-07-22T09:00:00+00:00,False,,50.621751,-3.408953,Female,10-17,White - English/Welsh/Scottish/Northern Irish/British,White,Police and Criminal Evidence Act 1984 (section 1),Stolen goods,A no further action disposal,,False
Person search,2021-07-22T09:30:00+00:00,False,,50.375938,-4.131491,Male,18-24,White - English/Welsh/Scottish/Northern Irish/British,White,Police and Criminal Evidence Act 1984 (section 1),Offensive weapons,Arrest,False,False
Vehicle search,2021-07-22T11:25:00+00:00,False,,50.679254,-3.462974,,,,,Misuse of Drugs Act 1971 (section 23),Controlled drugs,A no further action disposal,,
Person search,2021-07-22T14:15:00+00:00,False,,50.434115,-4.107756,Female,over 34,White - English/Welsh/Scottish/Northern Irish/British,White,Misuse of Drugs Act 1971 (section 23),Controlled drugs,A no further action disposal,,False
Person search,2021-07-22T14:30:00+00:00,False,,50.718365,-3.526807,Female,25-34,,White,Police and Criminal Evidence Act 1984 (section 1),Offensive weapons,Arrest,True,False
Person search,2021-07-22T14:45:00+00:00,False,,,,Female,over 34,White - English/Welsh/Scottish/Northern Irish/British,White,Misuse of Drugs Act 1971 (section 23),Controlled drugs,A no further action disposal,,False
Vehicle search,2021-07-22T14:50:00+00:00,False,,,,,,,,Misuse of Drugs Act 1971 (section 23),Controlled drugs,A no further action disposal,False,
Person search,2021-07-22T14:55:00+00:00,False,,,,Female,over 34,White - English/Welsh/Scottish/Northern Irish/British,White,Misuse of Drugs Act 1971 (section 23),Controlled drugs,A no further action disposal,,False
Person search,2021-07-22T15:00:00+00:00,False,,50.580090,-3.465365,Male,,,Black,Misuse of Drugs Act 1971 (section 23),Controlled drugs,A no further action disposal,,False
Person search,2021-07-22T15:00:00+00:00,False,,,,Female,25-34,,White,Misuse of Drugs Act 1971 (section 23),Controlled drugs,,True,False
Person search,2021-07-22T15:00:00+00:00,False,,50.724797,-3.525996,Male,25-34,White - English/Welsh/Scottish/Northern Irish/British,White,Misuse of Drugs Act 1971 (section 23),Controlled drugs,A no further action disposal,True,False
Person search,2021-07-22T15:34:00+00:00,False,,,,Male,over 34,,White,Misuse of Drugs Act 1971 (section 23),Controlled drugs,A no further action disposal,False,False
Person search,2021-07-22T15:49:00+00:00,False,,50.232645,-5.228974,Male,10-17,White - English/Welsh/Scottish/Northern Irish/British,White,Misuse of Drugs Act 1971 (section 23),Controlled drugs,,True,False
Person search,2021-07-22T17:00:00+00:00,False,,,,Male,,,Asian,Misuse of Drugs Act 1971 (section 23),Controlled drugs,A no further action disposal,,False
Person search,2021-07-22T19:00:00+00:00,False,,50.790504,-2.986478,Male,18-24,White - English/Welsh/Scottish/Northern Irish/British,White,Police and Criminal Evidence Act 1984 (section 1),Offensive weapons,A no further action disposal,,False
Person search,2021-07-22T19:20:00+00:00,False,,50.209689,-5.300219,Female,25-34,White - English/Welsh/Scottish/Northern Irish/British,White,Misuse of Drugs Act 1971 (section 23),Controlled drugs,A no further action disposal,,True
Person search,2021-07-22T20:15:00+00:00,False,,,,Female,over 34,White - English/Welsh/Scottish/Northern Irish/British,White,Misuse of Drugs Act 1971 (section 23),Controlled drugs,A no further action disposal,,True
Person search,2021-07-22T20:15:00+00:00,False,,50.725010,-3.524855,Female,over 34,White - English/Welsh/Scottish/Northern Irish/British,White,Misuse of Drugs Act 1971 (section 23),Controlled drugs,A no further action disposal,,True
Person search,2021-07-22T20:45:00+00:00,False,,50.718424,-3.476207,Male,over 34,,White,Police and Criminal Evidence Act 1984 (section 1),Stolen goods,A no further action disposal,,False
Person search,2021-07-22T22:44:00+00:00,True,,50.127423,-5.539860,Male,10-17,White - English/Welsh/Scottish/Northern Irish/British,White,Police and Criminal Evidence Act 1984 (section 1),Offensive weapons,A no further action disposal,,False
Person and Vehicle search,2021-07-22T23:07:00+00:00,False,,50.415603,-5.074420,Female,25-34,White - English/Welsh/Scottish/Northern Irish/British,White,Misuse of Drugs Act 1971 (section 23),Controlled drugs,A no further action disposal,,False
Vehicle search,2021-07-23T00:00:00+00:00,False,,,,,,,,Police and Criminal Evidence Act 1984 (section 1),,A no further action disposal,,
Person search,2021-07-23T01:37:00+00:00,False,,50.369959,-4.145103,Male,25-34,White - English/Welsh/Scottish/Northern Irish/British,White,Misuse of Drugs Act 1971 (section 23),Controlled drugs,A no further action disposal,,False
Person search,2021-07-23T01:47:00+00:00,False,,,,Male,25-34,,White,Misuse of Drugs Act 1971 (section 23),Controlled drugs,A no further action disposal,,True
Person search,2021-07-23T10:10:00+00:00,False,,50.263904,-5.054165,Female,18-24,White - English/Welsh/Scottish/Northern Irish/British,White,Misuse of Drugs Act 1971 (section 23),Controlled drugs,A no further action disposal,,False
Vehicle search,2021-07-23T10:10:00+00:00,False,,50.263904,-5.054165,,,,,Misuse of Drugs Act 1971 (section 23),Controlled drugs,Community resolution,True,
Person search,2021-07-23T10:57:00+00:00,False,,50.263904,-5.054165,Male,25-34,White - English/Welsh/Scottish/Northern Irish/British,White,Misuse of Drugs Act 1971 (section 23),Controlled drugs,Community resolution,True,False
Person search,2021-07-23T12:17:00+00:00,False,,50.525095,-3.594021,Male,over 34,White - English/Welsh/Scottish/Northern Irish/British,White,Misuse of Drugs Act 1971 (section 23),Controlled drugs,Arrest,False,False
Person search,2021-07-23T13:50:00+00:00,False,,50.372336,-4.135647,Male,10-17,,White,Police and Criminal Evidence Act 1984 (section 1),Stolen goods,Arrest,True,False
Person search,2021-07-23T14:00:00+00:00,False,,,,Female,10-17,,White,Police and Criminal Evidence Act 1984 (section 1),Stolen goods,Arrest,True,False
Person search,2021-07-23T14:40:00+00:00,False,,,,Female,over 34,,White,Misuse of Drugs Act 1971 (section 23),Controlled drugs,A no further action disposal,False,False
Person search,2021-07-23T15:10:00+00:00,False,,50.400101,-4.135699,Female,18-24,,White,Misuse of Drugs Act 1971 (section 23),Controlled drugs,A no further action disposal,,True
Person search,2021-07-23T16:30:00+00:00,False,,,,Male,over 34,White - English/Welsh/Scottish/Northern Irish/British,White,Police and Criminal Evidence Act 1984 (section 1),Stolen goods,A no further action disposal,,False
Person search,2021-07-23T18:28:00+00:00,False,,50.215487,-5.295320,Male,25-34,White - English/Welsh/Scottish/Northern Irish/British,White,Misuse of Drugs Act 1971 (section 23),Controlled drugs,A no further action disposal,,False
Person search,2021-07-23T21:01:00+00:00,False,,50.859110,-3.390790,Female,10-17,White - English/Welsh/Scottish/Northern Irish/British,White,Police and Criminal Evidence Act 1984 (section 1),Offensive weapons,A no further action disposal,,False
Person search,2021-07-23T22:29:00+00:00,False,,50.391121,-4.046392,Male,18-24,White - English/Welsh/Scottish/Northern Irish/British,White,Misuse of Drugs Act 1971 (section 23),Controlled drugs,A no further action disposal,True,False
Person search,2021-07-24T02:47:00+00:00,False,,50.368698,-4.156831,Male,over 34,,,Misuse of Drugs Act 1971 (section 23),Controlled drugs,A no further action disposal,,False
Person search,2021-07-24T16:53:00+00:00,False,,50.393668,-3.520880,Male,18-24,White - English/Welsh/Scottish/Northern Irish/British,White,Misuse of Drugs Act 1971 (section 23),Controlled drugs,Community resolution,True,False
Person search,2021-07-24T22:14:00+00:00,False,,50.153923,-5.082346,Female,18-24,White - English/Welsh/Scottish/Northern Irish/British,White,Misuse of Drugs Act 1971 (section 23),Controlled drugs,A no further action disposal,True,False
Person search,2021-07-24T22:22:00+00:00,False,,50.153923,-5.082346,Female,18-24,White - English/Welsh/Scottish/Northern Irish/British,White,Misuse of Drugs Act 1971 (section 23),Controlled drugs,Community resolution,True,False
Person search,2021-07-24T22:37:00+00:00,False,,50.155468,-5.082095,Female,18-24,White - English/Welsh/Scottish/Northern Irish/British,White,Misuse of Drugs Act 1971 (section 23),Controlled drugs,A no further action disposal,True,False
Vehicle search,2021-07-24T23:06:00+00:00,False,,50.415242,-5.074791,,,,,Misuse of Drugs Act 1971 (section 23),Controlled drugs,A no further action disposal,,
Person search,2021-07-25T14:01:00+00:00,False,,50.222272,-5.292703,Male,25-34,,White,Misuse of Drugs Act 1971 (section 23),Controlled drugs,A no further action disposal,,False
Person and Vehicle search,2021-07-25T14:14:00+00:00,False,,,,Male,over 34,White - English/Welsh/Scottish/Northern Irish/British,White,Police and Criminal Evidence Act 1984 (section 1),Stolen goods,A no further action disposal,,False
Person and Vehicle search,2021-07-25T14:18:00+00:00,False,,50.222272,-5.292703,Male,over 34,White - English/Welsh/Scottish/Northern Irish/British,White,Misuse of Drugs Act 1971 (section 23),Controlled drugs,A no further action disposal,,False
Person search,2021-07-25T14:20:00+00:00,False,,50.372336,-4.135647,Male,25-34,White - English/Welsh/Scottish/Northern Irish/British,White,Misuse of Drugs Act 1971 (section 23),Controlled drugs,A no further action disposal,,False
Person search,2021-07-25T15:34:00+00:00,False,,50.725641,-3.528191,Male,18-24,White - English/Welsh/Scottish/Northern Irish/British,White,Misuse of Drugs Act 1971 (section 23),Controlled drugs,A no further action disposal,,False
Person search,2021-07-25T15:35:00+00:00,False,,50.725641,-3.528191,Male,18-24,Black/African/Caribbean/Black British - African,Black,Misuse of Drugs Act 1971 (section 23),Controlled drugs,A no further action disposal,,False
Vehicle search,2021-07-25T16:10:00+00:00,False,,51.003785,-2.308048,,,,,Misuse of Drugs Act 1971 (section 23),Controlled drugs,Arrest,True,
Person search,2021-07-25T19:25:00+00:00,False,,50.383657,-4.165978,Male,18-24,,White,Misuse of Drugs Act 1971 (section 23),Controlled drugs,Arrest,True,False
Person search,2021-07-25T21:13:00+00:00,False,,50.410811,-4.133366,Male,18-24,White - Any other White background,White,Misuse of Drugs Act 1971 (section 23),Controlled drugs,Arrest,True,False
Person search,2021-07-26T00:14:00+00:00,False,,,,Male,18-24,White - English/Welsh/Scottish/Northern Irish/British,White,Misuse of Drugs Act 1971 (section 23),Controlled drugs,A no further action disposal,,False
Person and Vehicle search,2021-07-26T06:18:00+00:00,False,,50.621751,-3.408953,Male,over 34,,White,Misuse of Drugs Act 1971 (section 23),Controlled drugs,Arrest,True,False
Person search,2021-07-26T09:45:00+00:00,False,,51.066028,-4.080262,Male,25-34,White - English/Welsh/Scottish/Northern Irish/British,White,Misuse of Drugs Act 1971 (section 23),Controlled drugs,A no further action disposal,,False
Person search,2021-07-26T10:24:00+00:00,False,,51.065498,-4.081280,Female,over 34,White - English/Welsh/Scottish/Northern Irish/British,White,Misuse of Drugs Act 1971 (section 23),Controlled drugs,A no further action disposal,,False
Vehicle search,2021-07-26T16:42:00+00:00,False,,50.344596,-4.758886,,,,,Police and Criminal Evidence Act 1984 (section 1),Controlled drugs,Summons / charged by post,False,
Person search,2021-07-26T19:22:00+00:00,False,,51.076544,-4.057292,Male,18-24,White - English/Welsh/Scottish/Northern Irish/British,White,Police and Criminal Evidence Act 1984 (section 1),Offensive weapons,A no further action disposal,,False
Person search,2021-07-27T06:13:00+00:00,False,,50.377584,-4.125644,Male,25-34,White - English/Welsh/Scottish/Northern Irish/British,White,Police and Criminal Evidence Act 1984 (section 1),Offensive weapons,A no further action disposal,,False
Person search,2021-07-27T12:00:00+00:00,False,,,,Male,25-34,,White,Police and Criminal Evidence Act 1984 (section 1),Offensive weapons,A no further action disposal,,False
Person search,2021-07-27T13:43:00+00:00,False,,50.470759,-3.540263,Male,over 34,,Black,Police and Criminal Evidence Act 1984 (section 1),Stolen goods,A no further action disposal,,False
Person search,2021-07-27T13:56:00+00:00,False,,50.470759,-3.540263,Male,over 34,,White,Police and Criminal Evidence Act 1984 (section 1),Stolen goods,A no further action disposal,True,False
Person search,2021-07-27T19:30:00+00:00,False,,,,Male,10-17,White - English/Welsh/Scottish/Northern Irish/British,White,Misuse of Drugs Act 1971 (section 23),Controlled drugs,Arrest,True,False
Person search,2021-07-27T22:50:00+00:00,False,,50.901699,-3.487927,Male,25-34,,White,Police and Criminal Evidence Act 1984 (section 1),Offensive weapons,A no further action disposal,,False
Person search,2021-07-28T11:15:00+00:00,False,,,,Female,over 34,White - English/Welsh/Scottish/Northern Irish/British,White,Police and Criminal Evidence Act 1984 (section 1),Offensive weapons,A no further action disposal,,False
Person search,2021-07-28T12:19:00+00:00,False,,50.730558,-3.409948,Male,,White - Irish,,Police and Criminal Evidence Act 1984 (section 1),Stolen goods,Caution (simple or conditional),True,False
Person search,2021-07-28T12:19:00+00:00,False,,50.730558,-3.409948,Male,25-34,White - English/Welsh/Scottish/Northern Irish/British,White,Police and Criminal Evidence Act 1984 (section 1),Stolen goods,A no further action disposal,,False
Person search,2021-07-28T12:28:00+00:00,False,,,,Male,over 34,White - English/Welsh/Scottish/Northern Irish/British,White,Police and Criminal Evidence Act 1984 (section 1),Stolen goods,Arrest,True,False
Person search,2021-07-28T12:41:00+00:00,False,,50.730558,-3.409948,Female,over 34,White - English/Welsh/Scottish/Northern Irish/British,White,Misuse of Drugs Act 1971 (section 23),Controlled drugs,A no further action disposal,,False
Person search,2021-07-28T18:05:00+00:00,False,,50.387484,-3.932510,Male,25-34,,White,Police and Criminal Evidence Act 1984 (section 1),Offensive weapons,A no further action disposal,True,False
Person and Vehicle search,2021-07-28T18:33:00+00:00,False,,50.410795,-4.136208,Male,over 34,White - English/Welsh/Scottish/Northern Irish/British,White,Misuse of Drugs Act 1971 (section 23),Controlled drugs,A no further action disposal,,False
Person and Vehicle search,2021-07-28T18:34:00+00:00,False,,50.410795,-4.136208,Male,25-34,White - English/Welsh/Scottish/Northern Irish/British,White,Misuse of Drugs Act 1971 (section 23),Controlled drugs,A no further action disposal,,False
Person search,2021-07-28T19:30:00+00:00,False,,,,Female,10-17,White - English/Welsh/Scottish/Northern Irish/British,White,Misuse of Drugs Act 1971 (section 23),Controlled drugs,A no further action disposal,,False
Person search,2021-07-28T19:30:00+00:00,False,,,,Female,18-24,White - English/Welsh/Scottish/Northern Irish/British,White,Misuse of Drugs Act 1971 (section 23),Controlled drugs,A no further action disposal,,False
Person search,2021-07-28T19:30:00+00:00,False,,,,Female,10-17,White - English/Welsh/Scottish/Northern Irish/British,White,Misuse of Drugs Act 1971 (section 23),Controlled drugs,A no further action disposal,,False
Person search,2021-07-28T19:30:00+00:00,False,,,,Female,10-17,White - English/Welsh/Scottish/Northern Irish/British,White,Misuse of Drugs Act 1971 (section 23),Controlled drugs,Community resolution,True,False
Person search,2021-07-28T19:30:00+00:00,False,,,,Male,10-17,White - English/Welsh/Scottish/Northern Irish/British,White,Misuse of Drugs Act 1971 (section 23),Controlled drugs,A no further action disposal,,False
Person and Vehicle search,2021-07-28T21:00:00+00:00,False,,51.011493,-4.218517,Male,,,Black,Misuse of Drugs Act 1971 (section 23),Controlled drugs,A no further action disposal,,False
Person search,2021-07-29T02:34:00+00:00,False,,50.372336,-4.135647,Male,over 34,White - English/Welsh/Scottish/Northern Irish/British,White,Police and Criminal Evidence Act 1984 (section 1),Stolen goods,A no further action disposal,,False
Person search,2021-07-29T09:00:00+00:00,False,,50.369147,-4.156894,Male,25-34,White - English/Welsh/Scottish/Northern Irish/British,White,Misuse of Drugs Act 1971 (section 23),Controlled drugs,A no further action disposal,,False
Person search,2021-07-29T11:29:00+00:00,False,,,,Male,10-17,White - English/Welsh/Scottish/Northern Irish/British,White,Misuse of Drugs Act 1971 (section 23),Controlled drugs,A no further action disposal,True,False
Person search,2021-07-29T11:29:00+00:00,False,,,,Female,10-17,White - English/Welsh/Scottish/Northern Irish/British,White,Misuse of Drugs Act 1971 (section 23),Controlled drugs,A no further action disposal,True,True
Person search,2021-07-29T11:29:00+00:00,False,,,,Female,10-17,White - English/Welsh/Scottish/Northern Irish/British,White,Misuse of Drugs Act 1971 (section 23),Controlled drugs,A no further action disposal,True,True
Person search,2021-07-29T14:07:00+00:00,False,,50.727351,-3.539667,Male,25-34,White - English/Welsh/Scottish/Northern Irish/British,White,Misuse of Drugs Act 1971 (section 23),Controlled drugs,A no further action disposal,,False
Person search,2021-07-29T14:48:00+00:00,False,,50.901450,-3.487692,Male,18-24,White - English/Welsh/Scottish/Northern Irish/British,White,Misuse of Drugs Act 1971 (section 23),Controlled drugs,A no further action disposal,,False
Person search,2021-07-29T16:50:00+00:00,False,,50.372336,-4.135647,Female,10-17,White - English/Welsh/Scottish/Northern Irish/British,White,Police and Criminal Evidence Act 1984 (section 1),Firearms,A no further action disposal,,False
Person search,2021-07-29T18:30:00+00:00,False,,50.621751,-3.408953,Male,18-24,,White,Misuse of Drugs Act 1971 (section 23),Controlled drugs,A no further action disposal,,False
Person search,2021-07-29T19:39:00+00:00,False,,50.800342,-3.190772,Male,10-17,White - English/Welsh/Scottish/Northern Irish/British,White,Misuse of Drugs Act 1971 (section 23),Controlled drugs,Arrest,True,False
Person search,2021-07-30T01:45:00+00:00,False,,50.537026,-3.610595,Male,over 34,,White,Police and Criminal Evidence Act 1984 (section 1),Stolen goods,Community resolution,False,False
Person search,2021-07-30T10:07:00+00:00,False,,,,Male,over 34,,White,Misuse of Drugs Act 1971 (section 23),Controlled drugs,A no further action disposal,,False
Person search,2021-07-30T10:10:00+00:00,False,,50.718424,-3.476207,Male,over 34,White - English/Welsh/Scottish/Northern Irish/British,White,Misuse of Drugs Act 1971 (section 23),Controlled drugs,A no further action disposal,False,False
Person search,2021-07-30T13:10:00+00:00,False,,50.718424,-3.476207,Male,over 34,,Asian,Misuse of Drugs Act 1971 (section 23),Controlled drugs,Arrest,False,False
Person search,2021-07-30T14:00:00+00:00,False,,50.372387,-4.143638,Female,over 34,White - Any other White background,,Police and Criminal Evidence Act 1984 (section 1),Offensive weapons,A no further action disposal,,False
Person search,2021-07-30T17:15:00+00:00,False,,,,Male,18-24,,,Police and Criminal Evidence Act 1984 (section 1),,A no further action disposal,,False
Person search,2021-07-30T18:20:00+00:00,False,,50.195981,-5.416097,Male,over 34,White - English/Welsh/Scottish/Northern Irish/British,,Police and Criminal Evidence Act 1984 (section 1),Stolen goods,A no further action disposal,,False
Person search,2021-07-30T19:37:00+00:00,False,,50.127595,-5.538376,Male,18-24,White - English/Welsh/Scottish/Northern Irish/British,White,Misuse of Drugs Act 1971 (section 23),Controlled drugs,Arrest,True,False
Person search,2021-07-30T19:39:00+00:00,False,,50.127325,-5.537180,Male,18-24,White - English/Welsh/Scottish/Northern Irish/British,White,Misuse of Drugs Act 1971 (section 23),Controlled drugs,Arrest,True,False
Person search,2021-07-30T20:44:00+00:00,False,,50.478268,-3.549161,Male,18-24,Mixed/Multiple ethnic groups - White and Asian,Asian,Misuse of Drugs Act 1971 (section 23),Controlled drugs,A no further action disposal,,False
Person search,2021-07-30T20:51:00+00:00,False,,50.734802,-3.510506,Male,over 34,White - English/Welsh/Scottish/Northern Irish/British,White,Police and Criminal Evidence Act 1984 (section 1),Offensive weapons,A no further action disposal,True,False
Person search,2021-07-30T21:00:00+00:00,False,,50.103906,-5.269914,Male,18-24,White - English/Welsh/Scottish/Northern Irish/British,White,Misuse of Drugs Act 1971 (section 23),Controlled drugs,Community resolution,True,False
Vehicle search,2021-07-30T21:05:00+00:00,False,,50.103906,-5.269914,,,,,Misuse of Drugs Act 1971 (section 23),Controlled drugs,Community resolution,True,
Person search,2021-07-30T21:56:00+00:00,False,,50.716712,-3.506680,Male,10-17,White - English/Welsh/Scottish/Northern Irish/British,White,Misuse of Drugs Act 1971 (section 23),Controlled drugs,A no further action disposal,,False
Person and Vehicle search,2021-07-30T21:56:00+00:00,False,,50.479149,-3.551233,Male,18-24,White - English/Welsh/Scottish/Northern Irish/British,White,Misuse of Drugs Act 1971 (section 23),Controlled drugs,Community resolution,True,False
Person search,2021-07-30T22:04:00+00:00,False,,50.382157,-4.135737,Male,over 34,White - English/Welsh/Scottish/Northern Irish/British,White,Police and Criminal Evidence Act 1984 (section 1),Article for use in theft,A no further action disposal,,False
Person and Vehicle search,2021-07-30T22:22:00+00:00,False,,51.076150,-4.063314,Male,10-17,White - English/Welsh/Scottish/Northern Irish/British,White,Misuse of Drugs Act 1971 (section 23),Controlled drugs,A no further action disposal,,False
Person search,2021-07-30T22:26:00+00:00,False,,51.076150,-4.063314,Male,10-17,White - English/Welsh/Scottish/Northern Irish/British,White,Misuse of Drugs Act 1971 (section 23),Controlled drugs,A no further action disposal,,False
Person search,2021-07-30T23:10:00+00:00,False,,,,Male,25-34,,,Police and Criminal Evidence Act 1984 (section 1),Offensive weapons,A no further action disposal,True,False
Person search,2021-07-31T01:00:00+00:00,False,,,,Male,18-24,White - English/Welsh/Scottish/Northern Irish/British,White,Misuse of Drugs Act 1971 (section 23),Controlled drugs,A no further action disposal,,False
Vehicle search,2021-07-31T01:30:00+00:00,False,,,,,,,,Misuse of Drugs Act 1971 (section 23),Controlled drugs,Community resolution,True,
Person search,2021-07-31T01:55:00+00:00,False,,50.727018,-3.523333,Male,18-24,White - English/Welsh/Scottish/Northern Irish/British,White,Misuse of Drugs Act 1971 (section 23),Controlled drugs,A no further action disposal,,False
Person search,2021-07-31T01:58:00+00:00,False,,,,Male,18-24,White - Any other White background,,Misuse of Drugs Act 1971 (section 23),Controlled drugs,A no further action disposal,,False
Person search,2021-07-31T02:06:00+00:00,False,,50.727018,-3.523333,Male,18-24,Mixed/Multiple ethnic groups - Any other Mixed/Multiple ethnic background,Other,Misuse of Drugs Act 1971 (section 23),Controlled drugs,A no further action disposal,,False
Person search,2021-07-31T05:10:00+00:00,False,,50.534282,-3.639669,Male,25-34,White - English/Welsh/Scottish/Northern Irish/British,White,Police and Criminal Evidence Act 1984 (section 1),Article for use in theft,A no further action disposal,,False
Person search,2021-07-31T07:29:00+00:00,False,,50.372266,-4.136544,Male,18-24,,Black,Police and Criminal Evidence Act 1984 (section 1),Offensive weapons,A no further action disposal,,False
Person search,2021-07-31T09:00:00+00:00,False,,50.337147,-4.793942,Female,18-24,White - English/Welsh/Scottish/Northern Irish/British,White,Misuse of Drugs Act 1971 (section 23),Controlled drugs,A no further action disposal,,False
Person search,2021-07-31T09:25:00+00:00,False,,,,Male,18-24,White - English/Welsh/Scottish/Northern Irish/British,White,Misuse of Drugs Act 1971 (section 23),Controlled drugs,A no further action disposal,True,False
Person search,2021-07-31T10:27:00+00:00,False,,,,Female,10-17,White - English/Welsh/Scottish/Northern Irish/British,White,Misuse of Drugs Act 1971 (section 23),Controlled drugs,A no further action disposal,True,False
Person search,2021-07-31T10:27:00+00:00,False,,50.749787,-3.398590,Male,18-24,White - English/Welsh/Scottish/Northern Irish/British,White,Misuse of Drugs Act 1971 (section 23),Controlled drugs,A no further action disposal,True,False
Person search,2021-07-31T16:30:00+00:00,False,,50.621751,-3.408953,Male,18-24,White - English/Welsh/Scottish/Northern Irish/British,White,Misuse of Drugs Act 1971 (section 23),Controlled drugs,Community resolution,True,False
Person search,2021-07-31T16:40:00+00:00,False,,50.436498,-3.561470,Male,18-24,,White,Police and Criminal Evidence Act 1984 (section 1),Stolen goods,A no further action disposal,,False
Person search,2021-07-31T17:51:00+00:00,False,,50.373212,-4.156909,Male,over 34,White - English/Welsh/Scottish/Northern Irish/British,White,Police and Criminal Evidence Act 1984 (section 1),Article for use in theft,A no further action disposal,,False
Person and Vehicle search,2021-07-31T18:14:00+00:00,False,,50.160282,-5.083063,Male,over 34,White - English/Welsh/Scottish/Northern Irish/British,White,Misuse of Drugs Act 1971 (section 23),Controlled drugs,Community resolution,True,False
Person search,2021-07-31T19:32:00+00:00,False,,50.160556,-5.076485,Male,18-24,Black/African/Caribbean/Black British - Any other Black/African/Caribbean background,Black,Misuse of Drugs Act 1971 (section 23),Controlled drugs,Community resolution,True,False
Person search,2021-07-31T19:40:00+00:00,False,,50.160556,-5.076485,Male,18-24,White - English/Welsh/Scottish/Northern Irish/British,,Misuse of Drugs Act 1971 (section 23),Controlled drugs,Community resolution,True,False
Person search,2021-07-31T20:40:00+00:00,False,,50.372756,-4.136327,Male,25-34,White - English/Welsh/Scottish/Northern Irish/British,White,Misuse of Drugs Act 1971 (section 23),Controlled drugs,A no further action disposal,,False
Vehicle search,2021-07-31T20:46:00+00:00,False,,50.420462,-4.402243,,,,,Misuse of Drugs Act 1971 (section 23),Controlled drugs,A no further action disposal,,
Person search,2021-07-31T21:30:00+00:00,False,,50.372710,-4.137338,Male,18-24,White - English/Welsh/Scottish/Northern Irish/British,White,Police and Criminal Evidence Act 1984 (section 1),Offensive weapons,Arrest,True,False
Person search,2021-07-31T21:35:00+00:00,False,,51.076555,-4.044887,Male,18-24,White - English/Welsh/Scottish/Northern Irish/British,White,Misuse of Drugs Act 1971 (section 23),Controlled drugs,Community resolution,True,False
Person search,2021-07-31T21:42:00+00:00,False,,51.074275,-4.043616,Male,over 34,White - English/Welsh/Scottish/Northern Irish/British,White,Misuse of Drugs Act 1971 (section 23),Controlled drugs,Community resolution,True,False
Person search,2021-07-31T21:45:00+00:00,False,,50.468685,-3.533883,Male,25-34,,White,Police and Criminal Evidence Act 1984 (section 1),Offensive weapons,Arrest,False,False
Person search,2021-07-31T22:29:00+00:00,False,,50.470759,-3.540263,Male,18-24,,White,Police and Criminal Evidence Act 1984 (section 1),Offensive weapons,A no further action disposal,True,False
Person search,2021-07-31T22:40:00+00:00,False,,51.079030,-4.057060,Male,25-34,White - English/Welsh/Scottish/Northern Irish/British,White,Misuse of Drugs Act 1971 (section 23),Controlled drugs,A no further action disposal,,False
