Type,Date,Part of a policing operation,Policing operation,Latitude,Longitude,Gender,Age range,Self-defined ethnicity,Officer-defined ethnicity,Legislation,Object of search,Outcome,Outcome linked to object of search,Removal of more than just outer clothing
Person search,2021-07-01T11:20:00+00:00,False,,52.301602,-0.691675,Male,10-17,Black/African/Caribbean/Black British - Caribbean,Black,Misuse of Drugs Act 1971 (section 23),Controlled drugs,Community resolution,True,False
Person search,2021-07-01T11:21:00+00:00,False,,52.250033,-0.920481,Male,10-17,White - English/Welsh/Scottish/Northern Irish/British,White,Misuse of Drugs Act 1971 (section 23),Controlled drugs,A no further action disposal,False,False
Person search,2021-07-01T11:23:00+00:00,False,,52.252231,-0.919900,Male,10-17,White - English/Welsh/Scottish/Northern Irish/British,White,Misuse of Drugs Act 1971 (section 23),Controlled drugs,A no further action disposal,False,False
Person search,2021-07-01T13:50:00+00:00,False,,52.404406,-0.728296,Male,18-24,Black/African/Caribbean/Black British - African,Black,Misuse of Drugs Act 1971 (section 23),Controlled drugs,A no further action disposal,False,True
Person search,2021-07-01T17:32:00+00:00,False,,52.302931,-0.689143,Male,over 34,White - Any other White background,Black,Misuse of Drugs Act 1971 (section 23),Controlled drugs,Community resolution,True,False
Person search,2021-07-02T12:30:00+00:00,False,,52.313941,-0.588871,Male,25-34,White - English/Welsh/Scottish/Northern Irish/British,White,Misuse of Drugs Act 1971 (section 23),Controlled drugs,Community resolution,True,False
Person search,2021-07-02T14:30:00+00:00,False,,52.305949,-0.713401,Male,10-17,White - Any other White background,White,Police and Criminal Evidence Act 1984 (section 1),Offensive weapons,A no further action disposal,False,False
Person search,2021-07-02T16:10:00+00:00,False,,52.242476,-0.910119,Male,25-34,White - English/Welsh/Scottish/Northern Irish/British,White,Misuse of Drugs Act 1971 (section 23),Controlled drugs,A no further action disposal,True,False
Person search,2021-07-02T16:10:00+00:00,True,,52.403556,-0.729526,Male,10-17,White - English/Welsh/Scottish/Northern Irish/British,White,Misuse of Drugs Act 1971 (section 23),Controlled drugs,Arrest,True,True
Person search,2021-07-02T17:49:00+00:00,True,,,,Male,over 34,White - English/Welsh/Scottish/Northern Irish/British,White,Misuse of Drugs Act 1971 (section 23),Evidence of offences under the Act,Arrest,True,False
Person search,2021-07-02T18:00:00+00:00,False,,52.302791,-1.081036,Male,18-24,White - English/Welsh/Scottish/Northern Irish/British,White,Misuse of Drugs Act 1971 (section 23),Controlled drugs,Caution (simple or conditional),True,False
Person search,2021-07-02T20:30:00+00:00,False,,52.394515,-0.734871,Male,25-34,White - English/Welsh/Scottish/Northern Irish/British,White,Misuse of Drugs Act 1971 (section 23),Controlled drugs,Arrest,True,False
Person search,2021-07-02T21:55:00+00:00,False,,52.300262,-0.693284,Female,18-24,White - English/Welsh/Scottish/Northern Irish/British,White,Police and Criminal Evidence Act 1984 (section 1),Offensive weapons,Community resolution,True,False
Person search,2021-07-02T22:00:00+00:00,False,,52.262140,-0.804358,Male,,Other ethnic group - Not stated,Asian,Misuse of Drugs Act 1971 (section 23),Controlled drugs,A no further action disposal,False,False
Person search,2021-07-02T22:00:00+00:00,False,,52.262140,-0.804358,Male,,Other ethnic group - Not stated,Black,Misuse of Drugs Act 1971 (section 23),Controlled drugs,A no further action disposal,False,False
Person search,2021-07-02T22:40:00+00:00,False,,52.251935,-0.848639,Male,18-24,White - English/Welsh/Scottish/Northern Irish/British,White,Misuse of Drugs Act 1971 (section 23),Controlled drugs,A no further action disposal,False,False
Person search,2021-07-03T07:40:00+00:00,False,,52.487545,-0.702925,Male,25-34,White - English/Welsh/Scottish/Northern Irish/British,White,Police and Criminal Evidence Act 1984 (section 1),Offensive weapons,A no further action disposal,False,False
Person search,2021-07-03T16:55:00+00:00,False,,52.248935,-0.876929,Male,,White - English/Welsh/Scottish/Northern Irish/British,White,Police and Criminal Evidence Act 1984 (section 1),Article for use in theft,A no further action disposal,False,False
Person search,2021-07-03T20:10:00+00:00,False,,52.254423,-0.881112,Male,18-24,White - English/Welsh/Scottish/Northern Irish/British,White,Misuse of Drugs Act 1971 (section 23),Controlled drugs,A no further action disposal,False,False
Person search,2021-07-03T21:37:00+00:00,False,,,,Female,over 34,White - English/Welsh/Scottish/Northern Irish/British,White,Police and Criminal Evidence Act 1984 (section 1),Evidence of offences under the Act,A no further action disposal,False,False
Person search,2021-07-03T21:37:00+00:00,True,,,,Female,over 34,White - English/Welsh/Scottish/Northern Irish/British,White,Police and Criminal Evidence Act 1984 (section 1),Evidence of offences under the Act,A no further action disposal,False,False
Person search,2021-07-03T21:45:00+00:00,True,,52.242572,-0.897272,Female,over 34,Mixed/Multiple ethnic groups - White and Black Caribbean,Black,Police and Criminal Evidence Act 1984 (section 1),Article for use in theft,A no further action disposal,False,False
Person search,2021-07-03T21:45:00+00:00,False,,52.242572,-0.897272,Female,over 34,Mixed/Multiple ethnic groups - White and Black Caribbean,Black,Police and Criminal Evidence Act 1984 (section 1),Article for use in theft,A no further action disposal,False,False
Person search,2021-07-03T21:55:00+00:00,False,,52.238866,-0.888387,Male,18-24,White - English/Welsh/Scottish/Northern Irish/British,White,Police and Criminal Evidence Act 1984 (section 1),Offensive weapons,A no further action disposal,False,False
Person search,2021-07-03T22:01:00+00:00,True,,52.301506,-0.682292,Male,18-24,Mixed/Multiple ethnic groups - White and Black Caribbean,Black,Misuse of Drugs Act 1971 (section 23),Controlled drugs,Community resolution,True,False
Person search,2021-07-03T22:01:00+00:00,False,,52.301506,-0.682292,Male,18-24,Mixed/Multiple ethnic groups - White and Black Caribbean,Black,Misuse of Drugs Act 1971 (section 23),Controlled drugs,Community resolution,True,False
Person search,2021-07-03T22:01:00+00:00,False,,52.301506,-0.682292,Male,18-24,Other ethnic group - Not stated,Black,Misuse of Drugs Act 1971 (section 23),Controlled drugs,A no further action disposal,False,False
Person search,2021-07-03T22:01:00+00:00,True,,52.301506,-0.682292,Male,18-24,Other ethnic group - Not stated,Black,Misuse of Drugs Act 1971 (section 23),Controlled drugs,A no further action disposal,False,False
Person search,2021-07-03T22:01:00+00:00,False,,52.301506,-0.682292,Male,25-34,Asian/Asian British - Bangladeshi,Asian,Misuse of Drugs Act 1971 (section 23),Controlled drugs,A no further action disposal,False,False
Person search,2021-07-03T22:01:00+00:00,True,,52.301506,-0.682292,Male,25-34,Asian/Asian British - Bangladeshi,Asian,Misuse of Drugs Act 1971 (section 23),Controlled drugs,A no further action disposal,False,False
Person search,2021-07-03T22:01:00+00:00,False,,52.301506,-0.682292,Male,25-34,Black/African/Caribbean/Black British - Any other Black/African/Caribbean background,Black,Misuse of Drugs Act 1971 (section 23),Controlled drugs,Community resolution,True,False
Person search,2021-07-03T22:01:00+00:00,True,,52.301506,-0.682292,Male,25-34,Black/African/Caribbean/Black British - Any other Black/African/Caribbean background,Black,Misuse of Drugs Act 1971 (section 23),Controlled drugs,Community resolution,True,False
Person search,2021-07-03T23:50:00+00:00,False,,52.341027,-0.648574,Male,25-34,White - English/Welsh/Scottish/Northern Irish/British,White,Police and Criminal Evidence Act 1984 (section 1),Offensive weapons,A no further action disposal,False,False
Person search,2021-07-04T02:58:00+00:00,False,,52.241438,-0.883768,Male,25-34,White - English/Welsh/Scottish/Northern Irish/British,White,Police and Criminal Evidence Act 1984 (section 1),Offensive weapons,A no further action disposal,False,False
Person search,2021-07-04T11:30:00+00:00,False,,52.403050,-0.718428,Male,18-24,Mixed/Multiple ethnic groups - White and Black African,Black,Misuse of Drugs Act 1971 (section 23),Controlled drugs,A no further action disposal,False,False
Person search,2021-07-04T16:35:00+00:00,True,,52.309509,-0.687188,Male,over 34,White - English/Welsh/Scottish/Northern Irish/British,White,Misuse of Drugs Act 1971 (section 23),Evidence of offences under the Act,A no further action disposal,False,False
Person search,2021-07-04T19:30:00+00:00,True,,52.293884,-0.597324,Male,over 34,Asian/Asian British - Bangladeshi,Asian,Misuse of Drugs Act 1971 (section 23),Controlled drugs,Arrest,True,False
Person search,2021-07-04T19:30:00+00:00,False,,52.293884,-0.597324,Male,over 34,Asian/Asian British - Bangladeshi,Asian,Misuse of Drugs Act 1971 (section 23),Controlled drugs,Arrest,True,False
Person search,2021-07-05T00:02:00+00:00,False,,52.405944,-0.714272,Male,18-24,White - English/Welsh/Scottish/Northern Irish/British,White,Misuse of Drugs Act 1971 (section 23),Controlled drugs,A no further action disposal,False,False
Person search,2021-07-05T10:30:00+00:00,False,,,,Female,18-24,White - English/Welsh/Scottish/Northern Irish/British,White,Police and Criminal Evidence Act 1984 (section 1),Evidence of offences under the Act,A no further action disposal,False,False
Person search,2021-07-05T10:30:00+00:00,False,,,,Female,over 34,White - English/Welsh/Scottish/Northern Irish/British,White,Police and Criminal Evidence Act 1984 (section 1),Evidence of offences under the Act,A no further action disposal,False,False
Person search,2021-07-06T09:35:00+00:00,False,,52.394515,-0.734871,Male,10-17,White - English/Welsh/Scottish/Northern Irish/British,White,Misuse of Drugs Act 1971 (section 23),Controlled drugs,Community resolution,True,False
Person search,2021-07-06T09:39:00+00:00,False,,52.394515,-0.734871,Male,10-17,White - English/Welsh/Scottish/Northern Irish/British,White,Misuse of Drugs Act 1971 (section 23),Controlled drugs,A no further action disposal,False,False
Person search,2021-07-06T09:39:00+00:00,False,,52.394515,-0.734871,Male,10-17,White - English/Welsh/Scottish/Northern Irish/British,White,Misuse of Drugs Act 1971 (section 23),Controlled drugs,A no further action disposal,False,False
Person search,2021-07-06T09:39:00+00:00,False,,52.394515,-0.734871,Male,10-17,White - English/Welsh/Scottish/Northern Irish/British,White,Misuse of Drugs Act 1971 (section 23),Controlled drugs,A no further action disposal,False,False
Person search,2021-07-06T16:47:00+00:00,False,,52.299951,-0.622401,Male,18-24,Mixed/Multiple ethnic groups - White and Black Caribbean,Black,Police and Criminal Evidence Act 1984 (section 1),Offensive weapons,A no further action disposal,False,False
Person search,2021-07-06T18:40:00+00:00,False,,,,Male,18-24,White - English/Welsh/Scottish/Northern Irish/British,White,Police and Criminal Evidence Act 1984 (section 1),Offensive weapons,A no further action disposal,False,False
Person search,2021-07-06T20:00:00+00:00,False,,52.303022,-0.625928,Male,10-17,White - English/Welsh/Scottish/Northern Irish/British,White,Police and Criminal Evidence Act 1984 (section 1),Offensive weapons,A no further action disposal,False,False
Person search,2021-07-06T20:10:00+00:00,False,,52.303022,-0.625928,Male,10-17,White - Any other White background,White,Police and Criminal Evidence Act 1984 (section 1),Offensive weapons,A no further action disposal,False,False
Person search,2021-07-07T17:21:00+00:00,False,,52.408864,-0.715657,Male,over 34,White - English/Welsh/Scottish/Northern Irish/British,White,Misuse of Drugs Act 1971 (section 23),Controlled drugs,A no further action disposal,False,False
Person search,2021-07-08T15:45:00+00:00,False,,52.138715,-0.996438,Male,25-34,White - English/Welsh/Scottish/Northern Irish/British,White,Police and Criminal Evidence Act 1984 (section 1),Offensive weapons,A no further action disposal,False,False
Person search,2021-07-08T16:10:00+00:00,False,,,,Male,10-17,White - English/Welsh/Scottish/Northern Irish/British,White,Police and Criminal Evidence Act 1984 (section 1),Article for use in theft,A no further action disposal,False,False
Person search,2021-07-08T16:10:00+00:00,False,,52.500240,-0.673721,Male,10-17,White - English/Welsh/Scottish/Northern Irish/British,White,Police and Criminal Evidence Act 1984 (section 1),Article for use in theft,A no further action disposal,False,False
Person search,2021-07-08T16:15:00+00:00,False,,52.431630,-0.584335,Male,10-17,White - English/Welsh/Scottish/Northern Irish/British,White,Police and Criminal Evidence Act 1984 (section 1),Evidence of offences under the Act,A no further action disposal,False,False
Person search,2021-07-08T19:00:00+00:00,False,,52.251057,-0.869449,Male,over 34,White - Irish,White,Misuse of Drugs Act 1971 (section 23),Controlled drugs,A no further action disposal,False,False
Person search,2021-07-08T19:00:00+00:00,False,,52.251057,-0.869449,Male,over 34,White - English/Welsh/Scottish/Northern Irish/British,White,Misuse of Drugs Act 1971 (section 23),Controlled drugs,A no further action disposal,False,False
Person search,2021-07-08T19:10:00+00:00,False,,52.251057,-0.869449,Male,over 34,White - English/Welsh/Scottish/Northern Irish/British,White,Misuse of Drugs Act 1971 (section 23),Controlled drugs,A no further action disposal,False,False
Person search,2021-07-09T07:20:00+00:00,True,,52.303686,-0.693990,Male,25-34,White - Any other White background,White,Misuse of Drugs Act 1971 (section 23),Controlled drugs,A no further action disposal,False,True
Person search,2021-07-09T07:30:00+00:00,True,,52.303686,-0.693990,Male,over 34,White - Any other White background,Black,Misuse of Drugs Act 1971 (section 23),Evidence of offences under the Act,A no further action disposal,False,True
Person search,2021-07-09T11:45:00+00:00,False,,52.239796,-0.903243,Male,18-24,Black/African/Caribbean/Black British - Any other Black/African/Caribbean background,Black,Misuse of Drugs Act 1971 (section 23),Controlled drugs,A no further action disposal,False,True
Person search,2021-07-09T17:30:00+00:00,False,,52.237305,-0.896436,Male,10-17,White - English/Welsh/Scottish/Northern Irish/British,White,Police and Criminal Evidence Act 1984 (section 1),Offensive weapons,A no further action disposal,False,False
Person search,2021-07-09T21:00:00+00:00,False,,,,Male,over 34,White - Any other White background,White,Misuse of Drugs Act 1971 (section 23),Controlled drugs,A no further action disposal,True,False
Person search,2021-07-10T00:14:00+00:00,False,,52.236753,-0.900887,Male,25-34,White - English/Welsh/Scottish/Northern Irish/British,White,Misuse of Drugs Act 1971 (section 23),Controlled drugs,A no further action disposal,False,False
Person search,2021-07-10T15:59:00+00:00,False,,52.303532,-0.689756,Male,18-24,White - English/Welsh/Scottish/Northern Irish/British,White,Police and Criminal Evidence Act 1984 (section 1),Offensive weapons,A no further action disposal,False,False
Person search,2021-07-10T19:00:00+00:00,False,,52.251022,-0.857393,Male,25-34,White - English/Welsh/Scottish/Northern Irish/British,White,Misuse of Drugs Act 1971 (section 23),Controlled drugs,A no further action disposal,False,False
Person search,2021-07-10T20:22:00+00:00,False,,52.308019,-0.689887,Male,25-34,White - Any other White background,White,Misuse of Drugs Act 1971 (section 23),Controlled drugs,Arrest,True,False
Person search,2021-07-10T20:45:00+00:00,False,,52.239922,-0.888858,Male,25-34,White - English/Welsh/Scottish/Northern Irish/British,White,Police and Criminal Evidence Act 1984 (section 1),Offensive weapons,Arrest,True,False
Person search,2021-07-11T00:00:00+00:00,False,,52.395864,-0.728248,Male,18-24,White - Any other White background,White,Police and Criminal Evidence Act 1984 (section 1),Stolen goods,Arrest,True,False
Person search,2021-07-11T01:30:00+00:00,False,,52.415005,-0.735755,Male,10-17,White - English/Welsh/Scottish/Northern Irish/British,White,Police and Criminal Evidence Act 1984 (section 1),Article for use in theft,A no further action disposal,True,False
Person search,2021-07-11T03:00:00+00:00,False,,52.447845,-0.818966,Male,25-34,White - English/Welsh/Scottish/Northern Irish/British,White,Police and Criminal Evidence Act 1984 (section 1),Offensive weapons,A no further action disposal,False,False
Person search,2021-07-11T10:25:00+00:00,False,,52.383163,-0.721840,Male,18-24,Asian/Asian British - Bangladeshi,Asian,Misuse of Drugs Act 1971 (section 23),Controlled drugs,A no further action disposal,False,False
Person search,2021-07-11T12:40:00+00:00,False,,52.304779,-0.689587,Male,over 34,Black/African/Caribbean/Black British - Caribbean,,Police and Criminal Evidence Act 1984 (section 1),Offensive weapons,A no further action disposal,False,False
Person search,2021-07-11T13:20:00+00:00,False,,52.192131,-0.892127,Female,over 34,Asian/Asian British - Pakistani,Asian,Misuse of Drugs Act 1971 (section 23),Controlled drugs,A no further action disposal,False,False
Person search,2021-07-11T13:20:00+00:00,False,,52.192131,-0.892127,Female,18-24,Mixed/Multiple ethnic groups - White and Black Caribbean,White,Misuse of Drugs Act 1971 (section 23),Controlled drugs,A no further action disposal,False,False
Person search,2021-07-11T15:00:00+00:00,False,,52.188945,-0.887013,Male,18-24,Mixed/Multiple ethnic groups - White and Asian,Asian,Misuse of Drugs Act 1971 (section 23),Controlled drugs,Arrest,True,False
Person search,2021-07-11T22:10:00+00:00,False,,,,Female,over 34,Black/African/Caribbean/Black British - African,Black,Police and Criminal Evidence Act 1984 (section 1),Offensive weapons,A no further action disposal,False,False
Person search,2021-07-11T22:30:00+00:00,False,,52.493850,-0.730534,Male,over 34,White - English/Welsh/Scottish/Northern Irish/British,White,Misuse of Drugs Act 1971 (section 23),Controlled drugs,A no further action disposal,False,False
Person search,2021-07-11T23:50:00+00:00,False,,52.488608,-0.713792,Male,over 34,White - English/Welsh/Scottish/Northern Irish/British,White,Police and Criminal Evidence Act 1984 (section 1),Article for use in theft,A no further action disposal,False,False
Person search,2021-07-12T00:15:00+00:00,False,,52.400987,-0.725528,Male,over 34,Asian/Asian British - Indian,Asian,Misuse of Drugs Act 1971 (section 23),Controlled drugs,A no further action disposal,False,False
Person search,2021-07-12T01:00:00+00:00,False,,52.400987,-0.725528,Male,,Other ethnic group - Not stated,White,Misuse of Drugs Act 1971 (section 23),Controlled drugs,Arrest,True,False
Person search,2021-07-12T01:50:00+00:00,False,,52.221956,-0.925451,Female,10-17,White - English/Welsh/Scottish/Northern Irish/British,White,Misuse of Drugs Act 1971 (section 23),Controlled drugs,A no further action disposal,False,False
Person search,2021-07-12T01:50:00+00:00,False,,52.221956,-0.925451,Male,18-24,White - English/Welsh/Scottish/Northern Irish/British,White,Misuse of Drugs Act 1971 (section 23),Controlled drugs,Community resolution,True,False
Person search,2021-07-12T13:20:00+00:00,False,,52.287906,-0.599697,Male,18-24,Black/African/Caribbean/Black British - African,Black,Misuse of Drugs Act 1971 (section 23),Controlled drugs,Community resolution,True,False
Person search,2021-07-13T12:49:00+00:00,False,,52.301602,-0.691675,,10-17,Mixed/Multiple ethnic groups - Any other Mixed/Multiple ethnic background,Black,Misuse of Drugs Act 1971 (section 23),Controlled drugs,A no further action disposal,False,False
Person search,2021-07-13T12:49:00+00:00,False,,52.301602,-0.691675,,10-17,Black/African/Caribbean/Black British - Caribbean,Black,Misuse of Drugs Act 1971 (section 23),Controlled drugs,A no further action disposal,False,False
Person search,2021-07-13T13:00:00+00:00,False,,52.497382,-0.712932,Male,10-17,White - Any other White background,White,Police and Criminal Evidence Act 1984 (section 1),Offensive weapons,A no further action disposal,False,False
Person search,2021-07-13T13:15:00+00:00,False,,52.505883,-0.701059,Male,10-17,White - Any other White background,White,Misuse of Drugs Act 1971 (section 23),Controlled drugs,Arrest,True,False
Person search,2021-07-13T14:50:00+00:00,False,,52.239668,-0.881908,Male,18-24,Black/African/Caribbean/Black British - African,Black,Police and Criminal Evidence Act 1984 (section 1),Offensive weapons,A no further action disposal,False,False
Person search,2021-07-13T14:50:00+00:00,False,,52.239668,-0.881908,Male,,Other ethnic group - Not stated,Black,Police and Criminal Evidence Act 1984 (section 1),Offensive weapons,A no further action disposal,False,False
Person search,2021-07-13T14:50:00+00:00,False,,52.239668,-0.881908,Male,25-34,Black/African/Caribbean/Black British - Caribbean,Black,Police and Criminal Evidence Act 1984 (section 1),Offensive weapons,A no further action disposal,False,False
Person search,2021-07-14T10:50:00+00:00,False,,,,Male,18-24,White - English/Welsh/Scottish/Northern Irish/British,White,Misuse of Drugs Act 1971 (section 23),Controlled drugs,A no further action disposal,False,False
Person search,2021-07-14T10:55:00+00:00,True,,,,Male,over 34,White - English/Welsh/Scottish/Northern Irish/British,White,Misuse of Drugs Act 1971 (section 23),Controlled drugs,A no further action disposal,True,False
Person search,2021-07-14T20:20:00+00:00,False,,52.496377,-0.704831,Male,25-34,White - English/Welsh/Scottish/Northern Irish/British,White,Police and Criminal Evidence Act 1984 (section 1),Offensive weapons,A no further action disposal,False,False
Person search,2021-07-14T23:25:00+00:00,False,,52.236918,-0.898320,Male,18-24,White - English/Welsh/Scottish/Northern Irish/British,White,Police and Criminal Evidence Act 1984 (section 1),Offensive weapons,Arrest,True,False
Person search,2021-07-14T23:30:00+00:00,False,,52.236918,-0.898320,Male,18-24,White - English/Welsh/Scottish/Northern Irish/British,White,Police and Criminal Evidence Act 1984 (section 1),Offensive weapons,A no further action disposal,False,False
Person search,2021-07-15T14:30:00+00:00,False,,,,Male,10-17,White - English/Welsh/Scottish/Northern Irish/British,White,Misuse of Drugs Act 1971 (section 23),Controlled drugs,A no further action disposal,False,False
Person search,2021-07-15T14:30:00+00:00,False,,52.258408,-0.906286,Male,10-17,White - English/Welsh/Scottish/Northern Irish/British,White,Misuse of Drugs Act 1971 (section 23),Controlled drugs,Arrest,True,False
Person search,2021-07-15T18:45:00+00:00,False,,52.425055,-0.647845,Male,18-24,White - English/Welsh/Scottish/Northern Irish/British,White,Firearms Act 1968 (section 47),Firearms,A no further action disposal,True,False
Person search,2021-07-15T19:00:00+00:00,False,,52.421806,-0.653900,Male,18-24,White - English/Welsh/Scottish/Northern Irish/British,White,Firearms Act 1968 (section 47),Firearms,A no further action disposal,True,False
Person search,2021-07-15T19:12:00+00:00,False,,52.288376,-0.612057,Male,10-17,White - English/Welsh/Scottish/Northern Irish/British,White,Misuse of Drugs Act 1971 (section 23),Controlled drugs,A no further action disposal,False,False
Person search,2021-07-15T19:30:00+00:00,False,,52.325088,-0.619170,Male,18-24,White - English/Welsh/Scottish/Northern Irish/British,White,Misuse of Drugs Act 1971 (section 23),Evidence of offences under the Act,Arrest,True,False
Person search,2021-07-15T19:30:00+00:00,False,,52.325088,-0.619170,Female,18-24,White - English/Welsh/Scottish/Northern Irish/British,White,Misuse of Drugs Act 1971 (section 23),Evidence of offences under the Act,A no further action disposal,False,False
Person search,2021-07-16T08:45:00+00:00,True,,52.079065,-1.011886,Male,25-34,Asian/Asian British - Pakistani,Asian,Police and Criminal Evidence Act 1984 (section 1),Evidence of offences under the Act,A no further action disposal,False,False
Person search,2021-07-16T08:45:00+00:00,False,,52.079065,-1.011886,Male,18-24,Asian/Asian British - Pakistani,Asian,Police and Criminal Evidence Act 1984 (section 1),Evidence of offences under the Act,A no further action disposal,False,False
Person search,2021-07-16T08:45:00+00:00,True,,52.079065,-1.011886,Male,18-24,Asian/Asian British - Pakistani,Asian,Police and Criminal Evidence Act 1984 (section 1),Evidence of offences under the Act,A no further action disposal,False,False
Person search,2021-07-16T08:45:00+00:00,False,,52.079065,-1.011886,Male,25-34,Asian/Asian British - Pakistani,Asian,Police and Criminal Evidence Act 1984 (section 1),Evidence of offences under the Act,A no further action disposal,False,False
Person search,2021-07-16T18:35:00+00:00,False,,52.240062,-0.900952,Male,over 34,White - English/Welsh/Scottish/Northern Irish/British,White,Misuse of Drugs Act 1971 (section 23),Controlled drugs,A no further action disposal,False,False
Person search,2021-07-16T19:15:00+00:00,False,,52.309509,-0.687188,Male,18-24,White - English/Welsh/Scottish/Northern Irish/British,White,Misuse of Drugs Act 1971 (section 23),Controlled drugs,A no further action disposal,False,False
Person search,2021-07-16T20:00:00+00:00,False,,52.380313,-0.730149,Male,18-24,White - English/Welsh/Scottish/Northern Irish/British,White,Misuse of Drugs Act 1971 (section 23),Controlled drugs,Community resolution,True,False
Person search,2021-07-16T20:00:00+00:00,False,,52.380313,-0.730149,Male,18-24,Other ethnic group - Not stated,,Misuse of Drugs Act 1971 (section 23),Controlled drugs,A no further action disposal,False,False
Person search,2021-07-16T20:30:00+00:00,False,,52.322196,-1.205567,Male,18-24,White - English/Welsh/Scottish/Northern Irish/British,White,Misuse of Drugs Act 1971 (section 23),Controlled drugs,A no further action disposal,False,False
Person search,2021-07-16T21:45:00+00:00,True,,52.308019,-0.689887,Male,over 34,White - English/Welsh/Scottish/Northern Irish/British,White,Misuse of Drugs Act 1971 (section 23),Controlled drugs,A no further action disposal,False,False
Person search,2021-07-16T21:45:00+00:00,True,,52.308019,-0.689887,Male,25-34,Other ethnic group - Not stated,White,Misuse of Drugs Act 1971 (section 23),Controlled drugs,A no further action disposal,False,False
Person search,2021-07-16T21:45:00+00:00,True,,52.308019,-0.689887,Male,25-34,Other ethnic group - Not stated,White,Misuse of Drugs Act 1971 (section 23),Controlled drugs,Community resolution,True,False
Person search,2021-07-16T22:10:00+00:00,False,,52.495820,-0.778454,Male,18-24,White - Any other White background,White,Misuse of Drugs Act 1971 (section 23),Controlled drugs,A no further action disposal,True,False
Person search,2021-07-16T22:10:00+00:00,False,,52.495820,-0.778454,Female,18-24,White - Any other White background,White,Misuse of Drugs Act 1971 (section 23),Controlled drugs,Community resolution,True,False
Person search,2021-07-17T00:00:00+00:00,False,,52.305902,-0.688674,Male,25-34,White - English/Welsh/Scottish/Northern Irish/British,White,Misuse of Drugs Act 1971 (section 23),Controlled drugs,Khat or Cannabis warning,True,False
Person search,2021-07-17T17:25:00+00:00,False,,52.084022,-1.029611,Male,18-24,White - English/Welsh/Scottish/Northern Irish/British,White,Police and Criminal Evidence Act 1984 (section 1),Offensive weapons,A no further action disposal,False,False
Person search,2021-07-17T18:50:00+00:00,False,,,,Male,10-17,White - English/Welsh/Scottish/Northern Irish/British,White,Misuse of Drugs Act 1971 (section 23),Controlled drugs,A no further action disposal,True,False
Person search,2021-07-18T07:54:00+00:00,False,,52.061270,-1.028937,Male,over 34,White - English/Welsh/Scottish/Northern Irish/British,White,Police and Criminal Evidence Act 1984 (section 1),Evidence of offences under the Act,A no further action disposal,False,False
Person search,2021-07-18T07:55:00+00:00,True,,52.061270,-1.028937,Male,,White - Irish,White,Police and Criminal Evidence Act 1984 (section 1),Evidence of offences under the Act,A no further action disposal,False,False
Person search,2021-07-18T07:55:00+00:00,False,,52.061270,-1.028937,Male,,White - Irish,White,Police and Criminal Evidence Act 1984 (section 1),Evidence of offences under the Act,A no further action disposal,False,False
Person search,2021-07-18T08:00:00+00:00,True,,52.061270,-1.028937,Male,25-34,White - English/Welsh/Scottish/Northern Irish/British,White,Police and Criminal Evidence Act 1984 (section 1),Evidence of offences under the Act,A no further action disposal,False,False
Person search,2021-07-18T08:45:00+00:00,False,,52.241089,-0.885812,,25-34,Black/African/Caribbean/Black British - African,Black,Misuse of Drugs Act 1971 (section 23),Controlled drugs,Community resolution,True,False
Person search,2021-07-18T13:02:00+00:00,False,,52.238383,-0.895355,Female,over 34,Other ethnic group - Not stated,White,Police and Criminal Evidence Act 1984 (section 1),Stolen goods,Arrest,True,False
Person search,2021-07-18T19:30:00+00:00,False,,52.076456,-1.024639,Female,over 34,White - English/Welsh/Scottish/Northern Irish/British,,Police and Criminal Evidence Act 1984 (section 1),Offensive weapons,A no further action disposal,False,False
Person search,2021-07-18T23:50:00+00:00,False,,52.488608,-0.713792,Male,over 34,White - English/Welsh/Scottish/Northern Irish/British,White,Police and Criminal Evidence Act 1984 (section 1),Article for use in theft,A no further action disposal,False,False
Person search,2021-07-18T23:55:00+00:00,False,,52.488608,-0.713792,Female,25-34,White - English/Welsh/Scottish/Northern Irish/British,White,Police and Criminal Evidence Act 1984 (section 1),Article for use in theft,A no further action disposal,False,False
Person search,2021-07-20T22:50:00+00:00,False,,52.300643,-0.691117,Male,10-17,Black/African/Caribbean/Black British - African,Black,Police and Criminal Evidence Act 1984 (section 1),Article for use in theft,A no further action disposal,False,False
Person search,2021-07-20T22:50:00+00:00,False,,52.300643,-0.691117,Male,10-17,Black/African/Caribbean/Black British - Caribbean,Black,Police and Criminal Evidence Act 1984 (section 1),Evidence of offences under the Act,A no further action disposal,False,False
Person search,2021-07-20T23:01:00+00:00,False,,52.298011,-0.675210,Male,10-17,White - English/Welsh/Scottish/Northern Irish/British,White,Police and Criminal Evidence Act 1984 (section 1),Stolen goods,A no further action disposal,False,False
Person search,2021-07-20T23:08:00+00:00,False,,52.298011,-0.675210,Male,10-17,White - English/Welsh/Scottish/Northern Irish/British,White,Police and Criminal Evidence Act 1984 (section 1),Evidence of offences under the Act,A no further action disposal,False,False
Person search,2021-07-21T03:21:00+00:00,False,,52.966814,-1.152693,Male,over 34,White - Any other White background,White,Police and Criminal Evidence Act 1984 (section 1),Article for use in theft,A no further action disposal,False,False
Person search,2021-07-21T15:47:00+00:00,False,,52.308019,-0.689887,Male,18-24,White - English/Welsh/Scottish/Northern Irish/British,White,Misuse of Drugs Act 1971 (section 23),Controlled drugs,Community resolution,True,False
Person search,2021-07-21T20:50:00+00:00,False,,52.235068,-0.946836,Female,over 34,White - English/Welsh/Scottish/Northern Irish/British,White,Police and Criminal Evidence Act 1984 (section 1),Offensive weapons,A no further action disposal,False,False
Person search,2021-07-21T20:50:00+00:00,False,,52.235068,-0.946836,Male,25-34,White - English/Welsh/Scottish/Northern Irish/British,White,Police and Criminal Evidence Act 1984 (section 1),Offensive weapons,A no further action disposal,False,False
Person search,2021-07-22T05:30:00+00:00,False,,52.332394,-0.898738,Male,over 34,White - English/Welsh/Scottish/Northern Irish/British,White,Police and Criminal Evidence Act 1984 (section 1),Offensive weapons,A no further action disposal,False,False
Person search,2021-07-22T17:53:00+00:00,False,,52.389757,-0.717167,Male,,White - English/Welsh/Scottish/Northern Irish/British,White,Police and Criminal Evidence Act 1984 (section 1),Article for use in theft,A no further action disposal,False,False
Person search,2021-07-23T09:30:00+00:00,True,,52.302736,-0.694238,Male,25-34,Other ethnic group - Not stated,Black,Misuse of Drugs Act 1971 (section 23),Evidence of offences under the Act,A no further action disposal,False,False
Person search,2021-07-23T11:00:00+00:00,False,,52.239275,-0.916905,Male,10-17,White - English/Welsh/Scottish/Northern Irish/British,White,Misuse of Drugs Act 1971 (section 23),Controlled drugs,A no further action disposal,False,False
Person search,2021-07-23T14:15:00+00:00,False,,,,Male,25-34,White - English/Welsh/Scottish/Northern Irish/British,White,Misuse of Drugs Act 1971 (section 23),Evidence of offences under the Act,A no further action disposal,False,False
Person search,2021-07-23T19:20:00+00:00,False,,52.255446,-0.833590,Male,over 34,White - English/Welsh/Scottish/Northern Irish/British,White,Misuse of Drugs Act 1971 (section 23),Controlled drugs,A no further action disposal,False,False
Person search,2021-07-23T19:23:00+00:00,False,,52.255446,-0.833590,Male,over 34,White - English/Welsh/Scottish/Northern Irish/British,White,Misuse of Drugs Act 1971 (section 23),Controlled drugs,A no further action disposal,False,False
Person search,2021-07-23T21:09:00+00:00,False,,52.239505,-0.880872,Male,over 34,Other ethnic group - Not stated,White,Police and Criminal Evidence Act 1984 (section 1),Offensive weapons,A no further action disposal,False,False
Person search,2021-07-23T21:50:00+00:00,False,,52.240138,-0.887901,,18-24,White - English/Welsh/Scottish/Northern Irish/British,White,Misuse of Drugs Act 1971 (section 23),Controlled drugs,Khat or Cannabis warning,True,False
Person search,2021-07-23T21:55:00+00:00,False,,52.240138,-0.887901,Male,10-17,White - English/Welsh/Scottish/Northern Irish/British,White,Misuse of Drugs Act 1971 (section 23),Controlled drugs,Community resolution,True,False
Person search,2021-07-23T22:45:00+00:00,False,,,,Male,25-34,White - English/Welsh/Scottish/Northern Irish/British,White,Misuse of Drugs Act 1971 (section 23),Controlled drugs,A no further action disposal,True,False
Person search,2021-07-24T00:30:00+00:00,False,,52.282345,-0.732189,Female,over 34,White - English/Welsh/Scottish/Northern Irish/British,White,Police and Criminal Evidence Act 1984 (section 1),Article for use in theft,A no further action disposal,False,False
Person search,2021-07-24T00:35:00+00:00,False,,52.282345,-0.732189,Male,over 34,White - English/Welsh/Scottish/Northern Irish/British,White,Police and Criminal Evidence Act 1984 (section 1),Article for use in theft,A no further action disposal,False,False
Person search,2021-07-24T03:44:00+00:00,True,,,,Male,18-24,Mixed/Multiple ethnic groups - White and Black African,Black,Police and Criminal Evidence Act 1984 (section 1),Offensive weapons,A no further action disposal,False,False
Person search,2021-07-24T03:55:00+00:00,False,,52.238543,-0.898075,Male,18-24,Asian/Asian British - Any other Asian background,Asian,Police and Criminal Evidence Act 1984 (section 1),Offensive weapons,A no further action disposal,False,False
Person search,2021-07-24T03:55:00+00:00,True,,52.238543,-0.898075,Male,18-24,Asian/Asian British - Any other Asian background,Asian,Police and Criminal Evidence Act 1984 (section 1),Offensive weapons,A no further action disposal,False,False
Person search,2021-07-24T12:15:00+00:00,False,,52.394515,-0.734871,Male,18-24,Mixed/Multiple ethnic groups - White and Black Caribbean,Black,Misuse of Drugs Act 1971 (section 23),Controlled drugs,Arrest,True,False
Person search,2021-07-24T14:56:00+00:00,False,,52.387566,-0.716569,Male,18-24,White - English/Welsh/Scottish/Northern Irish/British,White,Misuse of Drugs Act 1971 (section 23),Controlled drugs,Community resolution,True,False
Person search,2021-07-24T19:50:00+00:00,False,,52.265859,-1.167346,Male,25-34,White - English/Welsh/Scottish/Northern Irish/British,White,Misuse of Drugs Act 1971 (section 23),Controlled drugs,A no further action disposal,False,False
Person search,2021-07-24T21:28:00+00:00,False,,,,Female,25-34,White - English/Welsh/Scottish/Northern Irish/British,White,Misuse of Drugs Act 1971 (section 23),Controlled drugs,Community resolution,True,False
Person search,2021-07-24T22:19:00+00:00,False,,52.233444,-0.880703,Male,over 34,White - English/Welsh/Scottish/Northern Irish/British,White,Misuse of Drugs Act 1971 (section 23),Controlled drugs,Arrest,True,False
Person search,2021-07-24T22:19:00+00:00,False,,52.233444,-0.880703,Female,10-17,White - Any other White background,White,Misuse of Drugs Act 1971 (section 23),Controlled drugs,Arrest,True,False
Person search,2021-07-24T22:19:00+00:00,False,,52.233444,-0.880703,Female,10-17,Mixed/Multiple ethnic groups - White and Black Caribbean,Black,Misuse of Drugs Act 1971 (section 23),Controlled drugs,Arrest,True,False
Person search,2021-07-24T22:50:00+00:00,False,,,,Male,18-24,White - English/Welsh/Scottish/Northern Irish/British,White,Misuse of Drugs Act 1971 (section 23),Controlled drugs,A no further action disposal,True,True
Person search,2021-07-24T23:05:00+00:00,False,,52.246690,-0.925571,Male,18-24,Black/African/Caribbean/Black British - Caribbean,Black,Misuse of Drugs Act 1971 (section 23),Controlled drugs,A no further action disposal,False,True
Person search,2021-07-25T00:00:00+00:00,False,,52.298011,-0.675210,Male,10-17,White - English/Welsh/Scottish/Northern Irish/British,White,Misuse of Drugs Act 1971 (section 23),Controlled drugs,Community resolution,True,False
Person search,2021-07-25T00:00:00+00:00,False,,52.298011,-0.675210,Male,18-24,White - English/Welsh/Scottish/Northern Irish/British,White,Misuse of Drugs Act 1971 (section 23),Controlled drugs,Community resolution,True,False
Person search,2021-07-25T00:45:00+00:00,False,,52.234982,-0.897094,Male,over 34,White - Irish,White,Police and Criminal Evidence Act 1984 (section 1),Offensive weapons,A no further action disposal,False,False
Person search,2021-07-25T00:45:00+00:00,True,,52.234982,-0.897094,Male,over 34,White - Irish,White,Police and Criminal Evidence Act 1984 (section 1),Offensive weapons,A no further action disposal,False,False
Person search,2021-07-25T08:23:00+00:00,False,,52.236753,-0.900887,Male,18-24,White - English/Welsh/Scottish/Northern Irish/British,White,Misuse of Drugs Act 1971 (section 23),Controlled drugs,Community resolution,True,False
Person search,2021-07-25T15:30:00+00:00,False,,52.256965,-1.175966,Male,over 34,White - English/Welsh/Scottish/Northern Irish/British,White,Misuse of Drugs Act 1971 (section 23),Controlled drugs,Community resolution,True,False
Person search,2021-07-25T18:00:00+00:00,False,,52.402464,-0.716622,Male,25-34,White - Any other White background,White,Misuse of Drugs Act 1971 (section 23),Controlled drugs,Arrest,True,False
Person search,2021-07-25T19:45:00+00:00,False,,52.406280,-0.727037,Male,18-24,White - English/Welsh/Scottish/Northern Irish/British,White,Misuse of Drugs Act 1971 (section 23),Controlled drugs,Community resolution,True,False
Person search,2021-07-25T21:00:00+00:00,False,,52.305902,-0.688674,Male,25-34,White - Any other White background,White,Misuse of Drugs Act 1971 (section 23),Controlled drugs,A no further action disposal,False,False
Person search,2021-07-25T21:50:00+00:00,False,,52.316666,-0.691290,Male,10-17,White - English/Welsh/Scottish/Northern Irish/British,White,Police and Criminal Evidence Act 1984 (section 1),Stolen goods,A no further action disposal,False,False
Person search,2021-07-25T22:03:00+00:00,False,,52.279402,-0.655551,Male,18-24,White - English/Welsh/Scottish/Northern Irish/British,White,Misuse of Drugs Act 1971 (section 23),Controlled drugs,Community resolution,True,False
Person search,2021-07-25T22:05:00+00:00,False,,52.279402,-0.655551,Female,18-24,White - English/Welsh/Scottish/Northern Irish/British,White,Misuse of Drugs Act 1971 (section 23),Controlled drugs,Community resolution,True,False
Person search,2021-07-26T13:53:00+00:00,False,,52.405733,-0.728832,Male,over 34,Mixed/Multiple ethnic groups - Any other Mixed/Multiple ethnic background,Black,Misuse of Drugs Act 1971 (section 23),Controlled drugs,A no further action disposal,False,False
Person search,2021-07-26T14:45:00+00:00,False,,52.315591,-0.690030,Male,18-24,Black/African/Caribbean/Black British - Caribbean,Black,Misuse of Drugs Act 1971 (section 23),Controlled drugs,Community resolution,True,False
Person search,2021-07-26T14:55:00+00:00,False,,52.315591,-0.690030,Male,18-24,White - English/Welsh/Scottish/Northern Irish/British,White,Misuse of Drugs Act 1971 (section 23),Controlled drugs,Community resolution,True,False
Person search,2021-07-26T21:30:00+00:00,False,,52.487911,-0.699365,Male,over 34,White - English/Welsh/Scottish/Northern Irish/British,White,Police and Criminal Evidence Act 1984 (section 1),Article for use in theft,A no further action disposal,False,False
Person search,2021-07-27T00:45:00+00:00,False,,52.243866,-0.902000,Female,18-24,Other ethnic group - Not stated,,Misuse of Drugs Act 1971 (section 23),Controlled drugs,A no further action disposal,False,False
Person search,2021-07-27T00:45:00+00:00,False,,52.243866,-0.902000,Male,over 34,White - English/Welsh/Scottish/Northern Irish/British,White,Misuse of Drugs Act 1971 (section 23),Controlled drugs,A no further action disposal,False,False
Person search,2021-07-27T00:50:00+00:00,False,,52.243866,-0.902000,Male,25-34,Black/African/Caribbean/Black British - Caribbean,Black,Misuse of Drugs Act 1971 (section 23),Controlled drugs,A no further action disposal,False,False
Person search,2021-07-27T13:00:00+00:00,False,,52.240890,-0.898163,Male,25-34,White - Any other White background,White,Misuse of Drugs Act 1971 (section 23),Controlled drugs,A no further action disposal,False,False
Person search,2021-07-27T14:47:00+00:00,False,,,,Male,over 34,White - English/Welsh/Scottish/Northern Irish/British,White,Police and Criminal Evidence Act 1984 (section 1),Offensive weapons,A no further action disposal,False,False
Person search,2021-07-27T18:10:00+00:00,False,,,,Male,25-34,White - English/Welsh/Scottish/Northern Irish/British,White,Police and Criminal Evidence Act 1984 (section 1),Offensive weapons,A no further action disposal,False,False
Person search,2021-07-27T19:25:00+00:00,True,,52.296226,-0.720487,Male,,Other ethnic group - Not stated,Black,Misuse of Drugs Act 1971 (section 23),Evidence of offences under the Act,A no further action disposal,False,False
Person search,2021-07-27T20:10:00+00:00,False,,52.483608,-0.700567,Male,18-24,White - English/Welsh/Scottish/Northern Irish/British,White,Police and Criminal Evidence Act 1984 (section 1),Offensive weapons,A no further action disposal,False,False
Person search,2021-07-27T21:00:00+00:00,True,,52.298018,-0.729102,Male,18-24,White - English/Welsh/Scottish/Northern Irish/British,White,Misuse of Drugs Act 1971 (section 23),Evidence of offences under the Act,A no further action disposal,True,False
Person search,2021-07-28T09:15:00+00:00,False,,52.216836,-0.913235,Male,25-34,White - English/Welsh/Scottish/Northern Irish/British,White,Misuse of Drugs Act 1971 (section 23),Controlled drugs,Arrest,True,False
Person search,2021-07-28T13:50:00+00:00,False,,52.469259,-0.732876,Female,over 34,White - English/Welsh/Scottish/Northern Irish/British,White,Misuse of Drugs Act 1971 (section 23),Controlled drugs,A no further action disposal,False,False
Person search,2021-07-28T14:00:00+00:00,False,,52.248944,-0.909624,Male,25-34,Black/African/Caribbean/Black British - Caribbean,Black,Misuse of Drugs Act 1971 (section 23),Controlled drugs,Arrest,True,False
Person search,2021-07-28T19:00:00+00:00,False,,52.301984,-0.695301,Male,18-24,White - English/Welsh/Scottish/Northern Irish/British,White,Police and Criminal Evidence Act 1984 (section 1),Offensive weapons,A no further action disposal,False,False
Person search,2021-07-28T19:10:00+00:00,False,,52.302736,-0.694238,Male,10-17,White - English/Welsh/Scottish/Northern Irish/British,White,Police and Criminal Evidence Act 1984 (section 1),Offensive weapons,A no further action disposal,False,False
Person search,2021-07-28T22:58:00+00:00,False,,52.312218,-0.685846,Male,over 34,White - English/Welsh/Scottish/Northern Irish/British,White,Misuse of Drugs Act 1971 (section 23),Controlled drugs,A no further action disposal,False,False
Person search,2021-07-29T00:30:00+00:00,False,,52.312218,-0.685846,Male,10-17,White - English/Welsh/Scottish/Northern Irish/British,White,Police and Criminal Evidence Act 1984 (section 1),Article for use in theft,A no further action disposal,False,False
Person search,2021-07-29T00:38:00+00:00,False,,52.312218,-0.685846,Male,10-17,White - English/Welsh/Scottish/Northern Irish/British,White,Police and Criminal Evidence Act 1984 (section 1),Articles for use in criminal damage,A no further action disposal,False,False
Person search,2021-07-29T10:30:00+00:00,False,,52.353475,-0.664830,Male,10-17,White - English/Welsh/Scottish/Northern Irish/British,White,Misuse of Drugs Act 1971 (section 23),Controlled drugs,A no further action disposal,False,False
Person search,2021-07-29T10:40:00+00:00,False,,52.353475,-0.664830,Male,over 34,White - English/Welsh/Scottish/Northern Irish/British,White,Misuse of Drugs Act 1971 (section 23),Controlled drugs,A no further action disposal,False,False
Person search,2021-07-29T10:45:00+00:00,False,,52.375340,-0.687294,Female,10-17,White - English/Welsh/Scottish/Northern Irish/British,White,Misuse of Drugs Act 1971 (section 23),Controlled drugs,A no further action disposal,False,False
Person search,2021-07-29T11:00:00+00:00,False,,52.398667,-0.715527,Male,18-24,White - English/Welsh/Scottish/Northern Irish/British,White,Misuse of Drugs Act 1971 (section 23),Controlled drugs,Arrest,True,False
Person search,2021-07-29T11:05:00+00:00,False,,52.398667,-0.715527,Male,18-24,White - English/Welsh/Scottish/Northern Irish/British,White,Misuse of Drugs Act 1971 (section 23),Controlled drugs,A no further action disposal,False,False
Person search,2021-07-29T14:46:00+00:00,False,,52.486286,-0.702874,Male,25-34,White - Any other White background,White,Police and Criminal Evidence Act 1984 (section 1),Offensive weapons,Arrest,True,False
Person search,2021-07-29T17:00:00+00:00,False,,52.242132,-0.874450,Male,over 34,White - English/Welsh/Scottish/Northern Irish/British,White,Misuse of Drugs Act 1971 (section 23),Controlled drugs,A no further action disposal,False,False
Person search,2021-07-29T18:30:00+00:00,False,,52.258408,-0.906286,Male,18-24,Asian/Asian British - Bangladeshi,Asian,Misuse of Drugs Act 1971 (section 23),Controlled drugs,A no further action disposal,False,False
Person search,2021-07-29T19:00:00+00:00,False,,52.236753,-0.900887,Male,over 34,White - Any other White background,White,Police and Criminal Evidence Act 1984 (section 1),Article for use in theft,A no further action disposal,False,False
Person search,2021-07-30T01:22:00+00:00,False,,52.400987,-0.725528,Male,over 34,White - English/Welsh/Scottish/Northern Irish/British,White,Police and Criminal Evidence Act 1984 (section 1),Article for use in theft,A no further action disposal,False,False
Person search,2021-07-30T10:40:00+00:00,False,,52.242885,-0.884654,Male,18-24,Black/African/Caribbean/Black British - African,Black,Misuse of Drugs Act 1971 (section 23),Controlled drugs,Arrest,True,False
Person search,2021-07-30T10:40:00+00:00,False,,52.242885,-0.884654,Male,18-24,Asian/Asian British - Bangladeshi,Asian,Misuse of Drugs Act 1971 (section 23),Controlled drugs,A no further action disposal,False,True
Person search,2021-07-30T11:00:00+00:00,False,,52.260542,-0.831552,Female,18-24,White - English/Welsh/Scottish/Northern Irish/British,White,Police and Criminal Evidence Act 1984 (section 1),Offensive weapons,A no further action disposal,False,False
Person search,2021-07-30T12:45:00+00:00,True,,52.304416,-0.698221,Male,25-34,Black/African/Caribbean/Black British - Caribbean,Black,Misuse of Drugs Act 1971 (section 23),Evidence of offences under the Act,A no further action disposal,False,False
Person search,2021-07-30T23:00:00+00:00,False,,52.236918,-0.898320,Male,25-34,Mixed/Multiple ethnic groups - White and Black African,Black,Misuse of Drugs Act 1971 (section 23),Controlled drugs,Community resolution,True,False
Person search,2021-07-30T23:00:00+00:00,False,,52.236918,-0.898320,Male,18-24,Black/African/Caribbean/Black British - Any other Black/African/Caribbean background,Black,Misuse of Drugs Act 1971 (section 23),Controlled drugs,A no further action disposal,False,False
Person search,2021-07-30T23:00:00+00:00,False,,52.236918,-0.898320,Male,25-34,Black/African/Caribbean/Black British - Any other Black/African/Caribbean background,Black,Misuse of Drugs Act 1971 (section 23),Controlled drugs,Community resolution,True,False
Person search,2021-07-31T00:15:00+00:00,True,,,,Male,18-24,White - English/Welsh/Scottish/Northern Irish/British,White,Misuse of Drugs Act 1971 (section 23),Controlled drugs,A no further action disposal,False,False
Person search,2021-07-31T00:50:00+00:00,True,,52.234982,-0.897094,Male,,White - English/Welsh/Scottish/Northern Irish/British,,Misuse of Drugs Act 1971 (section 23),Controlled drugs,A no further action disposal,False,False
Person search,2021-07-31T01:00:00+00:00,False,,52.400084,-0.727715,Male,18-24,White - English/Welsh/Scottish/Northern Irish/British,White,Misuse of Drugs Act 1971 (section 23),Controlled drugs,A no further action disposal,False,False
Person search,2021-07-31T01:00:00+00:00,False,,52.399757,-0.726593,,18-24,White - English/Welsh/Scottish/Northern Irish/British,White,Misuse of Drugs Act 1971 (section 23),Controlled drugs,Community resolution,True,False
Person search,2021-07-31T03:30:00+00:00,False,,,,Male,25-34,Black/African/Caribbean/Black British - Caribbean,Black,Police and Criminal Evidence Act 1984 (section 1),Offensive weapons,A no further action disposal,False,False
Person search,2021-07-31T10:10:00+00:00,True,,52.304765,-0.690702,Male,25-34,White - English/Welsh/Scottish/Northern Irish/British,White,Misuse of Drugs Act 1971 (section 23),Evidence of offences under the Act,Arrest,True,False
Person search,2021-07-31T10:15:00+00:00,True,,52.304765,-0.690702,Male,over 34,Black/African/Caribbean/Black British - African,Black,Misuse of Drugs Act 1971 (section 23),Evidence of offences under the Act,A no further action disposal,False,False
Person search,2021-07-31T17:41:00+00:00,False,,52.251022,-0.857393,Male,over 34,White - English/Welsh/Scottish/Northern Irish/British,White,Misuse of Drugs Act 1971 (section 23),Controlled drugs,A no further action disposal,False,False
Person search,2021-07-31T22:10:00+00:00,False,,52.263680,-0.851778,Male,18-24,Asian/Asian British - Bangladeshi,Asian,Misuse of Drugs Act 1971 (section 23),Controlled drugs,Community resolution,True,False
Person search,2021-07-31T22:10:00+00:00,False,,52.263680,-0.851778,,18-24,White - English/Welsh/Scottish/Northern Irish/British,White,Misuse of Drugs Act 1971 (section 23),Controlled drugs,Community resolution,True,False
Person search,2021-07-31T22:16:00+00:00,False,,52.249547,-0.874174,Male,over 34,White - English/Welsh/Scottish/Northern Irish/British,White,Police and Criminal Evidence Act 1984 (section 1),Evidence of offences under the Act,A no further action disposal,False,False
Person search,2021-07-31T22:20:00+00:00,False,,52.263680,-0.851778,Male,18-24,White - Any other White background,White,Misuse of Drugs Act 1971 (section 23),Controlled drugs,A no further action disposal,True,False
Person search,2021-07-31T22:39:00+00:00,False,,52.249547,-0.874174,Male,25-34,White - English/Welsh/Scottish/Northern Irish/British,White,Police and Criminal Evidence Act 1984 (section 1),Article for use in theft,A no further action disposal,False,False
Person search,2021-07-31T22:50:00+00:00,False,,52.249547,-0.874174,Male,25-34,White - English/Welsh/Scottish/Northern Irish/British,White,Police and Criminal Evidence Act 1984 (section 1),Article for use in theft,Arrest,True,False
