Type,Date,Part of a policing operation,Policing operation,Latitude,Longitude,Gender,Age range,Self-defined ethnicity,Officer-defined ethnicity,Legislation,Object of search,Outcome,Outcome linked to object of search,Removal of more than just outer clothing
Person search,2021-07-01T02:20:00+00:00,,,53.235399,-0.518074,Male,18-24,White - English/Welsh/Scottish/Northern Irish/British,White,Police and Criminal Evidence Act 1984 (section 1),Offensive weapons,A no further action disposal,,
Person search,2021-07-01T13:45:00+00:00,,,52.920838,-0.634742,Male,10-17,White - English/Welsh/Scottish/Northern Irish/British,White,Misuse of Drugs Act 1971 (section 23),Controlled drugs,A no further action disposal,,
Person and Vehicle search,2021-07-01T14:00:00+00:00,,,52.920838,-0.634742,Male,18-24,White - English/Welsh/Scottish/Northern Irish/British,White,Misuse of Drugs Act 1971 (section 23),Controlled drugs,A no further action disposal,,
Person and Vehicle search,2021-07-01T14:50:00+00:00,,,52.656567,-0.483434,Male,over 34,White - English/Welsh/Scottish/Northern Irish/British,White,Misuse of Drugs Act 1971 (section 23),Controlled drugs,A no further action disposal,,
Person and Vehicle search,2021-07-01T15:00:00+00:00,,,52.656567,-0.483434,Male,over 34,Black/African/Caribbean/Black British - Any other Black/African/Caribbean background,Black,Misuse of Drugs Act 1971 (section 23),Controlled drugs,A no further action disposal,,
Person search,2021-07-02T01:30:00+00:00,,,53.391381,-0.771119,Male,25-34,White - English/Welsh/Scottish/Northern Irish/British,White,Police and Criminal Evidence Act 1984 (section 1),Article for use in theft,A no further action disposal,,
Person search,2021-07-02T21:45:00+00:00,,,53.249561,-0.519818,Male,25-34,White - English/Welsh/Scottish/Northern Irish/British,White,Police and Criminal Evidence Act 1984 (section 1),Firearms,A no further action disposal,,
Person search,2021-07-02T22:54:00+00:00,,,53.233906,-0.507907,Male,over 34,White - English/Welsh/Scottish/Northern Irish/British,White,Police and Criminal Evidence Act 1984 (section 1),Firearms,A no further action disposal,,
Person search,2021-07-03T00:53:00+00:00,,,53.399148,-0.755523,Male,10-17,White - English/Welsh/Scottish/Northern Irish/British,White,Police and Criminal Evidence Act 1984 (section 1),Psychoactive substances,A no further action disposal,,
Person search,2021-07-03T01:30:00+00:00,,,53.397700,-0.755385,Male,18-24,White - English/Welsh/Scottish/Northern Irish/British,White,Police and Criminal Evidence Act 1984 (section 1),Evidence of offences under the Act,A no further action disposal,,
Person and Vehicle search,2021-07-03T17:55:00+00:00,,,53.263383,-0.539162,Male,18-24,White - English/Welsh/Scottish/Northern Irish/British,White,Police and Criminal Evidence Act 1984 (section 1),Article for use in theft,A no further action disposal,,
Person search,2021-07-03T17:55:00+00:00,,,53.263383,-0.539162,Male,18-24,Black/African/Caribbean/Black British - Any other Black/African/Caribbean background,Black,Police and Criminal Evidence Act 1984 (section 1),Article for use in theft,A no further action disposal,,
Person search,2021-07-03T18:00:00+00:00,,,52.980159,-0.025204,Male,over 34,Other ethnic group - Not stated,White,Misuse of Drugs Act 1971 (section 23),Controlled drugs,A no further action disposal,,
Person and Vehicle search,2021-07-03T18:20:00+00:00,,,53.375647,-0.010065,Male,25-34,White - English/Welsh/Scottish/Northern Irish/British,White,Misuse of Drugs Act 1971 (section 23),Controlled drugs,A no further action disposal,,
Person search,2021-07-03T20:30:00+00:00,,,52.983110,-0.024801,Female,over 34,White - English/Welsh/Scottish/Northern Irish/British,White,Criminal Justice Act 1988 (section 139B),Offensive weapons,A no further action disposal,,
Person search,2021-07-03T22:50:00+00:00,,,53.229435,-0.542535,Male,25-34,White - English/Welsh/Scottish/Northern Irish/British,White,Misuse of Drugs Act 1971 (section 23),Controlled drugs,A no further action disposal,,
Person and Vehicle search,2021-07-03T23:50:00+00:00,,,53.215497,-0.542933,Male,18-24,White - English/Welsh/Scottish/Northern Irish/British,White,Misuse of Drugs Act 1971 (section 23),Controlled drugs,A no further action disposal,,
Person search,2021-07-04T00:10:00+00:00,,,53.219471,-0.534935,Female,18-24,White - English/Welsh/Scottish/Northern Irish/British,White,Misuse of Drugs Act 1971 (section 23),Controlled drugs,A no further action disposal,,
Person search,2021-07-04T02:20:00+00:00,,,53.228443,-0.541565,Male,10-17,White - English/Welsh/Scottish/Northern Irish/British,White,Police and Criminal Evidence Act 1984 (section 1),Offensive weapons,A no further action disposal,,
Person and Vehicle search,2021-07-04T11:28:00+00:00,,,53.231562,-0.508138,Male,25-34,White - English/Welsh/Scottish/Northern Irish/British,White,Misuse of Drugs Act 1971 (section 23),Controlled drugs,A no further action disposal,,
Person search,2021-07-04T12:45:00+00:00,,,53.231388,-0.530258,Male,25-34,White - English/Welsh/Scottish/Northern Irish/British,White,Misuse of Drugs Act 1971 (section 23),Controlled drugs,A no further action disposal,,
Person and Vehicle search,2021-07-04T12:52:00+00:00,,,53.231388,-0.530258,Male,18-24,White - English/Welsh/Scottish/Northern Irish/British,White,Misuse of Drugs Act 1971 (section 23),Controlled drugs,A no further action disposal,,
Person search,2021-07-05T00:35:00+00:00,,,52.791568,-0.137487,Male,over 34,White - English/Welsh/Scottish/Northern Irish/British,White,Police and Criminal Evidence Act 1984 (section 1),Article for use in theft,A no further action disposal,,
Person and Vehicle search,2021-07-05T04:30:00+00:00,,,52.907843,-0.671627,Male,over 34,White - English/Welsh/Scottish/Northern Irish/British,White,Police and Criminal Evidence Act 1984 (section 1),Article for use in theft,A no further action disposal,,
Person search,2021-07-05T04:57:00+00:00,,,52.909066,-0.671619,Male,10-17,White - English/Welsh/Scottish/Northern Irish/British,White,Police and Criminal Evidence Act 1984 (section 1),Article for use in theft,A no further action disposal,,
Person search,2021-07-05T14:30:00+00:00,,,52.975428,-0.024571,Male,,White - English/Welsh/Scottish/Northern Irish/British,White,Misuse of Drugs Act 1971 (section 23),Controlled drugs,Arrest,,
Person search,2021-07-05T14:30:00+00:00,,,52.975428,-0.024571,Male,18-24,White - Any other White background,White,Misuse of Drugs Act 1971 (section 23),Controlled drugs,A no further action disposal,,
Person search,2021-07-05T14:55:00+00:00,,,52.978496,-0.026874,Male,10-17,White - English/Welsh/Scottish/Northern Irish/British,White,Misuse of Drugs Act 1971 (section 23),Controlled drugs,A no further action disposal,,
Person search,2021-07-05T15:47:00+00:00,,,53.228650,-0.534981,Male,over 34,White - English/Welsh/Scottish/Northern Irish/British,White,Misuse of Drugs Act 1971 (section 23),Controlled drugs,A no further action disposal,,
Person search,2021-07-05T16:00:00+00:00,,,52.977128,-0.030540,Male,18-24,Other ethnic group - Not stated,White,Misuse of Drugs Act 1971 (section 23),Controlled drugs,A no further action disposal,,
Person and Vehicle search,2021-07-05T21:15:00+00:00,,,53.105609,-0.174126,Male,over 34,Other ethnic group - Not stated,Other,Police and Criminal Evidence Act 1984 (section 1),Offensive weapons,A no further action disposal,,
Person search,2021-07-06T01:05:00+00:00,,,53.366372,-0.002711,Male,10-17,White - English/Welsh/Scottish/Northern Irish/British,White,Police and Criminal Evidence Act 1984 (section 1),Offensive weapons,A no further action disposal,,
Person search,2021-07-06T01:40:00+00:00,,,52.912342,-0.643278,Male,over 34,White - English/Welsh/Scottish/Northern Irish/British,White,Police and Criminal Evidence Act 1984 (section 1),Evidence of offences under the Act,A no further action disposal,,
Person search,2021-07-06T01:40:00+00:00,,,52.909414,-0.645154,Female,25-34,White - English/Welsh/Scottish/Northern Irish/British,White,Police and Criminal Evidence Act 1984 (section 1),Article for use in theft,A no further action disposal,,
Person search,2021-07-06T01:40:00+00:00,,,52.912342,-0.643278,Male,25-34,Other ethnic group - Not stated,White,Police and Criminal Evidence Act 1984 (section 1),Article for use in theft,A no further action disposal,,
Vehicle search,2021-07-06T01:40:00+00:00,,,52.909414,-0.645154,,,,,Police and Criminal Evidence Act 1984 (section 1),Evidence of offences under the Act,A no further action disposal,,
Person search,2021-07-06T14:00:00+00:00,,,52.911448,-0.637462,Male,10-17,White - English/Welsh/Scottish/Northern Irish/British,White,Police and Criminal Evidence Act 1984 (section 1),Article for use in theft,A no further action disposal,,
Person search,2021-07-06T21:30:00+00:00,,,53.228606,-0.537289,Male,25-34,White - English/Welsh/Scottish/Northern Irish/British,White,Misuse of Drugs Act 1971 (section 23),Controlled drugs,A no further action disposal,,
Person search,2021-07-06T21:30:00+00:00,,,53.228606,-0.537289,Male,25-34,White - English/Welsh/Scottish/Northern Irish/British,White,Misuse of Drugs Act 1971 (section 23),Controlled drugs,A no further action disposal,,
Person search,2021-07-06T21:30:00+00:00,,,53.228606,-0.537289,Female,over 34,White - English/Welsh/Scottish/Northern Irish/British,White,Misuse of Drugs Act 1971 (section 23),Controlled drugs,A no further action disposal,,
Person and Vehicle search,2021-07-06T22:40:00+00:00,,,53.214514,-0.546366,Male,25-34,White - English/Welsh/Scottish/Northern Irish/British,White,Misuse of Drugs Act 1971 (section 23),Controlled drugs,A no further action disposal,,
Person search,2021-07-07T11:25:00+00:00,,,53.229438,-0.530385,Male,over 34,White - English/Welsh/Scottish/Northern Irish/British,White,Police and Criminal Evidence Act 1984 (section 1),Stolen goods,A no further action disposal,,
Person search,2021-07-07T14:05:00+00:00,,,53.225115,-0.540644,Male,25-34,Other ethnic group - Not stated,White,Misuse of Drugs Act 1971 (section 23),Controlled drugs,A no further action disposal,,
Person search,2021-07-07T15:10:00+00:00,,,53.413101,-0.783597,Male,25-34,White - English/Welsh/Scottish/Northern Irish/British,White,Police and Criminal Evidence Act 1984 (section 1),Article for use in theft,A no further action disposal,,
Person search,2021-07-07T20:40:00+00:00,,,52.978058,-0.024838,Male,over 34,White - English/Welsh/Scottish/Northern Irish/British,White,Police and Criminal Evidence Act 1984 (section 1),Article for use in theft,Arrest,,
Person search,2021-07-07T20:50:00+00:00,,,53.398022,-0.775304,Male,18-24,White - English/Welsh/Scottish/Northern Irish/British,White,Police and Criminal Evidence Act 1984 (section 1),Offensive weapons,A no further action disposal,,
Person search,2021-07-07T22:39:00+00:00,,,53.414086,-0.784953,Male,25-34,White - English/Welsh/Scottish/Northern Irish/British,White,Police and Criminal Evidence Act 1984 (section 1),Offensive weapons,Arrest,,
Person and Vehicle search,2021-07-07T23:06:00+00:00,,,52.935034,-0.150855,Female,over 34,White - English/Welsh/Scottish/Northern Irish/British,White,Misuse of Drugs Act 1971 (section 23),Controlled drugs,Arrest,,
Person search,2021-07-07T23:16:00+00:00,,,52.970359,-0.182453,Female,over 34,White - English/Welsh/Scottish/Northern Irish/British,White,Misuse of Drugs Act 1971 (section 23),Controlled drugs,A no further action disposal,,
Person search,2021-07-08T09:05:00+00:00,,,52.985360,-0.012006,Male,over 34,Black/African/Caribbean/Black British - Caribbean,Black,Misuse of Drugs Act 1971 (section 23),Controlled drugs,A no further action disposal,,
Person and Vehicle search,2021-07-08T09:05:00+00:00,,,52.985360,-0.012006,Male,over 34,Black/African/Caribbean/Black British - Caribbean,Black,Police and Criminal Evidence Act 1984 (section 1),Controlled drugs,A no further action disposal,,
Person and Vehicle search,2021-07-08T11:00:00+00:00,,,52.908766,-0.641903,Male,over 34,White - English/Welsh/Scottish/Northern Irish/British,White,Misuse of Drugs Act 1971 (section 23),Controlled drugs,A no further action disposal,,
Person and Vehicle search,2021-07-08T12:50:00+00:00,,,52.914297,-0.665927,Male,10-17,White - English/Welsh/Scottish/Northern Irish/British,White,Police and Criminal Evidence Act 1984 (section 1),Stolen goods,A no further action disposal,,
Person search,2021-07-08T13:10:00+00:00,,,53.238557,-0.543064,Female,,White - English/Welsh/Scottish/Northern Irish/British,White,Misuse of Drugs Act 1971 (section 23),Controlled drugs,A no further action disposal,,
Person search,2021-07-08T13:10:00+00:00,,,53.238557,-0.543064,Male,,White - English/Welsh/Scottish/Northern Irish/British,White,Misuse of Drugs Act 1971 (section 23),Controlled drugs,A no further action disposal,,
Person search,2021-07-08T17:00:00+00:00,,,52.918806,-0.639358,Male,10-17,Mixed/Multiple ethnic groups - Any other Mixed/Multiple ethnic background,Black,Misuse of Drugs Act 1971 (section 23),Controlled drugs,A no further action disposal,,
Person search,2021-07-08T17:10:00+00:00,,,52.918806,-0.639358,Male,10-17,White - English/Welsh/Scottish/Northern Irish/British,White,Misuse of Drugs Act 1971 (section 23),Controlled drugs,A no further action disposal,,
Person search,2021-07-08T22:59:00+00:00,,,53.196053,-0.577962,Male,10-17,White - English/Welsh/Scottish/Northern Irish/British,White,Misuse of Drugs Act 1971 (section 23),Controlled drugs,A no further action disposal,,
Person and Vehicle search,2021-07-09T00:41:00+00:00,,,53.254245,-0.474221,Male,18-24,White - English/Welsh/Scottish/Northern Irish/British,White,Misuse of Drugs Act 1971 (section 23),Controlled drugs,A no further action disposal,,
Person search,2021-07-09T03:00:00+00:00,,,53.229435,-0.542535,Male,25-34,White - English/Welsh/Scottish/Northern Irish/British,White,Police and Criminal Evidence Act 1984 (section 1),Offensive weapons,A no further action disposal,,
Person search,2021-07-09T09:15:00+00:00,,,52.788089,-0.146741,Male,18-24,Black/African/Caribbean/Black British - Caribbean,Black,Misuse of Drugs Act 1971 (section 23),Controlled drugs,A no further action disposal,,
Person search,2021-07-09T09:15:00+00:00,,,52.788089,-0.146741,Male,10-17,Black/African/Caribbean/Black British - Caribbean,Black,Misuse of Drugs Act 1971 (section 23),Controlled drugs,A no further action disposal,,
Person search,2021-07-09T13:25:00+00:00,,,52.980159,-0.025204,Female,over 34,White - English/Welsh/Scottish/Northern Irish/British,White,Misuse of Drugs Act 1971 (section 23),Controlled drugs,A no further action disposal,,
Person search,2021-07-09T14:50:00+00:00,,,52.755612,-0.173831,Male,10-17,White - English/Welsh/Scottish/Northern Irish/British,White,Police and Criminal Evidence Act 1984 (section 1),Offensive weapons,A no further action disposal,,
Person search,2021-07-09T18:22:00+00:00,,,52.766455,-0.173822,Male,10-17,White - English/Welsh/Scottish/Northern Irish/British,White,Police and Criminal Evidence Act 1984 (section 1),Offensive weapons,A no further action disposal,,
Person search,2021-07-09T21:30:00+00:00,,,52.986967,-0.044917,Male,25-34,White - English/Welsh/Scottish/Northern Irish/British,White,Police and Criminal Evidence Act 1984 (section 1),Offensive weapons,A no further action disposal,,
Person search,2021-07-09T22:00:00+00:00,,,53.141837,0.343575,Male,25-34,White - English/Welsh/Scottish/Northern Irish/British,White,Misuse of Drugs Act 1971 (section 23),Controlled drugs,A no further action disposal,,
Person and Vehicle search,2021-07-09T23:03:00+00:00,,,53.188794,0.108489,Female,18-24,White - English/Welsh/Scottish/Northern Irish/British,White,Misuse of Drugs Act 1971 (section 23),Controlled drugs,A no further action disposal,,
Person and Vehicle search,2021-07-09T23:11:00+00:00,,,52.824381,0.002946,Male,18-24,White - English/Welsh/Scottish/Northern Irish/British,White,Police and Criminal Evidence Act 1984 (section 1),Offensive weapons,A no further action disposal,,
Person and Vehicle search,2021-07-09T23:52:00+00:00,,,53.188794,0.108489,Male,over 34,Other ethnic group - Not stated,White,Misuse of Drugs Act 1971 (section 23),Controlled drugs,A no further action disposal,,
Person search,2021-07-10T00:35:00+00:00,,,53.371274,0.007845,Female,over 34,White - English/Welsh/Scottish/Northern Irish/British,White,Police and Criminal Evidence Act 1984 (section 1),Offensive weapons,A no further action disposal,,
Person search,2021-07-10T00:54:00+00:00,,,52.788482,-0.158084,Male,25-34,White - English/Welsh/Scottish/Northern Irish/British,White,Misuse of Drugs Act 1971 (section 23),Controlled drugs,A no further action disposal,,
Person search,2021-07-10T13:49:00+00:00,,,53.142263,0.340638,Male,over 34,White - English/Welsh/Scottish/Northern Irish/British,White,Police and Criminal Evidence Act 1984 (section 1),Firearms,A no further action disposal,,
Person search,2021-07-10T20:30:00+00:00,,,53.213609,-0.546621,Male,over 34,White - English/Welsh/Scottish/Northern Irish/British,White,Police and Criminal Evidence Act 1984 (section 1),Evidence of offences under the Act,A no further action disposal,,
Person and Vehicle search,2021-07-10T23:45:00+00:00,,,53.386303,-0.767716,Male,25-34,White - Gypsy or Irish Traveller,White,Misuse of Drugs Act 1971 (section 23),Controlled drugs,A no further action disposal,,
Person search,2021-07-11T00:20:00+00:00,,,53.261119,0.179668,Male,over 34,White - English/Welsh/Scottish/Northern Irish/British,White,Misuse of Drugs Act 1971 (section 23),Controlled drugs,A no further action disposal,,
Person and Vehicle search,2021-07-11T02:05:00+00:00,,,53.253828,-0.538528,Female,over 34,White - English/Welsh/Scottish/Northern Irish/British,White,Misuse of Drugs Act 1971 (section 23),Controlled drugs,A no further action disposal,,
Person search,2021-07-11T02:05:00+00:00,,,53.220015,-0.544876,Male,10-17,White - English/Welsh/Scottish/Northern Irish/British,White,Police and Criminal Evidence Act 1984 (section 1),Offensive weapons,A no further action disposal,,
Person search,2021-07-11T12:10:00+00:00,,,52.975022,-0.028819,Male,25-34,White - English/Welsh/Scottish/Northern Irish/British,White,Misuse of Drugs Act 1971 (section 23),Controlled drugs,A no further action disposal,,
Person search,2021-07-11T18:00:00+00:00,,,52.997661,-0.410058,Male,10-17,White - English/Welsh/Scottish/Northern Irish/British,White,Misuse of Drugs Act 1971 (section 23),Controlled drugs,A no further action disposal,,
Person search,2021-07-11T19:10:00+00:00,,,52.788429,-0.150063,Male,over 34,Other ethnic group - Not stated,White,Misuse of Drugs Act 1971 (section 23),Controlled drugs,A no further action disposal,,
Person and Vehicle search,2021-07-11T20:18:00+00:00,,,52.975592,-0.008015,Male,over 34,Other ethnic group - Not stated,Black,Misuse of Drugs Act 1971 (section 23),Controlled drugs,Arrest,,
Person search,2021-07-11T22:00:00+00:00,,,53.234343,-0.538143,Male,18-24,White - English/Welsh/Scottish/Northern Irish/British,White,Misuse of Drugs Act 1971 (section 23),Controlled drugs,A no further action disposal,,
Person search,2021-07-11T23:15:00+00:00,,,53.234343,-0.538143,Male,25-34,White - English/Welsh/Scottish/Northern Irish/British,White,Police and Criminal Evidence Act 1984 (section 1),Fireworks,A no further action disposal,,
Person search,2021-07-12T13:38:00+00:00,,,53.407841,-0.787012,Male,18-24,White - English/Welsh/Scottish/Northern Irish/British,White,Police and Criminal Evidence Act 1984 (section 1),Offensive weapons,A no further action disposal,,
Person and Vehicle search,2021-07-13T02:20:00+00:00,,,53.250934,-0.168244,Male,18-24,Mixed/Multiple ethnic groups - Any other Mixed/Multiple ethnic background,White,Misuse of Drugs Act 1971 (section 23),Controlled drugs,Arrest,,
Person search,2021-07-13T02:52:00+00:00,,,53.230338,-0.548766,Male,over 34,Black/African/Caribbean/Black British - Caribbean,Black,Misuse of Drugs Act 1971 (section 23),Controlled drugs,A no further action disposal,,
Person search,2021-07-13T03:06:00+00:00,,,53.227435,-0.542977,Male,25-34,White - English/Welsh/Scottish/Northern Irish/British,White,Misuse of Drugs Act 1971 (section 23),Controlled drugs,A no further action disposal,,
Person search,2021-07-13T03:06:00+00:00,,,53.227435,-0.542977,Female,25-34,White - English/Welsh/Scottish/Northern Irish/British,White,Misuse of Drugs Act 1971 (section 23),Controlled drugs,A no further action disposal,,
Person search,2021-07-13T09:00:00+00:00,,,53.227982,-0.540606,Male,25-34,White - English/Welsh/Scottish/Northern Irish/British,White,Misuse of Drugs Act 1971 (section 23),Controlled drugs,A no further action disposal,,
Person search,2021-07-13T13:10:00+00:00,,,53.230605,-0.540487,Male,over 34,White - English/Welsh/Scottish/Northern Irish/British,White,Police and Criminal Evidence Act 1984 (section 1),Stolen goods,A no further action disposal,,
Person search,2021-07-13T14:08:00+00:00,,,52.976550,-0.031505,Male,10-17,White - English/Welsh/Scottish/Northern Irish/British,White,Misuse of Drugs Act 1971 (section 23),Controlled drugs,A no further action disposal,,
Person search,2021-07-13T14:44:00+00:00,,,52.975959,-0.030564,Male,10-17,Other ethnic group - Not stated,,Misuse of Drugs Act 1971 (section 23),Controlled drugs,A no further action disposal,,
Person and Vehicle search,2021-07-13T23:23:00+00:00,,,53.083561,-0.816735,Male,18-24,Other ethnic group - Not stated,Asian,Misuse of Drugs Act 1971 (section 23),Controlled drugs,Arrest,,
Person and Vehicle search,2021-07-13T23:23:00+00:00,,,53.083561,-0.816735,Male,25-34,Asian/Asian British - Pakistani,Asian,Misuse of Drugs Act 1971 (section 23),Controlled drugs,Arrest,,
Person and Vehicle search,2021-07-13T23:23:00+00:00,,,53.083561,-0.816735,Male,25-34,Asian/Asian British - Pakistani,Asian,Misuse of Drugs Act 1971 (section 23),Controlled drugs,Arrest,,
Person and Vehicle search,2021-07-13T23:35:00+00:00,,,53.081523,-0.817851,Male,25-34,Asian/Asian British - Pakistani,Asian,Misuse of Drugs Act 1971 (section 23),Controlled drugs,A no further action disposal,,
Person search,2021-07-13T23:40:00+00:00,,,53.137960,-0.701449,Male,25-34,Asian/Asian British - Pakistani,Asian,Misuse of Drugs Act 1971 (section 23),Evidence of offences under the Act,Arrest,,
Person search,2021-07-13T23:40:00+00:00,,,,,Male,18-24,Other ethnic group - Not stated,Asian,Misuse of Drugs Act 1971 (section 23),Controlled drugs,A no further action disposal,,
Person search,2021-07-14T00:08:00+00:00,,,52.975355,-0.030457,Male,25-34,Other ethnic group - Not stated,White,Misuse of Drugs Act 1971 (section 23),Controlled drugs,A no further action disposal,,
Person search,2021-07-14T00:08:00+00:00,,,52.975355,-0.030457,Male,over 34,Other ethnic group - Not stated,White,Misuse of Drugs Act 1971 (section 23),Controlled drugs,A no further action disposal,,
Person search,2021-07-14T00:08:00+00:00,,,52.975355,-0.030457,Male,over 34,White - Any other White background,White,Misuse of Drugs Act 1971 (section 23),Controlled drugs,A no further action disposal,,
Person search,2021-07-14T01:50:00+00:00,,,53.212034,-0.547917,Male,18-24,White - English/Welsh/Scottish/Northern Irish/British,White,Police and Criminal Evidence Act 1984 (section 1),Article for use in theft,A no further action disposal,,
Person search,2021-07-14T01:50:00+00:00,,,53.212034,-0.547917,Male,18-24,White - English/Welsh/Scottish/Northern Irish/British,White,Police and Criminal Evidence Act 1984 (section 1),Article for use in theft,A no further action disposal,,
Person search,2021-07-14T06:00:00+00:00,,,53.235399,-0.518074,Male,18-24,White - English/Welsh/Scottish/Northern Irish/British,White,Misuse of Drugs Act 1971 (section 23),Controlled drugs,A no further action disposal,,
Person and Vehicle search,2021-07-14T14:35:00+00:00,,,52.969731,-0.010742,Male,25-34,White - English/Welsh/Scottish/Northern Irish/British,White,Misuse of Drugs Act 1971 (section 23),Controlled drugs,A no further action disposal,,
Person search,2021-07-14T16:20:00+00:00,,,52.977527,-0.031327,Male,18-24,Other ethnic group - Not stated,White,Misuse of Drugs Act 1971 (section 23),Controlled drugs,A no further action disposal,,
Person search,2021-07-14T16:20:00+00:00,,,52.977527,-0.031327,Female,18-24,Other ethnic group - Not stated,White,Misuse of Drugs Act 1971 (section 23),Controlled drugs,A no further action disposal,,
Person search,2021-07-15T01:00:00+00:00,,,53.230013,-0.525990,Male,over 34,Mixed/Multiple ethnic groups - Any other Mixed/Multiple ethnic background,White,Misuse of Drugs Act 1971 (section 23),Controlled drugs,A no further action disposal,,
Person search,2021-07-15T17:30:00+00:00,,,52.979764,-0.022526,Male,10-17,White - English/Welsh/Scottish/Northern Irish/British,White,Police and Criminal Evidence Act 1984 (section 1),Offensive weapons,A no further action disposal,,
Person and Vehicle search,2021-07-16T15:30:00+00:00,,,53.155315,-0.655671,Male,25-34,White - Any other White background,White,Misuse of Drugs Act 1971 (section 23),Controlled drugs,A no further action disposal,,
Person search,2021-07-16T15:30:00+00:00,,,53.155315,-0.655671,Male,over 34,White - English/Welsh/Scottish/Northern Irish/British,White,Misuse of Drugs Act 1971 (section 23),Controlled drugs,A no further action disposal,,
Person and Vehicle search,2021-07-16T15:40:00+00:00,,,53.244315,-0.570174,Male,over 34,White - English/Welsh/Scottish/Northern Irish/British,White,Misuse of Drugs Act 1971 (section 23),Controlled drugs,A no further action disposal,,
Person and Vehicle search,2021-07-16T17:30:00+00:00,,,53.173698,0.095299,Female,over 34,White - English/Welsh/Scottish/Northern Irish/British,White,Misuse of Drugs Act 1971 (section 23),Controlled drugs,A no further action disposal,,
Person search,2021-07-16T21:00:00+00:00,,,53.219174,-0.545175,Male,,White - English/Welsh/Scottish/Northern Irish/British,White,Police and Criminal Evidence Act 1984 (section 1),Article for use in theft,A no further action disposal,,
Person and Vehicle search,2021-07-16T21:40:00+00:00,,,52.835961,-0.376688,Male,18-24,White - English/Welsh/Scottish/Northern Irish/British,White,Misuse of Drugs Act 1971 (section 23),Controlled drugs,Arrest,,
Person search,2021-07-17T05:00:00+00:00,,,53.143485,0.335620,Male,18-24,White - English/Welsh/Scottish/Northern Irish/British,White,Police and Criminal Evidence Act 1984 (section 1),Offensive weapons,A no further action disposal,,
Person search,2021-07-17T20:21:00+00:00,,,53.339000,0.254886,Male,25-34,White - English/Welsh/Scottish/Northern Irish/British,White,Misuse of Drugs Act 1971 (section 23),Controlled drugs,A no further action disposal,,
Person search,2021-07-17T20:21:00+00:00,,,53.339000,0.254886,Male,over 34,White - English/Welsh/Scottish/Northern Irish/British,White,Misuse of Drugs Act 1971 (section 23),Controlled drugs,A no further action disposal,,
Person and Vehicle search,2021-07-17T20:21:00+00:00,,,53.339000,0.254886,Male,25-34,White - English/Welsh/Scottish/Northern Irish/British,White,Misuse of Drugs Act 1971 (section 23),Controlled drugs,A no further action disposal,,
Person search,2021-07-17T20:30:00+00:00,,,53.250359,-0.448924,Male,25-34,White - English/Welsh/Scottish/Northern Irish/British,White,Misuse of Drugs Act 1971 (section 23),Controlled drugs,A no further action disposal,,
Person and Vehicle search,2021-07-18T01:16:00+00:00,,,53.226980,-0.539517,Male,18-24,White - English/Welsh/Scottish/Northern Irish/British,White,Misuse of Drugs Act 1971 (section 23),Controlled drugs,Khat or Cannabis warning,,
Person search,2021-07-18T02:15:00+00:00,,,53.226735,-0.540080,Male,18-24,White - English/Welsh/Scottish/Northern Irish/British,White,Misuse of Drugs Act 1971 (section 23),Controlled drugs,A no further action disposal,,
Person search,2021-07-18T11:55:00+00:00,,,53.252727,-0.537411,Male,over 34,White - English/Welsh/Scottish/Northern Irish/British,White,Police and Criminal Evidence Act 1984 (section 1),Stolen goods,A no further action disposal,,
Person search,2021-07-18T13:40:00+00:00,,,53.392610,-0.772632,Male,18-24,White - English/Welsh/Scottish/Northern Irish/British,White,Police and Criminal Evidence Act 1984 (section 1),Article for use in theft,Arrest,,
Person search,2021-07-18T13:40:00+00:00,,,53.392610,-0.772632,Male,18-24,White - English/Welsh/Scottish/Northern Irish/British,White,Police and Criminal Evidence Act 1984 (section 1),Article for use in theft,A no further action disposal,,
Person search,2021-07-18T13:40:00+00:00,,,53.392610,-0.772632,Male,10-17,White - English/Welsh/Scottish/Northern Irish/British,White,Police and Criminal Evidence Act 1984 (section 1),Article for use in theft,A no further action disposal,,
Person search,2021-07-18T15:23:00+00:00,,,53.107557,0.004293,Male,18-24,White - English/Welsh/Scottish/Northern Irish/British,White,Misuse of Drugs Act 1971 (section 23),Controlled drugs,A no further action disposal,,
Person search,2021-07-18T15:23:00+00:00,,,53.107557,0.004293,Female,over 34,White - English/Welsh/Scottish/Northern Irish/British,White,Misuse of Drugs Act 1971 (section 23),Controlled drugs,A no further action disposal,,
Person and Vehicle search,2021-07-18T15:23:00+00:00,,,53.107557,0.004293,Male,25-34,White - English/Welsh/Scottish/Northern Irish/British,White,Misuse of Drugs Act 1971 (section 23),Controlled drugs,A no further action disposal,,
Person search,2021-07-19T01:15:00+00:00,,,52.920353,-0.076182,Male,25-34,White - English/Welsh/Scottish/Northern Irish/British,White,Police and Criminal Evidence Act 1984 (section 1),Stolen goods,A no further action disposal,,
Person and Vehicle search,2021-07-19T12:45:00+00:00,,,52.913562,-0.643106,Male,over 34,White - English/Welsh/Scottish/Northern Irish/British,White,Misuse of Drugs Act 1971 (section 23),Controlled drugs,A no further action disposal,,
Person search,2021-07-19T15:05:00+00:00,,,53.223043,-0.554375,Male,25-34,White - English/Welsh/Scottish/Northern Irish/British,White,Police and Criminal Evidence Act 1984 (section 1),Stolen goods,A no further action disposal,,
Person search,2021-07-19T15:05:00+00:00,,,53.226341,-0.552721,Female,25-34,White - English/Welsh/Scottish/Northern Irish/British,White,Police and Criminal Evidence Act 1984 (section 1),Stolen goods,A no further action disposal,,
Person search,2021-07-20T22:00:00+00:00,,,53.336199,0.268902,Female,over 34,White - English/Welsh/Scottish/Northern Irish/British,White,Police and Criminal Evidence Act 1984 (section 1),Article for use in theft,A no further action disposal,,
Person search,2021-07-20T22:34:00+00:00,,,53.104590,-0.190408,Male,25-34,White - English/Welsh/Scottish/Northern Irish/British,White,Misuse of Drugs Act 1971 (section 23),Controlled drugs,A no further action disposal,,
Person and Vehicle search,2021-07-20T23:20:00+00:00,,,52.781985,-0.619075,Male,over 34,Black/African/Caribbean/Black British - Any other Black/African/Caribbean background,Black,Misuse of Drugs Act 1971 (section 23),Controlled drugs,A no further action disposal,,
Person search,2021-07-20T23:31:00+00:00,,,52.840632,0.170917,Male,25-34,White - English/Welsh/Scottish/Northern Irish/British,White,Misuse of Drugs Act 1971 (section 23),Controlled drugs,Arrest,,
Person and Vehicle search,2021-07-21T00:09:00+00:00,,,52.840256,0.165419,Male,25-34,White - English/Welsh/Scottish/Northern Irish/British,White,Misuse of Drugs Act 1971 (section 23),Controlled drugs,A no further action disposal,,
Person search,2021-07-21T16:05:00+00:00,,,52.813766,-0.161155,Male,over 34,White - English/Welsh/Scottish/Northern Irish/British,White,Misuse of Drugs Act 1971 (section 23),Controlled drugs,A no further action disposal,,
Vehicle search,2021-07-21T20:00:00+00:00,,,52.651235,-0.482673,,,,,Police and Criminal Evidence Act 1984 (section 1),Offensive weapons,A no further action disposal,,
Person and Vehicle search,2021-07-21T22:00:00+00:00,,,53.263383,-0.539162,Female,18-24,Other ethnic group - Not stated,,Misuse of Drugs Act 1971 (section 23),Controlled drugs,A no further action disposal,,
Person search,2021-07-21T22:00:00+00:00,,,53.263383,-0.539162,Male,10-17,Black/African/Caribbean/Black British - Any other Black/African/Caribbean background,Black,Misuse of Drugs Act 1971 (section 23),Controlled drugs,A no further action disposal,,
Person search,2021-07-22T02:00:00+00:00,,,53.395312,-0.759155,Male,25-34,White - English/Welsh/Scottish/Northern Irish/British,White,Police and Criminal Evidence Act 1984 (section 1),Article for use in theft,A no further action disposal,,
Person search,2021-07-23T04:43:00+00:00,,,53.360205,-0.705462,Male,25-34,White - English/Welsh/Scottish/Northern Irish/British,White,Police and Criminal Evidence Act 1984 (section 1),Evidence of offences under the Act,A no further action disposal,,
Person and Vehicle search,2021-07-23T17:25:00+00:00,,,53.104590,-0.190408,Male,25-34,White - English/Welsh/Scottish/Northern Irish/British,White,Police and Criminal Evidence Act 1984 (section 1),Offensive weapons,Khat or Cannabis warning,,
Person search,2021-07-23T21:56:00+00:00,,,53.217910,-0.537414,Male,over 34,White - English/Welsh/Scottish/Northern Irish/British,White,Police and Criminal Evidence Act 1984 (section 1),Offensive weapons,A no further action disposal,,
Person search,2021-07-23T22:30:00+00:00,,,53.230605,-0.540487,Male,10-17,White - English/Welsh/Scottish/Northern Irish/British,White,Police and Criminal Evidence Act 1984 (section 1),Offensive weapons,A no further action disposal,,
Person search,2021-07-23T23:00:00+00:00,,,53.214514,-0.546366,Male,10-17,White - English/Welsh/Scottish/Northern Irish/British,White,Misuse of Drugs Act 1971 (section 23),Controlled drugs,A no further action disposal,,
Person search,2021-07-24T00:00:00+00:00,,,53.340965,0.258910,Male,18-24,White - English/Welsh/Scottish/Northern Irish/British,White,Police and Criminal Evidence Act 1984 (section 1),Article for use in theft,A no further action disposal,,
Person search,2021-07-24T00:14:00+00:00,,,52.791315,-0.145432,Male,18-24,White - Any other White background,White,Misuse of Drugs Act 1971 (section 23),Controlled drugs,A no further action disposal,,
Person search,2021-07-24T00:15:00+00:00,,,53.214514,-0.546366,Male,25-34,White - English/Welsh/Scottish/Northern Irish/British,White,Misuse of Drugs Act 1971 (section 23),Controlled drugs,A no further action disposal,,
Person search,2021-07-24T00:30:00+00:00,,,53.340965,0.258910,Male,18-24,White - English/Welsh/Scottish/Northern Irish/British,White,Police and Criminal Evidence Act 1984 (section 1),Article for use in theft,A no further action disposal,,
Person search,2021-07-24T00:30:00+00:00,,,53.340965,0.258910,Male,18-24,Other ethnic group - Not stated,White,Police and Criminal Evidence Act 1984 (section 1),Article for use in theft,A no further action disposal,,
Person and Vehicle search,2021-07-24T01:00:00+00:00,,,52.800255,-0.152602,Male,18-24,White - English/Welsh/Scottish/Northern Irish/British,White,Misuse of Drugs Act 1971 (section 23),Controlled drugs,A no further action disposal,,
Person search,2021-07-24T01:00:00+00:00,,,52.789056,-0.148732,Male,18-24,White - Any other White background,White,Police and Criminal Evidence Act 1984 (section 1),Offensive weapons,Arrest,,
Person and Vehicle search,2021-07-24T22:40:00+00:00,,,53.230299,-0.544887,Male,10-17,White - English/Welsh/Scottish/Northern Irish/British,White,Misuse of Drugs Act 1971 (section 23),Controlled drugs,A no further action disposal,,
Person search,2021-07-25T00:10:00+00:00,,,53.228465,-0.547796,Male,18-24,White - English/Welsh/Scottish/Northern Irish/British,White,Misuse of Drugs Act 1971 (section 23),Controlled drugs,A no further action disposal,,
Person search,2021-07-25T00:20:00+00:00,,,52.975440,0.000557,Male,25-34,White - English/Welsh/Scottish/Northern Irish/British,White,Police and Criminal Evidence Act 1984 (section 1),Offensive weapons,Arrest,,
Vehicle search,2021-07-25T09:48:00+00:00,,,52.804230,0.014230,,,,,Police and Criminal Evidence Act 1984 (section 1),Article for use in theft,A no further action disposal,,
Vehicle search,2021-07-25T13:15:00+00:00,,,53.024466,-0.421910,,,,,Police and Criminal Evidence Act 1984 (section 1),Offensive weapons,A no further action disposal,,
Person search,2021-07-25T18:55:00+00:00,,,52.798968,-0.128404,Male,25-34,White - Any other White background,White,Misuse of Drugs Act 1971 (section 23),Controlled drugs,A no further action disposal,,
Person search,2021-07-26T14:40:00+00:00,,,52.912342,-0.643278,Male,10-17,White - English/Welsh/Scottish/Northern Irish/British,White,Police and Criminal Evidence Act 1984 (section 1),Offensive weapons,A no further action disposal,,
Person search,2021-07-26T15:10:00+00:00,,,53.143485,0.335620,Male,over 34,White - English/Welsh/Scottish/Northern Irish/British,White,Police and Criminal Evidence Act 1984 (section 1),Stolen goods,Arrest,,
Vehicle search,2021-07-27T00:05:00+00:00,,,52.720068,-0.211326,,,,,Police and Criminal Evidence Act 1984 (section 1),Offensive weapons,A no further action disposal,,
Person search,2021-07-27T05:15:00+00:00,,,52.985387,-0.046165,Male,25-34,White - Any other White background,White,Police and Criminal Evidence Act 1984 (section 1),Stolen goods,A no further action disposal,,
Person search,2021-07-27T10:47:00+00:00,,,52.902632,-0.659044,Male,18-24,White - English/Welsh/Scottish/Northern Irish/British,White,Police and Criminal Evidence Act 1984 (section 1),Offensive weapons,Arrest,,
Person search,2021-07-27T11:51:00+00:00,,,53.393378,-0.547843,Male,18-24,Other ethnic group - Not stated,White,Firearms Act 1968 (section 47),Evidence of offences under the Act,A no further action disposal,,
Person and Vehicle search,2021-07-27T20:35:00+00:00,,,52.913898,-0.642590,Male,over 34,White - English/Welsh/Scottish/Northern Irish/British,White,Police and Criminal Evidence Act 1984 (section 1),Offensive weapons,A no further action disposal,,
Person search,2021-07-28T01:30:00+00:00,,,52.978496,-0.026874,Male,25-34,White - Any other White background,White,Misuse of Drugs Act 1971 (section 23),Controlled drugs,A no further action disposal,,
Person search,2021-07-28T01:30:00+00:00,,,52.972176,-0.058571,Male,10-17,White - Any other White background,White,Misuse of Drugs Act 1971 (section 23),Controlled drugs,A no further action disposal,,
Person search,2021-07-28T01:30:00+00:00,,,52.978496,-0.026874,Male,25-34,White - Any other White background,White,Misuse of Drugs Act 1971 (section 23),Controlled drugs,A no further action disposal,,
Person and Vehicle search,2021-07-28T05:39:00+00:00,,,52.912676,-0.605360,Male,25-34,White - English/Welsh/Scottish/Northern Irish/British,White,Misuse of Drugs Act 1971 (section 23),Controlled drugs,A no further action disposal,,
Vehicle search,2021-07-28T07:20:00+00:00,,,53.193582,0.334331,,,,,Firearms Act 1968 (section 47),Firearms,A no further action disposal,,
Person search,2021-07-28T07:52:00+00:00,,,53.228606,-0.537289,Male,25-34,White - English/Welsh/Scottish/Northern Irish/British,White,Police and Criminal Evidence Act 1984 (section 1),Article for use in theft,A no further action disposal,,
Person search,2021-07-28T11:12:00+00:00,,,53.214514,-0.546366,Male,10-17,White - English/Welsh/Scottish/Northern Irish/British,White,Police and Criminal Evidence Act 1984 (section 1),Offensive weapons,A no further action disposal,,
Person and Vehicle search,2021-07-28T12:00:00+00:00,,,53.232608,-0.532299,Male,over 34,White - English/Welsh/Scottish/Northern Irish/British,White,Misuse of Drugs Act 1971 (section 23),Controlled drugs,Arrest,,
Person search,2021-07-28T13:45:00+00:00,,,53.201983,-0.558318,Male,10-17,Other ethnic group - Not stated,White,Police and Criminal Evidence Act 1984 (section 1),Article for use in theft,A no further action disposal,,
Person search,2021-07-29T14:45:00+00:00,,,52.910401,-0.645763,Female,18-24,White - English/Welsh/Scottish/Northern Irish/British,White,Misuse of Drugs Act 1971 (section 23),Controlled drugs,A no further action disposal,,
Person and Vehicle search,2021-07-29T14:45:00+00:00,,,52.910401,-0.645763,Male,over 34,White - English/Welsh/Scottish/Northern Irish/British,White,Misuse of Drugs Act 1971 (section 23),Controlled drugs,A no further action disposal,,
Person search,2021-07-29T14:45:00+00:00,,,52.910401,-0.645763,Female,over 34,White - English/Welsh/Scottish/Northern Irish/British,White,Misuse of Drugs Act 1971 (section 23),Controlled drugs,A no further action disposal,,
Person search,2021-07-29T16:15:00+00:00,,,52.983981,-0.044858,Male,10-17,White - English/Welsh/Scottish/Northern Irish/British,White,Police and Criminal Evidence Act 1984 (section 1),Stolen goods,A no further action disposal,,
Person search,2021-07-29T16:15:00+00:00,,,53.152304,0.320514,Male,25-34,White - English/Welsh/Scottish/Northern Irish/British,White,Police and Criminal Evidence Act 1984 (section 1),Controlled drugs,Summons / charged by post,,
Person search,2021-07-29T19:40:00+00:00,,,53.240845,-0.515773,Male,10-17,Other ethnic group - Not stated,,Police and Criminal Evidence Act 1984 (section 1),Offensive weapons,A no further action disposal,,
Person search,2021-07-30T01:03:00+00:00,,,52.788089,-0.146741,Male,18-24,White - English/Welsh/Scottish/Northern Irish/British,White,Misuse of Drugs Act 1971 (section 23),Controlled drugs,A no further action disposal,,
Person search,2021-07-30T19:08:00+00:00,,,53.230639,-0.539602,Male,25-34,White - English/Welsh/Scottish/Northern Irish/British,White,Misuse of Drugs Act 1971 (section 23),Controlled drugs,A no further action disposal,,
Person search,2021-07-30T19:30:00+00:00,,,53.230639,-0.539602,Female,25-34,White - English/Welsh/Scottish/Northern Irish/British,White,Misuse of Drugs Act 1971 (section 23),Controlled drugs,A no further action disposal,,
Person search,2021-07-31T00:20:00+00:00,,,53.229813,-0.540379,Male,25-34,White - English/Welsh/Scottish/Northern Irish/British,White,Police and Criminal Evidence Act 1984 (section 1),Offensive weapons,A no further action disposal,,
Person search,2021-07-31T05:05:00+00:00,,,53.228606,-0.537289,Male,25-34,White - English/Welsh/Scottish/Northern Irish/British,White,Misuse of Drugs Act 1971 (section 23),Controlled drugs,A no further action disposal,,
Person search,2021-07-31T05:05:00+00:00,,,53.228606,-0.537289,Male,25-34,White - English/Welsh/Scottish/Northern Irish/British,White,Misuse of Drugs Act 1971 (section 23),Controlled drugs,A no further action disposal,,
Person search,2021-07-31T07:00:00+00:00,,,53.180608,0.348922,Male,18-24,Other ethnic group - Not stated,White,Misuse of Drugs Act 1971 (section 23),Controlled drugs,A no further action disposal,,
Person search,2021-07-31T15:45:00+00:00,,,53.180608,0.348922,Male,over 34,Mixed/Multiple ethnic groups - White and Black Caribbean,White,Police and Criminal Evidence Act 1984 (section 1),Offensive weapons,Arrest,,
Person search,2021-07-31T16:57:00+00:00,,,52.688143,-0.468906,Male,18-24,Asian/Asian British - Any other Asian background,Asian,Misuse of Drugs Act 1971 (section 23),Controlled drugs,A no further action disposal,,
Person search,2021-07-31T17:00:00+00:00,,,,,Male,18-24,White - Any other White background,White,Misuse of Drugs Act 1971 (section 23),Controlled drugs,A no further action disposal,,
Person search,2021-07-31T22:00:00+00:00,,,53.398024,-0.776387,Male,18-24,Other ethnic group - Not stated,White,Misuse of Drugs Act 1971 (section 23),Controlled drugs,A no further action disposal,,
Person search,2021-07-31T22:45:00+00:00,,,53.229519,-0.539101,Female,over 34,White - English/Welsh/Scottish/Northern Irish/British,White,Police and Criminal Evidence Act 1984 (section 1),Offensive weapons,A no further action disposal,,
