Type,Date,Part of a policing operation,Policing operation,Latitude,Longitude,Gender,Age range,Self-defined ethnicity,Officer-defined ethnicity,Legislation,Object of search,Outcome,Outcome linked to object of search,Removal of more than just outer clothing
Person search,2023-02-01T15:51:00+00:00,,,50.723318,-1.848051,Male,over 34,Black/African/Caribbean/Black British - Caribbean,Black,Police and Criminal Evidence Act 1984 (section 1),Stolen goods,Arrest,True,False
Person search,2023-02-02T04:43:00+00:00,,,50.727617,-1.974700,Male,10-17,White - English/Welsh/Scottish/Northern Irish/British,White,Police and Criminal Evidence Act 1984 (section 1),Offensive weapons,,,False
Person search,2023-02-02T09:20:00+00:00,,,50.722109,-1.871842,Male,over 34,Other ethnic group - Not stated,White,Police and Criminal Evidence Act 1984 (section 1),,,,False
Person search,2023-02-03T11:02:00+00:00,,,50.719362,-1.880632,Male,over 34,Black/African/Caribbean/Black British - Caribbean,Black,Misuse of Drugs Act 1971 (section 23),Controlled drugs,Community resolution,True,False
Person search,2023-02-03T22:30:00+00:00,,,50.725289,-1.861080,Male,over 34,White - English/Welsh/Scottish/Northern Irish/British,White,Misuse of Drugs Act 1971 (section 23),Controlled drugs,,,False
Person search,2023-02-03T22:33:00+00:00,,,50.725289,-1.861080,Male,18-24,White - English/Welsh/Scottish/Northern Irish/British,White,Misuse of Drugs Act 1971 (section 23),Controlled drugs,A no further action disposal,,False
Person search,2023-02-04T00:04:00+00:00,,,50.723715,-1.846167,Male,over 34,White - Any other White background,White,Police and Criminal Evidence Act 1984 (section 1),Stolen goods,,,False
Person search,2023-02-04T05:33:00+00:00,,,50.869240,-1.867247,Male,18-24,Other ethnic group - Not stated,Other,Police and Criminal Evidence Act 1984 (section 1),Stolen goods,,,False
Person search,2023-02-04T05:40:00+00:00,,,50.869240,-1.867247,Male,25-34,White - English/Welsh/Scottish/Northern Irish/British,White,Police and Criminal Evidence Act 1984 (section 1),Stolen goods,,,False
Person search,2023-02-04T15:03:00+00:00,,,50.719980,-1.882174,Male,over 34,White - English/Welsh/Scottish/Northern Irish/British,White,Police and Criminal Evidence Act 1984 (section 1),Stolen goods,A no further action disposal,,False
Person search,2023-02-04T18:00:00+00:00,,,50.764308,-1.917511,Male,10-17,White - English/Welsh/Scottish/Northern Irish/British,White,Police and Criminal Evidence Act 1984 (section 1),Offensive weapons,,,False
Person search,2023-02-04T18:01:00+00:00,,,50.762564,-1.918776,Male,10-17,White - English/Welsh/Scottish/Northern Irish/British,White,Police and Criminal Evidence Act 1984 (section 1),Offensive weapons,,,False
Person search,2023-02-04T18:05:00+00:00,,,50.763093,-1.916818,Male,10-17,White - English/Welsh/Scottish/Northern Irish/British,White,Police and Criminal Evidence Act 1984 (section 1),Offensive weapons,,,False
Person search,2023-02-04T18:30:00+00:00,,,50.764308,-1.917511,Male,10-17,Other ethnic group - Not stated,White,Police and Criminal Evidence Act 1984 (section 1),Offensive weapons,A no further action disposal,,False
Person search,2023-02-04T19:00:00+00:00,,,50.615153,-2.458461,Male,10-17,White - English/Welsh/Scottish/Northern Irish/British,White,Police and Criminal Evidence Act 1984 (section 1),Offensive weapons,A no further action disposal,,False
Person search,2023-02-04T19:30:00+00:00,,,50.763093,-1.916818,Male,10-17,White - English/Welsh/Scottish/Northern Irish/British,White,Police and Criminal Evidence Act 1984 (section 1),,,,False
Person search,2023-02-04T19:45:00+00:00,,,50.743167,-1.946136,Male,25-34,White - English/Welsh/Scottish/Northern Irish/British,White,Misuse of Drugs Act 1971 (section 23),Firearms,,,False
Person search,2023-02-05T01:12:00+00:00,,,50.754743,-1.856443,Male,over 34,Other ethnic group - Not stated,White,Police and Criminal Evidence Act 1984 (section 1),Stolen goods,Arrest,True,False
Person search,2023-02-05T14:00:00+00:00,,,50.715821,-1.985670,Male,10-17,White - English/Welsh/Scottish/Northern Irish/British,White,Misuse of Drugs Act 1971 (section 23),Controlled drugs,,,False
Person search,2023-02-05T14:00:00+00:00,,,50.715821,-1.985670,Male,10-17,White - English/Welsh/Scottish/Northern Irish/British,White,Misuse of Drugs Act 1971 (section 23),Controlled drugs,,,False
Person search,2023-02-05T15:00:00+00:00,,,50.751768,-1.843056,Male,over 34,Asian/Asian British - Any other Asian background,Asian,Misuse of Drugs Act 1971 (section 23),Controlled drugs,Community resolution,True,False
Person search,2023-02-05T18:30:00+00:00,,,50.738077,-1.950717,Male,over 34,White - English/Welsh/Scottish/Northern Irish/British,White,Police and Criminal Evidence Act 1984 (section 1),Offensive weapons,A no further action disposal,,False
Person search,2023-02-06T12:51:00+00:00,,,50.615153,-2.458461,Male,over 34,White - English/Welsh/Scottish/Northern Irish/British,White,Police and Criminal Evidence Act 1984 (section 1),Offensive weapons,,,False
Person search,2023-02-06T17:32:00+00:00,,,50.944843,-2.634712,Female,25-34,White - Any other White background,White,Misuse of Drugs Act 1971 (section 23),Controlled drugs,Community resolution,True,False
Person search,2023-02-06T20:53:00+00:00,,,50.734939,-1.951188,Male,over 34,Other ethnic group - Not stated,White,Firearms Act 1968 (section 47),Firearms,Arrest,True,False
Person search,2023-02-06T21:29:00+00:00,,,50.731567,-1.952240,Male,over 34,Other ethnic group - Not stated,White,Police and Criminal Evidence Act 1984 (section 1),Stolen goods,,,False
Person search,2023-02-07T11:05:00+00:00,,,50.643960,-2.471201,Male,over 34,White - English/Welsh/Scottish/Northern Irish/British,White,Police and Criminal Evidence Act 1984 (section 1),Stolen goods,A no further action disposal,,False
Person search,2023-02-07T11:05:00+00:00,,,50.643960,-2.471201,Male,over 34,White - English/Welsh/Scottish/Northern Irish/British,White,Police and Criminal Evidence Act 1984 (section 1),Stolen goods,,,False
Person search,2023-02-07T14:58:00+00:00,,,50.615153,-2.458461,Male,18-24,Mixed/Multiple ethnic groups - Any other Mixed/Multiple ethnic background,Other,Misuse of Drugs Act 1971 (section 23),Controlled drugs,Summons / charged by post,,False
Person search,2023-02-08T13:30:00+00:00,,,50.742362,-1.849975,Male,25-34,Black/African/Caribbean/Black British - Caribbean,Black,Misuse of Drugs Act 1971 (section 23),Controlled drugs,,,False
Person search,2023-02-09T03:20:00+00:00,,,50.725471,-1.841670,Male,25-34,Other ethnic group - Not stated,Other,Police and Criminal Evidence Act 1984 (section 1),Stolen goods,,,False
Person search,2023-02-09T09:49:00+00:00,,,50.733325,-1.857882,Male,25-34,White - English/Welsh/Scottish/Northern Irish/British,White,Misuse of Drugs Act 1971 (section 23),Controlled drugs,,,False
Person search,2023-02-09T10:00:00+00:00,,,50.720496,-1.876634,Male,over 34,Black/African/Caribbean/Black British - Caribbean,Black,Misuse of Drugs Act 1971 (section 23),Controlled drugs,Arrest,True,False
Person search,2023-02-09T10:35:00+00:00,,,50.728527,-1.861141,Male,25-34,Other ethnic group - Not stated,White,Misuse of Drugs Act 1971 (section 23),Controlled drugs,A no further action disposal,,False
Person search,2023-02-09T15:07:00+00:00,,,50.721744,-1.874846,Female,25-34,White - English/Welsh/Scottish/Northern Irish/British,White,Misuse of Drugs Act 1971 (section 23),Controlled drugs,A no further action disposal,,False
Person search,2023-02-10T10:40:00+00:00,,,50.612963,-2.454892,Male,over 34,Black/African/Caribbean/Black British - Caribbean,Black,Misuse of Drugs Act 1971 (section 23),Controlled drugs,Arrest,True,False
Person search,2023-02-10T12:21:00+00:00,,,50.728174,-1.845515,Female,25-34,White - English/Welsh/Scottish/Northern Irish/British,White,Misuse of Drugs Act 1971 (section 23),Controlled drugs,,,False
Person search,2023-02-10T12:30:00+00:00,,,50.728174,-1.845515,Male,25-34,Other ethnic group - Not stated,White,Misuse of Drugs Act 1971 (section 23),Controlled drugs,,,False
Person search,2023-02-10T23:14:00+00:00,,,50.758911,-1.904789,Male,25-34,Other ethnic group - Not stated,White,Misuse of Drugs Act 1971 (section 23),Controlled drugs,A no further action disposal,,False
Person search,2023-02-11T00:03:00+00:00,,,50.613286,-2.466598,Male,18-24,Mixed/Multiple ethnic groups - White and Black Caribbean,Black,Misuse of Drugs Act 1971 (section 23),Controlled drugs,,,False
Person search,2023-02-11T00:03:00+00:00,,,50.613286,-2.466598,Male,18-24,White - English/Welsh/Scottish/Northern Irish/British,White,Misuse of Drugs Act 1971 (section 23),Controlled drugs,,,False
Person search,2023-02-11T04:33:00+00:00,,,50.701753,-2.446971,Male,10-17,White - English/Welsh/Scottish/Northern Irish/British,White,Police and Criminal Evidence Act 1984 (section 1),Article for use in theft,,,False
Person search,2023-02-11T06:26:00+00:00,,,50.687181,-2.556456,Male,25-34,Other ethnic group - Not stated,White,Misuse of Drugs Act 1971 (section 23),Controlled drugs,,,False
Person search,2023-02-11T13:26:00+00:00,,,50.594468,-2.481006,Male,10-17,White - English/Welsh/Scottish/Northern Irish/British,White,Misuse of Drugs Act 1971 (section 23),Controlled drugs,,,False
Person search,2023-02-11T13:38:00+00:00,,,50.726662,-1.851017,Male,over 34,White - English/Welsh/Scottish/Northern Irish/British,White,Misuse of Drugs Act 1971 (section 23),Controlled drugs,,,False
Person search,2023-02-11T13:45:00+00:00,,,50.726662,-1.851017,Male,over 34,White - English/Welsh/Scottish/Northern Irish/British,White,Misuse of Drugs Act 1971 (section 23),Controlled drugs,,,False
Person search,2023-02-11T21:15:00+00:00,,,50.755167,-1.874013,Male,18-24,White - English/Welsh/Scottish/Northern Irish/British,White,Firearms Act 1968 (section 47),Firearms,,,False
Person search,2023-02-11T21:30:00+00:00,,,50.755167,-1.874013,Male,18-24,Other ethnic group - Not stated,White,Firearms Act 1968 (section 47),Firearms,,,False
Person search,2023-02-11T21:30:00+00:00,,,50.755167,-1.874013,Male,18-24,White - English/Welsh/Scottish/Northern Irish/British,White,Firearms Act 1968 (section 47),Firearms,,,False
Person search,2023-02-11T21:46:00+00:00,,,50.687181,-2.556456,Male,25-34,Other ethnic group - Not stated,White,Misuse of Drugs Act 1971 (section 23),Controlled drugs,,,False
Person search,2023-02-11T21:46:00+00:00,,,50.687181,-2.556456,Female,18-24,White - English/Welsh/Scottish/Northern Irish/British,White,Misuse of Drugs Act 1971 (section 23),Controlled drugs,,,False
Person search,2023-02-12T00:15:00+00:00,,,50.743025,-1.862814,Male,25-34,White - English/Welsh/Scottish/Northern Irish/British,White,Misuse of Drugs Act 1971 (section 23),Controlled drugs,,,False
Person search,2023-02-12T21:35:00+00:00,,,50.541275,-2.447174,Male,25-34,Other ethnic group - Not stated,White,Police and Criminal Evidence Act 1984 (section 1),Offensive weapons,Arrest,True,False
Person search,2023-02-13T16:10:00+00:00,,,50.715640,-1.983106,Male,25-34,White - English/Welsh/Scottish/Northern Irish/British,White,Misuse of Drugs Act 1971 (section 23),Controlled drugs,A no further action disposal,,False
Person search,2023-02-13T16:42:00+00:00,,,50.716791,-1.982865,Male,10-17,Other ethnic group - Not stated,White,Misuse of Drugs Act 1971 (section 23),Controlled drugs,,,False
Person search,2023-02-14T13:43:00+00:00,,,50.608861,-2.448337,Male,10-17,Other ethnic group - Not stated,White,Police and Criminal Evidence Act 1984 (section 1),Offensive weapons,,,False
Person search,2023-02-15T11:50:00+00:00,,,50.721744,-1.874846,Male,over 34,Black/African/Caribbean/Black British - African,Black,Misuse of Drugs Act 1971 (section 23),Controlled drugs,,,False
Person search,2023-02-15T11:55:00+00:00,,,50.721744,-1.874846,Male,over 34,Black/African/Caribbean/Black British - African,Black,Misuse of Drugs Act 1971 (section 23),Controlled drugs,,,False
Person search,2023-02-15T22:47:00+00:00,,,50.733650,-2.760536,Male,over 34,Other ethnic group - Not stated,White,Police and Criminal Evidence Act 1984 (section 1),Offensive weapons,,,False
Person search,2023-02-16T14:01:00+00:00,,,50.729103,-1.847623,Male,over 34,White - English/Welsh/Scottish/Northern Irish/British,White,Misuse of Drugs Act 1971 (section 23),Controlled drugs,Community resolution,True,False
Person search,2023-02-16T16:09:00+00:00,,,50.714446,-2.437798,Male,over 34,Other ethnic group - Not stated,White,Police and Criminal Evidence Act 1984 (section 1),Articles for use in criminal damage,Arrest,True,False
Person search,2023-02-16T21:10:00+00:00,,,50.747560,-1.830824,Male,18-24,Other ethnic group - Not stated,White,Misuse of Drugs Act 1971 (section 23),Controlled drugs,,,False
Person search,2023-02-17T10:05:00+00:00,,,50.726384,-1.852165,Male,18-24,Other ethnic group - Not stated,Black,Misuse of Drugs Act 1971 (section 23),Controlled drugs,Arrest,True,False
Person search,2023-02-17T10:43:00+00:00,,,50.726384,-1.852165,Male,over 34,Other ethnic group - Not stated,White,Misuse of Drugs Act 1971 (section 23),Controlled drugs,A no further action disposal,,False
Person search,2023-02-17T13:40:00+00:00,,,50.718723,-1.875321,Male,over 34,White - English/Welsh/Scottish/Northern Irish/British,White,Misuse of Drugs Act 1971 (section 23),Controlled drugs,Community resolution,True,False
Person search,2023-02-17T17:26:00+00:00,,,50.721744,-1.874846,Male,25-34,Other ethnic group - Not stated,White,Police and Criminal Evidence Act 1984 (section 1),Offensive weapons,Arrest,True,False
Person search,2023-02-17T17:54:00+00:00,,,50.731261,-1.855085,Female,10-17,Black/African/Caribbean/Black British - Caribbean,Black,Police and Criminal Evidence Act 1984 (section 1),Offensive weapons,,,False
Person search,2023-02-17T17:55:00+00:00,,,50.731261,-1.855085,Male,10-17,Asian/Asian British - Bangladeshi,Asian,Police and Criminal Evidence Act 1984 (section 1),Offensive weapons,,,False
Person search,2023-02-17T22:14:00+00:00,,,50.615192,-2.455253,Male,10-17,Other ethnic group - Not stated,Other,Police and Criminal Evidence Act 1984 (section 1),Offensive weapons,,,False
Person search,2023-02-17T22:36:00+00:00,,,50.615192,-2.455253,Male,18-24,Other ethnic group - Not stated,White,Police and Criminal Evidence Act 1984 (section 1),Offensive weapons,,,False
Person search,2023-02-17T22:52:00+00:00,,,50.615192,-2.455253,Male,10-17,Other ethnic group - Not stated,White,Police and Criminal Evidence Act 1984 (section 1),Offensive weapons,,,False
Person search,2023-02-18T02:54:00+00:00,,,50.618035,-2.450502,Male,25-34,White - English/Welsh/Scottish/Northern Irish/British,White,Misuse of Drugs Act 1971 (section 23),Controlled drugs,,,False
Person search,2023-02-18T13:50:00+00:00,,,50.730996,-1.844216,Male,over 34,White - English/Welsh/Scottish/Northern Irish/British,White,Misuse of Drugs Act 1971 (section 23),Controlled drugs,,,False
Person search,2023-02-18T13:58:00+00:00,,,50.730996,-1.844216,Male,over 34,Other ethnic group - Not stated,White,Misuse of Drugs Act 1971 (section 23),Controlled drugs,,,False
Person search,2023-02-18T14:05:00+00:00,,,50.608861,-2.448337,Female,over 34,Other ethnic group - Not stated,White,Police and Criminal Evidence Act 1984 (section 1),Offensive weapons,,,False
Person search,2023-02-18T14:06:00+00:00,,,50.609858,-2.453434,Male,18-24,Black/African/Caribbean/Black British - Any other Black/African/Caribbean background,White,Police and Criminal Evidence Act 1984 (section 1),Offensive weapons,,,False
Person search,2023-02-18T14:10:00+00:00,,,50.611438,-2.453973,Male,over 34,Other ethnic group - Not stated,White,Police and Criminal Evidence Act 1984 (section 1),Offensive weapons,A no further action disposal,,False
Person search,2023-02-18T14:10:00+00:00,,,50.610938,-2.453699,Male,over 34,White - English/Welsh/Scottish/Northern Irish/British,White,Police and Criminal Evidence Act 1984 (section 1),Offensive weapons,,,False
Person search,2023-02-18T14:12:00+00:00,,,50.608861,-2.448337,Male,over 34,Other ethnic group - Not stated,White,Police and Criminal Evidence Act 1984 (section 1),Offensive weapons,,,False
Person search,2023-02-19T04:54:00+00:00,,,50.611438,-2.453973,Male,18-24,White - English/Welsh/Scottish/Northern Irish/British,White,Police and Criminal Evidence Act 1984 (section 1),Offensive weapons,A no further action disposal,,False
Person search,2023-02-19T14:35:00+00:00,,,50.803345,-1.983912,Male,10-17,White - English/Welsh/Scottish/Northern Irish/British,Other,Misuse of Drugs Act 1971 (section 23),Controlled drugs,,,False
Person search,2023-02-19T14:35:00+00:00,,,50.804057,-1.992469,Male,10-17,Other ethnic group - Not stated,White,Police and Criminal Evidence Act 1984 (section 1),Offensive weapons,,,False
Person search,2023-02-19T14:38:00+00:00,,,50.803345,-1.983912,Female,10-17,White - English/Welsh/Scottish/Northern Irish/British,White,Police and Criminal Evidence Act 1984 (section 1),Offensive weapons,Community resolution,True,False
Person search,2023-02-19T14:38:00+00:00,,,50.801673,-1.983274,Male,18-24,Other ethnic group - Not stated,White,Police and Criminal Evidence Act 1984 (section 1),Offensive weapons,Community resolution,True,False
Person search,2023-02-19T14:38:00+00:00,,,50.803345,-1.983912,Male,18-24,White - English/Welsh/Scottish/Northern Irish/British,Other,Police and Criminal Evidence Act 1984 (section 1),Offensive weapons,,,False
Person search,2023-02-19T14:38:00+00:00,,,50.803345,-1.983912,Male,10-17,White - English/Welsh/Scottish/Northern Irish/British,White,Police and Criminal Evidence Act 1984 (section 1),Offensive weapons,,,False
Person search,2023-02-19T14:40:00+00:00,,,50.804057,-1.992469,Female,10-17,White - English/Welsh/Scottish/Northern Irish/British,White,Police and Criminal Evidence Act 1984 (section 1),Offensive weapons,,,False
Person search,2023-02-19T16:21:00+00:00,,,50.609477,-2.456427,Female,25-34,White - English/Welsh/Scottish/Northern Irish/British,White,Police and Criminal Evidence Act 1984 (section 1),,,,False
Person search,2023-02-19T21:37:00+00:00,,,50.630008,-2.460867,Male,18-24,Other ethnic group - Not stated,White,Misuse of Drugs Act 1971 (section 23),Controlled drugs,,,False
Person search,2023-02-19T21:37:00+00:00,,,50.630008,-2.460867,Male,18-24,White - English/Welsh/Scottish/Northern Irish/British,White,Misuse of Drugs Act 1971 (section 23),Controlled drugs,,,False
Person search,2023-02-19T23:09:00+00:00,,,50.633347,-2.455537,Male,18-24,White - English/Welsh/Scottish/Northern Irish/British,White,Misuse of Drugs Act 1971 (section 23),Controlled drugs,,,False
Person search,2023-02-20T00:40:00+00:00,,,50.740180,-1.947073,Male,25-34,Other ethnic group - Not stated,White,Police and Criminal Evidence Act 1984 (section 1),Stolen goods,,,False
Person search,2023-02-20T00:45:00+00:00,,,50.740180,-1.947073,Male,over 34,Other ethnic group - Not stated,White,Police and Criminal Evidence Act 1984 (section 1),Stolen goods,Arrest,True,False
Person search,2023-02-20T22:34:00+00:00,,,50.614259,-2.454664,Male,over 34,Other ethnic group - Not stated,White,Police and Criminal Evidence Act 1984 (section 1),Offensive weapons,Arrest,True,False
Person search,2023-02-21T10:03:00+00:00,,,50.715640,-1.983106,Male,18-24,White - English/Welsh/Scottish/Northern Irish/British,White,Misuse of Drugs Act 1971 (section 23),Controlled drugs,A no further action disposal,,False
Person search,2023-02-21T12:10:00+00:00,,,50.720587,-1.878419,Male,25-34,White - English/Welsh/Scottish/Northern Irish/British,White,Police and Criminal Evidence Act 1984 (section 1),Offensive weapons,A no further action disposal,,False
Person search,2023-02-21T22:22:00+00:00,,,50.791713,-1.881768,Male,10-17,Other ethnic group - Not stated,White,Police and Criminal Evidence Act 1984 (section 1),Article for use in theft,,,False
Person search,2023-02-22T09:40:00+00:00,,,50.890605,-1.966680,Male,18-24,White - English/Welsh/Scottish/Northern Irish/British,White,Poaching Prevention Act 1862 (section 2),Game or poaching equipment,Community resolution,True,False
Person search,2023-02-22T09:40:00+00:00,,,50.890605,-1.966680,Male,over 34,White - English/Welsh/Scottish/Northern Irish/British,White,Poaching Prevention Act 1862 (section 2),Game or poaching equipment,Community resolution,True,False
Person search,2023-02-22T09:40:00+00:00,,,50.890605,-1.966680,Male,10-17,White - English/Welsh/Scottish/Northern Irish/British,White,Poaching Prevention Act 1862 (section 2),Game or poaching equipment,Community resolution,True,False
Person search,2023-02-22T09:40:00+00:00,,,50.890605,-1.966680,Male,over 34,White - English/Welsh/Scottish/Northern Irish/British,White,Poaching Prevention Act 1862 (section 2),Game or poaching equipment,Community resolution,True,False
Person search,2023-02-22T10:50:00+00:00,,,50.898525,-2.088922,Male,25-34,White - English/Welsh/Scottish/Northern Irish/British,White,Poaching Prevention Act 1862 (section 2),Game or poaching equipment,Community resolution,True,False
Person search,2023-02-22T10:50:00+00:00,,,50.898525,-2.088922,Male,18-24,White - English/Welsh/Scottish/Northern Irish/British,White,Poaching Prevention Act 1862 (section 2),Game or poaching equipment,Community resolution,True,False
Person search,2023-02-22T10:50:00+00:00,,,50.898525,-2.088922,Male,over 34,White - English/Welsh/Scottish/Northern Irish/British,White,Poaching Prevention Act 1862 (section 2),Game or poaching equipment,Community resolution,True,False
Person search,2023-02-22T10:50:00+00:00,,,50.898525,-2.088922,Male,10-17,White - English/Welsh/Scottish/Northern Irish/British,White,Poaching Prevention Act 1862 (section 2),Game or poaching equipment,Community resolution,True,False
Person search,2023-02-22T10:50:00+00:00,,,50.898525,-2.088922,Male,25-34,White - English/Welsh/Scottish/Northern Irish/British,White,Poaching Prevention Act 1862 (section 2),Game or poaching equipment,Community resolution,True,False
Person search,2023-02-22T11:45:00+00:00,,,50.698896,-1.933569,Male,over 34,White - English/Welsh/Scottish/Northern Irish/British,White,Police and Criminal Evidence Act 1984 (section 1),Article for use in theft,A no further action disposal,,False
Person search,2023-02-22T15:43:00+00:00,,,50.753155,-1.832207,Male,18-24,White - English/Welsh/Scottish/Northern Irish/British,White,Misuse of Drugs Act 1971 (section 23),Controlled drugs,,,False
Person search,2023-02-22T17:25:00+00:00,,,50.721120,-1.879962,Male,18-24,Other ethnic group - Not stated,Other,Misuse of Drugs Act 1971 (section 23),Controlled drugs,,,False
Person search,2023-02-22T17:28:00+00:00,,,50.720006,-1.881933,Male,18-24,Black/African/Caribbean/Black British - Caribbean,Black,Misuse of Drugs Act 1971 (section 23),Controlled drugs,Community resolution,True,False
Person search,2023-02-22T17:40:00+00:00,,,50.720038,-1.869439,Male,18-24,Other ethnic group - Not stated,White,Misuse of Drugs Act 1971 (section 23),Controlled drugs,,,False
Person search,2023-02-22T17:51:00+00:00,,,50.721376,-1.884452,Male,25-34,White - English/Welsh/Scottish/Northern Irish/British,White,Misuse of Drugs Act 1971 (section 23),Controlled drugs,A no further action disposal,,False
Person search,2023-02-22T17:52:00+00:00,,,50.721376,-1.884452,Male,over 34,White - English/Welsh/Scottish/Northern Irish/British,White,Misuse of Drugs Act 1971 (section 23),Controlled drugs,A no further action disposal,,False
Person search,2023-02-22T19:14:00+00:00,,,50.719499,-1.887133,Female,over 34,White - English/Welsh/Scottish/Northern Irish/British,White,Police and Criminal Evidence Act 1984 (section 1),Stolen goods,Community resolution,True,False
Person search,2023-02-22T20:40:00+00:00,,,50.720587,-1.878419,Male,over 34,Other ethnic group - Not stated,White,Police and Criminal Evidence Act 1984 (section 1),Stolen goods,Community resolution,True,False
Person search,2023-02-23T07:07:00+00:00,,,50.891050,-2.158175,Male,over 34,Other ethnic group - Not stated,White,Misuse of Drugs Act 1971 (section 23),Controlled drugs,Arrest,True,False
Person search,2023-02-23T13:04:00+00:00,,,50.716097,-1.875668,Male,25-34,Black/African/Caribbean/Black British - Caribbean,White,Misuse of Drugs Act 1971 (section 23),Controlled drugs,A no further action disposal,,False
Person search,2023-02-23T20:21:00+00:00,,,50.733722,-1.851533,Female,over 34,Other ethnic group - Not stated,White,Misuse of Drugs Act 1971 (section 23),Controlled drugs,,,False
Person search,2023-02-24T00:12:00+00:00,,,50.736501,-1.866744,Male,over 34,Other ethnic group - Not stated,White,Misuse of Drugs Act 1971 (section 23),Controlled drugs,A no further action disposal,,False
Person search,2023-02-24T02:01:00+00:00,,,50.791713,-1.881768,Male,10-17,Other ethnic group - Not stated,White,Police and Criminal Evidence Act 1984 (section 1),Article for use in theft,,,False
Person search,2023-02-24T11:37:00+00:00,,,50.727330,-1.815043,Male,over 34,Other ethnic group - Not stated,White,Police and Criminal Evidence Act 1984 (section 1),Stolen goods,Arrest,True,False
Person search,2023-02-24T19:21:00+00:00,,,50.724397,-2.028707,Male,18-24,White - English/Welsh/Scottish/Northern Irish/British,White,Police and Criminal Evidence Act 1984 (section 1),Offensive weapons,,,False
Person search,2023-02-24T21:00:00+00:00,,,50.734552,-1.986812,Male,over 34,White - English/Welsh/Scottish/Northern Irish/British,White,Police and Criminal Evidence Act 1984 (section 1),Stolen goods,,,False
Person search,2023-02-25T16:35:00+00:00,,,50.711349,-2.439726,Male,10-17,White - English/Welsh/Scottish/Northern Irish/British,White,Misuse of Drugs Act 1971 (section 23),Controlled drugs,,,False
Person search,2023-02-25T17:35:00+00:00,,,50.733231,-2.754983,Male,over 34,White - English/Welsh/Scottish/Northern Irish/British,White,Misuse of Drugs Act 1971 (section 23),Controlled drugs,,,False
Person search,2023-02-25T21:35:00+00:00,,,50.747560,-1.830824,Female,over 34,White - English/Welsh/Scottish/Northern Irish/British,White,Misuse of Drugs Act 1971 (section 23),Controlled drugs,,,False
Person search,2023-02-26T10:45:00+00:00,,,50.723804,-1.905002,Male,over 34,White - English/Welsh/Scottish/Northern Irish/British,White,Misuse of Drugs Act 1971 (section 23),Controlled drugs,Community resolution,True,False
Person search,2023-02-26T17:02:00+00:00,,,50.760220,-1.871520,Male,over 34,White - English/Welsh/Scottish/Northern Irish/British,White,Police and Criminal Evidence Act 1984 (section 1),Article for use in theft,Arrest,True,False
Person search,2023-02-26T21:50:00+00:00,,,50.716594,-1.984409,Male,18-24,White - Any other White background,White,Misuse of Drugs Act 1971 (section 23),Controlled drugs,,,False
Person search,2023-02-27T15:57:00+00:00,,,50.721064,-1.862311,Male,18-24,Other ethnic group - Not stated,Other,Police and Criminal Evidence Act 1984 (section 1),Offensive weapons,,,False
Person search,2023-02-28T01:45:00+00:00,,,50.746942,-1.852540,Male,18-24,White - English/Welsh/Scottish/Northern Irish/British,White,Police and Criminal Evidence Act 1984 (section 1),Article for use in theft,A no further action disposal,,False
Person search,2023-02-28T01:45:00+00:00,,,50.746942,-1.852540,Male,18-24,Other ethnic group - Not stated,Other,Police and Criminal Evidence Act 1984 (section 1),Article for use in theft,A no further action disposal,,False
Person search,2023-02-28T12:00:00+00:00,,,50.716400,-1.881503,Female,over 34,Other ethnic group - Not stated,White,Misuse of Drugs Act 1971 (section 23),Controlled drugs,,,False
Person search,2023-02-28T14:19:00+00:00,,,50.647316,-2.457373,Male,25-34,White - English/Welsh/Scottish/Northern Irish/British,White,Police and Criminal Evidence Act 1984 (section 1),Offensive weapons,,,False
