Type,Date,Part of a policing operation,Policing operation,Latitude,Longitude,Gender,Age range,Self-defined ethnicity,Officer-defined ethnicity,Legislation,Object of search,Outcome,Outcome linked to object of search,Removal of more than just outer clothing
Person search,2023-02-01T02:30:00+00:00,False,,51.849731,-2.256319,Male,over 34,White - English/Welsh/Scottish/Northern Irish/British,White,Police and Criminal Evidence Act 1984 (section 1),Article for use in theft,A no further action disposal,False,False
Person search,2023-02-01T03:54:00+00:00,False,,51.908907,-2.106449,Male,18-24,White - English/Welsh/Scottish/Northern Irish/British,White,Police and Criminal Evidence Act 1984 (section 1),Article for use in theft,A no further action disposal,True,False
Person and Vehicle search,2023-02-01T11:59:00+00:00,False,,51.915392,-2.103018,Male,25-34,,,Police and Criminal Evidence Act 1984 (section 1),Stolen goods,A no further action disposal,True,
Person and Vehicle search,2023-02-01T16:20:00+00:00,False,,51.857125,-2.250872,Male,25-34,White - Irish,White,Police and Criminal Evidence Act 1984 (section 1),Stolen goods,Arrest,False,
Person and Vehicle search,2023-02-01T20:05:00+00:00,True,,51.716748,-1.959712,Male,25-34,White - English/Welsh/Scottish/Northern Irish/British,White,Misuse of Drugs Act 1971 (section 23),Controlled drugs,Arrest,True,
Person search,2023-02-01T20:45:00+00:00,False,,51.867268,-2.236972,Male,18-24,Other ethnic group - Not stated,Other,Police and Criminal Evidence Act 1984 (section 1),Offensive weapons,A no further action disposal,True,False
Person search,2023-02-02T17:00:00+00:00,False,,51.863454,-2.219598,Male,10-17,Mixed/Multiple ethnic groups - White and Black African,Other,Misuse of Drugs Act 1971 (section 23),Controlled drugs,Arrest,True,False
Person search,2023-02-02T17:00:00+00:00,False,,51.864263,-2.219558,Male,18-24,Mixed/Multiple ethnic groups - Any other Mixed/Multiple ethnic background,Other,Misuse of Drugs Act 1971 (section 23),Controlled drugs,A no further action disposal,False,False
Person search,2023-02-02T17:40:00+00:00,False,,51.865118,-2.241898,Male,10-17,,,,,A no further action disposal,True,False
Person search,2023-02-02T17:41:00+00:00,False,,51.864813,-2.246268,Male,over 34,White - English/Welsh/Scottish/Northern Irish/British,White,Misuse of Drugs Act 1971 (section 23),Controlled drugs,Community resolution,True,False
Person search,2023-02-02T17:45:00+00:00,False,,51.858445,-2.234108,Male,25-34,White - Any other White background,White,Police and Criminal Evidence Act 1984 (section 1),Stolen goods,Community resolution,True,False
Person search,2023-02-02T17:48:00+00:00,False,,51.865118,-2.241898,Male,18-24,,,Misuse of Drugs Act 1971 (section 23),Controlled drugs,A no further action disposal,True,False
Person search,2023-02-02T18:15:00+00:00,False,,51.866348,-2.242965,Female,10-17,White - English/Welsh/Scottish/Northern Irish/British,White,Misuse of Drugs Act 1971 (section 23),Controlled drugs,A no further action disposal,True,False
Person search,2023-02-02T18:20:00+00:00,False,,51.861210,-2.236373,Male,18-24,White - English/Welsh/Scottish/Northern Irish/British,White,Misuse of Drugs Act 1971 (section 23),Controlled drugs,A no further action disposal,True,False
Person search,2023-02-02T18:20:00+00:00,False,,51.861210,-2.236373,Male,18-24,White - Any other White background,White,Misuse of Drugs Act 1971 (section 23),Controlled drugs,A no further action disposal,True,False
Person search,2023-02-02T18:25:00+00:00,False,,51.865118,-2.241898,Female,10-17,White - English/Welsh/Scottish/Northern Irish/British,White,Misuse of Drugs Act 1971 (section 23),Controlled drugs,A no further action disposal,True,False
Person search,2023-02-02T18:25:00+00:00,False,,51.861210,-2.236373,Male,18-24,,,Misuse of Drugs Act 1971 (section 23),Controlled drugs,A no further action disposal,False,False
Person search,2023-02-02T18:30:00+00:00,False,,51.861210,-2.236373,Male,18-24,White - Any other White background,White,Misuse of Drugs Act 1971 (section 23),Controlled drugs,A no further action disposal,True,False
Person search,2023-02-02T19:00:00+00:00,False,,51.860348,-2.235556,Male,18-24,Other ethnic group - Not stated,Other,Misuse of Drugs Act 1971 (section 23),Controlled drugs,A no further action disposal,True,False
Person search,2023-02-02T19:30:00+00:00,False,,51.861854,-2.242316,Male,over 34,White - English/Welsh/Scottish/Northern Irish/British,White,Misuse of Drugs Act 1971 (section 23),Controlled drugs,A no further action disposal,True,False
Person search,2023-02-02T19:37:00+00:00,False,,51.866379,-2.245463,Male,18-24,White - English/Welsh/Scottish/Northern Irish/British,White,Misuse of Drugs Act 1971 (section 23),Controlled drugs,Khat or Cannabis warning,True,False
Person search,2023-02-02T19:50:00+00:00,False,,51.865457,-2.247752,Male,10-17,Mixed/Multiple ethnic groups - Any other Mixed/Multiple ethnic background,Other,Misuse of Drugs Act 1971 (section 23),Controlled drugs,A no further action disposal,True,False
Person search,2023-02-02T20:00:00+00:00,False,,51.865457,-2.247752,Female,10-17,Mixed/Multiple ethnic groups - White and Black Caribbean,Other,Misuse of Drugs Act 1971 (section 23),Controlled drugs,A no further action disposal,True,False
Person search,2023-02-02T20:00:00+00:00,False,,51.865457,-2.247752,Male,10-17,White - English/Welsh/Scottish/Northern Irish/British,White,Misuse of Drugs Act 1971 (section 23),Controlled drugs,A no further action disposal,False,False
Person search,2023-02-02T20:21:00+00:00,False,,51.865457,-2.247752,Male,over 34,Mixed/Multiple ethnic groups - White and Black Caribbean,Other,Misuse of Drugs Act 1971 (section 23),Controlled drugs,A no further action disposal,True,False
Person search,2023-02-02T20:21:00+00:00,False,,51.865457,-2.247752,Female,,White - English/Welsh/Scottish/Northern Irish/British,White,Misuse of Drugs Act 1971 (section 23),Controlled drugs,A no further action disposal,True,False
Person search,2023-02-02T20:28:00+00:00,False,,51.839980,-2.108898,Male,25-34,Other ethnic group - Not stated,Other,Misuse of Drugs Act 1971 (section 23),Controlled drugs,A no further action disposal,True,False
Person search,2023-02-02T21:50:00+00:00,False,,51.765638,-2.329573,Male,25-34,Mixed/Multiple ethnic groups - White and Black African,Other,Misuse of Drugs Act 1971 (section 23),Controlled drugs,Arrest,True,False
Person and Vehicle search,2023-02-02T21:54:00+00:00,False,,51.765638,-2.329573,Male,25-34,Mixed/Multiple ethnic groups - Any other Mixed/Multiple ethnic background,Other,Misuse of Drugs Act 1971 (section 23),Controlled drugs,Arrest,True,
Person search,2023-02-03T18:00:00+00:00,False,,51.860966,-2.249862,Male,10-17,White - Any other White background,White,Misuse of Drugs Act 1971 (section 23),Controlled drugs,A no further action disposal,False,False
Person search,2023-02-03T18:08:00+00:00,False,,51.860966,-2.249862,Male,10-17,White - Any other White background,White,Misuse of Drugs Act 1971 (section 23),Controlled drugs,A no further action disposal,False,False
Person search,2023-02-03T18:18:00+00:00,False,,51.860966,-2.249862,Male,10-17,White - Any other White background,White,Misuse of Drugs Act 1971 (section 23),Controlled drugs,A no further action disposal,True,False
Person and Vehicle search,2023-02-03T18:41:00+00:00,False,,51.839980,-2.108898,Female,25-34,White - English/Welsh/Scottish/Northern Irish/British,White,Misuse of Drugs Act 1971 (section 23),Controlled drugs,A no further action disposal,True,
Person search,2023-02-03T18:43:00+00:00,False,,51.839980,-2.108898,Female,18-24,White - English/Welsh/Scottish/Northern Irish/British,White,Misuse of Drugs Act 1971 (section 23),Controlled drugs,A no further action disposal,False,False
Person search,2023-02-04T00:12:00+00:00,False,,51.903963,-2.068079,Female,10-17,Other ethnic group - Not stated,Other,Misuse of Drugs Act 1971 (section 23),Controlled drugs,A no further action disposal,False,False
Person and Vehicle search,2023-02-04T00:27:00+00:00,False,,51.867514,-2.239674,Male,25-34,Mixed/Multiple ethnic groups - Any other Mixed/Multiple ethnic background,Other,Misuse of Drugs Act 1971 (section 23),Controlled drugs,A no further action disposal,True,
Person search,2023-02-04T00:56:00+00:00,False,,51.746359,-2.217667,Male,18-24,White - English/Welsh/Scottish/Northern Irish/British,White,Misuse of Drugs Act 1971 (section 23),Controlled drugs,A no further action disposal,True,False
Person search,2023-02-04T01:16:00+00:00,False,,51.846498,-2.228486,Male,10-17,White - English/Welsh/Scottish/Northern Irish/British,White,Misuse of Drugs Act 1971 (section 23),Controlled drugs,A no further action disposal,False,False
Person search,2023-02-04T01:20:00+00:00,False,,51.846498,-2.228486,Male,10-17,White - English/Welsh/Scottish/Northern Irish/British,White,Misuse of Drugs Act 1971 (section 23),Controlled drugs,A no further action disposal,False,False
Person search,2023-02-04T14:44:00+00:00,False,,52.001031,-2.111067,Female,25-34,White - English/Welsh/Scottish/Northern Irish/British,White,Misuse of Drugs Act 1971 (section 23),Controlled drugs,A no further action disposal,True,False
Person search,2023-02-05T04:00:00+00:00,False,,51.712772,-2.000488,Male,over 34,White - English/Welsh/Scottish/Northern Irish/British,White,Police and Criminal Evidence Act 1984 (section 1),Article for use in theft,Arrest,False,False
Person search,2023-02-05T04:27:00+00:00,False,,51.899840,-2.077243,Male,over 34,White - English/Welsh/Scottish/Northern Irish/British,White,Police and Criminal Evidence Act 1984 (section 1),Articles for use in criminal damage,A no further action disposal,True,False
Person and Vehicle search,2023-02-05T09:55:00+00:00,False,,51.995342,-2.156334,Male,over 34,Other ethnic group - Not stated,Other,Misuse of Drugs Act 1971 (section 23),Controlled drugs,Arrest,True,
Person search,2023-02-06T03:40:00+00:00,False,,52.051519,-1.777813,Male,25-34,White - English/Welsh/Scottish/Northern Irish/British,White,Police and Criminal Evidence Act 1984 (section 1),Article for use in theft,A no further action disposal,False,False
Person search,2023-02-06T03:50:00+00:00,False,,52.051519,-1.777813,Male,18-24,White - English/Welsh/Scottish/Northern Irish/British,White,Police and Criminal Evidence Act 1984 (section 1),Article for use in theft,A no further action disposal,False,False
Vehicle search,2023-02-06T04:00:00+00:00,False,,52.051519,-1.777813,Other,,,,Police and Criminal Evidence Act 1984 (section 1),Article for use in theft,A no further action disposal,False,
Person search,2023-02-06T21:50:00+00:00,False,,51.863933,-2.241137,Male,over 34,Other ethnic group - Not stated,Other,Police and Criminal Evidence Act 1984 (section 1),Offensive weapons,Arrest,False,False
Person search,2023-02-06T23:25:00+00:00,False,,51.863615,-2.242674,Male,,White - English/Welsh/Scottish/Northern Irish/British,White,Police and Criminal Evidence Act 1984 (section 1),Articles for use in criminal damage,A no further action disposal,False,False
Person search,2023-02-06T23:42:00+00:00,False,,51.863615,-2.242674,Male,10-17,White - English/Welsh/Scottish/Northern Irish/British,White,Police and Criminal Evidence Act 1984 (section 1),Offensive weapons,A no further action disposal,False,False
Person search,2023-02-06T23:54:00+00:00,False,,51.861210,-2.236373,Male,18-24,White - English/Welsh/Scottish/Northern Irish/British,White,Misuse of Drugs Act 1971 (section 23),Controlled drugs,A no further action disposal,True,False
Person search,2023-02-06T23:56:00+00:00,False,,51.862182,-2.240227,Female,25-34,White - English/Welsh/Scottish/Northern Irish/British,White,Misuse of Drugs Act 1971 (section 23),Controlled drugs,A no further action disposal,False,False
Person search,2023-02-07T00:40:00+00:00,False,,51.863300,-2.210463,Male,over 34,White - English/Welsh/Scottish/Northern Irish/British,White,Police and Criminal Evidence Act 1984 (section 1),Stolen goods,Arrest,True,False
Person search,2023-02-07T09:30:00+00:00,False,,51.910755,-2.110436,Female,25-34,White - English/Welsh/Scottish/Northern Irish/British,White,Misuse of Drugs Act 1971 (section 23),Controlled drugs,A no further action disposal,False,True
Person search,2023-02-07T09:40:00+00:00,False,,51.910755,-2.110436,Female,25-34,White - English/Welsh/Scottish/Northern Irish/British,White,Misuse of Drugs Act 1971 (section 23),Controlled drugs,A no further action disposal,True,True
Person search,2023-02-07T10:00:00+00:00,False,,51.910755,-2.110436,Male,over 34,White - English/Welsh/Scottish/Northern Irish/British,White,Misuse of Drugs Act 1971 (section 23),Controlled drugs,A no further action disposal,False,True
Person search,2023-02-07T13:00:00+00:00,False,,51.899107,-2.070993,Male,18-24,Black/African/Caribbean/Black British - African,Black,Police and Criminal Evidence Act 1984 (section 1),Stolen goods,Community resolution,True,False
Person search,2023-02-07T14:35:00+00:00,False,,51.871241,-2.208989,Male,10-17,Mixed/Multiple ethnic groups - Any other Mixed/Multiple ethnic background,Other,Misuse of Drugs Act 1971 (section 23),Controlled drugs,Arrest,True,False
Person search,2023-02-07T15:00:00+00:00,False,,51.850488,-2.224921,Male,10-17,Mixed/Multiple ethnic groups - White and Black Caribbean,Other,Misuse of Drugs Act 1971 (section 23),Controlled drugs,A no further action disposal,False,False
Person and Vehicle search,2023-02-07T18:37:00+00:00,False,,51.739640,-2.254652,Male,18-24,White - English/Welsh/Scottish/Northern Irish/British,White,Misuse of Drugs Act 1971 (section 23),Controlled drugs,A no further action disposal,False,
Person search,2023-02-07T18:39:00+00:00,False,,51.739640,-2.254652,Male,18-24,Mixed/Multiple ethnic groups - White and Black African,Other,Misuse of Drugs Act 1971 (section 23),Controlled drugs,A no further action disposal,False,False
Person search,2023-02-07T22:10:00+00:00,False,,51.866643,-2.243823,Female,18-24,White - English/Welsh/Scottish/Northern Irish/British,White,Misuse of Drugs Act 1971 (section 23),Controlled drugs,A no further action disposal,True,False
Person search,2023-02-07T22:14:00+00:00,False,,51.866643,-2.243823,Female,18-24,White - English/Welsh/Scottish/Northern Irish/British,White,Misuse of Drugs Act 1971 (section 23),Controlled drugs,Community resolution,True,False
Vehicle search,2023-02-07T22:44:00+00:00,False,,51.847085,-2.140997,Other,,,,Misuse of Drugs Act 1971 (section 23),Controlled drugs,A no further action disposal,False,
Person search,2023-02-07T22:44:00+00:00,False,,51.847085,-2.140997,Male,25-34,Mixed/Multiple ethnic groups - White and Black Caribbean,Other,Misuse of Drugs Act 1971 (section 23),Controlled drugs,A no further action disposal,False,False
Person search,2023-02-08T12:25:00+00:00,False,,51.859253,-2.229887,Male,18-24,Other ethnic group - Not stated,Other,Police and Criminal Evidence Act 1984 (section 1),Offensive weapons,Arrest,True,False
Person search,2023-02-08T12:26:00+00:00,False,,51.859253,-2.229887,Male,18-24,Black/African/Caribbean/Black British - Any other Black/African/Caribbean background,Black,Police and Criminal Evidence Act 1984 (section 1),Offensive weapons,Arrest,True,False
Person and Vehicle search,2023-02-08T22:14:00+00:00,False,,51.832142,-2.245030,Male,25-34,White - Any other White background,White,Police and Criminal Evidence Act 1984 (section 1),Offensive weapons,Arrest,False,
Person and Vehicle search,2023-02-08T22:15:00+00:00,False,,,,Male,25-34,White - Any other White background,White,Police and Criminal Evidence Act 1984 (section 1),Offensive weapons,Arrest,False,False
Person search,2023-02-09T00:53:00+00:00,False,,51.696205,-2.218193,Male,25-34,White - English/Welsh/Scottish/Northern Irish/British,White,Police and Criminal Evidence Act 1984 (section 1),Stolen goods,A no further action disposal,False,False
Person search,2023-02-09T03:10:00+00:00,False,,51.862512,-2.249915,Male,18-24,White - English/Welsh/Scottish/Northern Irish/British,White,Police and Criminal Evidence Act 1984 (section 1),Offensive weapons,A no further action disposal,True,False
Person search,2023-02-09T03:10:00+00:00,False,,51.862512,-2.249915,Male,18-24,White - English/Welsh/Scottish/Northern Irish/British,White,Police and Criminal Evidence Act 1984 (section 1),Offensive weapons,A no further action disposal,True,False
Person search,2023-02-09T16:56:00+00:00,False,,51.914947,-2.098234,Male,over 34,White - English/Welsh/Scottish/Northern Irish/British,White,Police and Criminal Evidence Act 1984 (section 1),Stolen goods,Community resolution,True,False
Person and Vehicle search,2023-02-09T20:50:00+00:00,False,,51.990760,-2.154075,Male,18-24,White - English/Welsh/Scottish/Northern Irish/British,White,Misuse of Drugs Act 1971 (section 23),Controlled drugs,A no further action disposal,True,
Person and Vehicle search,2023-02-09T20:50:00+00:00,False,,51.990760,-2.154075,Male,18-24,White - English/Welsh/Scottish/Northern Irish/British,White,Misuse of Drugs Act 1971 (section 23),Controlled drugs,A no further action disposal,True,
Person search,2023-02-09T22:00:00+00:00,False,,51.799794,-2.597997,Male,10-17,White - English/Welsh/Scottish/Northern Irish/British,White,Police and Criminal Evidence Act 1984 (section 1),Articles for use in criminal damage,A no further action disposal,True,False
Person search,2023-02-09T22:00:00+00:00,False,,51.794035,-2.615094,Male,10-17,White - English/Welsh/Scottish/Northern Irish/British,White,Police and Criminal Evidence Act 1984 (section 1),Articles for use in criminal damage,A no further action disposal,True,False
Person and Vehicle search,2023-02-09T22:10:00+00:00,False,,51.706704,-1.688419,Female,25-34,White - English/Welsh/Scottish/Northern Irish/British,White,Misuse of Drugs Act 1971 (section 23),Controlled drugs,A no further action disposal,False,
Person search,2023-02-09T22:10:00+00:00,False,,51.706704,-1.688419,Male,25-34,White - English/Welsh/Scottish/Northern Irish/British,White,Misuse of Drugs Act 1971 (section 23),Controlled drugs,Community resolution,True,False
Person search,2023-02-10T01:13:00+00:00,False,,51.858242,-2.254087,Female,10-17,White - English/Welsh/Scottish/Northern Irish/British,White,,,A no further action disposal,True,False
Person and Vehicle search,2023-02-10T01:13:00+00:00,False,,51.858242,-2.254087,Female,10-17,White - English/Welsh/Scottish/Northern Irish/British,White,Misuse of Drugs Act 1971 (section 23),Controlled drugs,A no further action disposal,True,
Person and Vehicle search,2023-02-10T01:15:00+00:00,False,,51.858589,-2.255396,Male,18-24,Other ethnic group - Not stated,Other,Misuse of Drugs Act 1971 (section 23),Controlled drugs,A no further action disposal,True,
Person search,2023-02-10T01:15:00+00:00,False,,51.858589,-2.255396,Male,18-24,Other ethnic group - Not stated,Other,Misuse of Drugs Act 1971 (section 23),Controlled drugs,A no further action disposal,True,False
Person search,2023-02-10T01:15:00+00:00,False,,51.858589,-2.255396,Male,10-17,Other ethnic group - Not stated,Other,Misuse of Drugs Act 1971 (section 23),Controlled drugs,A no further action disposal,True,False
Person search,2023-02-10T18:00:00+00:00,False,,51.860966,-2.249862,Male,25-34,Mixed/Multiple ethnic groups - White and Black Caribbean,Other,Misuse of Drugs Act 1971 (section 23),Controlled drugs,Summons / charged by post,True,False
Person search,2023-02-10T21:30:00+00:00,False,,51.955088,-2.120804,Male,25-34,White - English/Welsh/Scottish/Northern Irish/British,White,Misuse of Drugs Act 1971 (section 23),Controlled drugs,Summons / charged by post,True,False
Person and Vehicle search,2023-02-10T21:30:00+00:00,False,,51.955088,-2.120804,Male,over 34,White - English/Welsh/Scottish/Northern Irish/British,White,Misuse of Drugs Act 1971 (section 23),Controlled drugs,A no further action disposal,False,
Person search,2023-02-10T22:34:00+00:00,False,,51.946520,-2.061757,Male,18-24,White - English/Welsh/Scottish/Northern Irish/British,White,Misuse of Drugs Act 1971 (section 23),Controlled drugs,A no further action disposal,False,False
Person search,2023-02-10T22:38:00+00:00,False,,51.946520,-2.061757,Male,18-24,White - English/Welsh/Scottish/Northern Irish/British,White,Police and Criminal Evidence Act 1984 (section 1),Stolen goods,A no further action disposal,False,False
Person search,2023-02-10T22:50:00+00:00,False,,51.946594,-2.059429,Male,10-17,White - English/Welsh/Scottish/Northern Irish/British,White,Misuse of Drugs Act 1971 (section 23),Controlled drugs,A no further action disposal,True,False
Person and Vehicle search,2023-02-11T02:40:00+00:00,False,,51.918066,-2.109567,Male,25-34,Other ethnic group - Not stated,Other,Police and Criminal Evidence Act 1984 (section 1),Stolen goods,Arrest,True,
Person search,2023-02-11T13:38:00+00:00,False,,51.865000,-2.238354,Female,25-34,White - English/Welsh/Scottish/Northern Irish/British,White,,,A no further action disposal,False,False
Person search,2023-02-11T14:30:00+00:00,False,,51.864339,-2.243009,Male,18-24,White - English/Welsh/Scottish/Northern Irish/British,White,Police and Criminal Evidence Act 1984 (section 1),Stolen goods,Arrest,True,False
Person search,2023-02-11T15:20:00+00:00,False,,51.864339,-2.243009,Male,18-24,White - English/Welsh/Scottish/Northern Irish/British,White,Misuse of Drugs Act 1971 (section 23),Controlled drugs,Khat or Cannabis warning,True,False
Person search,2023-02-11T16:55:00+00:00,False,,,,Male,,White - English/Welsh/Scottish/Northern Irish/British,White,Police and Criminal Evidence Act 1984 (section 1),Article for use in theft,A no further action disposal,False,False
Person search,2023-02-11T16:55:00+00:00,False,,51.910196,-2.112426,Male,over 34,White - English/Welsh/Scottish/Northern Irish/British,White,Police and Criminal Evidence Act 1984 (section 1),Article for use in theft,A no further action disposal,False,False
Person and Vehicle search,2023-02-11T19:18:00+00:00,False,,51.822468,-2.500159,Male,over 34,White - English/Welsh/Scottish/Northern Irish/British,White,Misuse of Drugs Act 1971 (section 23),Controlled drugs,A no further action disposal,True,
Person and Vehicle search,2023-02-12T14:39:00+00:00,False,,51.821272,-2.502264,Male,18-24,White - English/Welsh/Scottish/Northern Irish/British,White,Misuse of Drugs Act 1971 (section 23),Controlled drugs,Community resolution,True,
Person and Vehicle search,2023-02-12T14:39:00+00:00,False,,51.821272,-2.502264,Male,18-24,White - English/Welsh/Scottish/Northern Irish/British,White,Misuse of Drugs Act 1971 (section 23),Controlled drugs,Community resolution,True,
Person and Vehicle search,2023-02-12T14:57:00+00:00,False,,51.821272,-2.502264,Male,18-24,White - English/Welsh/Scottish/Northern Irish/British,White,Misuse of Drugs Act 1971 (section 23),Controlled drugs,Community resolution,True,
Person and Vehicle search,2023-02-12T15:40:00+00:00,False,,51.858585,-2.257400,Female,18-24,,,Misuse of Drugs Act 1971 (section 23),Controlled drugs,A no further action disposal,False,
Person and Vehicle search,2023-02-12T15:40:00+00:00,False,,51.858585,-2.257400,Female,25-34,,,Misuse of Drugs Act 1971 (section 23),Controlled drugs,A no further action disposal,False,
Person and Vehicle search,2023-02-12T15:53:00+00:00,False,,51.858585,-2.257400,Male,25-34,Asian/Asian British - Any other Asian background,Asian,Misuse of Drugs Act 1971 (section 23),Controlled drugs,A no further action disposal,True,
Person search,2023-02-12T16:24:00+00:00,False,,51.930803,-2.406101,Male,over 34,White - English/Welsh/Scottish/Northern Irish/British,White,Misuse of Drugs Act 1971 (section 23),Controlled drugs,A no further action disposal,False,False
Person search,2023-02-12T19:00:00+00:00,False,,51.825013,-2.269193,Male,18-24,White - Irish,White,Police and Criminal Evidence Act 1984 (section 1),Offensive weapons,Arrest,False,False
Person search,2023-02-13T00:00:00+00:00,False,,51.867980,-2.231703,Male,25-34,White - English/Welsh/Scottish/Northern Irish/British,White,Police and Criminal Evidence Act 1984 (section 1),Offensive weapons,A no further action disposal,True,False
Person search,2023-02-13T10:26:00+00:00,False,,51.864813,-2.246268,Male,over 34,White - English/Welsh/Scottish/Northern Irish/British,White,Police and Criminal Evidence Act 1984 (section 1),Stolen goods,Community resolution,True,False
Person search,2023-02-13T10:30:00+00:00,False,,51.866348,-2.242965,Male,18-24,White - English/Welsh/Scottish/Northern Irish/British,White,Misuse of Drugs Act 1971 (section 23),Controlled drugs,Community resolution,True,False
Person search,2023-02-13T11:50:00+00:00,False,,51.860412,-2.248073,Male,over 34,Mixed/Multiple ethnic groups - Any other Mixed/Multiple ethnic background,Other,Misuse of Drugs Act 1971 (section 23),Controlled drugs,Arrest,True,True
Person search,2023-02-13T12:00:00+00:00,False,,51.863420,-2.245781,Male,10-17,Mixed/Multiple ethnic groups - White and Asian,Other,Misuse of Drugs Act 1971 (section 23),Controlled drugs,Arrest,True,False
Person search,2023-02-13T12:13:00+00:00,False,,51.863420,-2.245781,Male,10-17,White - English/Welsh/Scottish/Northern Irish/British,White,Misuse of Drugs Act 1971 (section 23),Controlled drugs,A no further action disposal,False,False
Person search,2023-02-13T13:10:00+00:00,False,,51.947357,-2.060187,Female,25-34,White - English/Welsh/Scottish/Northern Irish/British,White,Police and Criminal Evidence Act 1984 (section 1),Stolen goods,A no further action disposal,False,False
Person search,2023-02-13T13:13:00+00:00,False,,51.947357,-2.060187,Female,over 34,White - English/Welsh/Scottish/Northern Irish/British,White,Police and Criminal Evidence Act 1984 (section 1),Stolen goods,A no further action disposal,False,False
Person search,2023-02-13T23:30:00+00:00,False,,51.864813,-2.246268,Male,,White - English/Welsh/Scottish/Northern Irish/British,White,Police and Criminal Evidence Act 1984 (section 1),Offensive weapons,A no further action disposal,False,False
Person search,2023-02-14T14:00:00+00:00,False,,51.861662,-2.247935,Male,18-24,Other ethnic group - Any other ethnic group,Other,Police and Criminal Evidence Act 1984 (section 1),Article for use in theft,A no further action disposal,True,False
Person search,2023-02-14T19:02:00+00:00,False,,51.784700,-2.318575,Male,25-34,White - English/Welsh/Scottish/Northern Irish/British,White,Misuse of Drugs Act 1971 (section 23),Controlled drugs,Arrest,True,False
Person and Vehicle search,2023-02-15T00:29:00+00:00,False,,51.911505,-2.071332,Male,18-24,Black/African/Caribbean/Black British - Any other Black/African/Caribbean background,Black,Police and Criminal Evidence Act 1984 (section 1),Article for use in theft,A no further action disposal,True,
Person search,2023-02-15T00:30:00+00:00,False,,51.911505,-2.071332,Male,10-17,White - English/Welsh/Scottish/Northern Irish/British,White,Police and Criminal Evidence Act 1984 (section 1),Article for use in theft,A no further action disposal,False,False
Person search,2023-02-15T00:44:00+00:00,False,,51.911505,-2.071332,Male,18-24,White - English/Welsh/Scottish/Northern Irish/British,White,Police and Criminal Evidence Act 1984 (section 1),Article for use in theft,A no further action disposal,False,False
Person search,2023-02-15T01:39:00+00:00,False,,51.862182,-2.240227,Male,10-17,Mixed/Multiple ethnic groups - White and Asian,Other,Police and Criminal Evidence Act 1984 (section 1),Articles for use in criminal damage,A no further action disposal,True,False
Person search,2023-02-15T01:40:00+00:00,False,,51.861514,-2.241269,Male,10-17,White - English/Welsh/Scottish/Northern Irish/British,White,Police and Criminal Evidence Act 1984 (section 1),Articles for use in criminal damage,A no further action disposal,True,True
Person search,2023-02-15T16:00:00+00:00,False,,51.862722,-2.244136,Male,25-34,White - English/Welsh/Scottish/Northern Irish/British,White,Misuse of Drugs Act 1971 (section 23),Controlled drugs,A no further action disposal,True,False
Person search,2023-02-16T17:10:00+00:00,False,,51.857605,-2.217246,Male,over 34,White - English/Welsh/Scottish/Northern Irish/British,White,Police and Criminal Evidence Act 1984 (section 1),Stolen goods,Community resolution,True,False
Person search,2023-02-16T19:00:00+00:00,False,,51.856043,-2.243432,Male,18-24,White - Any other White background,White,Misuse of Drugs Act 1971 (section 23),Controlled drugs,A no further action disposal,False,False
Person and Vehicle search,2023-02-17T18:30:00+00:00,False,,51.893642,-2.114419,Male,,White - English/Welsh/Scottish/Northern Irish/British,White,Misuse of Drugs Act 1971 (section 23),Controlled drugs,Arrest,True,
Person search,2023-02-17T19:34:00+00:00,False,,51.856528,-2.243783,Male,over 34,White - English/Welsh/Scottish/Northern Irish/British,White,Police and Criminal Evidence Act 1984 (section 1),Offensive weapons,Arrest,True,False
Person search,2023-02-18T02:00:00+00:00,False,,51.730797,-2.123027,Female,18-24,White - English/Welsh/Scottish/Northern Irish/British,White,Police and Criminal Evidence Act 1984 (section 1),Offensive weapons,A no further action disposal,False,False
Person search,2023-02-18T15:03:00+00:00,False,,51.871829,-2.240293,Female,over 34,White - English/Welsh/Scottish/Northern Irish/British,White,Police and Criminal Evidence Act 1984 (section 1),Stolen goods,Arrest,True,False
Person search,2023-02-18T17:04:00+00:00,False,,51.745710,-2.296343,Female,18-24,White - English/Welsh/Scottish/Northern Irish/British,White,Police and Criminal Evidence Act 1984 (section 1),Offensive weapons,A no further action disposal,True,False
Person search,2023-02-18T22:15:00+00:00,False,,51.898244,-2.069625,Male,25-34,White - English/Welsh/Scottish/Northern Irish/British,White,Firearms Act 1968 (section 47),Firearms,A no further action disposal,True,False
Person search,2023-02-18T22:22:00+00:00,False,,51.898244,-2.069625,Male,18-24,White - English/Welsh/Scottish/Northern Irish/British,White,Firearms Act 1968 (section 47),Firearms,A no further action disposal,True,False
Person search,2023-02-19T07:10:00+00:00,False,,51.912073,-2.104494,Male,over 34,Mixed/Multiple ethnic groups - White and Black Caribbean,Other,Police and Criminal Evidence Act 1984 (section 1),Stolen goods,Arrest,True,False
Person search,2023-02-19T16:45:00+00:00,False,,51.856528,-2.243783,Male,over 34,White - English/Welsh/Scottish/Northern Irish/British,White,Police and Criminal Evidence Act 1984 (section 1),Stolen goods,Arrest,True,False
Person and Vehicle search,2023-02-20T09:30:00+00:00,False,,51.710891,-1.978706,Male,18-24,White - English/Welsh/Scottish/Northern Irish/British,White,Misuse of Drugs Act 1971 (section 23),Controlled drugs,A no further action disposal,True,
Person and Vehicle search,2023-02-20T11:25:00+00:00,False,,51.861964,-2.245366,Male,25-34,White - Any other White background,White,Misuse of Drugs Act 1971 (section 23),Controlled drugs,A no further action disposal,True,
Vehicle search,2023-02-20T12:10:00+00:00,False,,51.855478,-2.255397,Other,,,,Misuse of Drugs Act 1971 (section 23),Controlled drugs,A no further action disposal,False,
Person search,2023-02-20T15:05:00+00:00,False,,51.871401,-2.247306,Male,25-34,White - English/Welsh/Scottish/Northern Irish/British,White,Police and Criminal Evidence Act 1984 (section 1),Offensive weapons,A no further action disposal,True,False
Person search,2023-02-20T18:20:00+00:00,False,,51.864339,-2.243009,Female,25-34,Other ethnic group - Not stated,Other,Police and Criminal Evidence Act 1984 (section 1),Offensive weapons,A no further action disposal,False,False
Person search,2023-02-21T12:30:00+00:00,False,,51.861662,-2.247935,Male,10-17,Mixed/Multiple ethnic groups - Any other Mixed/Multiple ethnic background,Other,Misuse of Drugs Act 1971 (section 23),Controlled drugs,Arrest,True,True
Person search,2023-02-21T16:09:00+00:00,False,,51.746212,-2.218869,Female,10-17,White - English/Welsh/Scottish/Northern Irish/British,White,Police and Criminal Evidence Act 1984 (section 1),Offensive weapons,A no further action disposal,False,False
Person search,2023-02-21T18:40:00+00:00,False,,51.865118,-2.241898,Female,over 34,White - English/Welsh/Scottish/Northern Irish/British,White,Police and Criminal Evidence Act 1984 (section 1),Offensive weapons,A no further action disposal,True,False
Person search,2023-02-22T20:30:00+00:00,False,,51.940961,-2.067437,Male,25-34,White - English/Welsh/Scottish/Northern Irish/British,White,Misuse of Drugs Act 1971 (section 23),Controlled drugs,Arrest,True,False
Person and Vehicle search,2023-02-23T11:11:00+00:00,False,,51.846244,-2.100090,Male,over 34,White - English/Welsh/Scottish/Northern Irish/British,White,Misuse of Drugs Act 1971 (section 23),Controlled drugs,Caution (simple or conditional),True,
Person search,2023-02-23T12:42:00+00:00,False,,51.824019,-2.279344,Male,over 34,White - English/Welsh/Scottish/Northern Irish/British,White,Police and Criminal Evidence Act 1984 (section 1),Article for use in theft,A no further action disposal,True,False
Vehicle search,2023-02-23T13:00:00+00:00,False,,51.766473,-1.587703,Other,,,,,,A no further action disposal,False,
Person search,2023-02-23T15:00:00+00:00,False,,51.893122,-2.064706,Male,over 34,White - English/Welsh/Scottish/Northern Irish/British,White,Misuse of Drugs Act 1971 (section 23),Controlled drugs,A no further action disposal,False,False
Person search,2023-02-23T20:34:00+00:00,False,,51.820486,-2.505389,Male,25-34,White - English/Welsh/Scottish/Northern Irish/British,White,Misuse of Drugs Act 1971 (section 23),Controlled drugs,A no further action disposal,False,False
Person search,2023-02-23T21:15:00+00:00,False,,51.723271,-2.536385,Male,25-34,White - English/Welsh/Scottish/Northern Irish/British,White,Misuse of Drugs Act 1971 (section 23),Controlled drugs,A no further action disposal,False,False
Person search,2023-02-23T21:25:00+00:00,False,,51.723271,-2.536385,Female,18-24,White - English/Welsh/Scottish/Northern Irish/British,White,Misuse of Drugs Act 1971 (section 23),Controlled drugs,A no further action disposal,False,False
Person search,2023-02-24T11:39:00+00:00,False,,51.856528,-2.243783,Male,10-17,White - English/Welsh/Scottish/Northern Irish/British,White,Misuse of Drugs Act 1971 (section 23),Controlled drugs,A no further action disposal,False,False
Person search,2023-02-24T11:55:00+00:00,False,,51.856528,-2.243783,Male,10-17,White - English/Welsh/Scottish/Northern Irish/British,White,Misuse of Drugs Act 1971 (section 23),Controlled drugs,A no further action disposal,False,False
Person search,2023-02-24T12:38:00+00:00,False,,51.895577,-2.079736,Male,18-24,Mixed/Multiple ethnic groups - White and Black African,Other,Misuse of Drugs Act 1971 (section 23),Controlled drugs,A no further action disposal,False,False
Person search,2023-02-24T21:45:00+00:00,False,,51.839980,-2.108898,Male,18-24,White - English/Welsh/Scottish/Northern Irish/British,White,Misuse of Drugs Act 1971 (section 23),Controlled drugs,A no further action disposal,False,False
Person search,2023-02-24T21:45:00+00:00,False,,51.839980,-2.108898,Female,18-24,White - English/Welsh/Scottish/Northern Irish/British,White,Misuse of Drugs Act 1971 (section 23),Controlled drugs,A no further action disposal,False,False
Person and Vehicle search,2023-02-24T21:45:00+00:00,False,,51.839980,-2.108898,Female,18-24,White - English/Welsh/Scottish/Northern Irish/British,White,Misuse of Drugs Act 1971 (section 23),Controlled drugs,A no further action disposal,False,
Person search,2023-02-24T22:00:00+00:00,False,,51.839980,-2.108898,Female,18-24,White - English/Welsh/Scottish/Northern Irish/British,White,Misuse of Drugs Act 1971 (section 23),Controlled drugs,Caution (simple or conditional),True,False
Person search,2023-02-24T23:20:00+00:00,False,,51.862182,-2.240227,Male,25-34,White - English/Welsh/Scottish/Northern Irish/British,White,Police and Criminal Evidence Act 1984 (section 1),Offensive weapons,Arrest,False,False
Person search,2023-02-24T23:52:00+00:00,False,,51.898114,-2.077008,Male,18-24,White - English/Welsh/Scottish/Northern Irish/British,White,Police and Criminal Evidence Act 1984 (section 1),Articles for use in criminal damage,A no further action disposal,True,False
Person search,2023-02-25T00:00:00+00:00,False,,51.898114,-2.077008,Male,18-24,Mixed/Multiple ethnic groups - Any other Mixed/Multiple ethnic background,Other,Police and Criminal Evidence Act 1984 (section 1),Articles for use in criminal damage,A no further action disposal,False,False
Vehicle search,2023-02-25T14:48:00+00:00,False,,51.890296,-2.124873,Other,,,,Police and Criminal Evidence Act 1984 (section 1),Article for use in theft,A no further action disposal,False,
Person search,2023-02-25T16:00:00+00:00,False,,51.746212,-2.218869,Male,,Other ethnic group - Not stated,Other,Police and Criminal Evidence Act 1984 (section 1),Offensive weapons,Arrest,False,False
Person search,2023-02-25T17:21:00+00:00,False,,51.865118,-2.241898,Male,over 34,White - English/Welsh/Scottish/Northern Irish/British,White,Misuse of Drugs Act 1971 (section 23),Controlled drugs,Arrest,True,False
Person search,2023-02-26T01:06:00+00:00,False,,51.898764,-2.073274,Male,18-24,White - English/Welsh/Scottish/Northern Irish/British,White,Misuse of Drugs Act 1971 (section 23),Controlled drugs,Community resolution,True,False
Person search,2023-02-26T01:18:00+00:00,False,,51.898764,-2.073274,Male,18-24,White - English/Welsh/Scottish/Northern Irish/British,White,Misuse of Drugs Act 1971 (section 23),Controlled drugs,Community resolution,True,False
Person search,2023-02-26T01:18:00+00:00,False,,51.898764,-2.073274,Male,18-24,White - English/Welsh/Scottish/Northern Irish/British,White,Misuse of Drugs Act 1971 (section 23),Controlled drugs,Community resolution,True,False
Person search,2023-02-26T02:27:00+00:00,False,,51.898005,-2.079188,Male,10-17,White - English/Welsh/Scottish/Northern Irish/British,White,Police and Criminal Evidence Act 1984 (section 1),Offensive weapons,A no further action disposal,False,False
Person search,2023-02-26T02:28:00+00:00,False,,,,Male,18-24,White - English/Welsh/Scottish/Northern Irish/British,White,Police and Criminal Evidence Act 1984 (section 1),Articles for use in criminal damage,A no further action disposal,False,False
Person search,2023-02-26T02:28:00+00:00,False,,51.898005,-2.079188,Male,18-24,White - English/Welsh/Scottish/Northern Irish/British,White,Police and Criminal Evidence Act 1984 (section 1),Articles for use in criminal damage,A no further action disposal,False,False
Person search,2023-02-26T10:21:00+00:00,False,,51.790613,-1.867514,Male,18-24,Mixed/Multiple ethnic groups - White and Asian,Other,Misuse of Drugs Act 1971 (section 23),Controlled drugs,A no further action disposal,True,False
Person search,2023-02-26T10:21:00+00:00,False,,,,Male,18-24,Mixed/Multiple ethnic groups - White and Asian,Other,Misuse of Drugs Act 1971 (section 23),Controlled drugs,A no further action disposal,True,False
Person and Vehicle search,2023-02-26T10:25:00+00:00,False,,51.790613,-1.867514,Male,10-17,White - English/Welsh/Scottish/Northern Irish/British,White,Misuse of Drugs Act 1971 (section 23),Controlled drugs,Arrest,True,
Person and Vehicle search,2023-02-26T10:25:00+00:00,False,,51.790613,-1.867514,Male,10-17,White - English/Welsh/Scottish/Northern Irish/British,White,Misuse of Drugs Act 1971 (section 23),Controlled drugs,Arrest,True,
Person search,2023-02-26T17:05:00+00:00,False,,51.908686,-2.078363,Male,10-17,White - English/Welsh/Scottish/Northern Irish/British,White,Misuse of Drugs Act 1971 (section 23),Controlled drugs,A no further action disposal,False,False
Person search,2023-02-26T18:15:00+00:00,False,,51.919851,-2.113977,Male,10-17,White - English/Welsh/Scottish/Northern Irish/British,White,Police and Criminal Evidence Act 1984 (section 1),Article for use in theft,A no further action disposal,False,False
Person search,2023-02-26T18:15:00+00:00,False,,51.919851,-2.113977,Male,18-24,White - English/Welsh/Scottish/Northern Irish/British,White,Police and Criminal Evidence Act 1984 (section 1),Stolen goods,Khat or Cannabis warning,False,False
Person search,2023-02-26T18:15:00+00:00,False,,51.919851,-2.113977,Male,10-17,Other ethnic group - Not stated,Other,Police and Criminal Evidence Act 1984 (section 1),Article for use in theft,A no further action disposal,True,False
Person search,2023-02-27T14:50:00+00:00,False,,51.860755,-2.243385,Male,18-24,Black/African/Caribbean/Black British - Caribbean,Black,Misuse of Drugs Act 1971 (section 23),Controlled drugs,Arrest,True,False
Person and Vehicle search,2023-02-27T15:00:00+00:00,False,,51.860755,-2.243385,Female,over 34,White - English/Welsh/Scottish/Northern Irish/British,White,Misuse of Drugs Act 1971 (section 23),Controlled drugs,A no further action disposal,False,
Person search,2023-02-27T15:37:00+00:00,False,,51.895577,-2.079736,Male,over 34,White - English/Welsh/Scottish/Northern Irish/British,White,Police and Criminal Evidence Act 1984 (section 1),Offensive weapons,A no further action disposal,True,False
Person search,2023-02-27T20:08:00+00:00,False,,51.714301,-1.956327,Male,10-17,White - English/Welsh/Scottish/Northern Irish/British,White,Police and Criminal Evidence Act 1984 (section 1),Offensive weapons,A no further action disposal,False,False
Vehicle search,2023-02-27T22:37:00+00:00,False,,51.927961,-2.406381,Male,,,,Misuse of Drugs Act 1971 (section 23),Controlled drugs,Arrest,False,
Person search,2023-02-28T02:26:00+00:00,False,,,,Male,,,,Misuse of Drugs Act 1971 (section 23),Controlled drugs,A no further action disposal,False,False
Person search,2023-02-28T13:30:00+00:00,False,,51.898317,-2.068652,Male,25-34,,,Police and Criminal Evidence Act 1984 (section 1),Stolen goods,A no further action disposal,False,False
Person search,2023-02-28T13:30:00+00:00,False,,51.900276,-2.070457,Male,18-24,,,Police and Criminal Evidence Act 1984 (section 1),Stolen goods,A no further action disposal,False,False
Person search,2023-02-28T14:39:00+00:00,False,,51.904836,-2.082150,Female,over 34,White - English/Welsh/Scottish/Northern Irish/British,White,Misuse of Drugs Act 1971 (section 23),Controlled drugs,A no further action disposal,False,False
Person search,2023-02-28T14:40:00+00:00,False,,51.864827,-2.248170,Female,over 34,White - English/Welsh/Scottish/Northern Irish/British,White,Misuse of Drugs Act 1971 (section 23),Controlled drugs,A no further action disposal,True,False
Person and Vehicle search,2023-02-28T16:15:00+00:00,False,,51.749894,-2.211847,Male,over 34,White - English/Welsh/Scottish/Northern Irish/British,White,Misuse of Drugs Act 1971 (section 23),Controlled drugs,A no further action disposal,True,
Person search,2023-02-28T17:30:00+00:00,False,,51.899349,-2.071153,Male,10-17,White - English/Welsh/Scottish/Northern Irish/British,White,Police and Criminal Evidence Act 1984 (section 1),Articles for use in criminal damage,Arrest,True,False
Person search,2023-02-28T17:45:00+00:00,False,,51.905516,-2.072660,Male,18-24,White - English/Welsh/Scottish/Northern Irish/British,White,Misuse of Drugs Act 1971 (section 23),Controlled drugs,A no further action disposal,False,False
