Type,Date,Part of a policing operation,Policing operation,Latitude,Longitude,Gender,Age range,Self-defined ethnicity,Officer-defined ethnicity,Legislation,Object of search,Outcome,Outcome linked to object of search,Removal of more than just outer clothing
Person search,2023-02-01T11:22:00+00:00,False,,52.628157,1.287859,Male,10-17,White - English/Welsh/Scottish/Northern Irish/British,White,Misuse of Drugs Act 1971 (section 23),Controlled drugs,A no further action disposal,True,False
Person search,2023-02-01T12:25:00+00:00,False,,52.415783,0.746821,Male,10-17,White - English/Welsh/Scottish/Northern Irish/British,White,Police and Criminal Evidence Act 1984 (section 1),Articles for use in criminal damage,A no further action disposal,False,False
Person search,2023-02-01T12:25:00+00:00,False,,52.416537,0.748030,Female,10-17,Other ethnic group - Not stated,White,Police and Criminal Evidence Act 1984 (section 1),Articles for use in criminal damage,A no further action disposal,False,False
Person search,2023-02-01T12:26:00+00:00,False,,52.416537,0.748030,Male,10-17,White - Any other White background,White,Police and Criminal Evidence Act 1984 (section 1),Articles for use in criminal damage,A no further action disposal,False,False
Person search,2023-02-01T13:02:00+00:00,False,,52.574071,1.719842,Other,,,,Misuse of Drugs Act 1971 (section 23),Controlled drugs,A no further action disposal,False,False
Person search,2023-02-01T13:30:00+00:00,False,,52.334604,0.529503,Male,25-34,White - English/Welsh/Scottish/Northern Irish/British,White,Police and Criminal Evidence Act 1984 (section 1),Article for use in theft,A no further action disposal,False,False
Person search,2023-02-01T13:30:00+00:00,False,,52.334604,0.529503,Male,25-34,White - Any other White background,White,Police and Criminal Evidence Act 1984 (section 1),Article for use in theft,A no further action disposal,False,False
Person search,2023-02-01T14:00:00+00:00,False,,52.757652,0.416383,Female,over 34,White - Any other White background,White,Misuse of Drugs Act 1971 (section 23),Controlled drugs,A no further action disposal,False,False
Person search,2023-02-01T14:16:00+00:00,False,,52.757652,0.416383,Male,over 34,White - Any other White background,White,Misuse of Drugs Act 1971 (section 23),Controlled drugs,A no further action disposal,False,False
Person search,2023-02-01T14:31:00+00:00,False,,52.630326,1.289071,Male,25-34,White - English/Welsh/Scottish/Northern Irish/British,White,Misuse of Drugs Act 1971 (section 23),Controlled drugs,Arrest,True,False
Person search,2023-02-01T14:50:00+00:00,False,,52.630326,1.289071,Male,25-34,White - English/Welsh/Scottish/Northern Irish/British,White,Misuse of Drugs Act 1971 (section 23),Controlled drugs,Summons / charged by post,True,False
Person search,2023-02-01T15:00:00+00:00,False,,52.607982,1.728688,Male,18-24,White - English/Welsh/Scottish/Northern Irish/British,White,Misuse of Drugs Act 1971 (section 23),Controlled drugs,Arrest,True,False
Person search,2023-02-01T15:35:00+00:00,False,,52.763860,0.428971,Male,10-17,White - English/Welsh/Scottish/Northern Irish/British,White,Police and Criminal Evidence Act 1984 (section 1),Article for use in theft,A no further action disposal,False,False
Person search,2023-02-01T15:36:00+00:00,False,,52.763860,0.428971,Male,10-17,White - Any other White background,White,Police and Criminal Evidence Act 1984 (section 1),Article for use in theft,A no further action disposal,False,False
Person search,2023-02-01T17:11:00+00:00,False,,52.609113,1.732478,Male,over 34,White - English/Welsh/Scottish/Northern Irish/British,White,Misuse of Drugs Act 1971 (section 23),Controlled drugs,Arrest,True,False
Person search,2023-02-01T17:30:00+00:00,False,,52.647037,1.319663,Male,25-34,White - English/Welsh/Scottish/Northern Irish/British,White,Misuse of Drugs Act 1971 (section 23),Controlled drugs,A no further action disposal,False,False
Person search,2023-02-01T22:33:00+00:00,False,,52.627613,1.296030,Male,10-17,White - English/Welsh/Scottish/Northern Irish/British,White,Police and Criminal Evidence Act 1984 (section 1),Offensive weapons,A no further action disposal,False,False
Person search,2023-02-01T23:00:00+00:00,False,,52.662372,0.163520,Male,over 34,White - Any other White background,White,Misuse of Drugs Act 1971 (section 23),Controlled drugs,Arrest,True,False
Person search,2023-02-01T23:30:00+00:00,False,,52.749534,0.403916,Female,18-24,White - English/Welsh/Scottish/Northern Irish/British,White,Police and Criminal Evidence Act 1984 (section 1),Offensive weapons,Arrest,True,False
Person search,2023-02-02T01:25:00+00:00,False,,52.605739,1.727359,Male,,Other ethnic group - Not stated,White,Misuse of Drugs Act 1971 (section 23),Controlled drugs,A no further action disposal,False,False
Person search,2023-02-02T09:11:00+00:00,False,,52.609113,1.732478,Male,over 34,White - English/Welsh/Scottish/Northern Irish/British,White,Misuse of Drugs Act 1971 (section 23),Controlled drugs,Arrest,True,False
Person search,2023-02-02T11:30:00+00:00,False,,52.645825,1.191731,Female,25-34,White - Any other White background,White,Misuse of Drugs Act 1971 (section 23),Controlled drugs,A no further action disposal,False,False
Person search,2023-02-02T13:28:00+00:00,False,,52.608139,1.730829,Male,over 34,White - English/Welsh/Scottish/Northern Irish/British,White,Misuse of Drugs Act 1971 (section 23),Controlled drugs,Summons / charged by post,True,True
Person search,2023-02-02T13:35:00+00:00,True,,52.552973,0.861077,Male,18-24,Mixed/Multiple ethnic groups - Any other Mixed/Multiple ethnic background,Asian,Misuse of Drugs Act 1971 (section 23),Controlled drugs,Arrest,True,False
Person search,2023-02-02T13:55:00+00:00,False,,52.581763,0.428262,Male,25-34,White - English/Welsh/Scottish/Northern Irish/British,White,Misuse of Drugs Act 1971 (section 23),Controlled drugs,Arrest,True,False
Person search,2023-02-02T14:14:00+00:00,False,,52.615387,1.719180,Male,18-24,White - English/Welsh/Scottish/Northern Irish/British,White,Misuse of Drugs Act 1971 (section 23),Controlled drugs,A no further action disposal,False,False
Person search,2023-02-02T14:14:00+00:00,False,,52.615387,1.719180,Male,18-24,White - English/Welsh/Scottish/Northern Irish/British,White,Misuse of Drugs Act 1971 (section 23),Controlled drugs,Khat or Cannabis warning,True,False
Person search,2023-02-02T14:14:00+00:00,False,,52.615387,1.719180,Male,10-17,White - English/Welsh/Scottish/Northern Irish/British,White,Misuse of Drugs Act 1971 (section 23),Controlled drugs,Khat or Cannabis warning,False,False
Person search,2023-02-02T15:24:00+00:00,False,,52.578579,1.726928,Male,over 34,White - English/Welsh/Scottish/Northern Irish/British,White,Police and Criminal Evidence Act 1984 (section 1),Article for use in theft,A no further action disposal,False,False
Person search,2023-02-02T16:23:00+00:00,False,,52.615985,1.720177,Female,10-17,Other ethnic group - Not stated,White,Police and Criminal Evidence Act 1984 (section 1),Article for use in theft,Arrest,False,False
Person search,2023-02-02T21:40:00+00:00,False,,52.659601,0.168657,Male,10-17,White - Any other White background,White,Misuse of Drugs Act 1971 (section 23),Controlled drugs,Arrest,True,False
Person search,2023-02-02T21:40:00+00:00,False,,52.659601,0.168657,Male,18-24,White - Any other White background,White,Misuse of Drugs Act 1971 (section 23),Controlled drugs,Arrest,True,False
Person search,2023-02-03T00:25:00+00:00,False,,52.625505,1.729514,Male,25-34,White - English/Welsh/Scottish/Northern Irish/British,White,Police and Criminal Evidence Act 1984 (section 1),Article for use in theft,Community resolution,False,False
Person search,2023-02-03T00:37:00+00:00,True,,52.621477,1.726599,Male,25-34,White - Any other White background,White,Police and Criminal Evidence Act 1984 (section 1),Article for use in theft,A no further action disposal,False,False
Person search,2023-02-03T00:57:00+00:00,False,,52.594801,1.275789,Male,25-34,White - Any other White background,White,Police and Criminal Evidence Act 1984 (section 1),Article for use in theft,A no further action disposal,False,False
Person search,2023-02-03T01:00:00+00:00,False,,52.594801,1.275789,Male,25-34,Mixed/Multiple ethnic groups - Any other Mixed/Multiple ethnic background,Other,Police and Criminal Evidence Act 1984 (section 1),Article for use in theft,A no further action disposal,False,False
Person search,2023-02-03T01:00:00+00:00,False,,52.594801,1.275789,Male,18-24,Other ethnic group - Any other ethnic group,Asian,Police and Criminal Evidence Act 1984 (section 1),Stolen goods,A no further action disposal,False,False
Person search,2023-02-03T01:27:00+00:00,False,,52.594801,1.275789,Male,18-24,Other ethnic group - Any other ethnic group,Asian,Police and Criminal Evidence Act 1984 (section 1),Stolen goods,A no further action disposal,False,False
Person search,2023-02-03T19:42:00+00:00,False,,52.644655,1.276677,Male,18-24,Other ethnic group - Not stated,White,Police and Criminal Evidence Act 1984 (section 1),Offensive weapons,A no further action disposal,False,False
Person search,2023-02-03T20:10:00+00:00,False,,52.932850,0.485762,Male,over 34,White - Any other White background,White,Misuse of Drugs Act 1971 (section 23),Controlled drugs,A no further action disposal,False,False
Person search,2023-02-03T22:34:00+00:00,False,,52.607811,1.728503,Male,25-34,White - English/Welsh/Scottish/Northern Irish/British,White,Police and Criminal Evidence Act 1984 (section 1),Articles for use in criminal damage,A no further action disposal,False,False
Person search,2023-02-04T01:07:00+00:00,False,,52.542972,1.476890,Male,,White - English/Welsh/Scottish/Northern Irish/British,White,Police and Criminal Evidence Act 1984 (section 1),Offensive weapons,Arrest,False,False
Person search,2023-02-04T03:15:00+00:00,False,,,,Male,18-24,White - Any other White background,White,Misuse of Drugs Act 1971 (section 23),Controlled drugs,Summons / charged by post,True,False
Person search,2023-02-04T04:10:00+00:00,False,,52.239224,0.737631,Female,,Other ethnic group - Not stated,Black,Misuse of Drugs Act 1971 (section 23),Controlled drugs,Arrest,False,False
Person search,2023-02-04T05:50:00+00:00,False,,52.598997,1.715220,Male,18-24,White - English/Welsh/Scottish/Northern Irish/British,White,Police and Criminal Evidence Act 1984 (section 1),Article for use in theft,A no further action disposal,False,False
Person search,2023-02-04T11:15:00+00:00,False,,52.632572,1.305308,Male,18-24,Black/African/Caribbean/Black British - Any other Black/African/Caribbean background,Black,Misuse of Drugs Act 1971 (section 23),Controlled drugs,A no further action disposal,False,True
Person search,2023-02-04T11:15:00+00:00,False,,52.632572,1.305308,Male,over 34,White - English/Welsh/Scottish/Northern Irish/British,White,Misuse of Drugs Act 1971 (section 23),Controlled drugs,A no further action disposal,False,True
Person search,2023-02-04T16:26:00+00:00,False,,52.632857,1.281161,Male,10-17,White - English/Welsh/Scottish/Northern Irish/British,White,Police and Criminal Evidence Act 1984 (section 1),Offensive weapons,A no further action disposal,False,False
Person search,2023-02-04T18:18:00+00:00,False,,52.613325,1.300192,Male,18-24,Other ethnic group - Not stated,Black,Misuse of Drugs Act 1971 (section 23),Controlled drugs,A no further action disposal,False,False
Person search,2023-02-04T19:15:00+00:00,False,,52.626308,1.281247,Male,10-17,White - English/Welsh/Scottish/Northern Irish/British,White,Misuse of Drugs Act 1971 (section 23),Controlled drugs,A no further action disposal,False,False
Person search,2023-02-04T21:33:00+00:00,False,,52.413380,0.745363,Male,25-34,White - English/Welsh/Scottish/Northern Irish/British,White,Misuse of Drugs Act 1971 (section 23),Controlled drugs,A no further action disposal,False,False
Person search,2023-02-05T03:17:00+00:00,False,,52.932570,1.297166,Male,25-34,White - English/Welsh/Scottish/Northern Irish/British,White,Police and Criminal Evidence Act 1984 (section 1),Article for use in theft,A no further action disposal,False,False
Person search,2023-02-05T03:20:00+00:00,False,,,,Male,25-34,White - Any other White background,White,Police and Criminal Evidence Act 1984 (section 1),Stolen goods,A no further action disposal,True,False
Person search,2023-02-05T12:24:00+00:00,False,,52.640036,1.304167,Male,over 34,White - English/Welsh/Scottish/Northern Irish/British,White,Misuse of Drugs Act 1971 (section 23),Controlled drugs,A no further action disposal,False,False
Person search,2023-02-05T17:10:00+00:00,False,,52.649504,1.275975,Male,10-17,Other ethnic group - Any other ethnic group,Black,Police and Criminal Evidence Act 1984 (section 1),Offensive weapons,A no further action disposal,False,False
Person search,2023-02-06T13:20:00+00:00,False,,52.658441,1.310662,Male,18-24,White - Any other White background,White,Police and Criminal Evidence Act 1984 (section 1),Stolen goods,Community resolution,True,False
Person search,2023-02-06T14:18:57+00:00,False,,52.629018,1.269093,Male,18-24,White - English/Welsh/Scottish/Northern Irish/British,White,Misuse of Drugs Act 1971 (section 23),Controlled drugs,A no further action disposal,False,False
Person search,2023-02-06T16:07:00+00:00,False,,52.415047,0.731628,Male,10-17,White - English/Welsh/Scottish/Northern Irish/British,White,Police and Criminal Evidence Act 1984 (section 1),Articles for use in criminal damage,A no further action disposal,True,False
Person search,2023-02-07T17:02:00+00:00,False,,52.605342,1.716245,Female,25-34,White - English/Welsh/Scottish/Northern Irish/British,White,Police and Criminal Evidence Act 1984 (section 1),Articles for use in criminal damage,A no further action disposal,False,False
Person search,2023-02-07T21:25:00+00:00,False,,52.618424,1.727847,Male,10-17,White - English/Welsh/Scottish/Northern Irish/British,White,Misuse of Drugs Act 1971 (section 23),Controlled drugs,Community resolution,True,False
Person search,2023-02-07T21:26:00+00:00,False,,52.617572,1.728632,Male,10-17,Mixed/Multiple ethnic groups - White and Black Caribbean,Black,Misuse of Drugs Act 1971 (section 23),Controlled drugs,Community resolution,True,False
Person search,2023-02-07T22:10:00+00:00,False,,52.636426,1.326989,Male,10-17,White - English/Welsh/Scottish/Northern Irish/British,White,Police and Criminal Evidence Act 1984 (section 1),Offensive weapons,A no further action disposal,False,False
Person search,2023-02-07T22:15:00+00:00,False,,52.636426,1.326989,Male,10-17,White - English/Welsh/Scottish/Northern Irish/British,White,Police and Criminal Evidence Act 1984 (section 1),Offensive weapons,A no further action disposal,False,False
Person search,2023-02-07T22:20:00+00:00,False,,52.636426,1.326989,Male,10-17,Other ethnic group - Not stated,White,Police and Criminal Evidence Act 1984 (section 1),Offensive weapons,A no further action disposal,False,False
Person search,2023-02-08T03:22:00+00:00,False,,50.910446,-0.239234,Male,18-24,Other ethnic group - Not stated,Black,Misuse of Drugs Act 1971 (section 23),Controlled drugs,A no further action disposal,True,False
Person search,2023-02-08T03:34:00+00:00,False,,52.699480,1.243686,Female,10-17,White - Any other White background,White,Misuse of Drugs Act 1971 (section 23),Controlled drugs,A no further action disposal,False,False
Person search,2023-02-08T10:50:00+00:00,False,,52.607075,1.730059,Male,18-24,White - Any other White background,White,Misuse of Drugs Act 1971 (section 23),Controlled drugs,A no further action disposal,False,False
Person search,2023-02-08T13:39:00+00:00,False,,52.663375,0.167637,Male,25-34,White - Any other White background,White,Misuse of Drugs Act 1971 (section 23),Controlled drugs,Community resolution,True,False
Person search,2023-02-08T17:18:00+00:00,False,,52.411588,0.744311,Male,over 34,White - English/Welsh/Scottish/Northern Irish/British,White,Misuse of Drugs Act 1971 (section 23),Controlled drugs,Arrest,True,False
Person search,2023-02-08T19:41:00+00:00,False,,52.634035,1.279239,Male,,Other ethnic group - Not stated,Black,Police and Criminal Evidence Act 1984 (section 1),Offensive weapons,A no further action disposal,False,False
Person search,2023-02-08T21:00:00+00:00,False,,52.647826,1.285631,Male,10-17,White - English/Welsh/Scottish/Northern Irish/British,White,Misuse of Drugs Act 1971 (section 23),Controlled drugs,A no further action disposal,True,False
Person search,2023-02-08T21:00:00+00:00,False,,52.647826,1.285631,Male,10-17,White - Any other White background,White,Misuse of Drugs Act 1971 (section 23),Controlled drugs,A no further action disposal,False,False
Person search,2023-02-08T22:05:00+00:00,False,,52.421293,0.732955,Male,10-17,White - English/Welsh/Scottish/Northern Irish/British,White,Misuse of Drugs Act 1971 (section 23),Controlled drugs,Community resolution,True,False
Person search,2023-02-08T22:24:00+00:00,False,,52.619847,1.732934,Male,25-34,,Other,Misuse of Drugs Act 1971 (section 23),Controlled drugs,A no further action disposal,False,False
Person search,2023-02-08T23:19:00+00:00,False,,,,Male,25-34,White - English/Welsh/Scottish/Northern Irish/British,White,Police and Criminal Evidence Act 1984 (section 1),Offensive weapons,A no further action disposal,False,False
Person search,2023-02-09T19:00:00+00:00,False,,52.610347,1.729273,Female,over 34,Other ethnic group - Not stated,Other,Police and Criminal Evidence Act 1984 (section 1),Stolen goods,A no further action disposal,False,False
Person search,2023-02-09T19:00:00+00:00,False,,52.610347,1.729273,Female,over 34,Other ethnic group - Not stated,,Police and Criminal Evidence Act 1984 (section 1),Stolen goods,A no further action disposal,True,False
Person search,2023-02-09T19:30:00+00:00,False,,52.665748,0.172590,Male,18-24,White - English/Welsh/Scottish/Northern Irish/British,White,Misuse of Drugs Act 1971 (section 23),Controlled drugs,Arrest,True,False
Person search,2023-02-09T20:05:00+00:00,False,,52.633785,1.326878,Male,10-17,Other ethnic group - Not stated,White,Police and Criminal Evidence Act 1984 (section 1),Offensive weapons,A no further action disposal,False,False
Person search,2023-02-09T20:45:36+00:00,False,,52.604472,1.735915,Male,18-24,White - English/Welsh/Scottish/Northern Irish/British,White,Misuse of Drugs Act 1971 (section 23),Controlled drugs,A no further action disposal,False,False
Person search,2023-02-09T20:46:00+00:00,False,,52.606363,1.736100,Male,18-24,White - Any other White background,White,Misuse of Drugs Act 1971 (section 23),Controlled drugs,A no further action disposal,False,False
Person search,2023-02-09T21:25:00+00:00,False,,52.606757,1.733311,Male,25-34,White - English/Welsh/Scottish/Northern Irish/British,White,Police and Criminal Evidence Act 1984 (section 1),Offensive weapons,A no further action disposal,False,False
Person search,2023-02-10T09:53:00+00:00,False,,52.602867,0.388934,Female,10-17,Other ethnic group - Not stated,Other,Police and Criminal Evidence Act 1984 (section 1),Offensive weapons,A no further action disposal,False,False
Person search,2023-02-10T15:00:00+00:00,False,,52.624516,1.291471,Male,over 34,White - English/Welsh/Scottish/Northern Irish/British,White,Police and Criminal Evidence Act 1984 (section 1),Stolen goods,Arrest,True,False
Person search,2023-02-10T15:00:00+00:00,False,,52.624516,1.291471,Female,over 34,White - English/Welsh/Scottish/Northern Irish/British,White,Police and Criminal Evidence Act 1984 (section 1),Stolen goods,Arrest,True,False
Person search,2023-02-10T18:15:00+00:00,False,,52.644820,1.271707,Male,10-17,White - English/Welsh/Scottish/Northern Irish/British,White,Misuse of Drugs Act 1971 (section 23),Controlled drugs,Summons / charged by post,True,False
Person search,2023-02-10T19:40:00+00:00,False,,52.613835,1.734166,Male,10-17,White - English/Welsh/Scottish/Northern Irish/British,White,Police and Criminal Evidence Act 1984 (section 1),Offensive weapons,Community resolution,False,False
Person search,2023-02-10T23:15:00+00:00,False,,52.412963,0.748205,Male,10-17,Other ethnic group - Not stated,White,Misuse of Drugs Act 1971 (section 23),Controlled drugs,A no further action disposal,False,False
Person search,2023-02-10T23:15:00+00:00,False,,52.412963,0.748205,Male,18-24,Other ethnic group - Not stated,White,Misuse of Drugs Act 1971 (section 23),Controlled drugs,A no further action disposal,False,False
Person search,2023-02-10T23:15:00+00:00,False,,52.412963,0.748205,Male,,Other ethnic group - Not stated,White,Misuse of Drugs Act 1971 (section 23),Controlled drugs,A no further action disposal,False,False
Person search,2023-02-10T23:39:00+00:00,False,,52.615189,1.296890,Male,over 34,White - English/Welsh/Scottish/Northern Irish/British,White,Misuse of Drugs Act 1971 (section 23),Controlled drugs,A no further action disposal,False,False
Person search,2023-02-10T23:43:00+00:00,False,,52.615189,1.296890,Male,over 34,White - English/Welsh/Scottish/Northern Irish/British,White,Misuse of Drugs Act 1971 (section 23),Controlled drugs,A no further action disposal,False,False
Person search,2023-02-11T03:09:00+00:00,False,,52.488123,1.234774,Male,10-17,White - English/Welsh/Scottish/Northern Irish/British,White,Police and Criminal Evidence Act 1984 (section 1),Offensive weapons,A no further action disposal,False,False
Person search,2023-02-11T13:05:00+00:00,False,,52.602122,1.731676,Male,over 34,White - English/Welsh/Scottish/Northern Irish/British,White,Misuse of Drugs Act 1971 (section 23),Controlled drugs,Arrest,True,False
Person search,2023-02-11T14:50:00+00:00,False,,52.605739,1.727359,Male,over 34,White - English/Welsh/Scottish/Northern Irish/British,White,Misuse of Drugs Act 1971 (section 23),Controlled drugs,A no further action disposal,False,False
Person search,2023-02-11T14:50:00+00:00,False,,52.601750,1.728645,Male,over 34,White - English/Welsh/Scottish/Northern Irish/British,White,Misuse of Drugs Act 1971 (section 23),Controlled drugs,A no further action disposal,False,False
Person search,2023-02-11T17:57:00+00:00,False,,52.610347,1.729273,Female,over 34,White - English/Welsh/Scottish/Northern Irish/British,White,Police and Criminal Evidence Act 1984 (section 1),Stolen goods,Community resolution,False,False
Person search,2023-02-11T18:32:00+00:00,False,,52.817158,1.384624,Male,10-17,Other ethnic group - Not stated,Black,Police and Criminal Evidence Act 1984 (section 1),Offensive weapons,Arrest,False,False
Person search,2023-02-11T18:34:00+00:00,False,,52.817158,1.384624,Male,10-17,White - English/Welsh/Scottish/Northern Irish/British,White,Police and Criminal Evidence Act 1984 (section 1),Article for use in theft,Arrest,False,False
Person search,2023-02-11T18:56:00+00:00,False,,52.817158,1.384624,Male,10-17,Other ethnic group - Not stated,White,Misuse of Drugs Act 1971 (section 23),Controlled drugs,A no further action disposal,True,False
Person search,2023-02-11T19:01:00+00:00,False,,52.817226,1.388753,Male,10-17,White - English/Welsh/Scottish/Northern Irish/British,White,Police and Criminal Evidence Act 1984 (section 1),Offensive weapons,Arrest,False,False
Person search,2023-02-12T00:55:00+00:00,False,,52.748686,0.406255,Female,18-24,Other ethnic group - Not stated,White,Police and Criminal Evidence Act 1984 (section 1),Offensive weapons,A no further action disposal,True,False
Person search,2023-02-12T02:50:00+00:00,False,,52.754575,0.396073,Male,over 34,Other ethnic group - Not stated,White,Police and Criminal Evidence Act 1984 (section 1),Article for use in theft,A no further action disposal,False,False
Person search,2023-02-12T12:25:00+00:00,False,,52.640183,0.837203,Male,over 34,White - English/Welsh/Scottish/Northern Irish/British,White,Poaching Prevention Act 1862 (section 2),Evidence of wildlife offences,Summons / charged by post,False,False
Person search,2023-02-12T12:25:00+00:00,False,,52.640183,0.837203,Male,25-34,Other ethnic group - Not stated,White,Poaching Prevention Act 1862 (section 2),Evidence of wildlife offences,A no further action disposal,False,False
Person search,2023-02-12T12:30:00+00:00,False,,52.640183,0.837203,Male,over 34,Other ethnic group - Not stated,White,Poaching Prevention Act 1862 (section 2),Evidence of wildlife offences,Summons / charged by post,False,False
Person search,2023-02-12T14:20:00+00:00,False,,52.669787,1.712573,Male,over 34,White - English/Welsh/Scottish/Northern Irish/British,White,Misuse of Drugs Act 1971 (section 23),Controlled drugs,A no further action disposal,False,False
Person search,2023-02-13T05:42:00+00:00,False,,52.606763,1.412640,Male,over 34,White - English/Welsh/Scottish/Northern Irish/British,White,Police and Criminal Evidence Act 1984 (section 1),Offensive weapons,Arrest,False,False
Person search,2023-02-13T12:00:00+00:00,False,,52.473990,1.414617,Female,over 34,White - Any other White background,White,Misuse of Drugs Act 1971 (section 23),Controlled drugs,A no further action disposal,False,False
Person search,2023-02-13T12:00:00+00:00,False,,52.473990,1.414617,Male,over 34,White - English/Welsh/Scottish/Northern Irish/British,White,Misuse of Drugs Act 1971 (section 23),Controlled drugs,A no further action disposal,False,False
Person search,2023-02-13T16:30:00+00:00,False,,52.606490,1.729492,Male,,Other ethnic group - Not stated,White,Police and Criminal Evidence Act 1984 (section 1),Offensive weapons,A no further action disposal,False,False
Person search,2023-02-13T16:45:00+00:00,False,,52.606115,1.735695,Male,,Other ethnic group - Not stated,White,Police and Criminal Evidence Act 1984 (section 1),Offensive weapons,A no further action disposal,False,False
Person search,2023-02-13T16:55:00+00:00,False,,52.606662,1.731752,Male,,Other ethnic group - Not stated,White,Police and Criminal Evidence Act 1984 (section 1),Offensive weapons,A no further action disposal,False,False
Person search,2023-02-13T23:15:00+00:00,False,,50.856983,-0.223914,Male,10-17,White - English/Welsh/Scottish/Northern Irish/British,White,Misuse of Drugs Act 1971 (section 23),Controlled drugs,A no further action disposal,True,False
Person search,2023-02-14T02:25:00+00:00,False,,52.632101,1.286056,Male,25-34,White - Any other White background,White,Police and Criminal Evidence Act 1984 (section 1),Offensive weapons,A no further action disposal,False,False
Person search,2023-02-14T02:25:00+00:00,False,,52.632101,1.286056,Male,25-34,White - English/Welsh/Scottish/Northern Irish/British,White,Police and Criminal Evidence Act 1984 (section 1),Offensive weapons,A no further action disposal,False,False
Person search,2023-02-14T02:25:00+00:00,False,,52.632101,1.286056,Male,25-34,White - English/Welsh/Scottish/Northern Irish/British,White,Police and Criminal Evidence Act 1984 (section 1),Offensive weapons,A no further action disposal,False,False
Person search,2023-02-14T08:00:00+00:00,False,,,,Male,10-17,Other ethnic group - Not stated,White,Police and Criminal Evidence Act 1984 (section 1),Controlled drugs,Arrest,True,False
Person search,2023-02-14T17:04:00+00:00,False,,52.751082,0.396311,Male,over 34,White - English/Welsh/Scottish/Northern Irish/British,White,Police and Criminal Evidence Act 1984 (section 1),Offensive weapons,A no further action disposal,False,False
Person search,2023-02-14T19:28:00+00:00,False,,52.931626,0.488847,Female,18-24,White - English/Welsh/Scottish/Northern Irish/British,White,Misuse of Drugs Act 1971 (section 23),Controlled drugs,Arrest,False,False
Person search,2023-02-14T20:25:00+00:00,False,,52.681162,0.940092,Male,over 34,Other ethnic group - Not stated,White,Police and Criminal Evidence Act 1984 (section 1),Stolen goods,Arrest,True,False
Person search,2023-02-15T00:50:00+00:00,False,,52.753974,0.335635,Male,25-34,White - English/Welsh/Scottish/Northern Irish/British,White,Misuse of Drugs Act 1971 (section 23),Controlled drugs,Community resolution,False,False
Person search,2023-02-15T10:39:00+00:00,False,,52.637469,0.200925,Male,25-34,White - Any other White background,White,Misuse of Drugs Act 1971 (section 23),Controlled drugs,Community resolution,False,False
Person search,2023-02-15T15:30:00+00:00,False,,52.530543,1.355607,Male,25-34,White - English/Welsh/Scottish/Northern Irish/British,White,Misuse of Drugs Act 1971 (section 23),Controlled drugs,A no further action disposal,True,False
Person search,2023-02-15T18:12:00+00:00,False,,52.578579,1.726928,Male,over 34,White - English/Welsh/Scottish/Northern Irish/British,White,Police and Criminal Evidence Act 1984 (section 1),Offensive weapons,A no further action disposal,False,False
Person search,2023-02-15T23:40:00+00:00,False,,52.740656,0.409398,Male,18-24,White - English/Welsh/Scottish/Northern Irish/British,White,Misuse of Drugs Act 1971 (section 23),Controlled drugs,Arrest,False,False
Person search,2023-02-16T00:01:00+00:00,False,,52.740656,0.409398,Male,18-24,White - English/Welsh/Scottish/Northern Irish/British,White,Misuse of Drugs Act 1971 (section 23),Controlled drugs,A no further action disposal,False,False
Person search,2023-02-16T10:50:00+00:00,False,,52.506956,1.003286,Male,18-24,White - English/Welsh/Scottish/Northern Irish/British,White,Misuse of Drugs Act 1971 (section 23),Controlled drugs,Arrest,True,False
Person search,2023-02-16T15:39:00+00:00,False,,52.821699,1.376767,Male,18-24,White - Any other White background,White,Police and Criminal Evidence Act 1984 (section 1),Offensive weapons,A no further action disposal,False,False
Person search,2023-02-16T17:00:00+00:00,False,,52.627637,1.297161,Male,25-34,White - English/Welsh/Scottish/Northern Irish/British,White,Misuse of Drugs Act 1971 (section 23),Controlled drugs,Summons / charged by post,True,False
Person search,2023-02-16T22:02:00+00:00,False,,52.817158,1.384624,Female,10-17,White - English/Welsh/Scottish/Northern Irish/British,White,Misuse of Drugs Act 1971 (section 23),Controlled drugs,A no further action disposal,False,False
Person search,2023-02-16T23:18:00+00:00,False,,52.604030,1.736477,Male,25-34,White - English/Welsh/Scottish/Northern Irish/British,White,Police and Criminal Evidence Act 1984 (section 1),Offensive weapons,A no further action disposal,False,False
Person search,2023-02-17T16:20:00+00:00,False,,52.627613,1.296030,Male,10-17,Black/African/Caribbean/Black British - Any other Black/African/Caribbean background,Black,Misuse of Drugs Act 1971 (section 23),Controlled drugs,A no further action disposal,False,False
Person search,2023-02-17T16:20:00+00:00,False,,52.627613,1.296030,Male,18-24,Black/African/Caribbean/Black British - Any other Black/African/Caribbean background,Black,Misuse of Drugs Act 1971 (section 23),Controlled drugs,A no further action disposal,False,False
Person search,2023-02-17T18:29:00+00:00,False,,52.627613,1.296030,Male,10-17,Black/African/Caribbean/Black British - Any other Black/African/Caribbean background,Black,Police and Criminal Evidence Act 1984 (section 1),Offensive weapons,A no further action disposal,False,False
Person search,2023-02-17T19:05:00+00:00,False,,52.628445,1.305262,Male,over 34,White - English/Welsh/Scottish/Northern Irish/British,White,Police and Criminal Evidence Act 1984 (section 1),Controlled drugs,A no further action disposal,False,False
Person search,2023-02-17T22:45:00+00:00,False,,52.751891,0.399408,Male,10-17,White - English/Welsh/Scottish/Northern Irish/British,White,Misuse of Drugs Act 1971 (section 23),Controlled drugs,A no further action disposal,True,False
Person search,2023-02-17T23:08:00+00:00,False,,52.576189,1.729426,Male,25-34,White - English/Welsh/Scottish/Northern Irish/British,White,Misuse of Drugs Act 1971 (section 23),Controlled drugs,Arrest,True,False
Person search,2023-02-18T01:38:00+00:00,False,,52.573727,1.715059,Other,,,,Police and Criminal Evidence Act 1984 (section 1),Article for use in theft,A no further action disposal,False,False
Person search,2023-02-18T01:45:00+00:00,False,,52.573931,1.715135,Male,25-34,White - Any other White background,White,Police and Criminal Evidence Act 1984 (section 1),Article for use in theft,A no further action disposal,False,False
Person search,2023-02-18T02:25:00+00:00,False,,52.575549,1.715184,Male,25-34,Other ethnic group - Not stated,White,Police and Criminal Evidence Act 1984 (section 1),Article for use in theft,A no further action disposal,False,False
Person search,2023-02-18T03:45:00+00:00,False,,52.628791,1.299967,Male,over 34,Other ethnic group - Not stated,White,Police and Criminal Evidence Act 1984 (section 1),Offensive weapons,A no further action disposal,False,False
Person search,2023-02-18T07:50:00+00:00,False,,52.760390,0.401090,Male,25-34,White - Any other White background,White,Police and Criminal Evidence Act 1984 (section 1),Article for use in theft,A no further action disposal,False,False
Person search,2023-02-18T12:40:00+00:00,False,,52.416381,0.755521,Male,over 34,White - English/Welsh/Scottish/Northern Irish/British,White,Misuse of Drugs Act 1971 (section 23),Controlled drugs,Caution (simple or conditional),True,False
Person search,2023-02-18T14:55:00+00:00,False,,52.627613,1.296030,Male,10-17,White - English/Welsh/Scottish/Northern Irish/British,White,Misuse of Drugs Act 1971 (section 23),Controlled drugs,Arrest,True,False
Person search,2023-02-18T17:45:00+00:00,False,,52.421379,0.733534,Male,18-24,Other ethnic group - Not stated,Black,Misuse of Drugs Act 1971 (section 23),Controlled drugs,A no further action disposal,False,False
Person search,2023-02-18T17:45:00+00:00,False,,52.421379,0.733534,Male,10-17,White - English/Welsh/Scottish/Northern Irish/British,White,Misuse of Drugs Act 1971 (section 23),Controlled drugs,A no further action disposal,False,False
Person search,2023-02-18T17:45:00+00:00,False,,52.421379,0.733534,Male,10-17,White - Any other White background,White,Misuse of Drugs Act 1971 (section 23),Offensive weapons,A no further action disposal,False,False
Person search,2023-02-18T17:45:00+00:00,False,,52.421379,0.733534,Male,10-17,White - Any other White background,White,Misuse of Drugs Act 1971 (section 23),Offensive weapons,A no further action disposal,True,False
Person search,2023-02-18T17:50:00+00:00,False,,52.421293,0.732955,Male,10-17,Other ethnic group - Not stated,White,Misuse of Drugs Act 1971 (section 23),Controlled drugs,A no further action disposal,False,False
Person search,2023-02-18T17:50:00+00:00,False,,52.421379,0.733534,Male,10-17,White - Any other White background,White,Misuse of Drugs Act 1971 (section 23),Controlled drugs,A no further action disposal,False,False
Person search,2023-02-18T19:37:00+00:00,False,,52.569946,1.344136,Male,25-34,White - English/Welsh/Scottish/Northern Irish/British,White,Police and Criminal Evidence Act 1984 (section 1),Stolen goods,Arrest,True,False
Person search,2023-02-18T21:18:00+00:00,False,,52.649459,1.188343,Male,18-24,White - English/Welsh/Scottish/Northern Irish/British,White,Misuse of Drugs Act 1971 (section 23),Controlled drugs,A no further action disposal,False,False
Person search,2023-02-18T23:14:00+00:00,False,,52.746009,0.404833,Male,25-34,White - Any other White background,White,Misuse of Drugs Act 1971 (section 23),Controlled drugs,Arrest,False,False
Person search,2023-02-18T23:20:00+00:00,False,,52.746009,0.404833,Female,25-34,White - English/Welsh/Scottish/Northern Irish/British,White,Misuse of Drugs Act 1971 (section 23),Controlled drugs,A no further action disposal,False,False
Person search,2023-02-19T09:20:00+00:00,False,,52.668227,1.290632,Male,over 34,White - Any other White background,White,Police and Criminal Evidence Act 1984 (section 1),Article for use in theft,A no further action disposal,False,False
Person search,2023-02-19T21:30:00+00:00,False,,52.515553,1.012835,Male,18-24,White - English/Welsh/Scottish/Northern Irish/British,White,Misuse of Drugs Act 1971 (section 23),Controlled drugs,A no further action disposal,False,False
Person search,2023-02-19T22:00:00+00:00,False,,52.790289,1.232730,Female,over 34,White - English/Welsh/Scottish/Northern Irish/British,White,Police and Criminal Evidence Act 1984 (section 6),Offensive weapons,Arrest,False,False
Person search,2023-02-19T22:14:00+00:00,False,,52.412963,0.748205,Male,10-17,Other ethnic group - Not stated,White,Misuse of Drugs Act 1971 (section 23),Controlled drugs,A no further action disposal,False,False
Person search,2023-02-20T11:15:00+00:00,False,,52.610347,1.729273,Female,18-24,Other ethnic group - Not stated,White,Police and Criminal Evidence Act 1984 (section 1),Stolen goods,A no further action disposal,False,False
Person search,2023-02-20T11:35:00+00:00,False,,52.610347,1.729273,Male,25-34,Other ethnic group - Not stated,Other,Police and Criminal Evidence Act 1984 (section 1),Stolen goods,A no further action disposal,False,False
Person search,2023-02-20T12:29:00+00:00,False,,52.606161,1.732788,Male,25-34,Other ethnic group - Not stated,White,Police and Criminal Evidence Act 1984 (section 1),Offensive weapons,Arrest,False,False
Person search,2023-02-20T15:17:00+00:00,False,,52.598913,1.730457,Male,25-34,White - English/Welsh/Scottish/Northern Irish/British,White,Misuse of Drugs Act 1971 (section 23),Controlled drugs,A no further action disposal,False,False
Person search,2023-02-20T15:30:00+00:00,False,,52.644499,1.338914,Male,10-17,Other ethnic group - Not stated,Black,Misuse of Drugs Act 1971 (section 23),Offensive weapons,A no further action disposal,True,False
Person search,2023-02-20T16:00:00+00:00,False,,52.616234,1.731414,Male,18-24,Other ethnic group - Not stated,Black,Misuse of Drugs Act 1971 (section 23),Controlled drugs,Arrest,False,False
Person search,2023-02-20T20:15:00+00:00,False,,52.606490,1.729492,Male,10-17,White - Any other White background,White,Police and Criminal Evidence Act 1984 (section 1),Offensive weapons,A no further action disposal,False,False
Person search,2023-02-20T20:16:00+00:00,False,,52.606490,1.729492,Male,10-17,White - Any other White background,White,Police and Criminal Evidence Act 1984 (section 1),Offensive weapons,Community resolution,False,False
Person search,2023-02-20T20:16:00+00:00,False,,52.606490,1.729492,Male,25-34,White - Any other White background,White,Police and Criminal Evidence Act 1984 (section 1),Offensive weapons,A no further action disposal,False,False
Person search,2023-02-20T21:11:00+00:00,False,,52.607265,1.723470,Male,10-17,White - English/Welsh/Scottish/Northern Irish/British,White,Police and Criminal Evidence Act 1984 (section 1),Offensive weapons,A no further action disposal,False,False
Person search,2023-02-20T21:11:00+00:00,False,,52.607265,1.723470,Male,10-17,White - English/Welsh/Scottish/Northern Irish/British,White,Police and Criminal Evidence Act 1984 (section 1),Offensive weapons,A no further action disposal,False,False
Person search,2023-02-20T21:55:00+00:00,False,,52.607867,1.737593,Other,,,,Misuse of Drugs Act 1971 (section 23),Controlled drugs,A no further action disposal,False,False
Person search,2023-02-20T22:24:00+00:00,False,,52.601516,1.719496,Male,over 34,Asian/Asian British - Any other Asian background,Asian,Misuse of Drugs Act 1971 (section 23),Controlled drugs,A no further action disposal,False,False
Person search,2023-02-21T03:47:00+00:00,False,,52.665423,1.185645,Male,25-34,White - English/Welsh/Scottish/Northern Irish/British,White,Police and Criminal Evidence Act 1984 (section 1),Stolen goods,A no further action disposal,False,False
Person search,2023-02-21T10:56:00+00:00,False,,52.642704,1.294170,Male,25-34,White - English/Welsh/Scottish/Northern Irish/British,White,Misuse of Drugs Act 1971 (section 23),Controlled drugs,Arrest,False,False
Person search,2023-02-21T10:56:00+00:00,False,,52.642697,1.295722,Male,18-24,White - English/Welsh/Scottish/Northern Irish/British,White,Misuse of Drugs Act 1971 (section 23),Controlled drugs,Arrest,False,False
Person search,2023-02-21T11:00:00+00:00,False,,52.504896,1.337998,Male,over 34,White - English/Welsh/Scottish/Northern Irish/British,White,Misuse of Drugs Act 1971 (section 23),Controlled drugs,Arrest,False,False
Person search,2023-02-21T11:00:00+00:00,False,,,,Male,18-24,White - English/Welsh/Scottish/Northern Irish/British,White,Police and Criminal Evidence Act 1984 (section 1),Article for use in theft,A no further action disposal,False,False
Person search,2023-02-21T11:00:00+00:00,False,,,,Male,18-24,White - English/Welsh/Scottish/Northern Irish/British,White,Police and Criminal Evidence Act 1984 (section 1),Article for use in theft,A no further action disposal,False,False
Person search,2023-02-21T14:29:00+00:00,False,,52.603553,1.732211,Male,10-17,White - English/Welsh/Scottish/Northern Irish/British,White,Misuse of Drugs Act 1971 (section 23),Controlled drugs,A no further action disposal,False,False
Person search,2023-02-21T16:00:00+00:00,False,,,,Male,25-34,White - English/Welsh/Scottish/Northern Irish/British,White,Misuse of Drugs Act 1971 (section 23),Controlled drugs,Khat or Cannabis warning,True,False
Person search,2023-02-21T16:35:00+00:00,False,,52.748657,0.407706,Male,,White - English/Welsh/Scottish/Northern Irish/British,White,Misuse of Drugs Act 1971 (section 23),Controlled drugs,A no further action disposal,False,False
Person search,2023-02-21T17:41:00+00:00,False,,52.644378,1.319860,Male,over 34,White - English/Welsh/Scottish/Northern Irish/British,White,Misuse of Drugs Act 1971 (section 23),Controlled drugs,Arrest,True,False
Person search,2023-02-21T21:25:00+00:00,False,,52.622753,1.311675,Male,25-34,White - English/Welsh/Scottish/Northern Irish/British,White,Misuse of Drugs Act 1971 (section 23),Controlled drugs,A no further action disposal,False,False
Person search,2023-02-21T22:57:00+00:00,False,,52.791419,1.233170,Male,18-24,White - English/Welsh/Scottish/Northern Irish/British,White,Misuse of Drugs Act 1971 (section 23),Controlled drugs,A no further action disposal,False,False
Person search,2023-02-22T11:00:00+00:00,False,,52.480729,1.297661,Male,10-17,Other ethnic group - Not stated,White,Misuse of Drugs Act 1971 (section 23),Controlled drugs,A no further action disposal,False,False
Person search,2023-02-22T11:00:00+00:00,False,,52.480729,1.297661,Male,10-17,Other ethnic group - Not stated,White,Misuse of Drugs Act 1971 (section 23),Controlled drugs,A no further action disposal,True,False
Person search,2023-02-22T11:00:00+00:00,False,,52.480729,1.297661,Male,10-17,Other ethnic group - Not stated,White,Misuse of Drugs Act 1971 (section 23),Controlled drugs,A no further action disposal,False,False
Person search,2023-02-22T12:02:00+00:00,False,,52.571610,1.723723,Male,25-34,White - English/Welsh/Scottish/Northern Irish/British,White,Misuse of Drugs Act 1971 (section 23),Controlled drugs,Arrest,False,False
Person search,2023-02-22T12:02:00+00:00,False,,52.571610,1.723723,Female,over 34,White - English/Welsh/Scottish/Northern Irish/British,White,Misuse of Drugs Act 1971 (section 23),Controlled drugs,Arrest,False,False
Person search,2023-02-22T12:45:00+00:00,False,,,,Male,10-17,White - English/Welsh/Scottish/Northern Irish/British,White,Misuse of Drugs Act 1971 (section 23),Controlled drugs,Arrest,True,False
Person search,2023-02-22T13:00:00+00:00,False,,,,Male,25-34,White - English/Welsh/Scottish/Northern Irish/British,White,Misuse of Drugs Act 1971 (section 23),Controlled drugs,A no further action disposal,False,False
Person search,2023-02-22T14:30:00+00:00,False,,52.420004,0.731934,Male,over 34,Black/African/Caribbean/Black British - Any other Black/African/Caribbean background,Black,Misuse of Drugs Act 1971 (section 23),Controlled drugs,A no further action disposal,False,False
Person search,2023-02-22T15:00:00+00:00,False,,52.800909,0.608327,Male,over 34,White - English/Welsh/Scottish/Northern Irish/British,White,Misuse of Drugs Act 1971 (section 23),Controlled drugs,A no further action disposal,False,False
Person search,2023-02-22T15:25:00+00:00,False,,52.419502,0.737286,Male,10-17,White - Any other White background,White,Misuse of Drugs Act 1971 (section 23),Controlled drugs,A no further action disposal,False,False
Person search,2023-02-22T15:25:00+00:00,False,,52.419502,0.737286,Male,10-17,White - English/Welsh/Scottish/Northern Irish/British,White,Misuse of Drugs Act 1971 (section 23),Controlled drugs,A no further action disposal,False,False
Person search,2023-02-22T15:30:00+00:00,False,,52.411588,0.744311,Male,over 34,White - Any other White background,White,Misuse of Drugs Act 1971 (section 23),Controlled drugs,A no further action disposal,False,False
Person search,2023-02-22T15:38:00+00:00,False,,52.646184,0.163194,Male,over 34,White - Any other White background,White,Misuse of Drugs Act 1971 (section 23),Controlled drugs,Arrest,False,False
Person search,2023-02-22T16:15:00+00:00,False,,52.659410,1.317510,Male,under 10,White - English/Welsh/Scottish/Northern Irish/British,White,Police and Criminal Evidence Act 1984 (section 1),Offensive weapons,A no further action disposal,False,False
Person search,2023-02-22T16:59:00+00:00,False,,52.606793,1.719884,Female,18-24,White - Any other White background,White,Misuse of Drugs Act 1971 (section 23),Controlled drugs,A no further action disposal,False,False
Person search,2023-02-22T16:59:00+00:00,False,,52.606793,1.719884,Male,25-34,Other ethnic group - Any other ethnic group,Other,Misuse of Drugs Act 1971 (section 23),Controlled drugs,A no further action disposal,False,False
Person search,2023-02-22T22:00:00+00:00,False,,52.838192,0.850975,Female,18-24,Other ethnic group - Not stated,White,Police and Criminal Evidence Act 1984 (section 1),Offensive weapons,Arrest,False,False
Person search,2023-02-23T02:45:00+00:00,False,,52.412361,0.743123,Male,,Other ethnic group - Not stated,White,Police and Criminal Evidence Act 1984 (section 1),Stolen goods,Arrest,False,False
Person search,2023-02-23T04:00:00+00:00,False,,52.412361,0.743123,Male,over 34,White - English/Welsh/Scottish/Northern Irish/British,White,Police and Criminal Evidence Act 1984 (section 1),Offensive weapons,A no further action disposal,False,False
Person search,2023-02-23T17:15:00+00:00,False,,52.597171,0.378935,Male,18-24,White - Any other White background,White,Misuse of Drugs Act 1971 (section 23),Controlled drugs,Arrest,False,False
Person search,2023-02-23T19:54:00+00:00,False,,52.419331,0.735349,Male,over 34,White - English/Welsh/Scottish/Northern Irish/British,White,Misuse of Drugs Act 1971 (section 23),Controlled drugs,A no further action disposal,False,False
Person search,2023-02-23T20:06:00+00:00,False,,52.419331,0.735349,Female,25-34,White - Any other White background,White,Misuse of Drugs Act 1971 (section 23),Controlled drugs,A no further action disposal,False,False
Person search,2023-02-24T15:01:00+00:00,False,,52.642697,1.295722,Male,over 34,White - English/Welsh/Scottish/Northern Irish/British,White,Misuse of Drugs Act 1971 (section 23),Controlled drugs,Arrest,True,False
Person search,2023-02-24T17:45:00+00:00,False,,52.695273,0.944385,Male,over 34,White - Any other White background,White,Misuse of Drugs Act 1971 (section 23),Controlled drugs,A no further action disposal,False,False
Person search,2023-02-24T17:45:00+00:00,False,,52.695273,0.944385,Female,over 34,White - Any other White background,White,Misuse of Drugs Act 1971 (section 23),Controlled drugs,A no further action disposal,False,False
Person search,2023-02-24T17:45:00+00:00,False,,52.695273,0.944385,Male,25-34,White - Any other White background,White,Misuse of Drugs Act 1971 (section 23),Controlled drugs,A no further action disposal,False,False
Person search,2023-02-24T20:45:00+00:00,False,,52.691279,0.938285,Male,25-34,White - English/Welsh/Scottish/Northern Irish/British,White,Misuse of Drugs Act 1971 (section 23),Controlled drugs,Community resolution,False,False
Person search,2023-02-24T20:45:00+00:00,False,,52.691279,0.938285,Male,18-24,White - Any other White background,White,Misuse of Drugs Act 1971 (section 23),Controlled drugs,Community resolution,False,False
Person search,2023-02-24T23:45:00+00:00,False,,52.629690,1.295157,Male,18-24,White - English/Welsh/Scottish/Northern Irish/British,White,Police and Criminal Evidence Act 1984 (section 1),Offensive weapons,Community resolution,False,False
Person search,2023-02-25T14:45:00+00:00,False,,52.621019,1.310318,Male,25-34,White - English/Welsh/Scottish/Northern Irish/British,White,Misuse of Drugs Act 1971 (section 23),Controlled drugs,Arrest,True,False
Person search,2023-02-25T15:00:00+00:00,False,,52.652003,1.286071,Male,10-17,Other ethnic group - Not stated,White,Misuse of Drugs Act 1971 (section 23),Controlled drugs,A no further action disposal,False,False
Person search,2023-02-25T15:10:00+00:00,False,,52.621019,1.310318,Male,over 34,White - English/Welsh/Scottish/Northern Irish/British,White,Misuse of Drugs Act 1971 (section 23),Controlled drugs,Arrest,False,False
Person search,2023-02-25T16:18:00+00:00,False,,52.499690,1.378794,Other,,,,Police and Criminal Evidence Act 1984 (section 1),Articles for use in criminal damage,A no further action disposal,False,False
Person search,2023-02-25T20:29:00+00:00,False,,52.593121,1.724456,Male,18-24,White - English/Welsh/Scottish/Northern Irish/British,White,Misuse of Drugs Act 1971 (section 23),Controlled drugs,Community resolution,True,False
Person search,2023-02-25T20:43:00+00:00,False,,52.590212,1.724282,Male,,White - English/Welsh/Scottish/Northern Irish/British,White,Misuse of Drugs Act 1971 (section 23),Controlled drugs,Community resolution,False,False
Person search,2023-02-25T20:54:00+00:00,False,,52.744951,0.554678,Male,over 34,White - English/Welsh/Scottish/Northern Irish/British,White,Police and Criminal Evidence Act 1984 (section 1),Article for use in theft,A no further action disposal,False,False
Person search,2023-02-25T21:00:00+00:00,False,,52.609810,1.330614,Male,over 34,White - English/Welsh/Scottish/Northern Irish/British,White,Police and Criminal Evidence Act 1984 (section 1),Offensive weapons,A no further action disposal,False,False
Person search,2023-02-25T21:40:00+00:00,False,,52.625091,1.220119,Male,25-34,,Asian,Police and Criminal Evidence Act 1984 (section 1),Article for use in theft,A no further action disposal,False,False
Person search,2023-02-25T23:45:00+00:00,False,,52.905239,0.755002,Male,18-24,White - English/Welsh/Scottish/Northern Irish/British,White,Misuse of Drugs Act 1971 (section 23),Controlled drugs,A no further action disposal,False,False
Person search,2023-02-25T23:45:00+00:00,False,,52.905239,0.755002,Male,18-24,White - English/Welsh/Scottish/Northern Irish/British,White,Misuse of Drugs Act 1971 (section 23),Controlled drugs,A no further action disposal,False,False
Person search,2023-02-25T23:45:00+00:00,False,,52.905239,0.755002,Male,25-34,White - English/Welsh/Scottish/Northern Irish/British,White,Misuse of Drugs Act 1971 (section 23),Controlled drugs,A no further action disposal,False,False
Person search,2023-02-25T23:45:00+00:00,False,,52.905239,0.755002,Male,18-24,Other ethnic group - Not stated,,Misuse of Drugs Act 1971 (section 23),Controlled drugs,Arrest,False,False
Person search,2023-02-26T13:20:00+00:00,False,,52.403123,0.732758,Male,10-17,Other ethnic group - Not stated,White,Police and Criminal Evidence Act 1984 (section 1),Offensive weapons,A no further action disposal,False,False
Person search,2023-02-26T14:00:00+00:00,False,,52.630928,1.287180,Male,18-24,Other ethnic group - Not stated,White,Misuse of Drugs Act 1971 (section 23),Article for use in theft,A no further action disposal,False,True
Person search,2023-02-26T14:00:00+00:00,False,,52.630928,1.287180,Female,18-24,Other ethnic group - Not stated,White,Misuse of Drugs Act 1971 (section 23),Controlled drugs,A no further action disposal,False,True
Person search,2023-02-26T15:24:00+00:00,False,,52.678477,0.943950,Male,10-17,White - English/Welsh/Scottish/Northern Irish/British,White,Police and Criminal Evidence Act 1984 (section 1),Offensive weapons,Community resolution,False,False
Person search,2023-02-26T15:43:00+00:00,False,,52.678913,0.947723,Male,10-17,White - English/Welsh/Scottish/Northern Irish/British,White,Police and Criminal Evidence Act 1984 (section 1),Offensive weapons,A no further action disposal,False,False
Person search,2023-02-26T18:49:00+00:00,False,,52.630928,1.287180,Male,over 34,Other ethnic group - Not stated,White,Misuse of Drugs Act 1971 (section 23),Article for use in theft,A no further action disposal,False,True
Person search,2023-02-26T20:17:00+00:00,False,,52.581517,1.714183,Male,18-24,White - English/Welsh/Scottish/Northern Irish/British,White,Misuse of Drugs Act 1971 (section 23),Controlled drugs,Arrest,True,False
Person search,2023-02-27T14:23:00+00:00,False,,52.742840,0.381842,Male,over 34,White - English/Welsh/Scottish/Northern Irish/British,White,Misuse of Drugs Act 1971 (section 23),Controlled drugs,A no further action disposal,False,False
Person search,2023-02-27T15:25:00+00:00,False,,52.610863,1.733159,Male,10-17,White - English/Welsh/Scottish/Northern Irish/British,White,Police and Criminal Evidence Act 1984 (section 1),Offensive weapons,A no further action disposal,False,False
Person search,2023-02-27T15:30:00+00:00,False,,52.608766,1.724632,Male,over 34,White - English/Welsh/Scottish/Northern Irish/British,White,Police and Criminal Evidence Act 1984 (section 1),Offensive weapons,A no further action disposal,False,False
Person search,2023-02-27T17:00:00+00:00,False,,52.753659,0.372311,Male,25-34,White - English/Welsh/Scottish/Northern Irish/British,White,Misuse of Drugs Act 1971 (section 23),Controlled drugs,Arrest,False,False
Person search,2023-02-27T19:15:00+00:00,False,,52.627726,1.291049,Female,25-34,White - English/Welsh/Scottish/Northern Irish/British,White,Police and Criminal Evidence Act 1984 (section 1),Offensive weapons,A no further action disposal,False,False
Person search,2023-02-28T10:52:00+00:00,False,,52.684940,0.207410,Male,18-24,White - Any other White background,White,Police and Criminal Evidence Act 1984 (section 1),Offensive weapons,Arrest,True,False
Person search,2023-02-28T11:15:00+00:00,False,,52.770670,0.418691,Male,10-17,White - English/Welsh/Scottish/Northern Irish/British,White,Police and Criminal Evidence Act 1984 (section 1),Offensive weapons,Arrest,False,False
Person search,2023-02-28T12:12:00+00:00,False,,52.604716,1.727568,Male,18-24,White - Any other White background,White,Misuse of Drugs Act 1971 (section 23),Controlled drugs,Arrest,False,False
Person search,2023-02-28T12:36:00+00:00,False,,,,Male,over 34,Other ethnic group - Not stated,Black,Misuse of Drugs Act 1971 (section 23),Controlled drugs,A no further action disposal,False,False
Person search,2023-02-28T12:45:00+00:00,False,,52.610704,1.298710,Female,,Other ethnic group - Not stated,White,Misuse of Drugs Act 1971 (section 23),Controlled drugs,A no further action disposal,False,False
Person search,2023-02-28T13:20:00+00:00,False,,52.403123,0.732758,Male,over 34,White - English/Welsh/Scottish/Northern Irish/British,White,Misuse of Drugs Act 1971 (section 23),Controlled drugs,A no further action disposal,False,False
Person search,2023-02-28T13:20:00+00:00,False,,52.403123,0.732758,Male,over 34,Other ethnic group - Not stated,Black,Misuse of Drugs Act 1971 (section 23),Controlled drugs,A no further action disposal,False,False
Person search,2023-02-28T15:16:00+00:00,False,,52.590409,1.716590,Male,over 34,White - English/Welsh/Scottish/Northern Irish/British,White,Misuse of Drugs Act 1971 (section 23),Controlled drugs,Community resolution,False,False
Person search,2023-02-28T15:29:00+00:00,False,,52.564034,1.725531,Other,,,,Police and Criminal Evidence Act 1984 (section 1),Offensive weapons,A no further action disposal,False,False
Person search,2023-02-28T16:12:00+00:00,False,,52.950269,0.857868,Male,25-34,White - English/Welsh/Scottish/Northern Irish/British,White,Misuse of Drugs Act 1971 (section 23),Controlled drugs,A no further action disposal,True,False
Person search,2023-02-28T16:20:00+00:00,False,,52.953905,0.854713,Other,,,,Misuse of Drugs Act 1971 (section 23),Controlled drugs,A no further action disposal,False,False
Person search,2023-02-28T21:43:00+00:00,False,,52.609290,1.725149,Male,18-24,White - English/Welsh/Scottish/Northern Irish/British,White,Police and Criminal Evidence Act 1984 (section 1),Article for use in theft,Arrest,True,False
