Type,Date,Part of a policing operation,Policing operation,Latitude,Longitude,Gender,Age range,Self-defined ethnicity,Officer-defined ethnicity,Legislation,Object of search,Outcome,Outcome linked to object of search,Removal of more than just outer clothing
Person and Vehicle search,2023-09-30T23:32:51+00:00,False,,52.674505,-2.483173,Male,over 34,Other ethnic group - Not stated,Asian,Misuse of Drugs Act 1971 (section 23),Controlled drugs,A no further action disposal,True,
Person and Vehicle search,2023-09-30T23:35:58+00:00,False,,52.679477,-2.485165,Male,over 34,Other ethnic group - Not stated,Asian,Misuse of Drugs Act 1971 (section 23),Controlled drugs,A no further action disposal,True,
Person and Vehicle search,2023-10-01T04:17:43+00:00,False,,,,Male,18-24,White - English/Welsh/Scottish/Northern Irish/British,White,Misuse of Drugs Act 1971 (section 23),Controlled drugs,A no further action disposal,True,
Person search,2023-10-01T10:00:00+00:00,False,,52.300262,-1.924727,Female,25-34,White - English/Welsh/Scottish/Northern Irish/British,White,Police and Criminal Evidence Act 1984 (section 1),Stolen goods,A no further action disposal,True,
Person search,2023-10-01T10:00:25+00:00,False,,52.300262,-1.924727,Male,25-34,White - English/Welsh/Scottish/Northern Irish/British,White,Police and Criminal Evidence Act 1984 (section 1),Stolen goods,Arrest,False,
Person search,2023-10-01T14:44:00+00:00,False,,52.306403,-1.942040,Male,over 34,White - English/Welsh/Scottish/Northern Irish/British,White,Police and Criminal Evidence Act 1984 (section 1),Stolen goods,Summons / charged by post,True,
Person search,2023-10-01T14:54:14+00:00,False,,52.636381,-2.443624,Male,10-17,Black/African/Caribbean/Black British - Caribbean,Black,Police and Criminal Evidence Act 1984 (section 1),Article for use in theft,A no further action disposal,True,
Person search,2023-10-01T14:55:54+00:00,False,,52.636381,-2.443624,Male,10-17,White - English/Welsh/Scottish/Northern Irish/British,White,Police and Criminal Evidence Act 1984 (section 1),Article for use in theft,A no further action disposal,True,
Person search,2023-10-01T15:05:00+00:00,False,,52.432039,-2.311592,Male,18-24,White - English/Welsh/Scottish/Northern Irish/British,White,Police and Criminal Evidence Act 1984 (section 1),Offensive weapons,Arrest,False,
Person search,2023-10-01T16:15:33+00:00,False,,52.140991,-2.217703,Male,18-24,Other ethnic group - Not stated,White,Police and Criminal Evidence Act 1984 (section 1),Anything to threaten or harm anyone,Arrest,False,
Person and Vehicle search,2023-10-01T17:32:59+00:00,False,,52.260974,-2.157649,Male,25-34,White - English/Welsh/Scottish/Northern Irish/British,White,Misuse of Drugs Act 1971 (section 23),Controlled drugs,A no further action disposal,True,
Person and Vehicle search,2023-10-01T17:35:30+00:00,False,,52.260974,-2.157649,Male,25-34,White - English/Welsh/Scottish/Northern Irish/British,White,Misuse of Drugs Act 1971 (section 23),Controlled drugs,A no further action disposal,True,
Person search,2023-10-01T20:25:03+00:00,False,,52.713043,-2.813580,Male,over 34,White - English/Welsh/Scottish/Northern Irish/British,White,Misuse of Drugs Act 1971 (section 23),Controlled drugs,Arrest,True,
Person search,2023-10-01T22:56:42+00:00,False,,52.124752,-2.076099,Male,25-34,White - English/Welsh/Scottish/Northern Irish/British,White,Police and Criminal Evidence Act 1984 (section 1),Offensive weapons,A no further action disposal,True,
Person search,2023-10-02T04:10:30+00:00,True,,52.290471,-2.119283,Male,25-34,Asian/Asian British - Any other Asian background,Asian,Police and Criminal Evidence Act 1984 (section 1),Article for use in theft,A no further action disposal,True,
Person and Vehicle search,2023-10-02T04:11:23+00:00,False,,52.290471,-2.119283,Male,18-24,Other ethnic group - Not stated,Asian,Police and Criminal Evidence Act 1984 (section 1),Article for use in theft,A no further action disposal,True,
Person search,2023-10-02T10:57:10+00:00,False,,,,Male,over 34,White - English/Welsh/Scottish/Northern Irish/British,White,Police and Criminal Evidence Act 1984 (section 1),Stolen goods,A no further action disposal,True,
Person search,2023-10-02T10:58:00+00:00,False,,52.056894,-2.711636,Female,18-24,White - English/Welsh/Scottish/Northern Irish/British,White,Police and Criminal Evidence Act 1984 (section 1),Stolen goods,Arrest,True,
Person search,2023-10-02T14:47:54+00:00,False,,52.534653,-2.421221,Male,over 34,White - English/Welsh/Scottish/Northern Irish/British,White,Misuse of Drugs Act 1971 (section 23),Controlled drugs,A no further action disposal,True,
Person search,2023-10-02T14:57:36+00:00,False,,52.720851,-2.741668,Male,18-24,White - English/Welsh/Scottish/Northern Irish/British,White,Misuse of Drugs Act 1971 (section 23),Controlled drugs,Community resolution,True,
Person search,2023-10-02T16:09:13+00:00,False,,52.322224,-2.058108,Male,18-24,Asian/Asian British - Pakistani,Asian,Misuse of Drugs Act 1971 (section 23),Controlled drugs,Arrest,True,
Person search,2023-10-02T16:09:37+00:00,False,,52.725465,-2.739836,Male,over 34,White - English/Welsh/Scottish/Northern Irish/British,White,Misuse of Drugs Act 1971 (section 23),Controlled drugs,A no further action disposal,True,
Person and Vehicle search,2023-10-02T23:50:26+00:00,False,,52.635961,-2.461883,Male,25-34,White - English/Welsh/Scottish/Northern Irish/British,White,Police and Criminal Evidence Act 1984 (section 1),Stolen goods,A no further action disposal,True,
Person search,2023-10-03T03:01:23+00:00,False,,,,Male,18-24,White - English/Welsh/Scottish/Northern Irish/British,White,Police and Criminal Evidence Act 1984 (section 1),Article for use in theft,Arrest,False,
Person search,2023-10-03T15:39:58+00:00,False,,,,Male,10-17,White - English/Welsh/Scottish/Northern Irish/British,White,Police and Criminal Evidence Act 1984 (section 1),Offensive weapons,A no further action disposal,True,
Person search,2023-10-03T15:45:10+00:00,False,,52.197744,-2.224492,Male,10-17,White - English/Welsh/Scottish/Northern Irish/British,White,Police and Criminal Evidence Act 1984 (section 1),Offensive weapons,A no further action disposal,True,
Person search,2023-10-03T23:15:02+00:00,False,,52.535110,-2.421594,Male,over 34,White - English/Welsh/Scottish/Northern Irish/British,White,Police and Criminal Evidence Act 1984 (section 1),Stolen goods,A no further action disposal,True,
Person search,2023-10-03T23:26:55+00:00,False,,52.385757,-2.259870,Male,25-34,White - English/Welsh/Scottish/Northern Irish/British,White,Police and Criminal Evidence Act 1984 (section 1),Offensive weapons,A no further action disposal,True,
Person search,2023-10-04T00:11:00+00:00,False,,52.524111,-2.409977,Male,25-34,White - English/Welsh/Scottish/Northern Irish/British,White,Police and Criminal Evidence Act 1984 (section 1),Article for use in theft,Arrest,False,
Person and Vehicle search,2023-10-04T00:40:03+00:00,False,,,,Male,18-24,White - English/Welsh/Scottish/Northern Irish/British,White,Misuse of Drugs Act 1971 (section 23),Controlled drugs,A no further action disposal,True,
Person and Vehicle search,2023-10-04T00:48:25+00:00,False,,51.915628,-2.599274,Male,25-34,Other ethnic group - Not stated,White,Police and Criminal Evidence Act 1984 (section 1),Articles for use in criminal damage,Arrest,True,
Person search,2023-10-04T07:00:00+00:00,False,,,,Male,over 34,White - English/Welsh/Scottish/Northern Irish/British,White,Misuse of Drugs Act 1971 (section 23),Controlled drugs,Arrest,False,
Person search,2023-10-04T12:48:13+00:00,False,,,,Male,18-24,White - English/Welsh/Scottish/Northern Irish/British,White,Police and Criminal Evidence Act 1984 (section 1),Stolen goods,A no further action disposal,True,
Person search,2023-10-04T12:52:53+00:00,False,,52.708034,-2.739778,Male,10-17,Black/African/Caribbean/Black British - Any other Black/African/Caribbean background,Black,Police and Criminal Evidence Act 1984 (section 1),Offensive weapons,A no further action disposal,True,
Person search,2023-10-04T12:53:47+00:00,False,,52.703582,-2.729890,Male,10-17,White - English/Welsh/Scottish/Northern Irish/British,White,Police and Criminal Evidence Act 1984 (section 1),Offensive weapons,A no further action disposal,True,
Person search,2023-10-04T12:56:00+00:00,False,,52.703582,-2.729890,Male,10-17,White - English/Welsh/Scottish/Northern Irish/British,White,Police and Criminal Evidence Act 1984 (section 1),Offensive weapons,A no further action disposal,True,False
Person and Vehicle search,2023-10-04T17:04:43+00:00,False,,52.676579,-2.449548,Male,18-24,Asian/Asian British - Any other Asian background,Asian,Misuse of Drugs Act 1971 (section 23),Controlled drugs,A no further action disposal,True,True
Person and Vehicle search,2023-10-04T17:06:57+00:00,False,,52.676579,-2.449548,Male,18-24,Asian/Asian British - Pakistani,Asian,Misuse of Drugs Act 1971 (section 23),Controlled drugs,A no further action disposal,True,True
Person and Vehicle search,2023-10-04T19:15:28+00:00,False,,52.428475,-2.017075,Male,18-24,Other ethnic group - Not stated,White,Police and Criminal Evidence Act 1984 (section 1),Stolen goods,A no further action disposal,True,
Person and Vehicle search,2023-10-04T19:18:58+00:00,False,,52.707755,-2.432581,Male,,Other ethnic group - Any other ethnic group,White,Police and Criminal Evidence Act 1984 (section 1),Article for use in theft,A no further action disposal,True,
Person and Vehicle search,2023-10-04T20:20:30+00:00,False,,52.647898,-2.455151,Male,over 34,White - English/Welsh/Scottish/Northern Irish/British,White,Misuse of Drugs Act 1971 (section 23),Controlled drugs,A no further action disposal,True,False
Person search,2023-10-04T20:22:14+00:00,False,,52.647898,-2.455151,Male,25-34,White - English/Welsh/Scottish/Northern Irish/British,White,Misuse of Drugs Act 1971 (section 23),Controlled drugs,A no further action disposal,True,
Person search,2023-10-04T21:19:37+00:00,False,,52.738422,-2.739404,Male,over 34,White - English/Welsh/Scottish/Northern Irish/British,White,Misuse of Drugs Act 1971 (section 23),Controlled drugs,A no further action disposal,True,
Person search,2023-10-04T21:56:00+00:00,False,,52.265458,-2.137502,Male,25-34,Other ethnic group - Not stated,White,Police and Criminal Evidence Act 1984 (section 1),Articles for use in criminal damage,Arrest,True,
Person search,2023-10-04T21:56:00+00:00,False,,52.265458,-2.137502,Male,10-17,Other ethnic group - Not stated,White,Police and Criminal Evidence Act 1984 (section 1),Articles for use in criminal damage,Arrest,True,
Person search,2023-10-04T22:00:00+00:00,False,,52.385494,-2.244412,Male,25-34,White - English/Welsh/Scottish/Northern Irish/British,White,Police and Criminal Evidence Act 1984 (section 1),Article for use in theft,A no further action disposal,True,
Person and Vehicle search,2023-10-05T00:45:00+00:00,False,,52.648604,-2.456341,Male,over 34,Black/African/Caribbean/Black British - Any other Black/African/Caribbean background,Black,Misuse of Drugs Act 1971 (section 23),Psychoactive substances,A no further action disposal,True,
Person search,2023-10-05T01:01:06+00:00,False,,52.207447,-2.203658,Male,over 34,White - Any other White background,White,Police and Criminal Evidence Act 1984 (section 1),Stolen goods,A no further action disposal,True,
Person search,2023-10-05T02:02:57+00:00,False,,,,Female,25-34,White - English/Welsh/Scottish/Northern Irish/British,White,Misuse of Drugs Act 1971 (section 23),Controlled drugs,A no further action disposal,True,
Person search,2023-10-05T07:26:34+00:00,False,,,,Female,over 34,White - English/Welsh/Scottish/Northern Irish/British,White,Police and Criminal Evidence Act 1984 (section 1),Offensive weapons,Arrest,True,False
Person search,2023-10-05T17:23:57+00:00,False,,52.363213,-2.056009,Male,18-24,White - English/Welsh/Scottish/Northern Irish/British,White,Police and Criminal Evidence Act 1984 (section 1),Offensive weapons,A no further action disposal,True,
Person search,2023-10-05T17:27:43+00:00,False,,52.363213,-2.056009,Male,,White - English/Welsh/Scottish/Northern Irish/British,White,Police and Criminal Evidence Act 1984 (section 1),Offensive weapons,A no further action disposal,True,
Person search,2023-10-05T17:29:38+00:00,False,,52.363213,-2.056009,Male,18-24,White - English/Welsh/Scottish/Northern Irish/British,White,Police and Criminal Evidence Act 1984 (section 1),Offensive weapons,A no further action disposal,True,
Person and Vehicle search,2023-10-05T17:30:26+00:00,False,,52.363213,-2.056009,Male,25-34,White - English/Welsh/Scottish/Northern Irish/British,White,Police and Criminal Evidence Act 1984 (section 1),Offensive weapons,A no further action disposal,True,
Person search,2023-10-05T17:33:34+00:00,False,,52.363213,-2.056009,Male,18-24,Black/African/Caribbean/Black British - Any other Black/African/Caribbean background,Black,Police and Criminal Evidence Act 1984 (section 1),Article for use in theft,A no further action disposal,True,
Person search,2023-10-05T18:50:03+00:00,False,,52.401242,-2.253920,Male,25-34,White - English/Welsh/Scottish/Northern Irish/British,White,Police and Criminal Evidence Act 1984 (section 1),Anything to threaten or harm anyone,Arrest,False,
Person search,2023-10-05T19:33:53+00:00,False,,52.305515,-1.946219,Male,,Mixed/Multiple ethnic groups - White and Black African,Black,Police and Criminal Evidence Act 1984 (section 1),Offensive weapons,A no further action disposal,True,
Person search,2023-10-05T19:36:32+00:00,False,,52.305874,-1.944033,Male,10-17,Mixed/Multiple ethnic groups - White and Asian,Asian,Police and Criminal Evidence Act 1984 (section 1),Offensive weapons,A no further action disposal,True,False
Person search,2023-10-05T19:36:34+00:00,False,,,,Male,10-17,White - English/Welsh/Scottish/Northern Irish/British,White,Criminal Justice Act 1988 (section 139B),Offensive weapons,Arrest,True,
Person search,2023-10-05T19:38:34+00:00,False,,52.305515,-1.946219,Male,10-17,White - English/Welsh/Scottish/Northern Irish/British,White,Criminal Justice Act 1988 (section 139B),Offensive weapons,A no further action disposal,True,
Person search,2023-10-05T19:38:50+00:00,False,,52.306764,-1.943973,Male,10-17,Other ethnic group - Not stated,White,Criminal Justice Act 1988 (section 139B),Offensive weapons,A no further action disposal,True,False
Person search,2023-10-05T19:40:18+00:00,True,,52.304798,-1.932917,Male,10-17,White - English/Welsh/Scottish/Northern Irish/British,White,Criminal Justice Act 1988 (section 139B),Offensive weapons,Arrest,True,False
Person search,2023-10-05T19:41:18+00:00,False,,52.305772,-1.938709,Male,,Other ethnic group - Not stated,Black,Police and Criminal Evidence Act 1984 (section 1),Anything to threaten or harm anyone,A no further action disposal,True,False
Person search,2023-10-05T20:18:41+00:00,False,,52.309341,-1.937692,Male,10-17,Other ethnic group - Not stated,Asian,Criminal Justice Act 1988 (section 139B),Anything to threaten or harm anyone,Arrest,True,
Person search,2023-10-05T21:50:00+00:00,False,,52.676579,-2.449548,Male,over 34,White - English/Welsh/Scottish/Northern Irish/British,White,Police and Criminal Evidence Act 1984 (section 1),Offensive weapons,A no further action disposal,True,
Person and Vehicle search,2023-10-05T22:11:24+00:00,False,,52.677044,-2.482210,Male,over 34,White - English/Welsh/Scottish/Northern Irish/British,White,Misuse of Drugs Act 1971 (section 23),Controlled drugs,A no further action disposal,True,
Person and Vehicle search,2023-10-05T22:57:30+00:00,False,,52.214144,-2.187911,Male,18-24,White - English/Welsh/Scottish/Northern Irish/British,White,Misuse of Drugs Act 1971 (section 23),Controlled drugs,Arrest,True,
Person search,2023-10-05T22:57:30+00:00,False,,,,Female,18-24,White - English/Welsh/Scottish/Northern Irish/British,White,Misuse of Drugs Act 1971 (section 23),Controlled drugs,Arrest,True,
Person search,2023-10-05T22:57:30+00:00,False,,52.214144,-2.187911,Male,18-24,White - English/Welsh/Scottish/Northern Irish/British,White,Misuse of Drugs Act 1971 (section 23),Controlled drugs,Arrest,True,
Person search,2023-10-05T23:48:18+00:00,False,,52.225795,-2.182265,Male,18-24,White - Any other White background,White,Misuse of Drugs Act 1971 (section 23),Controlled drugs,Arrest,True,
Person search,2023-10-06T01:46:45+00:00,False,,52.367404,-2.711381,Male,18-24,White - English/Welsh/Scottish/Northern Irish/British,White,Police and Criminal Evidence Act 1984 (section 1),Article for use in theft,A no further action disposal,True,
Person search,2023-10-06T01:51:03+00:00,False,,52.367404,-2.711381,Male,10-17,White - English/Welsh/Scottish/Northern Irish/British,White,Police and Criminal Evidence Act 1984 (section 1),Article for use in theft,A no further action disposal,True,
Person search,2023-10-06T09:39:17+00:00,False,,,,Male,over 34,White - English/Welsh/Scottish/Northern Irish/British,White,Police and Criminal Evidence Act 1984 (section 1),Stolen goods,A no further action disposal,True,False
Person search,2023-10-06T11:36:35+00:00,False,,52.360556,-1.993215,Male,25-34,Black/African/Caribbean/Black British - Caribbean,Black,Misuse of Drugs Act 1971 (section 23),Controlled drugs,Arrest,True,
Person search,2023-10-06T12:43:25+00:00,False,,52.304847,-1.959873,Male,10-17,White - English/Welsh/Scottish/Northern Irish/British,White,Police and Criminal Evidence Act 1984 (section 1),Offensive weapons,A no further action disposal,True,
Person search,2023-10-06T12:47:46+00:00,False,,52.305797,-1.951923,Male,10-17,White - English/Welsh/Scottish/Northern Irish/British,White,Police and Criminal Evidence Act 1984 (section 1),Offensive weapons,A no further action disposal,True,
Person search,2023-10-06T14:18:29+00:00,True,,52.675434,-2.447909,Female,over 34,White - English/Welsh/Scottish/Northern Irish/British,White,Misuse of Drugs Act 1971 (section 23),Controlled drugs,A no further action disposal,True,False
Person search,2023-10-06T17:23:00+00:00,False,,52.391246,-2.265766,Female,over 34,White - English/Welsh/Scottish/Northern Irish/British,White,Misuse of Drugs Act 1971 (section 23),Controlled drugs,Community resolution,False,
Person search,2023-10-06T18:55:36+00:00,False,,52.379283,-2.302024,Male,10-17,White - English/Welsh/Scottish/Northern Irish/British,White,Police and Criminal Evidence Act 1984 (section 1),Offensive weapons,A no further action disposal,True,
Person search,2023-10-06T18:56:06+00:00,False,,52.376993,-2.297586,Male,10-17,White - English/Welsh/Scottish/Northern Irish/British,White,Police and Criminal Evidence Act 1984 (section 1),Offensive weapons,Khat or Cannabis warning,True,
Person and Vehicle search,2023-10-06T19:19:20+00:00,False,,52.652014,-2.446118,Male,18-24,White - English/Welsh/Scottish/Northern Irish/British,White,Misuse of Drugs Act 1971 (section 23),Controlled drugs,A no further action disposal,True,
Person search,2023-10-06T19:42:21+00:00,False,,52.339635,-2.049272,Male,18-24,Black/African/Caribbean/Black British - Any other Black/African/Caribbean background,Black,Police and Criminal Evidence Act 1984 (section 1),Offensive weapons,A no further action disposal,True,
Person search,2023-10-06T21:30:00+00:00,False,,52.707731,-2.757785,Female,18-24,White - English/Welsh/Scottish/Northern Irish/British,White,Misuse of Drugs Act 1971 (section 23),Controlled drugs,A no further action disposal,True,
Person search,2023-10-06T21:30:00+00:00,False,,52.707731,-2.757785,Female,18-24,White - English/Welsh/Scottish/Northern Irish/British,White,Misuse of Drugs Act 1971 (section 23),Controlled drugs,A no further action disposal,True,
Person search,2023-10-06T22:03:39+00:00,False,,52.709268,-2.752202,Male,18-24,White - English/Welsh/Scottish/Northern Irish/British,White,Misuse of Drugs Act 1971 (section 23),Controlled drugs,A no further action disposal,True,
Person search,2023-10-06T22:28:20+00:00,False,,52.689722,-2.492253,Male,,Asian/Asian British - Pakistani,Asian,Misuse of Drugs Act 1971 (section 23),Controlled drugs,Arrest,False,
Person search,2023-10-06T22:28:20+00:00,False,,52.689722,-2.492253,Male,18-24,Asian/Asian British - Pakistani,Asian,Misuse of Drugs Act 1971 (section 23),Controlled drugs,Arrest,False,
Person and Vehicle search,2023-10-07T01:34:38+00:00,False,,52.719180,-2.526156,Male,over 34,Asian/Asian British - Any other Asian background,Asian,Police and Criminal Evidence Act 1984 (section 1),Offensive weapons,A no further action disposal,True,
Person and Vehicle search,2023-10-07T14:04:34+00:00,False,,52.291957,-2.227651,Male,over 34,White - English/Welsh/Scottish/Northern Irish/British,White,Police and Criminal Evidence Act 1984 (section 1),Stolen goods,Arrest,False,
Person search,2023-10-07T14:16:47+00:00,False,,52.285585,-2.231371,Female,over 34,White - English/Welsh/Scottish/Northern Irish/British,White,Police and Criminal Evidence Act 1984 (section 1),Stolen goods,Arrest,True,
Person search,2023-10-07T14:30:57+00:00,False,,52.363727,-2.277407,Male,25-34,White - English/Welsh/Scottish/Northern Irish/British,White,Police and Criminal Evidence Act 1984 (section 1),Anything to threaten or harm anyone,Arrest,False,
Person search,2023-10-07T19:53:28+00:00,False,,,,Male,25-34,White - English/Welsh/Scottish/Northern Irish/British,White,Police and Criminal Evidence Act 1984 (section 1),Firearms,A no further action disposal,True,
Person search,2023-10-07T20:17:00+00:00,False,,,,Male,10-17,White - English/Welsh/Scottish/Northern Irish/British,White,Police and Criminal Evidence Act 1984 (section 1),Anything to threaten or harm anyone,A no further action disposal,True,
Person search,2023-10-07T22:14:10+00:00,False,,52.727219,-2.733794,Male,10-17,White - English/Welsh/Scottish/Northern Irish/British,White,Police and Criminal Evidence Act 1984 (section 1),Anything to threaten or harm anyone,A no further action disposal,True,
Person search,2023-10-07T22:15:33+00:00,False,,52.727113,-2.737939,Male,10-17,White - English/Welsh/Scottish/Northern Irish/British,White,Police and Criminal Evidence Act 1984 (section 1),Offensive weapons,A no further action disposal,True,
Person search,2023-10-07T22:43:17+00:00,False,,52.193386,-2.223636,Male,25-34,White - English/Welsh/Scottish/Northern Irish/British,White,Misuse of Drugs Act 1971 (section 23),Controlled drugs,A no further action disposal,True,
Person search,2023-10-07T22:58:11+00:00,False,,52.206726,-2.199513,Male,10-17,White - English/Welsh/Scottish/Northern Irish/British,White,Misuse of Drugs Act 1971 (section 23),Controlled drugs,Arrest,False,
Person search,2023-10-07T23:03:18+00:00,False,,,,Male,10-17,White - English/Welsh/Scottish/Northern Irish/British,White,Misuse of Drugs Act 1971 (section 23),Controlled drugs,A no further action disposal,True,
Person search,2023-10-07T23:21:35+00:00,False,,52.206726,-2.199513,Male,10-17,White - English/Welsh/Scottish/Northern Irish/British,White,Misuse of Drugs Act 1971 (section 23),Controlled drugs,A no further action disposal,True,
Person search,2023-10-08T00:35:14+00:00,False,,,,Male,over 34,Other ethnic group - Not stated,White,Police and Criminal Evidence Act 1984 (section 1),Anything to threaten or harm anyone,A no further action disposal,True,
Person and Vehicle search,2023-10-08T01:03:21+00:00,False,,52.083164,-1.945172,Male,over 34,White - English/Welsh/Scottish/Northern Irish/British,White,Misuse of Drugs Act 1971 (section 23),Controlled drugs,A no further action disposal,True,
Person and Vehicle search,2023-10-08T01:30:00+00:00,False,,52.301989,-1.941398,Male,,White - English/Welsh/Scottish/Northern Irish/British,White,Police and Criminal Evidence Act 1984 (section 1),Article for use in theft,Arrest,False,
Person search,2023-10-08T08:13:49+00:00,False,,52.310244,-1.928084,Male,,White - Gypsy or Irish Traveller,White,Misuse of Drugs Act 1971 (section 23),Controlled drugs,A no further action disposal,True,
Person search,2023-10-08T15:20:39+00:00,False,,52.306517,-1.936200,Female,18-24,White - English/Welsh/Scottish/Northern Irish/British,White,Misuse of Drugs Act 1971 (section 23),Controlled drugs,A no further action disposal,True,True
Person search,2023-10-08T18:49:02+00:00,False,,52.892611,-3.039559,Male,over 34,White - English/Welsh/Scottish/Northern Irish/British,White,Police and Criminal Evidence Act 1984 (section 1),Article for use in theft,A no further action disposal,True,
Person search,2023-10-08T18:50:41+00:00,False,,52.892611,-3.039559,Male,25-34,White - English/Welsh/Scottish/Northern Irish/British,White,Police and Criminal Evidence Act 1984 (section 1),Article for use in theft,Arrest,True,
Person search,2023-10-08T18:52:43+00:00,False,,52.892611,-3.039559,Female,18-24,White - English/Welsh/Scottish/Northern Irish/British,White,Police and Criminal Evidence Act 1984 (section 1),Article for use in theft,A no further action disposal,True,
Person search,2023-10-08T18:58:34+00:00,False,,,,Female,over 34,White - English/Welsh/Scottish/Northern Irish/British,White,Police and Criminal Evidence Act 1984 (section 1),Article for use in theft,A no further action disposal,True,
Person search,2023-10-08T19:29:44+00:00,False,,52.125817,-2.319470,Male,over 34,Other ethnic group - Not stated,Black,Police and Criminal Evidence Act 1984 (section 1),Offensive weapons,Arrest,False,
Person and Vehicle search,2023-10-08T19:55:03+00:00,False,,52.726269,-2.436363,Male,over 34,White - English/Welsh/Scottish/Northern Irish/British,White,Misuse of Drugs Act 1971 (section 23),Controlled drugs,Community resolution,True,
Person and Vehicle search,2023-10-08T19:57:03+00:00,False,,52.726269,-2.436363,Male,over 34,White - English/Welsh/Scottish/Northern Irish/British,White,Misuse of Drugs Act 1971 (section 23),Controlled drugs,A no further action disposal,True,
Person search,2023-10-08T20:55:00+00:00,False,,52.257940,-2.153902,Male,25-34,Black/African/Caribbean/Black British - Caribbean,Black,Police and Criminal Evidence Act 1984 (section 1),Offensive weapons,Arrest,True,
Person search,2023-10-08T22:01:40+00:00,False,,,,Male,over 34,White - English/Welsh/Scottish/Northern Irish/British,White,Police and Criminal Evidence Act 1984 (section 1),Offensive weapons,A no further action disposal,True,
Person search,2023-10-09T02:18:19+00:00,False,,,,Male,over 34,Other ethnic group - Not stated,Asian,Misuse of Drugs Act 1971 (section 23),Controlled drugs,A no further action disposal,True,
Person search,2023-10-09T02:23:04+00:00,False,,,,Male,10-17,Other ethnic group - Not stated,White,Police and Criminal Evidence Act 1984 (section 1),Article for use in theft,A no further action disposal,True,
Person search,2023-10-09T02:26:04+00:00,False,,52.201125,-2.224289,Male,10-17,White - Any other White background,White,Police and Criminal Evidence Act 1984 (section 1),Article for use in theft,A no further action disposal,True,
Person search,2023-10-09T02:29:45+00:00,False,,,,Male,10-17,White - English/Welsh/Scottish/Northern Irish/British,White,Police and Criminal Evidence Act 1984 (section 1),Article for use in theft,A no further action disposal,True,
Person search,2023-10-09T02:39:23+00:00,False,,,,Male,25-34,Other ethnic group - Not stated,Asian,Misuse of Drugs Act 1971 (section 23),Controlled drugs,Khat or Cannabis warning,True,
Person search,2023-10-09T02:48:19+00:00,False,,,,Male,25-34,Other ethnic group - Not stated,Asian,Misuse of Drugs Act 1971 (section 23),Controlled drugs,Khat or Cannabis warning,True,False
Person search,2023-10-09T02:53:47+00:00,False,,52.854695,-3.016391,Male,18-24,Asian/Asian British - Any other Asian background,Asian,Misuse of Drugs Act 1971 (section 23),Controlled drugs,A no further action disposal,True,False
Person search,2023-10-09T02:56:01+00:00,False,,52.854695,-3.016391,Male,18-24,Asian/Asian British - Pakistani,Asian,Misuse of Drugs Act 1971 (section 23),Controlled drugs,Community resolution,True,
Person search,2023-10-09T04:10:41+00:00,False,,52.303158,-1.942203,Female,25-34,White - English/Welsh/Scottish/Northern Irish/British,White,Criminal Justice Act 1988 (section 139B),Offensive weapons,Arrest,True,
Person search,2023-10-09T09:15:37+00:00,True,,,,Male,18-24,White - English/Welsh/Scottish/Northern Irish/British,White,Misuse of Drugs Act 1971 (section 23),Controlled drugs,A no further action disposal,True,
Person search,2023-10-09T09:57:56+00:00,False,,52.307481,-1.940335,Female,over 34,White - English/Welsh/Scottish/Northern Irish/British,White,Police and Criminal Evidence Act 1984 (section 1),Stolen goods,Community resolution,True,
Person search,2023-10-09T09:59:19+00:00,False,,52.308201,-1.941111,Male,over 34,White - English/Welsh/Scottish/Northern Irish/British,White,Police and Criminal Evidence Act 1984 (section 1),Stolen goods,Community resolution,True,
Person search,2023-10-09T10:00:00+00:00,False,,,,Female,over 34,White - English/Welsh/Scottish/Northern Irish/British,White,Misuse of Drugs Act 1971 (section 23),Controlled drugs,A no further action disposal,True,
Person search,2023-10-09T10:00:00+00:00,False,,,,Female,over 34,White - English/Welsh/Scottish/Northern Irish/British,White,Misuse of Drugs Act 1971 (section 23),Controlled drugs,A no further action disposal,True,
Person search,2023-10-09T11:02:37+00:00,True,,,,Male,over 34,Other ethnic group - Not stated,Asian,Police and Criminal Evidence Act 1984 (section 1),Article for use in theft,A no further action disposal,True,
Person search,2023-10-09T11:56:42+00:00,True,,,,Male,25-34,Other ethnic group - Not stated,White,Misuse of Drugs Act 1971 (section 23),Controlled drugs,Arrest,False,
Person and Vehicle search,2023-10-09T12:15:12+00:00,True,,52.284464,-1.956154,Male,over 34,White - English/Welsh/Scottish/Northern Irish/British,White,Misuse of Drugs Act 1971 (section 23),Controlled drugs,A no further action disposal,True,True
Person search,2023-10-09T12:24:32+00:00,True,,52.286083,-1.957882,Female,over 34,Other ethnic group - Not stated,Other,Misuse of Drugs Act 1971 (section 23),Controlled drugs,Arrest,True,True
Person and Vehicle search,2023-10-09T13:25:45+00:00,False,,52.393078,-1.873181,Male,10-17,Mixed/Multiple ethnic groups - White and Asian,White,Misuse of Drugs Act 1971 (section 23),Controlled drugs,A no further action disposal,True,
Person search,2023-10-09T13:33:56+00:00,False,,52.393078,-1.873181,Male,10-17,Mixed/Multiple ethnic groups - White and Asian,Mixed,Misuse of Drugs Act 1971 (section 23),Controlled drugs,Community resolution,True,
Person search,2023-10-09T14:12:05+00:00,True,,52.305118,-1.926933,Male,over 34,White - English/Welsh/Scottish/Northern Irish/British,White,Misuse of Drugs Act 1971 (section 23),Controlled drugs,A no further action disposal,True,
Person search,2023-10-09T15:15:47+00:00,False,,,,Male,25-34,White - English/Welsh/Scottish/Northern Irish/British,White,Misuse of Drugs Act 1971 (section 23),Controlled drugs,A no further action disposal,True,
Person search,2023-10-09T15:20:00+00:00,False,,52.699891,-2.572109,Male,over 34,White - English/Welsh/Scottish/Northern Irish/British,White,Misuse of Drugs Act 1971 (section 23),Controlled drugs,A no further action disposal,True,
Person search,2023-10-09T19:51:00+00:00,False,,,,Female,10-17,White - English/Welsh/Scottish/Northern Irish/British,White,Police and Criminal Evidence Act 1984 (section 1),Stolen goods,A no further action disposal,True,False
Person search,2023-10-09T19:51:00+00:00,False,,52.306517,-1.936200,Female,10-17,White - English/Welsh/Scottish/Northern Irish/British,White,Police and Criminal Evidence Act 1984 (section 1),Stolen goods,Community resolution,False,
Person search,2023-10-09T20:00:00+00:00,False,,52.708217,-2.759126,Male,25-34,White - English/Welsh/Scottish/Northern Irish/British,White,Misuse of Drugs Act 1971 (section 23),Controlled drugs,Penalty Notice for Disorder,True,
Person search,2023-10-09T20:05:32+00:00,False,,52.719594,-2.729847,Male,25-34,White - English/Welsh/Scottish/Northern Irish/British,White,Misuse of Drugs Act 1971 (section 23),Controlled drugs,A no further action disposal,True,False
Person search,2023-10-09T20:16:22+00:00,False,,52.705718,-2.797474,Male,over 34,White - English/Welsh/Scottish/Northern Irish/British,White,Misuse of Drugs Act 1971 (section 23),Controlled drugs,A no further action disposal,True,False
Person and Vehicle search,2023-10-09T20:28:12+00:00,False,,52.101859,-1.950085,Male,18-24,White - English/Welsh/Scottish/Northern Irish/British,White,Misuse of Drugs Act 1971 (section 23),Controlled drugs,Community resolution,True,
Person and Vehicle search,2023-10-10T00:29:48+00:00,False,,52.641607,-2.461795,Male,25-34,White - English/Welsh/Scottish/Northern Irish/British,White,Misuse of Drugs Act 1971 (section 23),Controlled drugs,Khat or Cannabis warning,True,
Person and Vehicle search,2023-10-10T00:31:11+00:00,False,,52.641607,-2.461795,Male,18-24,White - English/Welsh/Scottish/Northern Irish/British,White,Misuse of Drugs Act 1971 (section 23),Controlled drugs,Arrest,True,
Person and Vehicle search,2023-10-10T00:55:11+00:00,False,,,,Male,25-34,White - English/Welsh/Scottish/Northern Irish/British,White,Police and Criminal Evidence Act 1984 (section 1),Offensive weapons,A no further action disposal,True,
Person and Vehicle search,2023-10-10T00:58:46+00:00,True,,,,Female,over 34,White - English/Welsh/Scottish/Northern Irish/British,White,Police and Criminal Evidence Act 1984 (section 1),Offensive weapons,A no further action disposal,True,
Person search,2023-10-10T04:33:54+00:00,False,,52.902364,-2.489734,Male,25-34,White - English/Welsh/Scottish/Northern Irish/British,White,Police and Criminal Evidence Act 1984 (section 1),Article for use in theft,A no further action disposal,True,
Person and Vehicle search,2023-10-10T04:33:54+00:00,False,,,,Male,over 34,Other ethnic group - Not stated,White,Police and Criminal Evidence Act 1984 (section 1),Article for use in theft,A no further action disposal,True,
Person search,2023-10-10T04:34:55+00:00,False,,52.384341,-2.266143,Male,25-34,White - English/Welsh/Scottish/Northern Irish/British,White,Misuse of Drugs Act 1971 (section 23),Controlled drugs,A no further action disposal,True,
Person search,2023-10-10T04:37:51+00:00,False,,52.384341,-2.266143,Male,25-34,White - English/Welsh/Scottish/Northern Irish/British,White,Misuse of Drugs Act 1971 (section 23),Controlled drugs,Community resolution,True,False
Person search,2023-10-10T10:07:46+00:00,False,,52.391045,-2.259108,Male,18-24,White - English/Welsh/Scottish/Northern Irish/British,White,Misuse of Drugs Act 1971 (section 23),Controlled drugs,A no further action disposal,True,
Person and Vehicle search,2023-10-10T11:06:05+00:00,False,,,,Male,over 34,White - English/Welsh/Scottish/Northern Irish/British,White,Police and Criminal Evidence Act 1984 (section 1),Article for use in theft,A no further action disposal,True,
Person search,2023-10-10T11:57:13+00:00,True,,,,Male,18-24,Black/African/Caribbean/Black British - African,Black,Misuse of Drugs Act 1971 (section 23),Controlled drugs,Community resolution,True,
Person search,2023-10-10T12:09:43+00:00,True,,52.653288,-2.444416,Male,18-24,Black/African/Caribbean/Black British - African,Black,Misuse of Drugs Act 1971 (section 23),Controlled drugs,Community resolution,True,
Person search,2023-10-10T12:22:00+00:00,False,,52.390730,-2.263147,Male,over 34,White - English/Welsh/Scottish/Northern Irish/British,White,Misuse of Drugs Act 1971 (section 23),Controlled drugs,Arrest,False,
Person search,2023-10-10T13:19:38+00:00,False,,52.043274,-2.730906,Female,25-34,White - English/Welsh/Scottish/Northern Irish/British,White,Misuse of Drugs Act 1971 (section 23),Controlled drugs,A no further action disposal,True,
Person search,2023-10-10T13:20:39+00:00,False,,52.669280,-2.463255,Female,10-17,Other ethnic group - Not stated,Asian,Misuse of Drugs Act 1971 (section 23),Controlled drugs,A no further action disposal,True,
Person search,2023-10-10T13:27:09+00:00,True,,,,Male,10-17,White - English/Welsh/Scottish/Northern Irish/British,White,Misuse of Drugs Act 1971 (section 23),Controlled drugs,Arrest,True,
Person search,2023-10-10T20:01:52+00:00,False,,52.212429,-2.197841,Male,25-34,White - English/Welsh/Scottish/Northern Irish/British,White,Misuse of Drugs Act 1971 (section 23),Controlled drugs,A no further action disposal,True,
Person search,2023-10-11T01:00:09+00:00,False,,52.199929,-2.215138,Female,18-24,White - English/Welsh/Scottish/Northern Irish/British,White,Criminal Justice Act 1988 (section 139B),Evidence of offences under the Act,A no further action disposal,True,
Person search,2023-10-11T01:29:48+00:00,False,,,,Male,over 34,Other ethnic group - Not stated,White,Police and Criminal Evidence Act 1984 (section 1),Article for use in theft,A no further action disposal,True,
Person search,2023-10-11T09:10:00+00:00,True,,,,Male,over 34,White - English/Welsh/Scottish/Northern Irish/British,White,Misuse of Drugs Act 1971 (section 23),Controlled drugs,A no further action disposal,True,
Person and Vehicle search,2023-10-11T10:11:55+00:00,False,,52.056994,-2.139996,Other,,Other ethnic group - Not stated,Other,Police and Criminal Evidence Act 1984 (section 1),Article for use in theft,Arrest,True,
Person search,2023-10-11T10:16:13+00:00,True,,52.306517,-1.936200,Male,over 34,White - English/Welsh/Scottish/Northern Irish/British,White,Misuse of Drugs Act 1971 (section 23),Controlled drugs,A no further action disposal,True,True
Person search,2023-10-11T10:28:23+00:00,True,,52.304380,-1.924647,Male,18-24,White - English/Welsh/Scottish/Northern Irish/British,White,Misuse of Drugs Act 1971 (section 23),Controlled drugs,Arrest,False,
Person search,2023-10-11T10:32:47+00:00,True,,52.304795,-1.927564,Female,25-34,White - English/Welsh/Scottish/Northern Irish/British,White,Misuse of Drugs Act 1971 (section 23),Controlled drugs,Arrest,True,
Person and Vehicle search,2023-10-11T11:58:47+00:00,True,,,,Male,over 34,Black/African/Caribbean/Black British - Any other Black/African/Caribbean background,Black,Misuse of Drugs Act 1971 (section 23),Controlled drugs,A no further action disposal,True,
Person search,2023-10-11T12:01:06+00:00,True,,,,Female,25-34,White - English/Welsh/Scottish/Northern Irish/British,White,Misuse of Drugs Act 1971 (section 23),Controlled drugs,A no further action disposal,True,
Person search,2023-10-11T12:13:55+00:00,False,,,,Male,over 34,White - English/Welsh/Scottish/Northern Irish/British,White,Misuse of Drugs Act 1971 (section 23),Evidence of offences under the Act,A no further action disposal,True,
Person search,2023-10-11T12:30:00+00:00,False,,52.371454,-2.716631,Male,over 34,White - English/Welsh/Scottish/Northern Irish/British,White,Misuse of Drugs Act 1971 (section 23),Controlled drugs,A no further action disposal,True,True
Person search,2023-10-11T12:55:15+00:00,False,,52.395515,-2.031508,Male,25-34,White - Irish,White,Police and Criminal Evidence Act 1984 (section 1),Article for use in theft,Arrest,False,
Person search,2023-10-11T13:24:37+00:00,False,,,,Male,25-34,White - English/Welsh/Scottish/Northern Irish/British,White,Misuse of Drugs Act 1971 (section 23),Controlled drugs,Arrest,True,
Person and Vehicle search,2023-10-11T13:30:51+00:00,False,,,,Male,18-24,White - English/Welsh/Scottish/Northern Irish/British,White,Misuse of Drugs Act 1971 (section 23),Controlled drugs,Arrest,True,
Person search,2023-10-11T13:32:08+00:00,True,,52.676579,-2.449548,Male,25-34,White - English/Welsh/Scottish/Northern Irish/British,White,Misuse of Drugs Act 1971 (section 23),Controlled drugs,A no further action disposal,True,
Person search,2023-10-11T16:22:19+00:00,False,,52.223367,-2.146962,Male,25-34,Other ethnic group - Not stated,Asian,Misuse of Drugs Act 1971 (section 23),Controlled drugs,A no further action disposal,True,
Person search,2023-10-11T16:24:24+00:00,False,,52.223367,-2.146962,Male,25-34,Asian/Asian British - Pakistani,Asian,Misuse of Drugs Act 1971 (section 23),Controlled drugs,A no further action disposal,True,
Person search,2023-10-11T16:42:55+00:00,False,,,,Male,over 34,White - English/Welsh/Scottish/Northern Irish/British,White,Misuse of Drugs Act 1971 (section 23),Controlled drugs,A no further action disposal,True,False
Person search,2023-10-11T17:50:00+00:00,False,,52.678894,-2.450666,Male,10-17,Other ethnic group - Not stated,Black,Police and Criminal Evidence Act 1984 (section 1),Stolen goods,A no further action disposal,True,False
Person search,2023-10-11T17:50:18+00:00,False,,52.678894,-2.450666,Male,18-24,Other ethnic group - Not stated,Black,Police and Criminal Evidence Act 1984 (section 1),Stolen goods,A no further action disposal,True,
Person search,2023-10-11T18:56:16+00:00,False,,52.677764,-2.440464,Male,18-24,Other ethnic group - Not stated,White,Police and Criminal Evidence Act 1984 (section 1),Stolen goods,Arrest,True,
Person and Vehicle search,2023-10-11T23:54:08+00:00,False,,,,Female,,White - English/Welsh/Scottish/Northern Irish/British,White,Police and Criminal Evidence Act 1984 (section 1),Stolen goods,A no further action disposal,True,
Person search,2023-10-12T00:20:00+00:00,False,,52.673906,-2.440662,Male,over 34,White - English/Welsh/Scottish/Northern Irish/British,White,Misuse of Drugs Act 1971 (section 23),Controlled drugs,A no further action disposal,True,
Person search,2023-10-12T00:43:13+00:00,False,,52.687332,-2.456183,Male,over 34,Other ethnic group - Not stated,White,Police and Criminal Evidence Act 1984 (section 1),Article for use in theft,Arrest,True,
Person and Vehicle search,2023-10-12T02:33:41+00:00,False,,52.710541,-2.466090,Male,25-34,White - English/Welsh/Scottish/Northern Irish/British,White,Misuse of Drugs Act 1971 (section 23),Controlled drugs,A no further action disposal,True,
Person and Vehicle search,2023-10-12T02:35:08+00:00,False,,52.710541,-2.466090,Male,25-34,Other ethnic group - Not stated,White,Misuse of Drugs Act 1971 (section 23),Controlled drugs,A no further action disposal,True,
Person and Vehicle search,2023-10-12T02:38:00+00:00,False,,,,Male,25-34,White - English/Welsh/Scottish/Northern Irish/British,White,Misuse of Drugs Act 1971 (section 23),Controlled drugs,A no further action disposal,True,False
Person search,2023-10-12T03:10:17+00:00,False,,52.205285,-2.200838,Male,over 34,White - English/Welsh/Scottish/Northern Irish/British,White,Police and Criminal Evidence Act 1984 (section 1),Article for use in theft,Arrest,True,
Person search,2023-10-12T03:17:37+00:00,False,,52.202577,-2.202055,Female,over 34,White - English/Welsh/Scottish/Northern Irish/British,White,Police and Criminal Evidence Act 1984 (section 1),Article for use in theft,Arrest,True,
Person and Vehicle search,2023-10-12T09:00:00+00:00,False,,,,Male,18-24,White - English/Welsh/Scottish/Northern Irish/British,White,Misuse of Drugs Act 1971 (section 23),Controlled drugs,A no further action disposal,True,
Person search,2023-10-12T10:18:31+00:00,False,,52.326120,-2.072587,Female,over 34,White - English/Welsh/Scottish/Northern Irish/British,White,Misuse of Drugs Act 1971 (section 23),Controlled drugs,A no further action disposal,True,
Person search,2023-10-12T10:35:00+00:00,False,,52.389804,-2.263435,Female,over 34,Other ethnic group - Not stated,White,Police and Criminal Evidence Act 1984 (section 1),Offensive weapons,Arrest,False,
Person and Vehicle search,2023-10-12T12:37:58+00:00,False,,,,Male,18-24,Asian/Asian British - Any other Asian background,Asian,Police and Criminal Evidence Act 1984 (section 1),Article for use in theft,A no further action disposal,True,
Person search,2023-10-12T12:40:59+00:00,False,,,,Male,10-17,White - English/Welsh/Scottish/Northern Irish/British,White,Police and Criminal Evidence Act 1984 (section 1),Article for use in theft,A no further action disposal,True,
Person search,2023-10-12T12:45:01+00:00,False,,,,Male,18-24,White - English/Welsh/Scottish/Northern Irish/British,White,Criminal Justice Act 1988 (section 139B),Article for use in theft,A no further action disposal,True,
Person search,2023-10-12T12:51:44+00:00,False,,,,Male,10-17,White - English/Welsh/Scottish/Northern Irish/British,White,Police and Criminal Evidence Act 1984 (section 1),Article for use in theft,A no further action disposal,True,
Person search,2023-10-12T13:00:00+00:00,False,,52.863239,-3.054127,Male,over 34,White - English/Welsh/Scottish/Northern Irish/British,White,Misuse of Drugs Act 1971 (section 23),Controlled drugs,Arrest,False,
Person search,2023-10-12T13:36:05+00:00,False,,52.386031,-2.254024,Female,over 34,Other ethnic group - Not stated,White,Police and Criminal Evidence Act 1984 (section 1),Offensive weapons,Arrest,True,False
Person and Vehicle search,2023-10-12T13:49:00+00:00,True,,,,Male,over 34,White - English/Welsh/Scottish/Northern Irish/British,White,Misuse of Drugs Act 1971 (section 23),Controlled drugs,Community resolution,True,
Person search,2023-10-12T13:56:21+00:00,True,,52.695700,-2.505217,Male,over 34,Black/African/Caribbean/Black British - Caribbean,Black,Misuse of Drugs Act 1971 (section 23),Controlled drugs,A no further action disposal,True,
Person and Vehicle search,2023-10-12T13:57:54+00:00,True,,52.695700,-2.505217,Male,over 34,Black/African/Caribbean/Black British - Caribbean,Black,Misuse of Drugs Act 1971 (section 23),Controlled drugs,A no further action disposal,True,
Person and Vehicle search,2023-10-12T14:07:14+00:00,False,,52.303631,-1.935266,Male,25-34,White - Any other White background,White,Misuse of Drugs Act 1971 (section 23),Controlled drugs,Arrest,True,
Person and Vehicle search,2023-10-12T14:15:54+00:00,False,,52.647804,-2.456303,Female,25-34,White - English/Welsh/Scottish/Northern Irish/British,White,Misuse of Drugs Act 1971 (section 23),Controlled drugs,Arrest,False,
Person search,2023-10-12T16:01:17+00:00,False,,52.732947,-2.743680,Male,over 34,White - English/Welsh/Scottish/Northern Irish/British,White,Misuse of Drugs Act 1971 (section 23),Controlled drugs,A no further action disposal,True,False
Person search,2023-10-12T17:45:07+00:00,False,,52.346941,-2.054940,Male,10-17,Other ethnic group - Not stated,Asian,Police and Criminal Evidence Act 1984 (section 1),Evidence of offences under the Act,A no further action disposal,True,
Person search,2023-10-12T18:09:52+00:00,False,,52.724676,-2.738031,Male,25-34,White - English/Welsh/Scottish/Northern Irish/British,White,Misuse of Drugs Act 1971 (section 23),Controlled drugs,Community resolution,True,
Person search,2023-10-12T19:02:07+00:00,False,,52.437507,-2.832913,Male,over 34,White - English/Welsh/Scottish/Northern Irish/British,White,Misuse of Drugs Act 1971 (section 23),Controlled drugs,A no further action disposal,True,
Person search,2023-10-12T19:57:52+00:00,False,,52.306627,-1.940541,Female,25-34,White - Any other White background,White,Police and Criminal Evidence Act 1984 (section 1),Stolen goods,A no further action disposal,True,
Person search,2023-10-12T20:10:50+00:00,False,,52.307545,-1.942285,Male,18-24,White - English/Welsh/Scottish/Northern Irish/British,White,Police and Criminal Evidence Act 1984 (section 1),Stolen goods,A no further action disposal,True,
Person search,2023-10-12T21:44:21+00:00,False,,52.232961,-2.739217,Male,25-34,White - English/Welsh/Scottish/Northern Irish/British,White,Police and Criminal Evidence Act 1984 (section 1),Offensive weapons,Arrest,False,
Person search,2023-10-13T09:54:27+00:00,True,,,,Male,25-34,Black/African/Caribbean/Black British - Any other Black/African/Caribbean background,Black,Misuse of Drugs Act 1971 (section 23),Controlled drugs,A no further action disposal,True,
Person search,2023-10-13T11:54:18+00:00,True,,52.742006,-2.744086,Male,18-24,White - English/Welsh/Scottish/Northern Irish/British,White,Misuse of Drugs Act 1971 (section 23),Controlled drugs,Arrest,True,
Person search,2023-10-13T13:23:44+00:00,False,,,,Male,18-24,White - English/Welsh/Scottish/Northern Irish/British,White,Misuse of Drugs Act 1971 (section 23),Controlled drugs,Community resolution,True,
Person search,2023-10-13T13:24:41+00:00,False,,,,Female,18-24,White - English/Welsh/Scottish/Northern Irish/British,White,Misuse of Drugs Act 1971 (section 23),Controlled drugs,Community resolution,True,
Person search,2023-10-13T13:26:12+00:00,True,,52.038334,-2.733056,Male,18-24,White - English/Welsh/Scottish/Northern Irish/British,White,Misuse of Drugs Act 1971 (section 23),Controlled drugs,Community resolution,True,
Person search,2023-10-13T13:31:57+00:00,True,,52.038334,-2.733056,Male,10-17,White - English/Welsh/Scottish/Northern Irish/British,White,Misuse of Drugs Act 1971 (section 23),Controlled drugs,Community resolution,True,
Person search,2023-10-13T21:11:41+00:00,False,,52.395782,-2.246908,Male,10-17,Other ethnic group - Not stated,White,Police and Criminal Evidence Act 1984 (section 1),Article for use in theft,A no further action disposal,True,
Person search,2023-10-13T21:12:13+00:00,False,,,,Male,10-17,White - English/Welsh/Scottish/Northern Irish/British,White,Police and Criminal Evidence Act 1984 (section 1),Offensive weapons,A no further action disposal,True,
Person and Vehicle search,2023-10-13T21:31:07+00:00,False,,52.686464,-2.486796,Female,,White - English/Welsh/Scottish/Northern Irish/British,White,Misuse of Drugs Act 1971 (section 23),Controlled drugs,A no further action disposal,True,
Person search,2023-10-14T00:19:22+00:00,False,,52.195666,-2.215571,Male,25-34,White - English/Welsh/Scottish/Northern Irish/British,White,Police and Criminal Evidence Act 1984 (section 1),Offensive weapons,A no further action disposal,True,
Person and Vehicle search,2023-10-14T00:51:57+00:00,False,,52.666982,-2.381829,Male,18-24,White - English/Welsh/Scottish/Northern Irish/British,White,Misuse of Drugs Act 1971 (section 23),Controlled drugs,A no further action disposal,True,False
Person search,2023-10-14T02:48:29+00:00,False,,52.058659,-2.710037,Male,18-24,White - English/Welsh/Scottish/Northern Irish/British,White,Misuse of Drugs Act 1971 (section 23),Controlled drugs,A no further action disposal,True,
Person and Vehicle search,2023-10-14T02:50:11+00:00,False,,52.058659,-2.710037,Male,18-24,White - English/Welsh/Scottish/Northern Irish/British,White,Misuse of Drugs Act 1971 (section 23),Controlled drugs,A no further action disposal,True,
Person search,2023-10-14T02:54:34+00:00,False,,52.055531,-2.711417,Male,18-24,White - English/Welsh/Scottish/Northern Irish/British,White,Misuse of Drugs Act 1971 (section 23),Controlled drugs,A no further action disposal,True,False
Person search,2023-10-14T10:58:33+00:00,False,,,,Male,over 34,White - English/Welsh/Scottish/Northern Irish/British,White,Police and Criminal Evidence Act 1984 (section 1),Offensive weapons,Arrest,False,
Person search,2023-10-14T14:12:54+00:00,True,,52.677764,-2.440464,Male,18-24,White - English/Welsh/Scottish/Northern Irish/British,White,Misuse of Drugs Act 1971 (section 23),Controlled drugs,A no further action disposal,True,
Person search,2023-10-14T14:17:48+00:00,False,,52.677764,-2.440464,Male,18-24,White - English/Welsh/Scottish/Northern Irish/British,White,Misuse of Drugs Act 1971 (section 23),Controlled drugs,A no further action disposal,True,True
Person search,2023-10-14T14:49:02+00:00,True,,52.677764,-2.440464,Male,10-17,Asian/Asian British - Indian,Asian,Misuse of Drugs Act 1971 (section 23),Controlled drugs,Community resolution,True,
Person search,2023-10-14T17:33:00+00:00,False,,,,Male,18-24,White - English/Welsh/Scottish/Northern Irish/British,White,Police and Criminal Evidence Act 1984 (section 1),Anything to threaten or harm anyone,Arrest,True,
Person search,2023-10-14T18:25:39+00:00,False,,52.324105,-1.941472,Male,10-17,White - English/Welsh/Scottish/Northern Irish/British,White,Police and Criminal Evidence Act 1984 (section 1),Article for use in theft,A no further action disposal,True,
Person search,2023-10-14T18:35:21+00:00,False,,52.306694,-1.931492,Male,10-17,White - English/Welsh/Scottish/Northern Irish/British,White,Police and Criminal Evidence Act 1984 (section 1),Article for use in theft,A no further action disposal,True,
Person and Vehicle search,2023-10-14T21:22:41+00:00,True,,52.718612,-2.445569,Male,over 34,White - English/Welsh/Scottish/Northern Irish/British,White,Misuse of Drugs Act 1971 (section 23),Controlled drugs,A no further action disposal,True,
Person search,2023-10-14T21:55:00+00:00,False,,52.699331,-2.524215,Male,25-34,White - English/Welsh/Scottish/Northern Irish/British,White,Misuse of Drugs Act 1971 (section 23),Controlled drugs,A no further action disposal,True,
Person search,2023-10-14T23:00:00+00:00,False,,52.672903,-2.483658,Male,25-34,White - English/Welsh/Scottish/Northern Irish/British,White,Misuse of Drugs Act 1971 (section 23),Controlled drugs,Arrest,True,True
Person search,2023-10-14T23:15:00+00:00,False,,52.674053,-2.447126,Male,18-24,Black/African/Caribbean/Black British - Any other Black/African/Caribbean background,Black,Misuse of Drugs Act 1971 (section 23),Controlled drugs,A no further action disposal,True,
Person search,2023-10-15T00:00:54+00:00,True,,52.708478,-2.757783,Male,18-24,White - English/Welsh/Scottish/Northern Irish/British,White,Misuse of Drugs Act 1971 (section 23),Controlled drugs,A no further action disposal,True,
Person search,2023-10-15T00:14:02+00:00,True,,52.709050,-2.758267,Male,25-34,White - English/Welsh/Scottish/Northern Irish/British,White,Misuse of Drugs Act 1971 (section 23),Controlled drugs,Community resolution,True,
Person search,2023-10-15T00:40:44+00:00,False,,,,Male,25-34,White - English/Welsh/Scottish/Northern Irish/British,White,Misuse of Drugs Act 1971 (section 23),Controlled drugs,A no further action disposal,True,
Person search,2023-10-15T10:55:00+00:00,True,,52.647790,-2.445823,Male,over 34,White - English/Welsh/Scottish/Northern Irish/British,White,Misuse of Drugs Act 1971 (section 23),Controlled drugs,A no further action disposal,True,
Person search,2023-10-15T11:50:00+00:00,True,,52.713661,-2.432684,Male,10-17,White - English/Welsh/Scottish/Northern Irish/British,White,Misuse of Drugs Act 1971 (section 23),Controlled drugs,Arrest,True,
Person search,2023-10-15T13:08:02+00:00,True,,52.642734,-2.437097,Male,10-17,White - English/Welsh/Scottish/Northern Irish/British,White,Misuse of Drugs Act 1971 (section 23),Controlled drugs,A no further action disposal,True,False
Person and Vehicle search,2023-10-15T14:00:20+00:00,False,,52.053024,-2.718509,Male,18-24,White - English/Welsh/Scottish/Northern Irish/British,White,Misuse of Drugs Act 1971 (section 23),Controlled drugs,Arrest,True,
Person search,2023-10-15T16:30:00+00:00,False,,,,Male,over 34,White - English/Welsh/Scottish/Northern Irish/British,White,Misuse of Drugs Act 1971 (section 23),Controlled drugs,A no further action disposal,True,
Person search,2023-10-15T16:38:08+00:00,False,,,,Male,over 34,White - English/Welsh/Scottish/Northern Irish/British,White,Misuse of Drugs Act 1971 (section 23),Controlled drugs,Arrest,True,
Person and Vehicle search,2023-10-15T16:49:17+00:00,False,,,,Male,over 34,White - English/Welsh/Scottish/Northern Irish/British,White,Misuse of Drugs Act 1971 (section 23),Controlled drugs,A no further action disposal,True,
Person and Vehicle search,2023-10-15T20:00:00+00:00,False,,52.381615,-2.058251,Female,25-34,White - English/Welsh/Scottish/Northern Irish/British,White,Misuse of Drugs Act 1971 (section 23),Controlled drugs,A no further action disposal,True,
Person search,2023-10-16T01:00:57+00:00,False,,52.190997,-2.253334,Male,25-34,White - English/Welsh/Scottish/Northern Irish/British,White,Police and Criminal Evidence Act 1984 (section 1),Offensive weapons,A no further action disposal,True,
Person search,2023-10-16T15:47:51+00:00,True,,52.305777,-1.941651,Male,over 34,White - English/Welsh/Scottish/Northern Irish/British,White,Criminal Justice Act 1988 (section 139B),Article for use in theft,Arrest,True,
Person search,2023-10-16T15:48:27+00:00,False,,52.307481,-1.940335,Male,over 34,White - English/Welsh/Scottish/Northern Irish/British,White,Police and Criminal Evidence Act 1984 (section 1),Stolen goods,A no further action disposal,True,False
Person search,2023-10-16T15:49:10+00:00,False,,52.315825,-1.941497,Female,25-34,White - English/Welsh/Scottish/Northern Irish/British,White,Police and Criminal Evidence Act 1984 (section 1),Stolen goods,A no further action disposal,True,
Person search,2023-10-16T16:00:00+00:00,False,,51.911468,-2.580814,Male,25-34,Other ethnic group - Not stated,Mixed,Poaching Prevention Act 1862 (section 2),Offensive weapons,A no further action disposal,True,
Person and Vehicle search,2023-10-16T16:00:00+00:00,False,,,,Male,18-24,Other ethnic group - Not stated,White,Criminal Justice Act 1988 (section 139B),Offensive weapons,A no further action disposal,True,
Person search,2023-10-16T16:00:00+00:00,False,,,,Male,,Other ethnic group - Not stated,White,Police and Criminal Evidence Act 1984 (section 1),Offensive weapons,A no further action disposal,True,
Person and Vehicle search,2023-10-16T22:01:32+00:00,False,,52.703064,-2.517423,Male,25-34,Other ethnic group - Not stated,Asian,Misuse of Drugs Act 1971 (section 23),Controlled drugs,A no further action disposal,True,
Person search,2023-10-16T22:04:27+00:00,False,,52.698633,-2.510978,Male,25-34,Asian/Asian British - Pakistani,Asian,Misuse of Drugs Act 1971 (section 23),Controlled drugs,A no further action disposal,True,
Person search,2023-10-16T22:16:53+00:00,False,,52.698633,-2.510978,Male,18-24,Asian/Asian British - Pakistani,Asian,Misuse of Drugs Act 1971 (section 23),Controlled drugs,A no further action disposal,True,
Person search,2023-10-16T23:34:00+00:00,False,,52.192781,-2.215119,Female,10-17,,Mixed,Police and Criminal Evidence Act 1984 (section 1),Controlled drugs,Arrest,False,
Person search,2023-10-16T23:41:55+00:00,False,,52.192939,-2.214657,Male,over 34,White - English/Welsh/Scottish/Northern Irish/British,White,Misuse of Drugs Act 1971 (section 23),Controlled drugs,A no further action disposal,True,
Person and Vehicle search,2023-10-16T23:50:24+00:00,False,,52.536309,-2.433193,Male,over 34,Other ethnic group - Not stated,Other,Police and Criminal Evidence Act 1984 (section 1),Article for use in theft,Arrest,False,
Person search,2023-10-17T01:25:13+00:00,False,,52.197845,-2.223863,Male,10-17,White - English/Welsh/Scottish/Northern Irish/British,White,Misuse of Drugs Act 1971 (section 23),Articles for use in criminal damage,Arrest,False,
Person and Vehicle search,2023-10-17T08:27:42+00:00,False,,52.226669,-2.772683,Male,over 34,Black/African/Caribbean/Black British - Caribbean,Black,Misuse of Drugs Act 1971 (section 23),Controlled drugs,A no further action disposal,True,
Person search,2023-10-17T10:00:26+00:00,False,,52.056376,-2.717439,Male,over 34,White - English/Welsh/Scottish/Northern Irish/British,White,Police and Criminal Evidence Act 1984 (section 1),Stolen goods,Arrest,False,
Person search,2023-10-17T10:09:31+00:00,True,,52.677764,-2.440464,Male,25-34,Other ethnic group - Not stated,White,Misuse of Drugs Act 1971 (section 23),Controlled drugs,A no further action disposal,True,
Person search,2023-10-17T11:57:31+00:00,True,,52.676579,-2.449548,Female,over 34,Other ethnic group - Not stated,Mixed,Misuse of Drugs Act 1971 (section 23),Controlled drugs,Arrest,True,False
Person search,2023-10-17T12:20:00+00:00,False,,,,Female,over 34,White - English/Welsh/Scottish/Northern Irish/British,White,Misuse of Drugs Act 1971 (section 23),Controlled drugs,Khat or Cannabis warning,True,True
Person search,2023-10-17T12:30:00+00:00,False,,52.057325,-2.712731,Male,over 34,White - English/Welsh/Scottish/Northern Irish/British,White,Misuse of Drugs Act 1971 (section 23),Controlled drugs,A no further action disposal,True,True
Person search,2023-10-17T13:02:23+00:00,False,,52.904758,-2.897129,Male,10-17,White - English/Welsh/Scottish/Northern Irish/British,White,Misuse of Drugs Act 1971 (section 23),Controlled drugs,Community resolution,True,
Person search,2023-10-17T13:35:53+00:00,False,,,,Male,over 34,White - English/Welsh/Scottish/Northern Irish/British,White,Misuse of Drugs Act 1971 (section 23),Controlled drugs,Community resolution,True,
Person search,2023-10-17T14:10:30+00:00,False,,52.050790,-2.708965,Female,25-34,White - English/Welsh/Scottish/Northern Irish/British,White,Police and Criminal Evidence Act 1984 (section 1),Offensive weapons,A no further action disposal,True,
Person search,2023-10-17T18:47:53+00:00,False,,,,Female,over 34,Black/African/Caribbean/Black British - Caribbean,Black,Police and Criminal Evidence Act 1984 (section 1),Stolen goods,A no further action disposal,True,True
Person search,2023-10-17T18:54:14+00:00,False,,52.331145,-2.056027,Female,25-34,Other ethnic group - Not stated,Other,Police and Criminal Evidence Act 1984 (section 1),Stolen goods,Arrest,True,False
Person search,2023-10-17T18:55:22+00:00,False,,,,Male,over 34,White - English/Welsh/Scottish/Northern Irish/British,White,Police and Criminal Evidence Act 1984 (section 1),Stolen goods,Arrest,True,
Person search,2023-10-17T19:10:32+00:00,False,,,,Male,over 34,White - English/Welsh/Scottish/Northern Irish/British,White,Criminal Justice Act 1988 (section 139B),Anything to threaten or harm anyone,A no further action disposal,True,
Person search,2023-10-17T20:46:39+00:00,False,,,,Female,25-34,White - English/Welsh/Scottish/Northern Irish/British,White,Misuse of Drugs Act 1971 (section 23),Controlled drugs,A no further action disposal,True,
Person search,2023-10-18T01:00:42+00:00,False,,,,Male,18-24,Other ethnic group - Not stated,Mixed,Police and Criminal Evidence Act 1984 (section 1),Article for use in theft,A no further action disposal,True,
Person search,2023-10-18T09:03:00+00:00,False,,52.306517,-1.936200,Male,18-24,White - Any other White background,White,Police and Criminal Evidence Act 1984 (section 1),Stolen goods,A no further action disposal,True,
Person search,2023-10-18T09:04:00+00:00,True,,52.306517,-1.936200,Female,25-34,White - Any other White background,White,Police and Criminal Evidence Act 1984 (section 1),Stolen goods,Community resolution,True,False
Person search,2023-10-18T10:12:00+00:00,False,,52.385736,-2.248762,Male,over 34,White - English/Welsh/Scottish/Northern Irish/British,White,Police and Criminal Evidence Act 1984 (section 1),Article for use in theft,A no further action disposal,True,
Person search,2023-10-18T10:13:14+00:00,False,,,,Male,over 34,White - Any other White background,White,Misuse of Drugs Act 1971 (section 23),Controlled drugs,A no further action disposal,True,
Person search,2023-10-18T11:53:24+00:00,False,,52.382365,-2.252813,Female,25-34,White - English/Welsh/Scottish/Northern Irish/British,White,Misuse of Drugs Act 1971 (section 23),Controlled drugs,Arrest,False,False
Person search,2023-10-18T11:55:51+00:00,False,,,,Male,10-17,White - English/Welsh/Scottish/Northern Irish/British,White,Misuse of Drugs Act 1971 (section 23),Controlled drugs,A no further action disposal,True,
Person search,2023-10-18T12:14:15+00:00,False,,,,Male,10-17,White - English/Welsh/Scottish/Northern Irish/British,White,Misuse of Drugs Act 1971 (section 23),Controlled drugs,A no further action disposal,True,False
Person search,2023-10-18T15:13:28+00:00,False,,,,Male,over 34,White - English/Welsh/Scottish/Northern Irish/British,White,Police and Criminal Evidence Act 1984 (section 1),Stolen goods,Penalty Notice for Disorder,False,
Person search,2023-10-18T15:16:38+00:00,True,,52.306593,-1.942756,Male,18-24,Asian/Asian British - Any other Asian background,Asian,Misuse of Drugs Act 1971 (section 23),Controlled drugs,Community resolution,True,
Person and Vehicle search,2023-10-18T15:36:50+00:00,False,,52.701355,-2.651424,Male,25-34,White - English/Welsh/Scottish/Northern Irish/British,White,Police and Criminal Evidence Act 1984 (section 1),Stolen goods,A no further action disposal,True,
Person and Vehicle search,2023-10-18T15:39:53+00:00,False,,52.690471,-2.543239,Male,over 34,White - English/Welsh/Scottish/Northern Irish/British,White,Police and Criminal Evidence Act 1984 (section 1),Stolen goods,A no further action disposal,True,
Person search,2023-10-19T11:58:30+00:00,False,,,,Male,over 34,White - English/Welsh/Scottish/Northern Irish/British,White,Misuse of Drugs Act 1971 (section 23),Controlled drugs,A no further action disposal,True,
Person search,2023-10-19T14:38:11+00:00,False,,,,Male,,Black/African/Caribbean/Black British - Caribbean,Black,Misuse of Drugs Act 1971 (section 23),Controlled drugs,A no further action disposal,True,
Person search,2023-10-19T14:47:47+00:00,False,,52.104244,-2.182659,Male,25-34,Asian/Asian British - Pakistani,Asian,Misuse of Drugs Act 1971 (section 23),Controlled drugs,Arrest,True,
Person and Vehicle search,2023-10-19T14:47:48+00:00,False,,52.104244,-2.182659,Male,25-34,Asian/Asian British - Pakistani,Asian,Misuse of Drugs Act 1971 (section 23),Controlled drugs,Arrest,True,
Person search,2023-10-19T15:40:14+00:00,False,,52.708103,-2.754580,Male,over 34,White - English/Welsh/Scottish/Northern Irish/British,White,Misuse of Drugs Act 1971 (section 23),Controlled drugs,Arrest,True,
Person search,2023-10-19T17:07:21+00:00,False,,52.358059,-2.290616,Male,10-17,Other ethnic group - Not stated,White,Police and Criminal Evidence Act 1984 (section 1),Article for use in theft,A no further action disposal,True,
Person search,2023-10-19T17:31:08+00:00,False,,52.367212,-2.300840,Male,10-17,Other ethnic group - Not stated,White,Police and Criminal Evidence Act 1984 (section 1),Article for use in theft,A no further action disposal,True,
Person search,2023-10-19T19:10:00+00:00,False,,52.716376,-2.725278,Male,25-34,White - English/Welsh/Scottish/Northern Irish/British,White,Misuse of Drugs Act 1971 (section 23),Controlled drugs,A no further action disposal,True,False
Person search,2023-10-19T19:13:00+00:00,False,,52.716376,-2.725278,Female,over 34,White - Any other White background,White,Misuse of Drugs Act 1971 (section 23),Controlled drugs,A no further action disposal,True,
Person and Vehicle search,2023-10-19T21:01:00+00:00,False,,51.893489,-2.501936,Male,18-24,White - English/Welsh/Scottish/Northern Irish/British,White,Misuse of Drugs Act 1971 (section 23),Controlled drugs,Khat or Cannabis warning,True,
Person search,2023-10-19T21:03:20+00:00,False,,51.893489,-2.501936,Female,18-24,White - English/Welsh/Scottish/Northern Irish/British,White,Misuse of Drugs Act 1971 (section 23),Controlled drugs,A no further action disposal,True,
Person and Vehicle search,2023-10-20T01:01:08+00:00,False,,,,Male,10-17,Black/African/Caribbean/Black British - Any other Black/African/Caribbean background,Black,Police and Criminal Evidence Act 1984 (section 1),Offensive weapons,Arrest,False,
Person and Vehicle search,2023-10-20T11:26:18+00:00,False,,52.383578,-2.226697,Male,25-34,White - English/Welsh/Scottish/Northern Irish/British,White,Misuse of Drugs Act 1971 (section 23),Controlled drugs,Arrest,False,
Person search,2023-10-20T11:47:46+00:00,False,,52.185752,-2.214470,Male,25-34,Other ethnic group - Not stated,White,Misuse of Drugs Act 1971 (section 23),Controlled drugs,A no further action disposal,True,
Person and Vehicle search,2023-10-20T12:04:27+00:00,False,,52.183945,-2.182152,Male,over 34,White - English/Welsh/Scottish/Northern Irish/British,White,Misuse of Drugs Act 1971 (section 23),Controlled drugs,A no further action disposal,True,
Person and Vehicle search,2023-10-20T16:12:42+00:00,False,,52.130146,-2.075524,Male,25-34,Other ethnic group - Not stated,Asian,Police and Criminal Evidence Act 1984 (section 1),Article for use in theft,A no further action disposal,True,
Person search,2023-10-20T19:02:05+00:00,False,,52.054932,-2.719721,Male,18-24,White - English/Welsh/Scottish/Northern Irish/British,White,Police and Criminal Evidence Act 1984 (section 1),Anything to threaten or harm anyone,A no further action disposal,True,
Person search,2023-10-20T19:03:47+00:00,False,,52.054932,-2.719721,Male,18-24,White - English/Welsh/Scottish/Northern Irish/British,White,Police and Criminal Evidence Act 1984 (section 1),Offensive weapons,A no further action disposal,True,
Person search,2023-10-20T22:31:02+00:00,False,,52.350757,-2.047126,Male,10-17,Other ethnic group - Not stated,White,Police and Criminal Evidence Act 1984 (section 1),Offensive weapons,A no further action disposal,True,
Person search,2023-10-21T01:00:31+00:00,False,,52.057483,-2.712746,Male,18-24,White - English/Welsh/Scottish/Northern Irish/British,White,Misuse of Drugs Act 1971 (section 23),Controlled drugs,A no further action disposal,True,
Person search,2023-10-21T04:03:52+00:00,False,,,,Male,18-24,White - English/Welsh/Scottish/Northern Irish/British,White,Police and Criminal Evidence Act 1984 (section 1),Article for use in theft,Community resolution,True,
Person and Vehicle search,2023-10-21T11:28:47+00:00,False,,52.058313,-2.716697,Male,25-34,White - English/Welsh/Scottish/Northern Irish/British,White,Criminal Justice Act 1988 (section 139B),Psychoactive substances,Arrest,True,False
Person search,2023-10-21T13:26:10+00:00,False,,52.386556,-2.239452,Male,25-34,Other ethnic group - Not stated,White,Police and Criminal Evidence Act 1984 (section 1),Offensive weapons,Arrest,True,
Person search,2023-10-21T21:36:33+00:00,False,,52.208987,-2.185972,Male,over 34,White - English/Welsh/Scottish/Northern Irish/British,White,Police and Criminal Evidence Act 1984 (section 1),Stolen goods,Arrest,False,
Person and Vehicle search,2023-10-21T23:03:43+00:00,False,,52.691266,-2.493019,Male,25-34,Other ethnic group - Not stated,Mixed,Misuse of Drugs Act 1971 (section 23),Controlled drugs,Arrest,False,
Person search,2023-10-21T23:55:00+00:00,False,,52.672933,-2.489308,Male,over 34,White - English/Welsh/Scottish/Northern Irish/British,White,Misuse of Drugs Act 1971 (section 23),Controlled drugs,Summons / charged by post,True,
Person search,2023-10-22T00:42:16+00:00,False,,52.193386,-2.223636,Male,18-24,White - English/Welsh/Scottish/Northern Irish/British,White,Misuse of Drugs Act 1971 (section 23),Psychoactive substances,A no further action disposal,True,
Person search,2023-10-22T01:28:27+00:00,False,,52.193258,-2.219963,Male,18-24,White - English/Welsh/Scottish/Northern Irish/British,White,Police and Criminal Evidence Act 1984 (section 1),Offensive weapons,A no further action disposal,True,
Person search,2023-10-22T02:34:15+00:00,False,,52.709268,-2.752202,Male,25-34,White - English/Welsh/Scottish/Northern Irish/British,White,Police and Criminal Evidence Act 1984 (section 1),Stolen goods,A no further action disposal,True,
Person and Vehicle search,2023-10-22T09:21:42+00:00,False,,52.721966,-2.435609,Male,over 34,White - English/Welsh/Scottish/Northern Irish/British,White,Police and Criminal Evidence Act 1984 (section 1),Offensive weapons,A no further action disposal,True,
Person and Vehicle search,2023-10-22T09:27:58+00:00,False,,52.391246,-2.265766,Male,over 34,White - English/Welsh/Scottish/Northern Irish/British,White,Misuse of Drugs Act 1971 (section 23),Controlled drugs,Khat or Cannabis warning,True,
Person search,2023-10-22T14:00:00+00:00,False,,52.307200,-1.935422,Male,18-24,White - English/Welsh/Scottish/Northern Irish/British,White,Misuse of Drugs Act 1971 (section 23),Controlled drugs,A no further action disposal,True,
Person and Vehicle search,2023-10-23T10:37:04+00:00,False,,51.927500,-2.569503,Male,18-24,White - English/Welsh/Scottish/Northern Irish/British,White,Misuse of Drugs Act 1971 (section 23),Controlled drugs,A no further action disposal,True,
Vehicle search,2023-10-23T10:37:58+00:00,False,,51.927500,-2.569503,Other,,,,Misuse of Drugs Act 1971 (section 23),Controlled drugs,Penalty Notice for Disorder,False,
Person and Vehicle search,2023-10-23T10:56:27+00:00,False,,52.387121,-1.984322,Male,25-34,Other ethnic group - Not stated,Asian,Misuse of Drugs Act 1971 (section 23),Controlled drugs,A no further action disposal,True,
Person and Vehicle search,2023-10-23T10:58:09+00:00,False,,52.387121,-1.984322,Male,25-34,Other ethnic group - Not stated,White,Misuse of Drugs Act 1971 (section 23),Controlled drugs,Penalty Notice for Disorder,False,
Person search,2023-10-23T13:30:57+00:00,False,,52.211689,-2.188223,Male,10-17,Other ethnic group - Not stated,White,Police and Criminal Evidence Act 1984 (section 1),Offensive weapons,A no further action disposal,True,
Person search,2023-10-23T13:42:11+00:00,False,,52.057483,-2.712746,Male,25-34,White - English/Welsh/Scottish/Northern Irish/British,White,Police and Criminal Evidence Act 1984 (section 1),Stolen goods,Arrest,False,
Person search,2023-10-23T13:44:37+00:00,False,,52.057483,-2.712746,Male,over 34,White - English/Welsh/Scottish/Northern Irish/British,White,Police and Criminal Evidence Act 1984 (section 1),Stolen goods,A no further action disposal,True,
Person search,2023-10-23T14:00:30+00:00,False,,,,Male,,Other ethnic group - Not stated,Black,Misuse of Drugs Act 1971 (section 23),Controlled drugs,A no further action disposal,True,
Person and Vehicle search,2023-10-23T14:01:34+00:00,False,,52.304941,-1.977736,Female,over 34,White - Any other White background,White,Police and Criminal Evidence Act 1984 (section 1),Stolen goods,Community resolution,True,
Person and Vehicle search,2023-10-23T18:21:25+00:00,False,,52.339635,-2.049272,Male,18-24,White - English/Welsh/Scottish/Northern Irish/British,White,Police and Criminal Evidence Act 1984 (section 1),Offensive weapons,Arrest,True,
Person search,2023-10-23T18:23:36+00:00,False,,52.340245,-2.052678,Male,10-17,Asian/Asian British - Any other Asian background,Asian,Police and Criminal Evidence Act 1984 (section 1),Offensive weapons,Arrest,True,
Person and Vehicle search,2023-10-23T23:34:33+00:00,False,,51.861229,-2.647458,Male,25-34,Black/African/Caribbean/Black British - African,White,Misuse of Drugs Act 1971 (section 23),Controlled drugs,Arrest,False,
Person and Vehicle search,2023-10-23T23:51:40+00:00,False,,52.738811,-2.408184,Male,25-34,White - English/Welsh/Scottish/Northern Irish/British,White,Misuse of Drugs Act 1971 (section 23),Controlled drugs,Arrest,True,
Person search,2023-10-24T02:06:08+00:00,False,,52.678430,-2.449804,Male,over 34,White - Irish,White,Misuse of Drugs Act 1971 (section 23),Controlled drugs,Arrest,False,
Person search,2023-10-24T04:08:37+00:00,False,,52.710639,-2.775258,Male,25-34,White - English/Welsh/Scottish/Northern Irish/British,White,Misuse of Drugs Act 1971 (section 23),Controlled drugs,Community resolution,True,
Person search,2023-10-24T11:53:56+00:00,True,,52.692524,-2.425876,Female,25-34,White - English/Welsh/Scottish/Northern Irish/British,White,Misuse of Drugs Act 1971 (section 23),Controlled drugs,A no further action disposal,True,
Person search,2023-10-24T11:58:24+00:00,False,,52.675173,-2.447981,Male,over 34,White - English/Welsh/Scottish/Northern Irish/British,White,Misuse of Drugs Act 1971 (section 23),Controlled drugs,A no further action disposal,True,True
Person search,2023-10-24T11:59:47+00:00,False,,52.679312,-2.451736,Male,over 34,White - English/Welsh/Scottish/Northern Irish/British,White,Misuse of Drugs Act 1971 (section 23),Controlled drugs,Arrest,True,
Person search,2023-10-24T12:01:16+00:00,True,,52.676579,-2.449548,Female,over 34,White - English/Welsh/Scottish/Northern Irish/British,White,Misuse of Drugs Act 1971 (section 23),Controlled drugs,Arrest,True,False
Person search,2023-10-24T13:06:15+00:00,False,,,,Male,25-34,White - English/Welsh/Scottish/Northern Irish/British,White,Misuse of Drugs Act 1971 (section 23),Controlled drugs,A no further action disposal,True,False
Person search,2023-10-24T15:11:08+00:00,False,,52.716376,-2.725278,Male,25-34,White - English/Welsh/Scottish/Northern Irish/British,White,Misuse of Drugs Act 1971 (section 23),Controlled drugs,A no further action disposal,True,
Person search,2023-10-24T16:03:23+00:00,False,,52.190955,-2.220449,Male,10-17,Asian/Asian British - Any other Asian background,Asian,Police and Criminal Evidence Act 1984 (section 1),Anything to threaten or harm anyone,A no further action disposal,True,
Person search,2023-10-24T16:03:25+00:00,False,,52.190955,-2.220449,Male,25-34,White - English/Welsh/Scottish/Northern Irish/British,White,Police and Criminal Evidence Act 1984 (section 1),Offensive weapons,A no further action disposal,True,
Person and Vehicle search,2023-10-24T17:13:25+00:00,False,,52.695874,-2.485332,Male,18-24,White - English/Welsh/Scottish/Northern Irish/British,White,Misuse of Drugs Act 1971 (section 23),Controlled drugs,Community resolution,True,
Person search,2023-10-24T17:14:13+00:00,False,,52.696958,-2.488393,Male,18-24,White - English/Welsh/Scottish/Northern Irish/British,White,Misuse of Drugs Act 1971 (section 23),Controlled drugs,Arrest,True,False
Person search,2023-10-24T18:25:58+00:00,False,,52.713107,-2.458065,Male,25-34,White - English/Welsh/Scottish/Northern Irish/British,White,Police and Criminal Evidence Act 1984 (section 1),Articles for use in criminal damage,Arrest,True,
Person search,2023-10-24T20:30:30+00:00,False,,52.363258,-2.055723,Male,over 34,White - English/Welsh/Scottish/Northern Irish/British,White,Police and Criminal Evidence Act 1984 (section 1),Offensive weapons,Summons / charged by post,True,
Person search,2023-10-25T00:08:49+00:00,False,,52.709168,-2.763701,Male,over 34,White - English/Welsh/Scottish/Northern Irish/British,White,Misuse of Drugs Act 1971 (section 23),Controlled drugs,A no further action disposal,True,
Person search,2023-10-25T00:09:58+00:00,False,,52.709168,-2.763701,Male,25-34,White - English/Welsh/Scottish/Northern Irish/British,White,Misuse of Drugs Act 1971 (section 23),Controlled drugs,A no further action disposal,True,
Person search,2023-10-25T08:50:46+00:00,False,,52.133758,-2.111792,Male,25-34,Other ethnic group - Not stated,White,Misuse of Drugs Act 1971 (section 23),Controlled drugs,A no further action disposal,True,False
Person search,2023-10-25T09:19:40+00:00,False,,52.090683,-1.950709,Male,25-34,White - English/Welsh/Scottish/Northern Irish/British,White,Misuse of Drugs Act 1971 (section 23),Controlled drugs,A no further action disposal,True,
Person search,2023-10-25T13:28:44+00:00,False,,52.695152,-2.494602,Male,25-34,Other ethnic group - Not stated,Asian,Police and Criminal Evidence Act 1984 (section 1),Article for use in theft,A no further action disposal,True,
Person and Vehicle search,2023-10-25T14:02:54+00:00,False,,52.285585,-2.231371,Male,,White - English/Welsh/Scottish/Northern Irish/British,White,Misuse of Drugs Act 1971 (section 23),Controlled drugs,A no further action disposal,True,
Person search,2023-10-25T16:03:37+00:00,False,,52.896781,-3.038707,Male,10-17,White - English/Welsh/Scottish/Northern Irish/British,White,Misuse of Drugs Act 1971 (section 23),Controlled drugs,A no further action disposal,True,
Person search,2023-10-25T16:06:04+00:00,False,,52.894549,-3.037970,Male,10-17,White - English/Welsh/Scottish/Northern Irish/British,White,Misuse of Drugs Act 1971 (section 23),Controlled drugs,A no further action disposal,True,
Person search,2023-10-25T16:06:52+00:00,False,,,,Male,10-17,White - English/Welsh/Scottish/Northern Irish/British,White,Misuse of Drugs Act 1971 (section 23),Controlled drugs,Summons / charged by post,True,
Person search,2023-10-25T16:16:37+00:00,False,,,,Male,25-34,White - English/Welsh/Scottish/Northern Irish/British,White,Police and Criminal Evidence Act 1984 (section 1),Offensive weapons,A no further action disposal,True,
Person search,2023-10-25T20:06:06+00:00,False,,52.341785,-2.276477,Male,18-24,White - English/Welsh/Scottish/Northern Irish/British,White,Police and Criminal Evidence Act 1984 (section 1),Offensive weapons,Khat or Cannabis warning,False,False
Person search,2023-10-25T22:40:08+00:00,False,,52.056994,-2.139996,Male,over 34,White - English/Welsh/Scottish/Northern Irish/British,White,Misuse of Drugs Act 1971 (section 23),Controlled drugs,A no further action disposal,True,
Person search,2023-10-25T22:47:59+00:00,False,,52.056994,-2.139996,Female,over 34,White - English/Welsh/Scottish/Northern Irish/British,White,Misuse of Drugs Act 1971 (section 23),Controlled drugs,Arrest,False,
Person search,2023-10-26T09:31:32+00:00,False,,52.406410,-1.842964,Male,25-34,Asian/Asian British - Pakistani,Asian,Police and Criminal Evidence Act 1984 (section 1),Article for use in theft,A no further action disposal,True,
Person search,2023-10-26T13:17:06+00:00,False,,,,Male,18-24,White - English/Welsh/Scottish/Northern Irish/British,White,Misuse of Drugs Act 1971 (section 23),Controlled drugs,A no further action disposal,True,
Person and Vehicle search,2023-10-26T15:13:47+00:00,False,,52.311579,-1.956024,Male,18-24,,Mixed,Misuse of Drugs Act 1971 (section 23),Controlled drugs,Summons / charged by post,True,
Person search,2023-10-26T15:30:09+00:00,False,,52.674053,-2.447126,Female,over 34,Mixed/Multiple ethnic groups - White and Asian,Asian,Misuse of Drugs Act 1971 (section 23),Controlled drugs,A no further action disposal,True,
Person search,2023-10-26T16:34:06+00:00,False,,52.192455,-2.221232,Male,25-34,White - English/Welsh/Scottish/Northern Irish/British,White,Misuse of Drugs Act 1971 (section 23),Controlled drugs,A no further action disposal,True,
Person search,2023-10-26T17:12:38+00:00,False,,52.389968,-2.262334,Male,over 34,White - English/Welsh/Scottish/Northern Irish/British,White,Police and Criminal Evidence Act 1984 (section 1),Offensive weapons,A no further action disposal,True,
Person search,2023-10-26T19:53:24+00:00,False,,,,Male,10-17,White - English/Welsh/Scottish/Northern Irish/British,White,Police and Criminal Evidence Act 1984 (section 1),Stolen goods,A no further action disposal,True,
Person search,2023-10-26T23:01:23+00:00,False,,52.194340,-2.203174,Male,18-24,White - English/Welsh/Scottish/Northern Irish/British,White,Police and Criminal Evidence Act 1984 (section 1),Offensive weapons,A no further action disposal,True,
Person search,2023-10-27T02:10:57+00:00,False,,,,Male,25-34,White - English/Welsh/Scottish/Northern Irish/British,White,Police and Criminal Evidence Act 1984 (section 1),Article for use in theft,A no further action disposal,True,
Person search,2023-10-27T02:14:16+00:00,False,,,,Male,over 34,White - English/Welsh/Scottish/Northern Irish/British,White,Police and Criminal Evidence Act 1984 (section 1),Article for use in theft,A no further action disposal,True,
Person and Vehicle search,2023-10-27T10:00:00+00:00,False,,,,Male,over 34,White - Any other White background,White,Misuse of Drugs Act 1971 (section 23),Controlled drugs,Arrest,True,
Person search,2023-10-27T11:08:31+00:00,False,,52.213823,-2.174445,Male,25-34,White - Any other White background,White,Police and Criminal Evidence Act 1984 (section 1),Article for use in theft,Arrest,True,
Person search,2023-10-27T11:14:44+00:00,False,,52.213823,-2.174445,Male,18-24,Other ethnic group - Not stated,White,Police and Criminal Evidence Act 1984 (section 1),Stolen goods,Arrest,False,
Person search,2023-10-27T12:08:59+00:00,False,,52.304900,-1.938725,Male,10-17,White - English/Welsh/Scottish/Northern Irish/British,White,Police and Criminal Evidence Act 1984 (section 1),Stolen goods,Community resolution,True,
Person and Vehicle search,2023-10-27T12:10:00+00:00,False,,52.107141,-2.085998,Male,over 34,White - English/Welsh/Scottish/Northern Irish/British,White,Misuse of Drugs Act 1971 (section 23),Controlled drugs,A no further action disposal,True,
Person search,2023-10-27T12:10:00+00:00,False,,52.107141,-2.085998,Male,over 34,White - English/Welsh/Scottish/Northern Irish/British,White,Misuse of Drugs Act 1971 (section 23),Controlled drugs,A no further action disposal,True,True
Person search,2023-10-27T16:01:16+00:00,False,,52.057483,-2.712746,Male,10-17,White - English/Welsh/Scottish/Northern Irish/British,White,Police and Criminal Evidence Act 1984 (section 1),Anything to threaten or harm anyone,A no further action disposal,True,
Person search,2023-10-27T16:03:50+00:00,False,,52.056881,-2.715832,Male,10-17,White - English/Welsh/Scottish/Northern Irish/British,White,Police and Criminal Evidence Act 1984 (section 1),Offensive weapons,Arrest,True,
Person search,2023-10-27T16:07:24+00:00,False,,52.057483,-2.712746,Female,10-17,White - English/Welsh/Scottish/Northern Irish/British,White,Police and Criminal Evidence Act 1984 (section 1),Anything to threaten or harm anyone,A no further action disposal,True,
Person search,2023-10-27T16:19:45+00:00,False,,,,Male,10-17,White - English/Welsh/Scottish/Northern Irish/British,White,Misuse of Drugs Act 1971 (section 23),Controlled drugs,A no further action disposal,True,
Person search,2023-10-27T16:51:50+00:00,False,,,,Male,10-17,White - English/Welsh/Scottish/Northern Irish/British,White,Police and Criminal Evidence Act 1984 (section 1),Offensive weapons,Arrest,False,True
Person search,2023-10-27T16:55:43+00:00,False,,52.058859,-2.705531,Female,10-17,White - English/Welsh/Scottish/Northern Irish/British,White,Police and Criminal Evidence Act 1984 (section 1),Offensive weapons,A no further action disposal,True,
Person search,2023-10-27T20:32:47+00:00,False,,52.081700,-2.360175,Male,over 34,Other ethnic group - Not stated,White,Police and Criminal Evidence Act 1984 (section 1),Article for use in theft,Arrest,True,
Person search,2023-10-27T21:25:01+00:00,False,,,,Male,10-17,White - English/Welsh/Scottish/Northern Irish/British,White,Misuse of Drugs Act 1971 (section 23),Controlled drugs,Penalty Notice for Disorder,True,
Person search,2023-10-27T22:38:55+00:00,False,,,,Male,25-34,Asian/Asian British - Any other Asian background,Asian,Misuse of Drugs Act 1971 (section 23),Controlled drugs,A no further action disposal,True,
Person search,2023-10-27T22:41:49+00:00,False,,,,Female,18-24,White - English/Welsh/Scottish/Northern Irish/British,White,Misuse of Drugs Act 1971 (section 23),Controlled drugs,A no further action disposal,True,False
Person search,2023-10-28T00:46:54+00:00,False,,,,Male,18-24,Other ethnic group - Not stated,Mixed,Criminal Justice Act 1988 (section 139B),Offensive weapons,A no further action disposal,False,
Person and Vehicle search,2023-10-28T03:12:43+00:00,False,,,,Male,over 34,White - English/Welsh/Scottish/Northern Irish/British,White,Misuse of Drugs Act 1971 (section 23),Controlled drugs,Arrest,False,
Person and Vehicle search,2023-10-28T03:23:54+00:00,False,,52.091715,-1.903606,Female,over 34,White - English/Welsh/Scottish/Northern Irish/British,White,Misuse of Drugs Act 1971 (section 23),Evidence of offences under the Act,Arrest,True,
Person and Vehicle search,2023-10-28T03:26:34+00:00,False,,52.091317,-1.941425,Male,18-24,White - English/Welsh/Scottish/Northern Irish/British,White,Misuse of Drugs Act 1971 (section 23),Evidence of offences under the Act,Arrest,True,
Person search,2023-10-28T03:28:13+00:00,False,,,,Other,25-34,Other ethnic group - Not stated,Other,Criminal Justice Act 1988 (section 139B),Anything to threaten or harm anyone,A no further action disposal,True,
Person and Vehicle search,2023-10-28T03:28:40+00:00,False,,52.089406,-1.950812,Male,25-34,Black/African/Caribbean/Black British - Any other Black/African/Caribbean background,Black,Misuse of Drugs Act 1971 (section 23),Evidence of offences under the Act,Arrest,True,False
Person search,2023-10-28T10:42:00+00:00,False,,52.209657,-2.188551,Male,25-34,Asian/Asian British - Pakistani,Asian,Misuse of Drugs Act 1971 (section 23),Controlled drugs,Arrest,False,
Person search,2023-10-28T15:09:32+00:00,False,,52.190845,-2.231303,Male,over 34,Other ethnic group - Not stated,White,Police and Criminal Evidence Act 1984 (section 1),Offensive weapons,Arrest,False,
Person search,2023-10-28T21:45:46+00:00,False,,52.131375,-2.308729,Male,over 34,White - English/Welsh/Scottish/Northern Irish/British,White,Misuse of Drugs Act 1971 (section 23),Controlled drugs,A no further action disposal,True,True
Person search,2023-10-28T21:46:51+00:00,False,,52.131694,-2.307124,Male,over 34,White - English/Welsh/Scottish/Northern Irish/British,White,Misuse of Drugs Act 1971 (section 23),Controlled drugs,A no further action disposal,True,
Person search,2023-10-28T22:54:59+00:00,False,,52.854303,-3.048088,Male,18-24,White - English/Welsh/Scottish/Northern Irish/British,White,Misuse of Drugs Act 1971 (section 23),Controlled drugs,Arrest,True,
Person and Vehicle search,2023-10-28T23:29:55+00:00,False,,52.380999,-2.049239,Male,25-34,Black/African/Caribbean/Black British - African,Black,Misuse of Drugs Act 1971 (section 23),Controlled drugs,Arrest,True,
Person search,2023-10-28T23:54:46+00:00,False,,52.669573,-2.473492,Male,25-34,White - English/Welsh/Scottish/Northern Irish/British,White,Police and Criminal Evidence Act 1984 (section 1),Article for use in theft,A no further action disposal,True,
Person and Vehicle search,2023-10-29T03:57:52+00:00,False,,52.116181,-2.301745,Male,,White - English/Welsh/Scottish/Northern Irish/British,White,Police and Criminal Evidence Act 1984 (section 1),Offensive weapons,A no further action disposal,True,
Person search,2023-10-29T09:58:35+00:00,False,,52.852395,-3.044256,Male,10-17,Other ethnic group - Not stated,White,Misuse of Drugs Act 1971 (section 23),Controlled drugs,Arrest,True,
Person and Vehicle search,2023-10-29T12:35:44+00:00,False,,52.210596,-2.167729,Male,18-24,White - Any other White background,White,Misuse of Drugs Act 1971 (section 23),Controlled drugs,A no further action disposal,True,
Person search,2023-10-29T14:46:15+00:00,False,,52.382365,-2.252813,Male,10-17,White - English/Welsh/Scottish/Northern Irish/British,White,Police and Criminal Evidence Act 1984 (section 1),Article for use in theft,A no further action disposal,True,
Person search,2023-10-29T14:51:19+00:00,False,,52.385415,-2.247776,Male,10-17,White - English/Welsh/Scottish/Northern Irish/British,White,Police and Criminal Evidence Act 1984 (section 1),Articles for use in criminal damage,A no further action disposal,True,
Person search,2023-10-29T14:58:43+00:00,False,,52.386128,-2.250587,Male,10-17,White - English/Welsh/Scottish/Northern Irish/British,White,Police and Criminal Evidence Act 1984 (section 1),Offensive weapons,A no further action disposal,True,False
Person search,2023-10-29T15:01:17+00:00,False,,52.386128,-2.250587,Male,10-17,White - English/Welsh/Scottish/Northern Irish/British,White,Police and Criminal Evidence Act 1984 (section 1),Offensive weapons,A no further action disposal,True,
Person search,2023-10-29T15:05:15+00:00,False,,52.386128,-2.250587,Male,10-17,White - English/Welsh/Scottish/Northern Irish/British,White,Police and Criminal Evidence Act 1984 (section 1),Offensive weapons,A no further action disposal,True,False
Person search,2023-10-29T15:39:00+00:00,False,,52.387501,-2.251829,Male,10-17,Black/African/Caribbean/Black British - Caribbean,Black,Police and Criminal Evidence Act 1984 (section 1),Offensive weapons,A no further action disposal,True,False
Person search,2023-10-29T15:39:22+00:00,False,,52.387501,-2.251829,Female,18-24,White - English/Welsh/Scottish/Northern Irish/British,White,Police and Criminal Evidence Act 1984 (section 1),Offensive weapons,A no further action disposal,True,
Person search,2023-10-29T15:54:07+00:00,False,,52.207126,-2.191467,Male,10-17,White - English/Welsh/Scottish/Northern Irish/British,White,Police and Criminal Evidence Act 1984 (section 1),Articles for use in criminal damage,A no further action disposal,True,
Person search,2023-10-29T15:55:17+00:00,False,,52.208987,-2.185972,Female,10-17,White - English/Welsh/Scottish/Northern Irish/British,White,Police and Criminal Evidence Act 1984 (section 1),Articles for use in criminal damage,A no further action disposal,True,
Person search,2023-10-29T15:57:53+00:00,False,,52.207994,-2.188031,Male,10-17,White - English/Welsh/Scottish/Northern Irish/British,White,Police and Criminal Evidence Act 1984 (section 1),Articles for use in criminal damage,A no further action disposal,True,False
Person search,2023-10-29T19:36:56+00:00,False,,52.307393,-1.943166,Male,10-17,White - English/Welsh/Scottish/Northern Irish/British,White,Police and Criminal Evidence Act 1984 (section 1),Offensive weapons,Community resolution,False,
Person and Vehicle search,2023-10-29T19:49:02+00:00,False,,52.184440,-2.204123,Male,over 34,Asian/Asian British - Any other Asian background,Asian,Police and Criminal Evidence Act 1984 (section 1),Firearms,A no further action disposal,True,
Person search,2023-10-30T09:24:10+00:00,True,,52.225339,-2.740422,Male,over 34,White - English/Welsh/Scottish/Northern Irish/British,White,Police and Criminal Evidence Act 1984 (section 1),Article for use in theft,A no further action disposal,True,
Person search,2023-10-30T12:58:03+00:00,False,,52.192291,-2.218576,Male,25-34,White - English/Welsh/Scottish/Northern Irish/British,White,Police and Criminal Evidence Act 1984 (section 1),Evidence of offences under the Act,A no further action disposal,True,
Person and Vehicle search,2023-10-30T17:25:51+00:00,False,,52.428773,-2.017148,Male,over 34,White - English/Welsh/Scottish/Northern Irish/British,White,Firearms Act 1968 (section 47),Firearms,Arrest,False,
Person and Vehicle search,2023-10-30T17:26:53+00:00,False,,52.428475,-2.017075,Male,18-24,White - English/Welsh/Scottish/Northern Irish/British,White,Firearms Act 1968 (section 47),Firearms,Arrest,True,
Person search,2023-10-30T18:47:34+00:00,False,,52.181346,-2.191683,Male,over 34,White - English/Welsh/Scottish/Northern Irish/British,White,Misuse of Drugs Act 1971 (section 23),Controlled drugs,Khat or Cannabis warning,True,
Person search,2023-10-30T20:32:10+00:00,False,,52.315155,-1.906086,Male,10-17,White - English/Welsh/Scottish/Northern Irish/British,White,Police and Criminal Evidence Act 1984 (section 1),Offensive weapons,A no further action disposal,True,
Person and Vehicle search,2023-10-30T21:45:18+00:00,False,,52.123632,-2.069656,Male,over 34,White - English/Welsh/Scottish/Northern Irish/British,White,Misuse of Drugs Act 1971 (section 23),Controlled drugs,Khat or Cannabis warning,True,
Person search,2023-10-30T21:47:52+00:00,False,,52.315603,-1.904310,Female,18-24,White - English/Welsh/Scottish/Northern Irish/British,White,Misuse of Drugs Act 1971 (section 23),Controlled drugs,A no further action disposal,True,
Person search,2023-10-31T00:19:58+00:00,False,,,,Male,10-17,White - English/Welsh/Scottish/Northern Irish/British,White,Police and Criminal Evidence Act 1984 (section 1),Fireworks,A no further action disposal,True,
Person search,2023-10-31T17:14:11+00:00,False,,52.701796,-2.739672,Female,over 34,White - English/Welsh/Scottish/Northern Irish/British,White,Police and Criminal Evidence Act 1984 (section 1),Offensive weapons,Arrest,False,
Person search,2023-10-31T17:15:05+00:00,False,,52.701796,-2.739672,Male,over 34,White - English/Welsh/Scottish/Northern Irish/British,White,Police and Criminal Evidence Act 1984 (section 1),Offensive weapons,Summons / charged by post,True,
Person search,2023-10-31T20:00:00+00:00,False,,52.390961,-1.878109,Male,,White - English/Welsh/Scottish/Northern Irish/British,White,Police and Criminal Evidence Act 1984 (section 1),Fireworks,A no further action disposal,True,
