Type,Date,Part of a policing operation,Policing operation,Latitude,Longitude,Gender,Age range,Self-defined ethnicity,Officer-defined ethnicity,Legislation,Object of search,Outcome,Outcome linked to object of search,Removal of more than just outer clothing
Person search,2022-03-01T00:03:00+00:00,,,54.065239,-2.289030,Male,over 34,,White,Police and Criminal Evidence Act 1984 (section 1),Article for use in theft,,False,
Person search,2022-03-01T17:03:00+00:00,,,53.971763,-1.101786,Female,18-24,,White,,,,,
Person and Vehicle search,2022-03-02T03:03:00+00:00,,,53.895151,-2.023489,Male,18-24,,Asian,Misuse of Drugs Act 1971 (section 23),Controlled drugs,,False,
Person and Vehicle search,2022-03-02T03:03:00+00:00,,,53.895151,-2.023489,Male,18-24,,Asian,Misuse of Drugs Act 1971 (section 23),Controlled drugs,,False,
Person and Vehicle search,2022-03-02T03:03:00+00:00,,,53.895151,-2.023489,Male,18-24,,Asian,Misuse of Drugs Act 1971 (section 23),Controlled drugs,Khat or Cannabis warning,True,
Person and Vehicle search,2022-03-02T13:03:00+00:00,,,53.978352,-1.568480,Male,18-24,Asian/Asian British - Any other Asian background,Asian,Misuse of Drugs Act 1971 (section 23),Controlled drugs,,False,
Person search,2022-03-02T16:03:00+00:00,,,53.993310,-1.528226,Male,over 34,,White,Misuse of Drugs Act 1971 (section 23),Controlled drugs,,False,
Person search,2022-03-02T18:03:00+00:00,,,53.971763,-1.101786,Male,25-34,,White,Misuse of Drugs Act 1971 (section 23),Controlled drugs,Arrest,True,
Person search,2022-03-02T19:03:00+00:00,,,53.971763,-1.101786,Female,18-24,,White,Misuse of Drugs Act 1971 (section 23),Controlled drugs,Khat or Cannabis warning,True,
Person search,2022-03-02T19:03:00+00:00,,,53.971763,-1.101786,Male,18-24,,White,Misuse of Drugs Act 1971 (section 23),Controlled drugs,Khat or Cannabis warning,True,
Person and Vehicle search,2022-03-03T05:03:00+00:00,,,53.971150,-1.098003,Male,18-24,,White,Misuse of Drugs Act 1971 (section 23),Controlled drugs,,False,
Person and Vehicle search,2022-03-03T09:03:00+00:00,,,,,Male,25-34,,White,Misuse of Drugs Act 1971 (section 23),Controlled drugs,,False,
Person search,2022-03-03T10:03:00+00:00,,,53.947659,-1.071358,Male,25-34,,White,Misuse of Drugs Act 1971 (section 23),Controlled drugs,,False,
Person search,2022-03-03T11:03:00+00:00,,,54.279884,-0.406698,Male,25-34,Other ethnic group - Not stated,Asian,Misuse of Drugs Act 1971 (section 23),Controlled drugs,,False,
Person search,2022-03-03T12:03:00+00:00,,,54.279884,-0.406698,Male,25-34,,White,Misuse of Drugs Act 1971 (section 23),Controlled drugs,,False,
Person search,2022-03-03T12:03:00+00:00,,,54.280501,-0.406428,Male,over 34,Other ethnic group - Not stated,White,Misuse of Drugs Act 1971 (section 23),Controlled drugs,,False,
Person search,2022-03-03T12:03:00+00:00,,,54.279884,-0.406698,Male,10-17,Other ethnic group - Not stated,Asian,Misuse of Drugs Act 1971 (section 23),Controlled drugs,,False,
Person search,2022-03-03T15:03:00+00:00,,,53.993310,-1.528226,Male,over 34,,White,Misuse of Drugs Act 1971 (section 23),Controlled drugs,,False,
Person search,2022-03-03T18:03:00+00:00,,,53.995370,-1.535738,Male,25-34,,White,,,,,
Person and Vehicle search,2022-03-03T23:03:00+00:00,,,53.946557,-1.077690,Male,over 34,,White,Police and Criminal Evidence Act 1984 (section 1),Stolen goods,,False,
Person search,2022-03-04T02:03:00+00:00,,,53.706217,-1.154018,Male,18-24,,Black,Police and Criminal Evidence Act 1984 (section 1),Stolen goods,,False,
Person search,2022-03-04T11:03:00+00:00,,,53.994184,-1.538222,Male,10-17,,White,Police and Criminal Evidence Act 1984 (section 1),Stolen goods,,False,
Person search,2022-03-04T14:03:00+00:00,,,53.996503,-1.538242,Male,18-24,,White,Misuse of Drugs Act 1971 (section 23),Controlled drugs,,False,
Person search,2022-03-04T16:03:00+00:00,,,53.963911,-1.085569,Male,10-17,,White,Police and Criminal Evidence Act 1984 (section 1),Article for use in theft,,False,
Person search,2022-03-05T00:03:00+00:00,,,53.992905,-1.542019,Male,18-24,,White,Misuse of Drugs Act 1971 (section 23),Controlled drugs,,False,
Person search,2022-03-05T01:03:00+00:00,,,53.961918,-1.090658,Female,over 34,,White,Police and Criminal Evidence Act 1984 (section 1),Offensive weapons,,False,
Person search,2022-03-05T05:03:00+00:00,,,53.704782,-1.146897,Male,18-24,,White,Police and Criminal Evidence Act 1984 (section 1),Stolen goods,,False,
Person search,2022-03-05T13:03:00+00:00,,,53.991320,-1.513759,Male,10-17,,,,,,,
Person search,2022-03-05T13:03:00+00:00,,,53.991320,-1.513759,Male,10-17,,,,,,,
Person search,2022-03-05T17:03:00+00:00,,,54.337540,-1.424648,Male,10-17,,White,Misuse of Drugs Act 1971 (section 23),Controlled drugs,,False,
Person search,2022-03-05T17:03:00+00:00,,,54.337540,-1.424648,Male,10-17,,White,Misuse of Drugs Act 1971 (section 23),Controlled drugs,,False,
Person search,2022-03-05T17:03:00+00:00,,,54.337540,-1.424648,Male,10-17,,White,Misuse of Drugs Act 1971 (section 23),Controlled drugs,,False,
Person search,2022-03-05T17:03:00+00:00,,,54.337540,-1.424648,Male,10-17,,White,Misuse of Drugs Act 1971 (section 23),Controlled drugs,,False,
Person search,2022-03-05T19:03:00+00:00,,,53.956901,-1.089197,Male,25-34,,White,Police and Criminal Evidence Act 1984 (section 1),Offensive weapons,Arrest,True,
Person and Vehicle search,2022-03-06T04:03:00+00:00,,,53.689417,-1.152583,Male,18-24,,White,Police and Criminal Evidence Act 1984 (section 1),Article for use in theft,,False,
Person search,2022-03-06T04:03:00+00:00,,,53.998214,-1.536804,,over 34,,White,Misuse of Drugs Act 1971 (section 23),Controlled drugs,,False,
Person search,2022-03-06T04:03:00+00:00,,,53.998214,-1.536804,Male,over 34,,White,Misuse of Drugs Act 1971 (section 23),Controlled drugs,,False,
Person search,2022-03-06T13:03:00+00:00,,,53.997134,-1.531798,Male,18-24,Other ethnic group - Not stated,White,Misuse of Drugs Act 1971 (section 23),Controlled drugs,,False,
Person search,2022-03-06T13:03:00+00:00,,,53.996939,-1.534622,Male,18-24,,White,Misuse of Drugs Act 1971 (section 23),Controlled drugs,,False,
Person search,2022-03-06T16:03:00+00:00,,,54.278549,-0.404937,Male,10-17,,,,,,,
Person search,2022-03-06T21:03:00+00:00,,,53.960752,-1.086309,Male,10-17,,White,Police and Criminal Evidence Act 1984 (section 1),,Community resolution,True,
Person search,2022-03-06T21:03:00+00:00,,,53.962597,-1.088981,Male,10-17,,White,Police and Criminal Evidence Act 1984 (section 1),,A no further action disposal,True,
Person search,2022-03-06T22:03:00+00:00,,,53.962597,-1.088981,Male,10-17,,White,Police and Criminal Evidence Act 1984 (section 1),,A no further action disposal,True,
Person search,2022-03-06T22:03:00+00:00,,,53.962597,-1.088981,Male,10-17,,White,Police and Criminal Evidence Act 1984 (section 1),,Community resolution,True,
Person search,2022-03-06T22:03:00+00:00,,,54.280762,-0.404391,Male,over 34,,White,Misuse of Drugs Act 1971 (section 23),Controlled drugs,,False,
Person search,2022-03-07T01:03:00+00:00,,,54.284089,-0.404539,Female,25-34,,,Misuse of Drugs Act 1971 (section 23),Controlled drugs,,False,
Person search,2022-03-07T01:03:00+00:00,,,54.282763,-0.402793,Male,over 34,,White,Misuse of Drugs Act 1971 (section 23),Controlled drugs,,False,
Person search,2022-03-07T15:03:00+00:00,,,53.958910,-1.080451,Male,over 34,,White,Police and Criminal Evidence Act 1984 (section 1),Stolen goods,,False,
Person search,2022-03-07T16:03:00+00:00,,,,,Male,25-34,,White,,,,,
Person search,2022-03-07T16:03:00+00:00,,,53.958910,-1.080451,Male,over 34,,White,Police and Criminal Evidence Act 1984 (section 1),Stolen goods,Community resolution,True,
Person search,2022-03-07T20:03:00+00:00,,,54.362948,-1.711415,Male,10-17,,White,Misuse of Drugs Act 1971 (section 23),Controlled drugs,,False,
Person search,2022-03-07T20:03:00+00:00,,,54.363042,-1.713261,Male,10-17,,White,Misuse of Drugs Act 1971 (section 23),Controlled drugs,,False,
Person search,2022-03-07T20:03:00+00:00,,,54.363042,-1.713261,Male,10-17,,White,Misuse of Drugs Act 1971 (section 23),Controlled drugs,,False,
Person search,2022-03-07T20:03:00+00:00,,,54.363042,-1.713261,Male,10-17,,White,Misuse of Drugs Act 1971 (section 23),Controlled drugs,,False,
Person search,2022-03-08T07:03:00+00:00,,,53.997591,-1.540656,Male,18-24,,White,Misuse of Drugs Act 1971 (section 23),Controlled drugs,,False,
Person search,2022-03-08T07:03:00+00:00,,,53.997591,-1.540656,Male,18-24,,Asian,Misuse of Drugs Act 1971 (section 23),Controlled drugs,,False,
Person search,2022-03-08T08:03:00+00:00,,,53.999848,-1.533918,Male,over 34,,White,Misuse of Drugs Act 1971 (section 23),Controlled drugs,,False,
Person search,2022-03-08T09:03:00+00:00,,,53.999848,-1.533918,Male,over 34,,White,Misuse of Drugs Act 1971 (section 23),Controlled drugs,,False,
Person search,2022-03-08T12:03:00+00:00,,,54.277450,-0.414978,Male,10-17,Other ethnic group - Not stated,White,,,,,
Person search,2022-03-08T12:03:00+00:00,,,54.280879,-0.402358,Female,over 34,,White,,,,,
Person and Vehicle search,2022-03-08T14:03:00+00:00,,,53.969971,-1.528809,Male,over 34,,Asian,Misuse of Drugs Act 1971 (section 23),Controlled drugs,,False,
Person search,2022-03-08T15:03:00+00:00,,,53.951895,-1.084628,Male,over 34,,White,Misuse of Drugs Act 1971 (section 23),Controlled drugs,,False,
Person and Vehicle search,2022-03-08T18:03:00+00:00,,,53.978352,-1.568480,Male,over 34,,Asian,Misuse of Drugs Act 1971 (section 23),Controlled drugs,A no further action disposal,True,
Person search,2022-03-08T18:03:00+00:00,,,53.977175,-1.532372,Male,over 34,,White,Misuse of Drugs Act 1971 (section 23),Controlled drugs,,False,
Person search,2022-03-09T16:03:00+00:00,,,54.281770,-0.405857,Male,over 34,,White,Misuse of Drugs Act 1971 (section 23),Controlled drugs,Khat or Cannabis warning,True,
Person and Vehicle search,2022-03-10T08:03:00+00:00,,,,,Male,18-24,,White,Misuse of Drugs Act 1971 (section 23),Controlled drugs,,False,
Person and Vehicle search,2022-03-10T14:03:00+00:00,,,53.997902,-1.535084,Male,18-24,,White,Misuse of Drugs Act 1971 (section 23),Controlled drugs,,False,
Person search,2022-03-10T15:03:00+00:00,,,53.984713,-1.050130,Male,over 34,,White,Police and Criminal Evidence Act 1984 (section 1),Article for use in theft,,False,
Person search,2022-03-10T21:03:00+00:00,,,53.978352,-1.568480,Male,over 34,,White,Misuse of Drugs Act 1971 (section 23),Controlled drugs,,False,
Person and Vehicle search,2022-03-11T06:03:00+00:00,,,54.227885,-1.325823,Male,25-34,White - Any other White background,White,Police and Criminal Evidence Act 1984 (section 1),Article for use in theft,,False,
Person and Vehicle search,2022-03-11T06:03:00+00:00,,,54.227885,-1.325823,Male,25-34,White - Any other White background,White,Police and Criminal Evidence Act 1984 (section 1),Article for use in theft,,False,
Person search,2022-03-11T18:03:00+00:00,,,53.882205,-1.348342,Male,over 34,,White,Misuse of Drugs Act 1971 (section 23),Controlled drugs,Khat or Cannabis warning,True,
Person and Vehicle search,2022-03-11T19:03:00+00:00,,,54.383961,-1.693499,Male,18-24,,White,Misuse of Drugs Act 1971 (section 23),Controlled drugs,,False,
Person search,2022-03-11T19:03:00+00:00,,,54.283422,-0.405747,Male,over 34,,White,,,,,
Person and Vehicle search,2022-03-11T21:03:00+00:00,,,54.232561,-1.342592,Male,18-24,,White,Misuse of Drugs Act 1971 (section 23),Controlled drugs,,False,
Person search,2022-03-11T23:03:00+00:00,,,53.991263,-1.540603,Male,18-24,,,Misuse of Drugs Act 1971 (section 23),Controlled drugs,,False,
Person search,2022-03-11T23:03:00+00:00,,,54.231716,-1.344108,Male,18-24,,White,Misuse of Drugs Act 1971 (section 23),Controlled drugs,,False,
Person search,2022-03-11T23:03:00+00:00,,,53.991263,-1.540603,Male,18-24,,White,Misuse of Drugs Act 1971 (section 23),Controlled drugs,,False,
Person and Vehicle search,2022-03-12T02:03:00+00:00,,,53.986990,-1.539583,Male,25-34,,White,Misuse of Drugs Act 1971 (section 23),Controlled drugs,,False,
Person and Vehicle search,2022-03-12T02:03:00+00:00,,,53.988417,-1.548534,Male,18-24,,White,Misuse of Drugs Act 1971 (section 23),Controlled drugs,,False,
Person search,2022-03-12T02:03:00+00:00,,,54.283422,-0.405747,Male,over 34,,White,Misuse of Drugs Act 1971 (section 23),Controlled drugs,,False,
Person search,2022-03-12T03:03:00+00:00,,,53.988417,-1.548534,Male,18-24,,White,Misuse of Drugs Act 1971 (section 23),Controlled drugs,,False,
Person search,2022-03-12T15:03:00+00:00,,,53.958287,-1.093023,Male,10-17,,White,Misuse of Drugs Act 1971 (section 23),Controlled drugs,,False,
Person search,2022-03-12T15:03:00+00:00,,,53.958287,-1.093023,Female,18-24,,White,Misuse of Drugs Act 1971 (section 23),Controlled drugs,,False,
Person and Vehicle search,2022-03-12T17:03:00+00:00,,,53.954426,-1.093640,Male,over 34,,White,Misuse of Drugs Act 1971 (section 23),Controlled drugs,,False,
Person search,2022-03-12T18:03:00+00:00,,,54.283422,-0.405747,Male,over 34,,White,Misuse of Drugs Act 1971 (section 23),Controlled drugs,,False,
Person search,2022-03-12T18:03:00+00:00,,,54.233340,-1.341996,Male,25-34,,White,Misuse of Drugs Act 1971 (section 23),Controlled drugs,,False,
Person search,2022-03-13T01:03:00+00:00,,,54.285320,-0.401803,Male,18-24,,White,,,,,
Person search,2022-03-13T03:03:00+00:00,,,54.285320,-0.401803,Male,18-24,,White,Misuse of Drugs Act 1971 (section 23),Controlled drugs,,False,
Person and Vehicle search,2022-03-13T03:03:00+00:00,,,53.995770,-1.544047,Male,18-24,,White,Misuse of Drugs Act 1971 (section 23),Controlled drugs,,False,
Person search,2022-03-13T04:03:00+00:00,,,53.995770,-1.544047,Male,18-24,,White,Misuse of Drugs Act 1971 (section 23),Controlled drugs,,False,
Person search,2022-03-13T13:03:00+00:00,,,53.969971,-1.528809,Male,25-34,,Asian,Misuse of Drugs Act 1971 (section 23),Controlled drugs,Arrest,True,
Person and Vehicle search,2022-03-13T14:03:00+00:00,,,53.865560,-1.911798,Male,25-34,,White,Misuse of Drugs Act 1971 (section 23),Controlled drugs,,False,
Person search,2022-03-13T18:03:00+00:00,,,54.013898,-1.463334,Male,under 10,Other ethnic group - Not stated,White,Police and Criminal Evidence Act 1984 (section 1),Firearms,,False,
Person search,2022-03-13T18:03:00+00:00,,,54.006479,-1.549834,Male,18-24,,White,Misuse of Drugs Act 1971 (section 23),Controlled drugs,Khat or Cannabis warning,True,
Person and Vehicle search,2022-03-13T22:03:00+00:00,,,54.006154,-1.566774,Male,over 34,,White,Misuse of Drugs Act 1971 (section 23),Controlled drugs,,False,
Person search,2022-03-13T23:03:00+00:00,,,54.486571,-0.615707,Male,25-34,Other ethnic group - Not stated,White,Misuse of Drugs Act 1971 (section 23),Controlled drugs,,False,
Person search,2022-03-14T00:03:00+00:00,,,54.286202,-0.391691,Female,25-34,,,Misuse of Drugs Act 1971 (section 23),Controlled drugs,,False,
Person search,2022-03-14T00:03:00+00:00,,,54.286202,-0.391691,Female,over 34,,White,Misuse of Drugs Act 1971 (section 23),Controlled drugs,,False,
Person and Vehicle search,2022-03-14T00:03:00+00:00,,,54.376398,-1.721235,Female,18-24,,White,Misuse of Drugs Act 1971 (section 23),Controlled drugs,,False,
Person and Vehicle search,2022-03-14T03:03:00+00:00,,,53.969868,-1.079508,Male,25-34,White - Any other White background,White,Misuse of Drugs Act 1971 (section 23),Controlled drugs,,False,
Person search,2022-03-14T12:03:00+00:00,,,54.287036,-0.402412,Male,18-24,,White,Misuse of Drugs Act 1971 (section 23),Controlled drugs,Arrest,True,
Person search,2022-03-15T04:03:00+00:00,,,54.013898,-1.463334,Male,10-17,,White,Police and Criminal Evidence Act 1984 (section 1),,,,
Person search,2022-03-15T05:03:00+00:00,,,54.011796,-1.465681,Male,10-17,,White,,Firearms,,False,
Person search,2022-03-15T05:03:00+00:00,,,54.011796,-1.465681,Male,10-17,,White,,Firearms,,False,
Person and Vehicle search,2022-03-15T05:03:00+00:00,,,,,Female,18-24,,White,Misuse of Drugs Act 1971 (section 23),Controlled drugs,,False,
Person search,2022-03-15T06:03:00+00:00,,,,,Male,25-34,Other ethnic group - Not stated,White,Misuse of Drugs Act 1971 (section 23),Controlled drugs,,False,
Person and Vehicle search,2022-03-15T06:03:00+00:00,,,54.300821,-0.421288,Male,over 34,,White,Misuse of Drugs Act 1971 (section 23),Controlled drugs,Arrest,True,
Person search,2022-03-15T15:03:00+00:00,,,53.943077,-1.075055,Female,10-17,,White,Police and Criminal Evidence Act 1984 (section 1),Offensive weapons,,False,
Person search,2022-03-15T23:03:00+00:00,,,54.287036,-0.402412,Male,18-24,,White,Misuse of Drugs Act 1971 (section 23),Controlled drugs,,False,
Person search,2022-03-16T09:03:00+00:00,,,53.959834,-1.083692,Male,over 34,,White,Police and Criminal Evidence Act 1984 (section 1),Stolen goods,,False,
Person search,2022-03-16T09:03:00+00:00,,,54.280879,-0.402358,Male,25-34,Other ethnic group - Not stated,White,Police and Criminal Evidence Act 1984 (section 1),Stolen goods,,False,
Person search,2022-03-16T17:03:00+00:00,,,54.285600,-0.410026,Male,25-34,Other ethnic group - Not stated,White,Misuse of Drugs Act 1971 (section 23),Controlled drugs,,False,
Person and Vehicle search,2022-03-16T19:03:00+00:00,,,54.006154,-1.566774,Male,18-24,,White,Misuse of Drugs Act 1971 (section 23),Controlled drugs,,False,
Person and Vehicle search,2022-03-16T23:03:00+00:00,,,53.761337,-1.234763,Male,25-34,,White,,,,,
Person and Vehicle search,2022-03-16T23:03:00+00:00,,,53.977882,-1.533889,Male,18-24,,Asian,Misuse of Drugs Act 1971 (section 23),Controlled drugs,,False,
Person search,2022-03-16T23:03:00+00:00,,,53.977882,-1.533889,Male,18-24,,White,Misuse of Drugs Act 1971 (section 23),Controlled drugs,,False,
Person search,2022-03-16T23:03:00+00:00,,,53.977882,-1.533889,Male,18-24,,White,Misuse of Drugs Act 1971 (section 23),Controlled drugs,,False,
Person and Vehicle search,2022-03-17T02:03:00+00:00,,,54.131024,-1.520649,Male,over 34,,White,Misuse of Drugs Act 1971 (section 23),Controlled drugs,,False,
Person search,2022-03-17T14:03:00+00:00,,,54.139621,-0.790620,Male,25-34,,White,Misuse of Drugs Act 1971 (section 23),Controlled drugs,,False,
Person search,2022-03-17T22:03:00+00:00,,,54.482964,-0.627221,Male,18-24,,White,Misuse of Drugs Act 1971 (section 23),Controlled drugs,,False,
Person search,2022-03-18T06:03:00+00:00,,,54.013898,-1.463334,Male,10-17,,White,,Offensive weapons,,False,
Person search,2022-03-18T10:03:00+00:00,,,53.957786,-1.082777,Male,25-34,White - Any other White background,White,,,,,
Person and Vehicle search,2022-03-18T17:03:00+00:00,,,53.905627,-1.378602,Male,over 34,Other ethnic group - Not stated,White,Misuse of Drugs Act 1971 (section 23),Controlled drugs,Arrest,True,
Person search,2022-03-18T20:03:00+00:00,,,53.997343,-1.529919,Female,10-17,,White,,,,,
Person and Vehicle search,2022-03-19T02:03:00+00:00,,,54.004888,-1.549974,Male,18-24,,White,Misuse of Drugs Act 1971 (section 23),Controlled drugs,,False,
Person and Vehicle search,2022-03-19T02:03:00+00:00,,,54.004888,-1.549974,Male,18-24,,Asian,Misuse of Drugs Act 1971 (section 23),Controlled drugs,,False,
Person search,2022-03-19T05:03:00+00:00,,,54.275201,-0.402563,Male,25-34,,White,Misuse of Drugs Act 1971 (section 23),Controlled drugs,,False,
Person search,2022-03-19T06:03:00+00:00,,,54.280871,-0.405861,Male,over 34,,White,,,,,
Person search,2022-03-19T13:03:00+00:00,,,53.991087,-1.104253,Male,10-17,,White,Police and Criminal Evidence Act 1984 (section 1),Offensive weapons,Arrest,True,
Person search,2022-03-19T19:03:00+00:00,,,53.992107,-1.545002,Male,18-24,,White,Misuse of Drugs Act 1971 (section 23),Controlled drugs,,False,
Person search,2022-03-19T19:03:00+00:00,,,,,Male,over 34,,White,Police and Criminal Evidence Act 1984 (section 1),Offensive weapons,,False,
Person and Vehicle search,2022-03-19T21:03:00+00:00,,,54.289455,-0.438854,Male,18-24,,White,Misuse of Drugs Act 1971 (section 23),Controlled drugs,,False,
Person and Vehicle search,2022-03-20T02:03:00+00:00,,,53.884514,-1.252461,Female,over 34,,White,Misuse of Drugs Act 1971 (section 23),Controlled drugs,Arrest,True,
Person search,2022-03-20T14:03:00+00:00,,,54.279884,-0.406698,Male,over 34,,White,Misuse of Drugs Act 1971 (section 23),Controlled drugs,A no further action disposal,True,
Person search,2022-03-20T16:03:00+00:00,,,54.488297,-0.618906,Male,25-34,,White,Misuse of Drugs Act 1971 (section 23),Controlled drugs,,False,
Person search,2022-03-20T16:03:00+00:00,,,54.488297,-0.618906,Male,25-34,,White,,,,,
Person search,2022-03-20T17:03:00+00:00,,,54.476339,-0.604416,Female,over 34,Other ethnic group - Not stated,White,Misuse of Drugs Act 1971 (section 23),Controlled drugs,,False,
Person and Vehicle search,2022-03-21T17:03:00+00:00,,,53.951148,-1.142899,Male,25-34,,White,,,,,
Person search,2022-03-21T18:03:00+00:00,,,53.958910,-1.080451,Male,25-34,,White,Police and Criminal Evidence Act 1984 (section 1),Stolen goods,,False,
Person search,2022-03-21T18:03:00+00:00,,,54.280329,-0.399569,Female,10-17,,White,Police and Criminal Evidence Act 1984 (section 1),Offensive weapons,A no further action disposal,True,
Person search,2022-03-21T20:03:00+00:00,,,53.922153,-1.077482,Male,10-17,Other ethnic group - Not stated,Black,Police and Criminal Evidence Act 1984 (section 1),Stolen goods,,False,
Person search,2022-03-21T22:03:00+00:00,,,54.339782,-1.435153,Male,under 10,,White,Misuse of Drugs Act 1971 (section 23),Controlled drugs,,False,
Person search,2022-03-21T23:03:00+00:00,,,54.278866,-0.403788,Male,over 34,Other ethnic group - Not stated,White,Police and Criminal Evidence Act 1984 (section 1),Offensive weapons,Arrest,True,
Person search,2022-03-22T02:03:00+00:00,,,54.280879,-0.402358,Female,10-17,,White,Police and Criminal Evidence Act 1984 (section 1),Offensive weapons,,False,
Person search,2022-03-22T02:03:00+00:00,,,54.153133,-1.498422,Male,18-24,,White,Police and Criminal Evidence Act 1984 (section 1),Offensive weapons,,False,
Person and Vehicle search,2022-03-22T03:03:00+00:00,,,53.830083,-1.344896,Male,25-34,,White,,,,,
Person search,2022-03-22T08:03:00+00:00,,,54.009299,-1.463821,Male,18-24,,White,Misuse of Drugs Act 1971 (section 23),Controlled drugs,,False,
Person search,2022-03-22T09:03:00+00:00,,,53.951148,-1.142899,Male,25-34,,White,Misuse of Drugs Act 1971 (section 23),Controlled drugs,,False,
Person and Vehicle search,2022-03-22T14:03:00+00:00,,,54.021225,-1.566449,Male,over 34,White - Any other White background,White,,,,,
Person search,2022-03-22T15:03:00+00:00,,,54.279659,-0.403235,Male,18-24,,White,Police and Criminal Evidence Act 1984 (section 1),Offensive weapons,,False,
Person search,2022-03-22T16:03:00+00:00,,,53.978352,-1.568480,Male,over 34,White - Any other White background,White,Misuse of Drugs Act 1971 (section 23),Controlled drugs,,False,
Person search,2022-03-22T16:03:00+00:00,,,54.003432,-1.554719,Female,18-24,,White,Misuse of Drugs Act 1971 (section 23),Controlled drugs,,False,
Person search,2022-03-22T16:03:00+00:00,,,54.003432,-1.554719,Female,18-24,,White,Misuse of Drugs Act 1971 (section 23),Controlled drugs,,False,
Person search,2022-03-22T17:03:00+00:00,,,53.992791,-1.508708,Male,over 34,,White,Misuse of Drugs Act 1971 (section 23),Controlled drugs,,False,
Person search,2022-03-22T17:03:00+00:00,,,54.006479,-1.549834,Male,10-17,,White,Police and Criminal Evidence Act 1984 (section 1),Offensive weapons,,False,
Person search,2022-03-22T18:03:00+00:00,,,,,Female,10-17,,White,Police and Criminal Evidence Act 1984 (section 1),Offensive weapons,,False,
Person search,2022-03-22T19:03:00+00:00,,,54.486341,-0.638145,Male,18-24,,White,Misuse of Drugs Act 1971 (section 23),Controlled drugs,,False,
Person search,2022-03-22T22:03:00+00:00,,,54.132575,-0.790718,Male,over 34,,White,Misuse of Drugs Act 1971 (section 23),Controlled drugs,,False,
Person search,2022-03-23T04:03:00+00:00,,,53.922153,-1.077482,Female,10-17,,White,Police and Criminal Evidence Act 1984 (section 1),Stolen goods,,False,
Person and Vehicle search,2022-03-23T08:03:00+00:00,,,,,Female,25-34,,White,Misuse of Drugs Act 1971 (section 23),Controlled drugs,,False,
Person search,2022-03-23T12:03:00+00:00,,,54.282366,-0.401302,Female,over 34,Other ethnic group - Not stated,White,Police and Criminal Evidence Act 1984 (section 1),Stolen goods,,False,
Person and Vehicle search,2022-03-23T16:03:00+00:00,,,53.976575,-1.082059,Female,over 34,,White,Misuse of Drugs Act 1971 (section 23),Controlled drugs,Arrest,True,
Person search,2022-03-23T17:03:00+00:00,,,54.299277,-1.568037,Male,over 34,Black/African/Caribbean/Black British - Any other Black/African/Caribbean background,Black,Misuse of Drugs Act 1971 (section 23),Controlled drugs,,False,
Person search,2022-03-23T18:03:00+00:00,,,54.002936,-1.533030,Male,over 34,,White,Misuse of Drugs Act 1971 (section 23),Controlled drugs,,False,
Person search,2022-03-23T20:03:00+00:00,,,54.003205,-1.528328,Male,over 34,,White,Misuse of Drugs Act 1971 (section 23),Controlled drugs,,False,
Person search,2022-03-24T13:03:00+00:00,,,54.242834,-0.401941,Male,,Other ethnic group - Not stated,White,Misuse of Drugs Act 1971 (section 23),Controlled drugs,Arrest,True,
Person search,2022-03-24T14:03:00+00:00,,,54.242834,-0.401941,Male,25-34,,White,Misuse of Drugs Act 1971 (section 23),Controlled drugs,Arrest,True,
Person search,2022-03-24T20:03:00+00:00,,,54.293115,-0.408738,Male,18-24,,White,Police and Criminal Evidence Act 1984 (section 1),Offensive weapons,Arrest,True,
Person and Vehicle search,2022-03-24T21:03:00+00:00,,,54.283589,-0.430811,Female,under 10,,,,,,,
Person and Vehicle search,2022-03-24T23:03:00+00:00,,,54.283589,-0.430811,Male,25-34,,White,Misuse of Drugs Act 1971 (section 23),Controlled drugs,,False,
Person search,2022-03-25T02:03:00+00:00,,,54.270581,-0.416885,Male,18-24,,White,Misuse of Drugs Act 1971 (section 23),Controlled drugs,Arrest,True,
Person search,2022-03-25T03:03:00+00:00,,,54.263112,-0.415528,Male,10-17,,White,Misuse of Drugs Act 1971 (section 23),Controlled drugs,,False,
Person search,2022-03-25T09:03:00+00:00,,,,,Male,18-24,,Asian,Misuse of Drugs Act 1971 (section 23),Controlled drugs,Khat or Cannabis warning,True,
Person and Vehicle search,2022-03-25T12:03:00+00:00,,,54.212773,-0.289037,Male,25-34,,White,Misuse of Drugs Act 1971 (section 23),Controlled drugs,,False,
Person and Vehicle search,2022-03-25T12:03:00+00:00,,,54.212773,-0.289037,Female,25-34,,White,Misuse of Drugs Act 1971 (section 23),Controlled drugs,,False,
Person search,2022-03-25T19:03:00+00:00,,,53.950684,-1.375251,Male,18-24,,Black,Misuse of Drugs Act 1971 (section 23),Controlled drugs,,False,
Person and Vehicle search,2022-03-25T21:03:00+00:00,,,53.993218,-1.503227,Male,over 34,,Asian,Misuse of Drugs Act 1971 (section 23),Controlled drugs,,False,
Person search,2022-03-25T22:03:00+00:00,,,54.284558,-0.391140,Male,25-34,,White,Misuse of Drugs Act 1971 (section 23),Controlled drugs,,False,
Person search,2022-03-25T23:03:00+00:00,,,54.284558,-0.391140,Male,25-34,,White,Misuse of Drugs Act 1971 (section 23),Controlled drugs,,False,
Person search,2022-03-25T23:03:00+00:00,,,54.284558,-0.391140,Male,25-34,,White,Misuse of Drugs Act 1971 (section 23),Controlled drugs,,False,
Person and Vehicle search,2022-03-25T23:03:00+00:00,,,53.992905,-1.542019,Female,10-17,,White,,,,,
Person and Vehicle search,2022-03-25T23:03:00+00:00,,,53.992905,-1.542019,Male,18-24,,White,Misuse of Drugs Act 1971 (section 23),Controlled drugs,,False,
Person search,2022-03-26T00:03:00+00:00,,,53.991644,-1.541392,Male,18-24,,White,Misuse of Drugs Act 1971 (section 23),Controlled drugs,,False,
Person and Vehicle search,2022-03-26T00:03:00+00:00,,,53.992905,-1.542019,Female,10-17,,White,Misuse of Drugs Act 1971 (section 23),Controlled drugs,,False,
Person and Vehicle search,2022-03-26T02:03:00+00:00,,,53.994015,-1.543364,Male,18-24,,Asian,Misuse of Drugs Act 1971 (section 23),Controlled drugs,,False,
Person search,2022-03-26T02:03:00+00:00,,,54.372419,-1.714828,Male,18-24,,White,Misuse of Drugs Act 1971 (section 23),Controlled drugs,,False,
Person and Vehicle search,2022-03-26T02:03:00+00:00,,,54.372419,-1.714828,Female,18-24,,White,Misuse of Drugs Act 1971 (section 23),Controlled drugs,,False,
Person and Vehicle search,2022-03-26T07:03:00+00:00,,,54.334995,-1.431927,Male,25-34,,White,Police and Criminal Evidence Act 1984 (section 1),Stolen goods,Arrest,True,
Person and Vehicle search,2022-03-26T07:03:00+00:00,,,53.961412,-1.535200,Male,25-34,,Black,Misuse of Drugs Act 1971 (section 23),Controlled drugs,,False,
Person and Vehicle search,2022-03-27T00:03:00+00:00,,,53.952482,-1.073156,Male,25-34,White - Any other White background,White,Misuse of Drugs Act 1971 (section 23),Controlled drugs,Penalty Notice for Disorder,True,
Person and Vehicle search,2022-03-27T14:03:00+00:00,,,53.967075,-1.073854,Male,over 34,White - Any other White background,White,Police and Criminal Evidence Act 1984 (section 1),Stolen goods,,False,
Person and Vehicle search,2022-03-27T14:03:00+00:00,,,53.967075,-1.073854,Male,10-17,White - Any other White background,White,Police and Criminal Evidence Act 1984 (section 1),Stolen goods,,False,
Person search,2022-03-27T16:03:00+00:00,,,53.957595,-1.080114,Female,25-34,Asian/Asian British - Any other Asian background,,Police and Criminal Evidence Act 1984 (section 1),Stolen goods,,False,
Person search,2022-03-28T08:03:00+00:00,,,53.958157,-1.079522,Female,25-34,Other ethnic group - Not stated,Other,Police and Criminal Evidence Act 1984 (section 1),Article for use in theft,,False,
Person search,2022-03-29T15:03:00+00:00,,,54.007967,-1.553831,Female,25-34,,White,Misuse of Drugs Act 1971 (section 23),Controlled drugs,,False,
Person search,2022-03-29T15:03:00+00:00,,,54.006051,-1.553379,Male,25-34,,White,Misuse of Drugs Act 1971 (section 23),Controlled drugs,,False,
Person search,2022-03-29T16:03:00+00:00,,,,,Male,over 34,,White,Misuse of Drugs Act 1971 (section 23),Controlled drugs,,False,
Person and Vehicle search,2022-03-29T16:03:00+00:00,,,54.486931,-0.617300,Female,over 34,,White,Misuse of Drugs Act 1971 (section 23),Controlled drugs,,False,
Person search,2022-03-29T17:03:00+00:00,,,54.488230,-0.617751,Male,25-34,,White,Misuse of Drugs Act 1971 (section 23),Controlled drugs,,False,
Person search,2022-03-29T20:03:00+00:00,,,53.957132,-2.018556,Male,18-24,,White,Misuse of Drugs Act 1971 (section 23),Controlled drugs,,False,
Person search,2022-03-29T20:03:00+00:00,,,53.957132,-2.018556,Male,25-34,,White,Misuse of Drugs Act 1971 (section 23),Controlled drugs,,False,
Person search,2022-03-30T02:03:00+00:00,,,54.283384,-0.399481,Male,over 34,,White,Misuse of Drugs Act 1971 (section 23),Controlled drugs,,False,
Person search,2022-03-30T02:03:00+00:00,,,54.283384,-0.399481,Male,25-34,Other ethnic group - Not stated,White,Misuse of Drugs Act 1971 (section 23),Controlled drugs,,False,
Person search,2022-03-30T07:03:00+00:00,,,54.288166,-0.402860,Male,18-24,,Other,Police and Criminal Evidence Act 1984 (section 1),Firearms,,False,
Person search,2022-03-30T09:03:00+00:00,,,53.976353,-1.073068,Male,18-24,,White,Misuse of Drugs Act 1971 (section 23),Controlled drugs,,False,
Person and Vehicle search,2022-03-30T10:03:00+00:00,,,53.964970,-1.073656,Male,18-24,,Asian,Misuse of Drugs Act 1971 (section 23),Controlled drugs,Khat or Cannabis warning,True,
Person and Vehicle search,2022-03-30T12:03:00+00:00,,,53.880605,-1.356551,Male,,White - Any other White background,White,Misuse of Drugs Act 1971 (section 23),Controlled drugs,Arrest,True,
Person search,2022-03-30T12:03:00+00:00,,,53.995695,-1.538343,Male,over 34,,White,Police and Criminal Evidence Act 1984 (section 1),Stolen goods,,False,
Person search,2022-03-30T12:03:00+00:00,,,53.993438,-1.538032,Male,over 34,Other ethnic group - Not stated,White,Police and Criminal Evidence Act 1984 (section 1),Stolen goods,,False,
Person search,2022-03-30T15:03:00+00:00,,,53.995935,-1.535426,Female,over 34,,White,Misuse of Drugs Act 1971 (section 23),Controlled drugs,,False,
Person search,2022-03-30T15:03:00+00:00,,,53.993813,-1.542177,Female,10-17,,White,Police and Criminal Evidence Act 1984 (section 1),Article for use in theft,,False,
Person search,2022-03-30T15:03:00+00:00,,,53.995935,-1.535426,Male,over 34,,White,Misuse of Drugs Act 1971 (section 23),Controlled drugs,A no further action disposal,True,
Person and Vehicle search,2022-03-31T12:03:00+00:00,,,53.929319,-1.068460,Male,over 34,,White,Misuse of Drugs Act 1971 (section 23),Controlled drugs,,False,
Person and Vehicle search,2022-03-31T12:03:00+00:00,,,53.929319,-1.068460,Male,over 34,,White,Misuse of Drugs Act 1971 (section 23),Controlled drugs,,False,
Person search,2022-03-31T13:03:00+00:00,,,54.002936,-1.533030,Male,over 34,,White,Misuse of Drugs Act 1971 (section 23),Controlled drugs,,False,
Person search,2022-03-31T13:03:00+00:00,,,54.007008,-1.606054,Male,25-34,Asian/Asian British - Any other Asian background,Asian,Misuse of Drugs Act 1971 (section 23),Controlled drugs,,False,
Person search,2022-03-31T16:03:00+00:00,,,53.962625,-1.085582,Male,over 34,White - Any other White background,White,Police and Criminal Evidence Act 1984 (section 1),Stolen goods,,False,
