Type,Date,Part of a policing operation,Policing operation,Latitude,Longitude,Gender,Age range,Self-defined ethnicity,Officer-defined ethnicity,Legislation,Object of search,Outcome,Outcome linked to object of search,Removal of more than just outer clothing
Person and Vehicle search,2022-03-01T13:55:00+00:00,,,52.807817,-1.630101,Male,over 34,Mixed/Multiple ethnic groups - White and Asian,Asian,Misuse of Drugs Act 1971 (section 23),Controlled drugs,Arrest,True,True
Person search,2022-03-01T14:30:00+00:00,,,53.009572,-2.190622,Male,over 34,White - Irish,White,Police and Criminal Evidence Act 1984 (section 1),Offensive weapons,A no further action disposal,False,False
Person search,2022-03-01T15:40:00+00:00,,,52.813714,-1.641965,Male,25-34,Asian/Asian British - Pakistani,Asian,Misuse of Drugs Act 1971 (section 23),Controlled drugs,Caution (simple or conditional),True,False
Person and Vehicle search,2022-03-01T16:30:00+00:00,,,52.813714,-1.641965,Male,25-34,Asian/Asian British - Pakistani,Asian,Misuse of Drugs Act 1971 (section 23),Controlled drugs,Community resolution,True,False
Person search,2022-03-01T16:45:00+00:00,,,52.813714,-1.641965,Male,,Other ethnic group - Not stated,Asian,Misuse of Drugs Act 1971 (section 23),Controlled drugs,A no further action disposal,False,False
Person and Vehicle search,2022-03-01T16:50:00+00:00,,,52.813714,-1.641965,Male,25-34,Asian/Asian British - Pakistani,Asian,Misuse of Drugs Act 1971 (section 23),Controlled drugs,A no further action disposal,False,False
Person search,2022-03-01T19:00:00+00:00,,,,,Male,10-17,White - English/Welsh/Scottish/Northern Irish/British,White,Police and Criminal Evidence Act 1984 (section 1),Stolen goods,Arrest,False,False
Person search,2022-03-02T14:35:00+00:00,,,52.994818,-2.141406,Male,over 34,Black/African/Caribbean/Black British - Caribbean,Black,Misuse of Drugs Act 1971 (section 23),Controlled drugs,A no further action disposal,False,False
Person and Vehicle search,2022-03-02T15:15:00+00:00,,,52.587184,-2.011440,Male,over 34,White - English/Welsh/Scottish/Northern Irish/British,White,Police and Criminal Evidence Act 1984 (section 1),Article for use in theft,Arrest,True,False
Person search,2022-03-02T15:15:00+00:00,,,52.587184,-2.011440,Male,18-24,Black/African/Caribbean/Black British - Caribbean,Black,Police and Criminal Evidence Act 1984 (section 1),Article for use in theft,Summons / charged by post,True,False
Person search,2022-03-02T19:04:00+00:00,,,53.047008,-2.142651,Male,10-17,White - Any other White background,White,Police and Criminal Evidence Act 1984 (section 1),Article for use in theft,Community resolution,True,False
Person search,2022-03-02T19:20:00+00:00,,,53.048922,-2.143239,Male,10-17,White - English/Welsh/Scottish/Northern Irish/British,White,Police and Criminal Evidence Act 1984 (section 1),Article for use in theft,A no further action disposal,False,False
Person search,2022-03-02T19:45:00+00:00,,,52.802607,-2.118131,Male,over 34,White - English/Welsh/Scottish/Northern Irish/British,White,Police and Criminal Evidence Act 1984 (section 1),Offensive weapons,Arrest,True,False
Person search,2022-03-02T20:00:00+00:00,,,52.983657,-2.153107,Male,10-17,White - English/Welsh/Scottish/Northern Irish/British,White,Police and Criminal Evidence Act 1984 (section 1),Anything to threaten or harm anyone,A no further action disposal,False,False
Person and Vehicle search,2022-03-02T20:40:00+00:00,,,52.909810,-2.153455,Male,18-24,White - English/Welsh/Scottish/Northern Irish/British,White,Misuse of Drugs Act 1971 (section 23),Controlled drugs,Community resolution,True,False
Person search,2022-03-03T01:30:00+00:00,,,52.657502,-1.953551,Male,18-24,Other ethnic group - Not stated,White,Misuse of Drugs Act 1971 (section 23),Controlled drugs,A no further action disposal,False,False
Person search,2022-03-03T12:25:00+00:00,,,53.027185,-2.177415,Male,25-34,Black/African/Caribbean/Black British - Any other Black/African/Caribbean background,Black,Misuse of Drugs Act 1971 (section 23),Controlled drugs,Arrest,False,False
Person and Vehicle search,2022-03-03T14:45:00+00:00,,,52.806277,-2.115960,Male,18-24,White - English/Welsh/Scottish/Northern Irish/British,White,Misuse of Drugs Act 1971 (section 23),Controlled drugs,A no further action disposal,False,False
Person search,2022-03-03T23:00:00+00:00,,,52.807518,-1.626588,Male,18-24,White - English/Welsh/Scottish/Northern Irish/British,White,Misuse of Drugs Act 1971 (section 23),Controlled drugs,A no further action disposal,False,False
Person search,2022-03-03T23:01:00+00:00,,,52.807518,-1.626588,Male,18-24,Other ethnic group - Not stated,Asian,Misuse of Drugs Act 1971 (section 23),Controlled drugs,A no further action disposal,False,False
Person search,2022-03-03T23:01:00+00:00,,,,,Male,25-34,Mixed/Multiple ethnic groups - White and Asian,Asian,Misuse of Drugs Act 1971 (section 23),Controlled drugs,A no further action disposal,False,False
Person search,2022-03-04T01:20:00+00:00,,,53.050156,-2.307368,Male,over 34,White - English/Welsh/Scottish/Northern Irish/British,White,Police and Criminal Evidence Act 1984 (section 1),Articles for use in criminal damage,A no further action disposal,False,False
Person search,2022-03-04T02:04:00+00:00,,,53.003357,-2.193217,Male,25-34,Black/African/Caribbean/Black British - Caribbean,Black,Police and Criminal Evidence Act 1984 (section 1),Anything to threaten or harm anyone,A no further action disposal,False,False
Person search,2022-03-04T09:00:00+00:00,,,53.093461,-2.229788,Male,over 34,White - English/Welsh/Scottish/Northern Irish/British,White,Misuse of Drugs Act 1971 (section 23),Controlled drugs,A no further action disposal,False,False
Person and Vehicle search,2022-03-04T12:40:00+00:00,,,52.653495,-1.923089,Male,18-24,White - English/Welsh/Scottish/Northern Irish/British,White,Misuse of Drugs Act 1971 (section 23),Controlled drugs,A no further action disposal,False,False
Person search,2022-03-04T12:40:00+00:00,,,52.738406,-2.023463,Male,25-34,White - English/Welsh/Scottish/Northern Irish/British,White,Misuse of Drugs Act 1971 (section 23),Controlled drugs,A no further action disposal,False,False
Person and Vehicle search,2022-03-04T12:50:00+00:00,,,52.653495,-1.923089,Female,18-24,White - English/Welsh/Scottish/Northern Irish/British,White,Misuse of Drugs Act 1971 (section 23),Controlled drugs,A no further action disposal,False,False
Person search,2022-03-04T15:00:00+00:00,,,52.666524,-1.967929,Female,25-34,Other ethnic group - Not stated,Black,Police and Criminal Evidence Act 1984 (section 1),Stolen goods,A no further action disposal,True,False
Person search,2022-03-04T15:07:00+00:00,,,52.805047,-2.114251,Male,over 34,White - English/Welsh/Scottish/Northern Irish/British,White,Police and Criminal Evidence Act 1984 (section 1),Anything to threaten or harm anyone,Arrest,True,False
Person and Vehicle search,2022-03-04T15:35:00+00:00,,,52.738406,-2.023463,Male,18-24,White - English/Welsh/Scottish/Northern Irish/British,White,Misuse of Drugs Act 1971 (section 23),Controlled drugs,Arrest,True,False
Person and Vehicle search,2022-03-05T00:30:00+00:00,,,,,Male,25-34,Other ethnic group - Any other ethnic group,Other,Misuse of Drugs Act 1971 (section 23),Controlled drugs,Arrest,True,False
Person and Vehicle search,2022-03-05T02:41:00+00:00,,,53.025323,-2.178153,Male,25-34,Other ethnic group - Not stated,Asian,Misuse of Drugs Act 1971 (section 23),Controlled drugs,A no further action disposal,False,False
Person search,2022-03-05T10:10:00+00:00,,,52.659192,-2.012317,Male,18-24,White - English/Welsh/Scottish/Northern Irish/British,White,Firearms Act 1968 (section 47),Firearms,A no further action disposal,False,False
Person and Vehicle search,2022-03-05T13:45:00+00:00,,,52.689718,-1.796429,Male,over 34,White - English/Welsh/Scottish/Northern Irish/British,White,Misuse of Drugs Act 1971 (section 23),Controlled drugs,Arrest,False,False
Person and Vehicle search,2022-03-05T14:00:00+00:00,,,52.689718,-1.796429,Male,over 34,White - English/Welsh/Scottish/Northern Irish/British,White,Misuse of Drugs Act 1971 (section 23),Controlled drugs,Arrest,False,False
Person search,2022-03-05T14:30:00+00:00,,,52.702220,-2.036451,Male,25-34,White - English/Welsh/Scottish/Northern Irish/British,White,Misuse of Drugs Act 1971 (section 23),Controlled drugs,A no further action disposal,False,False
Person search,2022-03-05T15:00:00+00:00,,,52.799939,-2.116077,Male,over 34,White - English/Welsh/Scottish/Northern Irish/British,White,Firearms Act 1968 (section 47),Firearms,Arrest,False,False
Person search,2022-03-05T17:15:00+00:00,,,,,Male,,White - Irish,White,Police and Criminal Evidence Act 1984 (section 1),Anything to threaten or harm anyone,A no further action disposal,False,False
Person search,2022-03-05T18:00:00+00:00,,,,,Male,18-24,White - English/Welsh/Scottish/Northern Irish/British,White,Police and Criminal Evidence Act 1984 (section 1),Anything to threaten or harm anyone,Arrest,False,False
Vehicle search,2022-03-05T20:45:00+00:00,,,52.698124,-2.022494,Other,,,,Misuse of Drugs Act 1971 (section 23),Controlled drugs,Arrest,False,
Person and Vehicle search,2022-03-05T20:53:00+00:00,,,52.698124,-2.022494,Male,over 34,White - English/Welsh/Scottish/Northern Irish/British,White,Misuse of Drugs Act 1971 (section 23),Controlled drugs,A no further action disposal,False,False
Person search,2022-03-06T01:20:00+00:00,,,52.999985,-2.204690,Male,18-24,White - English/Welsh/Scottish/Northern Irish/British,White,Misuse of Drugs Act 1971 (section 23),Controlled drugs,A no further action disposal,False,False
Person and Vehicle search,2022-03-06T09:25:00+00:00,,,53.033806,-2.185465,Male,25-34,White - English/Welsh/Scottish/Northern Irish/British,White,Misuse of Drugs Act 1971 (section 23),Evidence of offences under the Act,Arrest,False,False
Person and Vehicle search,2022-03-06T09:30:00+00:00,,,53.030755,-2.188195,Male,25-34,White - English/Welsh/Scottish/Northern Irish/British,White,Misuse of Drugs Act 1971 (section 23),Controlled drugs,A no further action disposal,False,False
Person search,2022-03-06T12:25:00+00:00,,,53.002742,-2.216326,Male,over 34,White - English/Welsh/Scottish/Northern Irish/British,White,Police and Criminal Evidence Act 1984 (section 1),Stolen goods,Arrest,True,False
Person search,2022-03-06T13:06:00+00:00,,,53.032059,-2.169830,Male,10-17,White - English/Welsh/Scottish/Northern Irish/British,White,Police and Criminal Evidence Act 1984 (section 1),Anything to threaten or harm anyone,A no further action disposal,False,False
Person search,2022-03-06T13:06:00+00:00,,,53.032059,-2.169830,Male,10-17,White - English/Welsh/Scottish/Northern Irish/British,White,Police and Criminal Evidence Act 1984 (section 1),Anything to threaten or harm anyone,A no further action disposal,False,False
Person search,2022-03-06T13:20:00+00:00,,,,,Male,10-17,Mixed/Multiple ethnic groups - White and Asian,Asian,Police and Criminal Evidence Act 1984 (section 1),Offensive weapons,A no further action disposal,False,False
Person search,2022-03-06T13:20:00+00:00,,,52.760712,-1.934845,Female,over 34,White - English/Welsh/Scottish/Northern Irish/British,White,Police and Criminal Evidence Act 1984 (section 1),Anything to threaten or harm anyone,Arrest,True,False
Person search,2022-03-06T13:30:00+00:00,,,,,Male,10-17,Mixed/Multiple ethnic groups - White and Asian,Asian,Police and Criminal Evidence Act 1984 (section 1),Offensive weapons,A no further action disposal,False,False
Person and Vehicle search,2022-03-06T16:00:00+00:00,,,52.864631,-1.683449,Male,25-34,White - Any other White background,White,Misuse of Drugs Act 1971 (section 23),Controlled drugs,A no further action disposal,False,False
Person search,2022-03-06T17:14:00+00:00,,,52.802607,-2.118131,Male,25-34,White - English/Welsh/Scottish/Northern Irish/British,White,Misuse of Drugs Act 1971 (section 23),Controlled drugs,A no further action disposal,False,False
Person and Vehicle search,2022-03-06T20:25:00+00:00,,,52.633661,-1.703927,Male,25-34,White - English/Welsh/Scottish/Northern Irish/British,White,Misuse of Drugs Act 1971 (section 23),Controlled drugs,A no further action disposal,False,False
Person and Vehicle search,2022-03-06T20:25:00+00:00,,,52.633661,-1.703927,Male,18-24,White - English/Welsh/Scottish/Northern Irish/British,White,Misuse of Drugs Act 1971 (section 23),Controlled drugs,A no further action disposal,False,False
Person search,2022-03-07T02:40:00+00:00,,,52.641639,-1.694991,Male,10-17,White - English/Welsh/Scottish/Northern Irish/British,White,Police and Criminal Evidence Act 1984 (section 1),Article for use in theft,Arrest,False,False
Person search,2022-03-07T12:45:00+00:00,,,53.010474,-2.229749,Male,over 34,White - English/Welsh/Scottish/Northern Irish/British,White,Misuse of Drugs Act 1971 (section 23),Controlled drugs,A no further action disposal,False,False
Person search,2022-03-07T13:28:00+00:00,,,52.691704,-2.031634,Male,25-34,White - English/Welsh/Scottish/Northern Irish/British,White,Misuse of Drugs Act 1971 (section 23),Controlled drugs,A no further action disposal,False,False
Person and Vehicle search,2022-03-07T14:00:00+00:00,,,52.687916,-2.042283,Male,over 34,White - English/Welsh/Scottish/Northern Irish/British,White,Misuse of Drugs Act 1971 (section 23),Controlled drugs,A no further action disposal,False,False
Person and Vehicle search,2022-03-07T14:20:00+00:00,,,52.691021,-2.031219,Other,25-34,White - English/Welsh/Scottish/Northern Irish/British,White,Misuse of Drugs Act 1971 (section 23),Controlled drugs,A no further action disposal,False,False
Person search,2022-03-07T15:30:00+00:00,,,53.056259,-2.203510,Male,18-24,Asian/Asian British - Indian,Asian,Police and Criminal Evidence Act 1984 (section 1),Offensive weapons,A no further action disposal,False,False
Person search,2022-03-07T15:55:00+00:00,,,52.694293,-2.031517,Male,over 34,White - English/Welsh/Scottish/Northern Irish/British,White,Misuse of Drugs Act 1971 (section 23),Controlled drugs,Community resolution,False,False
Person search,2022-03-07T16:15:00+00:00,,,52.704877,-2.015142,Male,over 34,White - English/Welsh/Scottish/Northern Irish/British,White,Misuse of Drugs Act 1971 (section 23),Controlled drugs,Arrest,True,False
Person search,2022-03-07T16:25:00+00:00,,,52.707097,-2.015054,Male,over 34,White - English/Welsh/Scottish/Northern Irish/British,White,Misuse of Drugs Act 1971 (section 23),Controlled drugs,A no further action disposal,False,False
Person and Vehicle search,2022-03-07T17:40:00+00:00,,,,,Male,over 34,White - English/Welsh/Scottish/Northern Irish/British,White,Police and Criminal Evidence Act 1984 (section 1),Stolen goods,A no further action disposal,False,False
Person search,2022-03-08T02:02:00+00:00,,,52.790036,-1.645006,Female,18-24,White - English/Welsh/Scottish/Northern Irish/British,White,Police and Criminal Evidence Act 1984 (section 1),Anything to threaten or harm anyone,A no further action disposal,False,False
Person search,2022-03-08T09:50:00+00:00,,,52.989530,-2.135669,Male,over 34,White - English/Welsh/Scottish/Northern Irish/British,White,Misuse of Drugs Act 1971 (section 23),Controlled drugs,A no further action disposal,False,False
Person search,2022-03-08T10:15:00+00:00,,,,,Male,over 34,White - English/Welsh/Scottish/Northern Irish/British,White,Police and Criminal Evidence Act 1984 (section 1),Stolen goods,A no further action disposal,False,False
Person search,2022-03-08T11:10:00+00:00,,,52.696830,-2.022049,Male,25-34,White - English/Welsh/Scottish/Northern Irish/British,White,Misuse of Drugs Act 1971 (section 23),Controlled drugs,Arrest,False,False
Person and Vehicle search,2022-03-08T12:30:00+00:00,,,52.706405,-2.013944,Male,over 34,White - English/Welsh/Scottish/Northern Irish/British,White,Misuse of Drugs Act 1971 (section 23),Controlled drugs,A no further action disposal,True,True
Person and Vehicle search,2022-03-08T12:30:00+00:00,,,52.706405,-2.013944,Female,over 34,White - English/Welsh/Scottish/Northern Irish/British,White,Misuse of Drugs Act 1971 (section 23),Controlled drugs,A no further action disposal,False,False
Person and Vehicle search,2022-03-08T12:30:00+00:00,,,52.706405,-2.013944,Female,over 34,White - English/Welsh/Scottish/Northern Irish/British,White,Misuse of Drugs Act 1971 (section 23),Controlled drugs,A no further action disposal,False,True
Person search,2022-03-08T12:30:00+00:00,,,52.706405,-2.013944,Male,over 34,White - English/Welsh/Scottish/Northern Irish/British,White,Misuse of Drugs Act 1971 (section 23),Controlled drugs,A no further action disposal,False,True
Person and Vehicle search,2022-03-08T13:40:00+00:00,,,52.983977,-2.133655,Female,over 34,White - English/Welsh/Scottish/Northern Irish/British,White,Misuse of Drugs Act 1971 (section 23),Controlled drugs,Community resolution,True,False
Person search,2022-03-08T16:55:00+00:00,,,,,Male,over 34,Other ethnic group - Not stated,White,Misuse of Drugs Act 1971 (section 23),Controlled drugs,A no further action disposal,False,False
Person search,2022-03-08T17:15:00+00:00,,,52.797820,-1.635718,Female,over 34,White - English/Welsh/Scottish/Northern Irish/British,White,Misuse of Drugs Act 1971 (section 23),Controlled drugs,A no further action disposal,True,True
Person and Vehicle search,2022-03-08T17:30:00+00:00,,,52.994611,-2.148691,Male,25-34,Other ethnic group - Any other ethnic group,Asian,Misuse of Drugs Act 1971 (section 23),Controlled drugs,A no further action disposal,False,True
Person search,2022-03-08T17:30:00+00:00,,,52.790882,-1.642389,Male,18-24,Other ethnic group - Not stated,Black,Misuse of Drugs Act 1971 (section 23),Controlled drugs,Arrest,False,True
Person search,2022-03-08T17:59:00+00:00,,,52.986590,-2.164959,Male,10-17,White - English/Welsh/Scottish/Northern Irish/British,White,Police and Criminal Evidence Act 1984 (section 1),Anything to threaten or harm anyone,A no further action disposal,False,False
Person search,2022-03-08T18:00:00+00:00,,,52.981731,-2.140842,Male,10-17,White - English/Welsh/Scottish/Northern Irish/British,White,Misuse of Drugs Act 1971 (section 23),Controlled drugs,A no further action disposal,False,True
Person search,2022-03-08T20:30:00+00:00,,,52.784051,-1.628093,Male,10-17,Other ethnic group - Not stated,White,Police and Criminal Evidence Act 1984 (section 1),Anything to threaten or harm anyone,A no further action disposal,False,False
Person search,2022-03-08T22:00:00+00:00,,,53.102859,-2.024648,Male,25-34,White - English/Welsh/Scottish/Northern Irish/British,White,Misuse of Drugs Act 1971 (section 23),Controlled drugs,A no further action disposal,True,False
Vehicle search,2022-03-08T22:45:00+00:00,,,53.102859,-2.024648,Other,,,,Misuse of Drugs Act 1971 (section 23),Controlled drugs,Arrest,True,
Person search,2022-03-09T02:30:00+00:00,,,53.066232,-2.200662,Male,25-34,White - English/Welsh/Scottish/Northern Irish/British,White,Police and Criminal Evidence Act 1984 (section 1),Article for use in theft,A no further action disposal,False,False
Person search,2022-03-09T10:26:00+00:00,,,53.006123,-2.215628,Male,over 34,White - English/Welsh/Scottish/Northern Irish/British,White,Police and Criminal Evidence Act 1984 (section 1),Articles for use in criminal damage,A no further action disposal,False,False
Person and Vehicle search,2022-03-09T11:15:00+00:00,,,52.810242,-1.641252,Male,25-34,White - Any other White background,White,Misuse of Drugs Act 1971 (section 23),Controlled drugs,Arrest,True,False
Person and Vehicle search,2022-03-09T12:00:00+00:00,,,52.810242,-1.641252,Male,18-24,White - Any other White background,White,Misuse of Drugs Act 1971 (section 23),Controlled drugs,A no further action disposal,False,False
Person search,2022-03-09T13:22:00+00:00,,,52.801187,-1.637321,Male,25-34,Mixed/Multiple ethnic groups - Any other Mixed/Multiple ethnic background,White,Misuse of Drugs Act 1971 (section 23),Controlled drugs,A no further action disposal,False,False
Person search,2022-03-09T13:55:00+00:00,,,52.802615,-1.640039,Male,over 34,Asian/Asian British - Any other Asian background,Asian,Misuse of Drugs Act 1971 (section 23),Controlled drugs,Community resolution,True,True
Person search,2022-03-09T15:30:00+00:00,,,53.051269,-2.204083,Male,18-24,Asian/Asian British - Bangladeshi,,Police and Criminal Evidence Act 1984 (section 1),Anything to threaten or harm anyone,,False,False
Person search,2022-03-09T15:30:00+00:00,,,53.044938,-2.200145,Male,18-24,Asian/Asian British - Indian,Asian,Police and Criminal Evidence Act 1984 (section 1),Anything to threaten or harm anyone,,False,False
Person and Vehicle search,2022-03-09T15:55:00+00:00,,,,,Male,over 34,White - English/Welsh/Scottish/Northern Irish/British,White,Misuse of Drugs Act 1971 (section 23),Controlled drugs,A no further action disposal,False,False
Person search,2022-03-09T17:00:00+00:00,,,53.052342,-2.266104,Male,10-17,White - English/Welsh/Scottish/Northern Irish/British,White,Misuse of Drugs Act 1971 (section 23),Controlled drugs,A no further action disposal,False,False
Person search,2022-03-09T19:00:00+00:00,,,,,Male,over 34,White - English/Welsh/Scottish/Northern Irish/British,White,Misuse of Drugs Act 1971 (section 23),Controlled drugs,A no further action disposal,False,True
Person and Vehicle search,2022-03-09T19:00:00+00:00,,,,,Male,over 34,Asian/Asian British - Pakistani,Asian,Misuse of Drugs Act 1971 (section 23),Controlled drugs,Arrest,False,False
Person search,2022-03-09T19:00:00+00:00,,,52.996371,-2.127317,Other,10-17,White - English/Welsh/Scottish/Northern Irish/British,White,Misuse of Drugs Act 1971 (section 23),Controlled drugs,A no further action disposal,False,False
Person search,2022-03-09T19:20:00+00:00,,,52.968787,-2.105824,Male,10-17,White - English/Welsh/Scottish/Northern Irish/British,White,Misuse of Drugs Act 1971 (section 23),Controlled drugs,A no further action disposal,False,False
Person search,2022-03-09T19:30:00+00:00,,,52.968787,-2.105824,Male,10-17,White - English/Welsh/Scottish/Northern Irish/British,White,Misuse of Drugs Act 1971 (section 23),Controlled drugs,A no further action disposal,False,False
Person and Vehicle search,2022-03-09T19:30:00+00:00,,,52.968787,-2.105824,Male,18-24,White - English/Welsh/Scottish/Northern Irish/British,White,Misuse of Drugs Act 1971 (section 23),Controlled drugs,Community resolution,True,False
Person search,2022-03-09T20:15:00+00:00,,,53.002213,-2.164497,Male,18-24,White - English/Welsh/Scottish/Northern Irish/British,White,Misuse of Drugs Act 1971 (section 23),Controlled drugs,A no further action disposal,False,True
Person and Vehicle search,2022-03-09T20:15:00+00:00,,,53.002213,-2.164497,Other,18-24,White - English/Welsh/Scottish/Northern Irish/British,White,Misuse of Drugs Act 1971 (section 23),Controlled drugs,A no further action disposal,True,True
Person search,2022-03-09T21:08:00+00:00,,,53.028460,-2.091284,Male,18-24,White - English/Welsh/Scottish/Northern Irish/British,White,Misuse of Drugs Act 1971 (section 23),Controlled drugs,Community resolution,True,False
Person search,2022-03-10T01:20:00+00:00,,,53.003150,-2.209280,Male,over 34,White - English/Welsh/Scottish/Northern Irish/British,White,Police and Criminal Evidence Act 1984 (section 1),Anything to threaten or harm anyone,A no further action disposal,False,False
Person search,2022-03-10T02:22:00+00:00,,,52.813714,-1.641965,Male,over 34,White - English/Welsh/Scottish/Northern Irish/British,White,Police and Criminal Evidence Act 1984 (section 1),Anything to threaten or harm anyone,Arrest,False,False
Person search,2022-03-10T09:00:00+00:00,,,52.989681,-2.137054,Male,18-24,White - English/Welsh/Scottish/Northern Irish/British,White,Police and Criminal Evidence Act 1984 (section 1),Anything to threaten or harm anyone,A no further action disposal,False,False
Person and Vehicle search,2022-03-10T11:20:00+00:00,,,52.825753,-1.619412,Female,18-24,White - English/Welsh/Scottish/Northern Irish/British,White,Misuse of Drugs Act 1971 (section 23),Controlled drugs,Arrest,True,False
Person search,2022-03-10T16:55:00+00:00,,,,,Male,18-24,Mixed/Multiple ethnic groups - Any other Mixed/Multiple ethnic background,White,Police and Criminal Evidence Act 1984 (section 1),Stolen goods,A no further action disposal,False,False
Person search,2022-03-10T16:55:00+00:00,,,,,Male,18-24,Mixed/Multiple ethnic groups - Any other Mixed/Multiple ethnic background,White,Police and Criminal Evidence Act 1984 (section 1),Stolen goods,A no further action disposal,False,False
Person search,2022-03-10T16:55:00+00:00,,,,,Male,18-24,Mixed/Multiple ethnic groups - Any other Mixed/Multiple ethnic background,White,Police and Criminal Evidence Act 1984 (section 1),Stolen goods,A no further action disposal,False,False
Person search,2022-03-10T16:55:00+00:00,,,,,Male,18-24,Mixed/Multiple ethnic groups - Any other Mixed/Multiple ethnic background,White,Police and Criminal Evidence Act 1984 (section 1),Stolen goods,A no further action disposal,False,False
Person search,2022-03-10T19:50:00+00:00,,,52.988794,-2.127130,Female,18-24,White - English/Welsh/Scottish/Northern Irish/British,White,Police and Criminal Evidence Act 1984 (section 1),Anything to threaten or harm anyone,A no further action disposal,False,False
Person search,2022-03-11T09:22:00+00:00,,,53.012451,-2.225571,Male,18-24,White - English/Welsh/Scottish/Northern Irish/British,White,Misuse of Drugs Act 1971 (section 23),Controlled drugs,A no further action disposal,True,True
Person search,2022-03-11T10:00:00+00:00,,,53.011118,-2.226757,Male,over 34,White - English/Welsh/Scottish/Northern Irish/British,White,Misuse of Drugs Act 1971 (section 23),Controlled drugs,A no further action disposal,False,False
Person search,2022-03-11T10:10:00+00:00,,,53.011118,-2.226757,Male,over 34,White - English/Welsh/Scottish/Northern Irish/British,White,Misuse of Drugs Act 1971 (section 23),Controlled drugs,A no further action disposal,False,False
Person search,2022-03-11T10:15:00+00:00,,,52.900322,-1.864840,Male,10-17,White - English/Welsh/Scottish/Northern Irish/British,White,Police and Criminal Evidence Act 1984 (section 1),Stolen goods,A no further action disposal,False,False
Person search,2022-03-11T10:15:00+00:00,,,52.900322,-1.864840,Male,18-24,White - English/Welsh/Scottish/Northern Irish/British,White,Police and Criminal Evidence Act 1984 (section 1),Stolen goods,A no further action disposal,False,False
Person search,2022-03-11T11:00:00+00:00,,,,,Female,18-24,Mixed/Multiple ethnic groups - White and Black Caribbean,,Misuse of Drugs Act 1971 (section 23),Controlled drugs,A no further action disposal,False,False
Person and Vehicle search,2022-03-11T11:00:00+00:00,,,52.628782,-2.151701,Male,over 34,Mixed/Multiple ethnic groups - White and Black Caribbean,,Misuse of Drugs Act 1971 (section 23),Controlled drugs,Arrest,False,False
Person search,2022-03-11T11:20:00+00:00,,,52.818543,-1.639640,Male,over 34,White - English/Welsh/Scottish/Northern Irish/British,White,Misuse of Drugs Act 1971 (section 23),Controlled drugs,A no further action disposal,False,False
Person search,2022-03-11T11:50:00+00:00,,,53.022348,-2.171730,Female,over 34,White - English/Welsh/Scottish/Northern Irish/British,White,Police and Criminal Evidence Act 1984 (section 1),Anything to threaten or harm anyone,A no further action disposal,False,False
Person search,2022-03-11T13:00:00+00:00,,,52.685537,-1.806981,Male,over 34,White - English/Welsh/Scottish/Northern Irish/British,White,Police and Criminal Evidence Act 1984 (section 1),Anything to threaten or harm anyone,A no further action disposal,False,False
Person search,2022-03-11T13:10:00+00:00,,,52.987618,-2.133145,Male,25-34,White - English/Welsh/Scottish/Northern Irish/British,White,Misuse of Drugs Act 1971 (section 23),Controlled drugs,Summons / charged by post,True,False
Person search,2022-03-11T13:13:00+00:00,,,52.987618,-2.133145,Female,25-34,White - English/Welsh/Scottish/Northern Irish/British,White,Misuse of Drugs Act 1971 (section 23),Controlled drugs,A no further action disposal,False,False
Person search,2022-03-11T14:00:00+00:00,,,53.066355,-2.197305,Male,over 34,White - English/Welsh/Scottish/Northern Irish/British,White,Police and Criminal Evidence Act 1984 (section 1),Stolen goods,Community resolution,False,False
Person and Vehicle search,2022-03-11T14:00:00+00:00,,,52.609145,-1.659967,Male,over 34,White - English/Welsh/Scottish/Northern Irish/British,White,Misuse of Drugs Act 1971 (section 23),Controlled drugs,Summons / charged by post,True,False
Person and Vehicle search,2022-03-11T14:10:00+00:00,,,52.608066,-1.662988,Male,over 34,White - English/Welsh/Scottish/Northern Irish/British,White,Misuse of Drugs Act 1971 (section 23),Controlled drugs,A no further action disposal,False,False
Vehicle search,2022-03-11T15:00:00+00:00,,,,,Other,,,,Police and Criminal Evidence Act 1984 (section 1),Article for use in theft,A no further action disposal,False,
Person search,2022-03-11T15:01:00+00:00,,,52.987473,-2.134232,Male,25-34,White - English/Welsh/Scottish/Northern Irish/British,White,Police and Criminal Evidence Act 1984 (section 1),Offensive weapons,Summons / charged by post,False,False
Person and Vehicle search,2022-03-11T15:15:00+00:00,,,52.720289,-2.036289,Male,18-24,White - English/Welsh/Scottish/Northern Irish/British,White,Misuse of Drugs Act 1971 (section 23),Controlled drugs,A no further action disposal,False,False
Person search,2022-03-11T17:00:00+00:00,,,53.012699,-2.217792,Female,25-34,White - English/Welsh/Scottish/Northern Irish/British,White,Police and Criminal Evidence Act 1984 (section 1),Stolen goods,A no further action disposal,False,False
Person and Vehicle search,2022-03-11T19:45:00+00:00,,,52.728592,-1.994642,Male,18-24,White - English/Welsh/Scottish/Northern Irish/British,White,Misuse of Drugs Act 1971 (section 23),Controlled drugs,Community resolution,True,False
Person search,2022-03-12T09:00:00+00:00,,,52.988448,-1.987937,Female,over 34,White - English/Welsh/Scottish/Northern Irish/British,White,Police and Criminal Evidence Act 1984 (section 1),Stolen goods,A no further action disposal,True,False
Person and Vehicle search,2022-03-12T12:00:00+00:00,,,51.886984,-2.075333,Male,over 34,Other ethnic group - Not stated,Asian,Police and Criminal Evidence Act 1984 (section 1),Stolen goods,Arrest,False,False
Person search,2022-03-12T12:00:00+00:00,,,51.886984,-2.075333,Male,over 34,Other ethnic group - Not stated,,Police and Criminal Evidence Act 1984 (section 1),Stolen goods,Arrest,False,False
Person and Vehicle search,2022-03-12T12:30:00+00:00,,,52.698187,-2.025483,Male,18-24,Black/African/Caribbean/Black British - Caribbean,Black,Misuse of Drugs Act 1971 (section 23),Controlled drugs,Summons / charged by post,False,True
Person search,2022-03-12T12:30:00+00:00,,,52.697250,-2.030809,Male,over 34,Black/African/Caribbean/Black British - Caribbean,Black,Misuse of Drugs Act 1971 (section 23),Controlled drugs,Community resolution,True,True
Person search,2022-03-12T13:30:00+00:00,,,52.805011,-2.113658,Male,25-34,White - English/Welsh/Scottish/Northern Irish/British,White,Police and Criminal Evidence Act 1984 (section 1),Stolen goods,Arrest,False,False
Person and Vehicle search,2022-03-12T13:50:00+00:00,,,52.809842,-2.119530,Male,18-24,Mixed/Multiple ethnic groups - White and Black Caribbean,,Misuse of Drugs Act 1971 (section 23),Controlled drugs,A no further action disposal,False,False
Person search,2022-03-12T16:30:00+00:00,,,52.689997,-2.024368,Male,10-17,White - English/Welsh/Scottish/Northern Irish/British,White,Misuse of Drugs Act 1971 (section 23),Controlled drugs,A no further action disposal,False,False
Person search,2022-03-12T16:40:00+00:00,,,52.689997,-2.024368,Male,10-17,White - English/Welsh/Scottish/Northern Irish/British,White,Misuse of Drugs Act 1971 (section 23),Controlled drugs,A no further action disposal,False,False
Person search,2022-03-12T23:20:00+00:00,,,53.106337,-2.025397,Male,18-24,White - English/Welsh/Scottish/Northern Irish/British,White,Misuse of Drugs Act 1971 (section 23),Controlled drugs,A no further action disposal,False,False
Person search,2022-03-13T00:55:00+00:00,,,52.684002,-1.831928,Male,25-34,White - English/Welsh/Scottish/Northern Irish/British,White,Police and Criminal Evidence Act 1984 (section 1),Evidence of offences under the Act,A no further action disposal,True,False
Person search,2022-03-13T01:15:00+00:00,,,52.622915,-1.685180,Male,10-17,Other ethnic group - Not stated,White,Police and Criminal Evidence Act 1984 (section 1),Article for use in theft,A no further action disposal,False,False
Person and Vehicle search,2022-03-13T01:20:00+00:00,,,52.622915,-1.685180,Male,10-17,Other ethnic group - Not stated,Black,Police and Criminal Evidence Act 1984 (section 1),Article for use in theft,Summons / charged by post,False,False
Person search,2022-03-13T02:30:00+00:00,,,52.670292,-1.974433,Male,25-34,White - English/Welsh/Scottish/Northern Irish/British,White,Police and Criminal Evidence Act 1984 (section 1),Stolen goods,A no further action disposal,False,False
Person search,2022-03-13T09:45:00+00:00,,,53.005057,-2.186489,Other,over 34,White - English/Welsh/Scottish/Northern Irish/British,White,Misuse of Drugs Act 1971 (section 23),Controlled drugs,A no further action disposal,False,False
Person search,2022-03-13T09:57:00+00:00,,,53.004093,-2.187960,Male,over 34,White - English/Welsh/Scottish/Northern Irish/British,White,Misuse of Drugs Act 1971 (section 23),Controlled drugs,A no further action disposal,False,False
Person search,2022-03-13T11:47:00+00:00,,,52.988692,-2.137960,Male,over 34,White - English/Welsh/Scottish/Northern Irish/British,White,Misuse of Drugs Act 1971 (section 23),Controlled drugs,Community resolution,True,False
Person search,2022-03-13T14:00:00+00:00,,,53.059061,-2.209894,Male,18-24,White - English/Welsh/Scottish/Northern Irish/British,White,Police and Criminal Evidence Act 1984 (section 1),Stolen goods,A no further action disposal,False,False
Person and Vehicle search,2022-03-13T15:00:00+00:00,,,52.705577,-2.019242,Male,over 34,White - English/Welsh/Scottish/Northern Irish/British,White,Misuse of Drugs Act 1971 (section 23),Controlled drugs,A no further action disposal,False,False
Person and Vehicle search,2022-03-13T15:45:00+00:00,,,52.703091,-2.038672,Male,over 34,White - English/Welsh/Scottish/Northern Irish/British,White,Misuse of Drugs Act 1971 (section 23),Controlled drugs,A no further action disposal,False,False
Person and Vehicle search,2022-03-14T02:00:00+00:00,,,,,Male,25-34,White - English/Welsh/Scottish/Northern Irish/British,White,Misuse of Drugs Act 1971 (section 23),Controlled drugs,Arrest,True,False
Person search,2022-03-14T11:28:00+00:00,,,53.026139,-2.173475,Male,over 34,Other ethnic group - Not stated,White,Misuse of Drugs Act 1971 (section 23),Controlled drugs,A no further action disposal,False,False
Person search,2022-03-14T11:35:00+00:00,,,,,Male,over 34,Asian/Asian British - Any other Asian background,Asian,Police and Criminal Evidence Act 1984 (section 1),Article for use in theft,Arrest,True,False
Person search,2022-03-14T14:15:00+00:00,,,53.022424,-2.174846,Male,over 34,White - English/Welsh/Scottish/Northern Irish/British,White,Misuse of Drugs Act 1971 (section 23),Controlled drugs,Arrest,True,False
Person search,2022-03-14T14:23:00+00:00,,,53.044051,-2.156215,Male,10-17,White - English/Welsh/Scottish/Northern Irish/British,White,Police and Criminal Evidence Act 1984 (section 1),Anything to threaten or harm anyone,A no further action disposal,False,False
Person search,2022-03-14T17:45:00+00:00,,,52.686663,-2.022650,Female,over 34,White - English/Welsh/Scottish/Northern Irish/British,White,Police and Criminal Evidence Act 1984 (section 1),Stolen goods,A no further action disposal,False,False
Person and Vehicle search,2022-03-14T17:50:00+00:00,,,52.653493,-2.078865,Male,over 34,Other ethnic group - Not stated,White,Misuse of Drugs Act 1971 (section 23),Controlled drugs,A no further action disposal,False,False
Person search,2022-03-14T18:40:00+00:00,,,53.059487,-2.191603,Male,,White - Irish,White,Police and Criminal Evidence Act 1984 (section 1),Stolen goods,A no further action disposal,False,False
Person search,2022-03-14T23:12:00+00:00,,,53.050978,-2.189626,Male,18-24,White - English/Welsh/Scottish/Northern Irish/British,White,Police and Criminal Evidence Act 1984 (section 1),Stolen goods,A no further action disposal,False,False
Person search,2022-03-14T23:30:00+00:00,,,,,Male,over 34,Mixed/Multiple ethnic groups - White and Asian,Asian,Police and Criminal Evidence Act 1984 (section 1),Article for use in theft,Arrest,False,False
Person search,2022-03-15T00:39:00+00:00,,,52.830930,-1.616294,Male,18-24,White - English/Welsh/Scottish/Northern Irish/British,White,Misuse of Drugs Act 1971 (section 23),Controlled drugs,A no further action disposal,False,False
Person and Vehicle search,2022-03-15T00:41:00+00:00,,,52.830930,-1.616294,Male,18-24,White - English/Welsh/Scottish/Northern Irish/British,White,Misuse of Drugs Act 1971 (section 23),Controlled drugs,A no further action disposal,False,False
Person search,2022-03-15T09:26:00+00:00,,,52.683752,-1.826944,Male,over 34,White - English/Welsh/Scottish/Northern Irish/British,White,Misuse of Drugs Act 1971 (section 23),Controlled drugs,A no further action disposal,False,False
Person search,2022-03-15T10:20:00+00:00,,,,,Male,over 34,White - English/Welsh/Scottish/Northern Irish/British,White,Misuse of Drugs Act 1971 (section 23),Controlled drugs,A no further action disposal,False,False
Person and Vehicle search,2022-03-15T11:01:00+00:00,,,53.001245,-2.187054,Male,25-34,White - English/Welsh/Scottish/Northern Irish/British,White,Misuse of Drugs Act 1971 (section 23),Controlled drugs,A no further action disposal,False,True
Person search,2022-03-15T12:17:00+00:00,,,53.000258,-2.161331,Male,over 34,White - English/Welsh/Scottish/Northern Irish/British,White,Misuse of Drugs Act 1971 (section 23),Controlled drugs,Arrest,True,False
Person search,2022-03-15T12:30:00+00:00,,,53.000199,-2.165369,Male,over 34,White - English/Welsh/Scottish/Northern Irish/British,,Misuse of Drugs Act 1971 (section 23),Controlled drugs,Arrest,True,False
Person search,2022-03-15T13:22:00+00:00,,,52.989530,-2.135669,Male,25-34,White - English/Welsh/Scottish/Northern Irish/British,White,Misuse of Drugs Act 1971 (section 23),Controlled drugs,Arrest,False,False
Person search,2022-03-15T13:25:00+00:00,,,52.989530,-2.135669,Male,over 34,White - English/Welsh/Scottish/Northern Irish/British,White,Misuse of Drugs Act 1971 (section 23),Controlled drugs,Community resolution,True,False
Person search,2022-03-15T14:20:00+00:00,,,53.057718,-2.211887,Female,25-34,White - English/Welsh/Scottish/Northern Irish/British,White,Police and Criminal Evidence Act 1984 (section 1),Evidence of offences under the Act,A no further action disposal,False,False
Person search,2022-03-15T14:55:00+00:00,,,52.689663,-2.031721,Male,10-17,White - English/Welsh/Scottish/Northern Irish/British,White,Misuse of Drugs Act 1971 (section 23),Controlled drugs,A no further action disposal,True,False
Person and Vehicle search,2022-03-15T15:40:00+00:00,,,52.638003,-1.669866,Male,10-17,White - English/Welsh/Scottish/Northern Irish/British,White,Police and Criminal Evidence Act 1984 (section 1),Offensive weapons,A no further action disposal,False,False
Person and Vehicle search,2022-03-15T15:50:00+00:00,,,53.043319,-2.205716,Male,over 34,White - English/Welsh/Scottish/Northern Irish/British,White,Misuse of Drugs Act 1971 (section 23),Controlled drugs,,False,False
Person search,2022-03-15T20:15:00+00:00,,,52.982793,-2.123300,Male,10-17,White - English/Welsh/Scottish/Northern Irish/British,White,Police and Criminal Evidence Act 1984 (section 1),Anything to threaten or harm anyone,A no further action disposal,False,False
Person and Vehicle search,2022-03-15T23:40:00+00:00,,,52.847868,-1.743915,Male,18-24,White - English/Welsh/Scottish/Northern Irish/British,White,Misuse of Drugs Act 1971 (section 23),Controlled drugs,Caution (simple or conditional),True,False
Person search,2022-03-16T00:58:00+00:00,,,53.002047,-2.161427,Male,25-34,White - English/Welsh/Scottish/Northern Irish/British,White,Police and Criminal Evidence Act 1984 (section 1),Anything to threaten or harm anyone,A no further action disposal,False,False
Person search,2022-03-16T08:45:00+00:00,,,53.024640,-2.177807,Male,over 34,White - English/Welsh/Scottish/Northern Irish/British,White,Police and Criminal Evidence Act 1984 (section 1),Anything to threaten or harm anyone,A no further action disposal,False,False
Person search,2022-03-16T10:00:00+00:00,,,52.803680,-2.114633,Male,over 34,White - English/Welsh/Scottish/Northern Irish/British,White,Misuse of Drugs Act 1971 (section 23),Controlled drugs,A no further action disposal,False,False
Person search,2022-03-16T10:05:00+00:00,,,52.803680,-2.114633,Male,over 34,White - English/Welsh/Scottish/Northern Irish/British,White,Misuse of Drugs Act 1971 (section 23),Controlled drugs,A no further action disposal,False,False
Person search,2022-03-16T16:00:00+00:00,,,52.806290,-1.597316,Male,18-24,White - English/Welsh/Scottish/Northern Irish/British,White,Misuse of Drugs Act 1971 (section 23),Controlled drugs,A no further action disposal,False,False
Person search,2022-03-16T16:00:00+00:00,,,52.806290,-1.597316,Male,10-17,White - English/Welsh/Scottish/Northern Irish/British,White,Misuse of Drugs Act 1971 (section 23),Controlled drugs,A no further action disposal,False,False
Person search,2022-03-16T16:10:00+00:00,,,52.806290,-1.597316,Male,10-17,White - English/Welsh/Scottish/Northern Irish/British,White,Misuse of Drugs Act 1971 (section 23),Controlled drugs,A no further action disposal,False,False
Person search,2022-03-16T16:15:00+00:00,,,52.806290,-1.597316,Male,10-17,White - English/Welsh/Scottish/Northern Irish/British,White,Misuse of Drugs Act 1971 (section 23),Controlled drugs,A no further action disposal,False,False
Person search,2022-03-16T18:10:00+00:00,,,52.990856,-2.131904,Male,25-34,White - English/Welsh/Scottish/Northern Irish/British,White,Police and Criminal Evidence Act 1984 (section 1),Stolen goods,Arrest,True,False
Person search,2022-03-16T18:20:00+00:00,,,52.989530,-2.135669,Male,25-34,White - English/Welsh/Scottish/Northern Irish/British,White,Police and Criminal Evidence Act 1984 (section 1),Article for use in theft,A no further action disposal,False,False
Person and Vehicle search,2022-03-16T20:15:00+00:00,,,52.816600,-1.897119,Other,25-34,White - English/Welsh/Scottish/Northern Irish/British,White,Misuse of Drugs Act 1971 (section 23),Controlled drugs,Community resolution,False,False
Person search,2022-03-16T20:30:00+00:00,,,53.006952,-2.224350,Male,over 34,White - English/Welsh/Scottish/Northern Irish/British,White,Police and Criminal Evidence Act 1984 (section 1),Offensive weapons,A no further action disposal,False,False
Person and Vehicle search,2022-03-16T21:18:00+00:00,,,52.780445,-2.077598,Male,25-34,White - English/Welsh/Scottish/Northern Irish/British,White,Misuse of Drugs Act 1971 (section 23),Controlled drugs,A no further action disposal,False,False
Person search,2022-03-17T01:15:00+00:00,,,52.899112,-1.860399,Male,over 34,White - English/Welsh/Scottish/Northern Irish/British,White,Police and Criminal Evidence Act 1984 (section 1),Anything to threaten or harm anyone,A no further action disposal,False,False
Person search,2022-03-17T13:50:00+00:00,,,53.028349,-2.167758,Male,25-34,Other ethnic group - Not stated,Asian,Police and Criminal Evidence Act 1984 (section 1),Anything to threaten or harm anyone,A no further action disposal,False,False
Person search,2022-03-17T17:00:00+00:00,,,,,Male,over 34,White - English/Welsh/Scottish/Northern Irish/British,White,Police and Criminal Evidence Act 1984 (section 1),Offensive weapons,Community resolution,True,False
Person search,2022-03-17T18:50:00+00:00,,,53.055505,-2.207699,Female,10-17,White - English/Welsh/Scottish/Northern Irish/British,White,Police and Criminal Evidence Act 1984 (section 1),Stolen goods,A no further action disposal,False,False
Person search,2022-03-17T18:50:00+00:00,,,53.055505,-2.207699,Other,10-17,White - English/Welsh/Scottish/Northern Irish/British,White,Police and Criminal Evidence Act 1984 (section 1),Stolen goods,A no further action disposal,False,False
Person search,2022-03-17T18:50:00+00:00,,,53.055505,-2.207699,Female,10-17,White - English/Welsh/Scottish/Northern Irish/British,White,Police and Criminal Evidence Act 1984 (section 1),Stolen goods,A no further action disposal,False,False
Person search,2022-03-17T19:25:00+00:00,,,52.792241,-2.127386,Male,25-34,White - English/Welsh/Scottish/Northern Irish/British,White,Misuse of Drugs Act 1971 (section 23),Controlled drugs,Arrest,False,False
Person and Vehicle search,2022-03-17T20:04:00+00:00,,,52.690339,-2.023584,Male,18-24,White - English/Welsh/Scottish/Northern Irish/British,,Police and Criminal Evidence Act 1984 (section 1),Evidence of offences under the Act,Arrest,False,False
Person search,2022-03-17T22:30:00+00:00,,,53.009773,-2.225244,Male,18-24,White - English/Welsh/Scottish/Northern Irish/British,White,Misuse of Drugs Act 1971 (section 23),Controlled drugs,A no further action disposal,True,False
Person and Vehicle search,2022-03-18T14:14:00+00:00,,,52.799939,-2.116077,Male,18-24,White - Any other White background,White,Police and Criminal Evidence Act 1984 (section 1),Stolen goods,Arrest,True,False
Person search,2022-03-18T14:30:00+00:00,,,52.970600,-2.108062,Other,10-17,Other ethnic group - Not stated,Asian,Police and Criminal Evidence Act 1984 (section 1),Offensive weapons,A no further action disposal,False,False
Person and Vehicle search,2022-03-18T16:40:00+00:00,,,53.011860,-2.126528,Male,25-34,White - English/Welsh/Scottish/Northern Irish/British,White,Misuse of Drugs Act 1971 (section 23),Controlled drugs,A no further action disposal,False,False
Person and Vehicle search,2022-03-18T16:40:00+00:00,,,53.011860,-2.126528,Male,25-34,White - English/Welsh/Scottish/Northern Irish/British,White,Misuse of Drugs Act 1971 (section 23),Controlled drugs,Community resolution,True,False
Person search,2022-03-18T18:00:00+00:00,,,53.025418,-2.174396,Male,18-24,Black/African/Caribbean/Black British - African,Black,Police and Criminal Evidence Act 1984 (section 1),Anything to threaten or harm anyone,A no further action disposal,False,False
Person and Vehicle search,2022-03-18T20:10:00+00:00,,,53.034027,-2.259698,Female,over 34,White - English/Welsh/Scottish/Northern Irish/British,White,Misuse of Drugs Act 1971 (section 23),Controlled drugs,Community resolution,False,False
Person and Vehicle search,2022-03-18T21:00:00+00:00,,,53.050322,-2.183686,Male,over 34,Other ethnic group - Any other ethnic group,White,Misuse of Drugs Act 1971 (section 23),Controlled drugs,A no further action disposal,False,False
Vehicle search,2022-03-18T22:16:00+00:00,,,53.050245,-2.187251,Other,,,,Misuse of Drugs Act 1971 (section 23),Controlled drugs,A no further action disposal,False,
Person search,2022-03-18T23:30:00+00:00,,,53.002628,-2.182515,Male,10-17,White - Any other White background,White,Misuse of Drugs Act 1971 (section 23),Controlled drugs,A no further action disposal,False,False
Person search,2022-03-19T03:42:00+00:00,,,53.009413,-2.225063,Male,25-34,White - English/Welsh/Scottish/Northern Irish/British,White,Police and Criminal Evidence Act 1984 (section 1),Article for use in theft,A no further action disposal,False,False
Person search,2022-03-19T11:20:00+00:00,,,52.895227,-1.858389,Male,over 34,White - English/Welsh/Scottish/Northern Irish/British,White,Misuse of Drugs Act 1971 (section 23),Controlled drugs,Community resolution,True,False
Person search,2022-03-19T20:00:00+00:00,,,52.979345,-2.136009,Male,,White - Irish,White,Police and Criminal Evidence Act 1984 (section 1),Anything to threaten or harm anyone,A no further action disposal,False,False
Person search,2022-03-19T20:54:00+00:00,,,52.621909,-1.666028,Male,25-34,Other ethnic group - Not stated,White,Misuse of Drugs Act 1971 (section 23),Controlled drugs,A no further action disposal,False,False
Person search,2022-03-19T21:30:00+00:00,,,52.807808,-2.103311,Male,25-34,White - English/Welsh/Scottish/Northern Irish/British,White,Misuse of Drugs Act 1971 (section 23),Controlled drugs,A no further action disposal,False,False
Person search,2022-03-20T00:40:00+00:00,,,52.898118,-1.863776,Male,over 34,White - English/Welsh/Scottish/Northern Irish/British,White,Misuse of Drugs Act 1971 (section 23),Controlled drugs,Community resolution,True,False
Person search,2022-03-20T11:50:00+00:00,,,52.649363,-2.107178,Female,18-24,White - English/Welsh/Scottish/Northern Irish/British,White,Misuse of Drugs Act 1971 (section 23),Controlled drugs,A no further action disposal,False,True
Person search,2022-03-20T13:10:00+00:00,,,,,Male,18-24,Black/African/Caribbean/Black British - Any other Black/African/Caribbean background,Black,Firearms Act 1968 (section 47),Firearms,A no further action disposal,False,False
Person search,2022-03-20T13:19:00+00:00,,,53.038602,-2.170288,Male,18-24,White - English/Welsh/Scottish/Northern Irish/British,White,Police and Criminal Evidence Act 1984 (section 1),Anything to threaten or harm anyone,A no further action disposal,True,False
Person search,2022-03-20T13:20:00+00:00,,,,,Male,25-34,Black/African/Caribbean/Black British - Any other Black/African/Caribbean background,Black,Firearms Act 1968 (section 47),Firearms,A no further action disposal,False,False
Vehicle search,2022-03-20T21:00:00+00:00,,,53.155341,-2.137104,Other,,,,Misuse of Drugs Act 1971 (section 23),Controlled drugs,A no further action disposal,False,
Person search,2022-03-21T01:46:00+00:00,,,53.051205,-2.182675,Male,over 34,White - English/Welsh/Scottish/Northern Irish/British,White,Police and Criminal Evidence Act 1984 (section 1),Stolen goods,A no further action disposal,True,False
Person search,2022-03-21T05:00:00+00:00,,,53.048954,-2.201462,Male,,Other ethnic group - Not stated,Asian,Police and Criminal Evidence Act 1984 (section 1),Article for use in theft,A no further action disposal,False,False
Person search,2022-03-21T12:57:00+00:00,,,52.987775,-2.137465,Other,over 34,White - English/Welsh/Scottish/Northern Irish/British,White,Police and Criminal Evidence Act 1984 (section 1),Stolen goods,Arrest,True,False
Person search,2022-03-21T13:00:00+00:00,,,52.795911,-2.133462,Male,25-34,White - English/Welsh/Scottish/Northern Irish/British,White,Misuse of Drugs Act 1971 (section 23),Controlled drugs,A no further action disposal,False,False
Person search,2022-03-21T13:50:00+00:00,,,52.754259,-1.936899,Male,over 34,White - English/Welsh/Scottish/Northern Irish/British,White,Police and Criminal Evidence Act 1984 (section 1),Stolen goods,Summons / charged by post,True,False
Person search,2022-03-21T15:30:00+00:00,,,53.003464,-2.187749,Male,over 34,Other ethnic group - Not stated,White,Misuse of Drugs Act 1971 (section 23),Controlled drugs,Arrest,True,True
Person and Vehicle search,2022-03-21T15:30:00+00:00,,,53.003464,-2.187749,Male,25-34,White - English/Welsh/Scottish/Northern Irish/British,White,Misuse of Drugs Act 1971 (section 23),Controlled drugs,Arrest,True,True
Person search,2022-03-21T16:00:00+00:00,,,52.683752,-1.826944,Male,10-17,Mixed/Multiple ethnic groups - White and Black Caribbean,White,Police and Criminal Evidence Act 1984 (section 1),Article for use in theft,A no further action disposal,False,False
Person and Vehicle search,2022-03-21T17:05:00+00:00,,,52.694293,-2.031517,Male,25-34,White - English/Welsh/Scottish/Northern Irish/British,White,Police and Criminal Evidence Act 1984 (section 1),Offensive weapons,Arrest,True,False
Person and Vehicle search,2022-03-21T17:20:00+00:00,,,,,Male,25-34,White - Any other White background,White,Police and Criminal Evidence Act 1984 (section 1),Article for use in theft,A no further action disposal,False,False
Person search,2022-03-21T17:45:00+00:00,,,,,Male,25-34,Other ethnic group - Not stated,White,Police and Criminal Evidence Act 1984 (section 1),Article for use in theft,A no further action disposal,False,False
Person search,2022-03-21T20:20:00+00:00,,,52.804791,-2.118478,Male,18-24,White - English/Welsh/Scottish/Northern Irish/British,White,Misuse of Drugs Act 1971 (section 23),Controlled drugs,Community resolution,True,False
Person search,2022-03-21T21:21:00+00:00,,,52.819498,-1.649351,Male,over 34,White - English/Welsh/Scottish/Northern Irish/British,White,Misuse of Drugs Act 1971 (section 23),Controlled drugs,A no further action disposal,False,False
Person search,2022-03-21T23:10:00+00:00,,,53.023909,-2.217491,Male,25-34,White - English/Welsh/Scottish/Northern Irish/British,White,Police and Criminal Evidence Act 1984 (section 1),Article for use in theft,A no further action disposal,False,False
Person search,2022-03-22T01:30:00+00:00,,,52.987506,-2.136869,Male,over 34,White - English/Welsh/Scottish/Northern Irish/British,White,Police and Criminal Evidence Act 1984 (section 1),Article for use in theft,A no further action disposal,False,False
Person search,2022-03-22T10:30:00+00:00,,,52.813785,-1.635822,Male,25-34,White - English/Welsh/Scottish/Northern Irish/British,White,Misuse of Drugs Act 1971 (section 23),Controlled drugs,Arrest,True,False
Person search,2022-03-22T10:35:00+00:00,,,,,Male,18-24,White - English/Welsh/Scottish/Northern Irish/British,White,Misuse of Drugs Act 1971 (section 23),Controlled drugs,A no further action disposal,False,False
Person search,2022-03-22T10:35:00+00:00,,,,,Male,10-17,White - English/Welsh/Scottish/Northern Irish/British,White,Misuse of Drugs Act 1971 (section 23),Controlled drugs,A no further action disposal,False,False
Person search,2022-03-22T13:40:00+00:00,,,53.045430,-2.196075,Male,over 34,Other ethnic group - Not stated,White,Police and Criminal Evidence Act 1984 (section 1),Stolen goods,A no further action disposal,False,False
Person and Vehicle search,2022-03-22T19:30:00+00:00,,,52.707592,-2.005700,Male,25-34,Black/African/Caribbean/Black British - Caribbean,Black,Misuse of Drugs Act 1971 (section 23),Controlled drugs,Community resolution,True,False
Person and Vehicle search,2022-03-22T19:40:00+00:00,,,52.707592,-2.005700,Female,25-34,White - English/Welsh/Scottish/Northern Irish/British,White,Misuse of Drugs Act 1971 (section 23),Controlled drugs,Arrest,False,False
Person search,2022-03-23T09:02:00+00:00,,,52.990315,-2.141123,Male,over 34,White - English/Welsh/Scottish/Northern Irish/British,White,Police and Criminal Evidence Act 1984 (section 1),Stolen goods,Arrest,True,False
Person search,2022-03-23T10:55:00+00:00,,,52.813045,-2.125563,Male,over 34,Other ethnic group - Not stated,White,Police and Criminal Evidence Act 1984 (section 1),Anything to threaten or harm anyone,A no further action disposal,False,False
Person search,2022-03-23T11:35:00+00:00,,,52.796654,-2.136891,Male,over 34,White - English/Welsh/Scottish/Northern Irish/British,White,Police and Criminal Evidence Act 1984 (section 1),Article for use in theft,A no further action disposal,False,False
Person search,2022-03-23T11:50:00+00:00,,,53.048694,-2.178264,Male,25-34,Other ethnic group - Not stated,Black,Police and Criminal Evidence Act 1984 (section 1),Stolen goods,A no further action disposal,True,False
Person search,2022-03-23T13:24:00+00:00,,,53.045376,-2.196418,Male,over 34,White - English/Welsh/Scottish/Northern Irish/British,White,Police and Criminal Evidence Act 1984 (section 1),Anything to threaten or harm anyone,Arrest,False,False
Person search,2022-03-23T23:00:00+00:00,,,53.049903,-2.213922,Male,over 34,Black/African/Caribbean/Black British - African,Black,Police and Criminal Evidence Act 1984 (section 1),Stolen goods,Arrest,True,False
Person search,2022-03-23T23:58:00+00:00,,,,,Male,18-24,White - English/Welsh/Scottish/Northern Irish/British,White,Police and Criminal Evidence Act 1984 (section 1),Anything to threaten or harm anyone,Arrest,False,False
Person search,2022-03-24T00:45:00+00:00,,,53.015366,-2.271362,Female,10-17,White - English/Welsh/Scottish/Northern Irish/British,White,Misuse of Drugs Act 1971 (section 23),Controlled drugs,A no further action disposal,False,False
Person search,2022-03-24T03:11:00+00:00,,,53.047464,-2.210494,Male,over 34,White - English/Welsh/Scottish/Northern Irish/British,White,Police and Criminal Evidence Act 1984 (section 1),Article for use in theft,Arrest,False,False
Person search,2022-03-24T04:50:00+00:00,,,53.010917,-2.228514,Male,over 34,Other ethnic group - Not stated,White,Police and Criminal Evidence Act 1984 (section 1),Article for use in theft,A no further action disposal,False,False
Person search,2022-03-24T15:30:00+00:00,,,52.681148,-1.828685,Male,25-34,Other ethnic group - Not stated,Asian,Police and Criminal Evidence Act 1984 (section 1),Evidence of offences under the Act,A no further action disposal,False,False
Person search,2022-03-24T17:00:00+00:00,,,52.800019,-1.631917,Male,18-24,Mixed/Multiple ethnic groups - White and Asian,Asian,Police and Criminal Evidence Act 1984 (section 1),Stolen goods,A no further action disposal,True,False
Person search,2022-03-24T17:15:00+00:00,,,53.035859,-2.183639,Male,over 34,White - English/Welsh/Scottish/Northern Irish/British,White,Police and Criminal Evidence Act 1984 (section 1),Anything to threaten or harm anyone,A no further action disposal,False,False
Person search,2022-03-24T18:15:00+00:00,,,52.979345,-2.136009,Male,25-34,White - English/Welsh/Scottish/Northern Irish/British,White,Police and Criminal Evidence Act 1984 (section 1),Stolen goods,A no further action disposal,False,False
Person search,2022-03-24T18:35:00+00:00,,,,,Male,10-17,White - English/Welsh/Scottish/Northern Irish/British,White,Police and Criminal Evidence Act 1984 (section 1),Anything to threaten or harm anyone,Arrest,True,False
Person search,2022-03-24T18:35:00+00:00,,,52.609144,-1.682546,Male,10-17,White - English/Welsh/Scottish/Northern Irish/British,White,Police and Criminal Evidence Act 1984 (section 1),Anything to threaten or harm anyone,A no further action disposal,False,False
Person search,2022-03-24T21:30:00+00:00,,,52.998027,-2.155720,Male,over 34,White - English/Welsh/Scottish/Northern Irish/British,White,Misuse of Drugs Act 1971 (section 23),Controlled drugs,A no further action disposal,False,False
Person search,2022-03-24T21:30:00+00:00,,,52.998027,-2.155720,Male,over 34,White - English/Welsh/Scottish/Northern Irish/British,White,Misuse of Drugs Act 1971 (section 23),Controlled drugs,A no further action disposal,True,False
Person and Vehicle search,2022-03-24T21:55:00+00:00,,,52.851796,-1.743758,Male,18-24,White - English/Welsh/Scottish/Northern Irish/British,White,Misuse of Drugs Act 1971 (section 23),Controlled drugs,Community resolution,False,False
Person search,2022-03-24T21:55:00+00:00,,,52.851796,-1.743758,Male,18-24,White - English/Welsh/Scottish/Northern Irish/British,White,Misuse of Drugs Act 1971 (section 23),Controlled drugs,Community resolution,False,False
Person and Vehicle search,2022-03-24T22:55:00+00:00,,,53.027020,-2.211856,Female,18-24,White - English/Welsh/Scottish/Northern Irish/British,White,Misuse of Drugs Act 1971 (section 23),Controlled drugs,A no further action disposal,False,False
Person and Vehicle search,2022-03-24T22:55:00+00:00,,,53.025089,-2.211265,Male,over 34,White - English/Welsh/Scottish/Northern Irish/British,White,Misuse of Drugs Act 1971 (section 23),Controlled drugs,A no further action disposal,False,False
Person search,2022-03-24T23:25:00+00:00,,,53.062406,-1.881912,Male,25-34,White - English/Welsh/Scottish/Northern Irish/British,White,Police and Criminal Evidence Act 1984 (section 1),Anything to threaten or harm anyone,A no further action disposal,False,False
Person search,2022-03-24T23:57:00+00:00,,,53.002370,-2.270565,Male,18-24,White - English/Welsh/Scottish/Northern Irish/British,White,Police and Criminal Evidence Act 1984 (section 1),Anything to threaten or harm anyone,A no further action disposal,False,False
Person search,2022-03-25T00:25:00+00:00,,,53.002370,-2.270565,Male,18-24,White - Any other White background,White,Police and Criminal Evidence Act 1984 (section 1),Anything to threaten or harm anyone,A no further action disposal,False,False
Person search,2022-03-25T00:30:00+00:00,,,53.002370,-2.270565,Male,,White - Irish,White,Police and Criminal Evidence Act 1984 (section 1),Anything to threaten or harm anyone,A no further action disposal,False,False
Person search,2022-03-25T01:45:00+00:00,,,53.030001,-2.208918,Female,over 34,White - English/Welsh/Scottish/Northern Irish/British,White,Misuse of Drugs Act 1971 (section 23),Controlled drugs,A no further action disposal,False,False
Person search,2022-03-25T01:45:00+00:00,,,53.028550,-2.210879,Male,18-24,White - English/Welsh/Scottish/Northern Irish/British,White,Misuse of Drugs Act 1971 (section 23),Controlled drugs,A no further action disposal,False,False
Person search,2022-03-25T01:48:00+00:00,,,53.028550,-2.210879,Male,over 34,White - English/Welsh/Scottish/Northern Irish/British,White,Misuse of Drugs Act 1971 (section 23),Controlled drugs,A no further action disposal,False,False
Vehicle search,2022-03-25T01:52:00+00:00,,,53.028550,-2.210879,Other,,,,Misuse of Drugs Act 1971 (section 23),Controlled drugs,A no further action disposal,False,
Vehicle search,2022-03-25T10:30:00+00:00,,,52.728895,-2.115725,Other,,,,Police and Criminal Evidence Act 1984 (section 1),Article for use in theft,A no further action disposal,False,
Person search,2022-03-25T10:57:00+00:00,,,,,Male,over 34,White - English/Welsh/Scottish/Northern Irish/British,White,Misuse of Drugs Act 1971 (section 23),Controlled drugs,A no further action disposal,False,False
Person and Vehicle search,2022-03-25T11:30:00+00:00,,,52.831610,-2.131850,Male,25-34,White - English/Welsh/Scottish/Northern Irish/British,White,Misuse of Drugs Act 1971 (section 23),Controlled drugs,A no further action disposal,False,False
Person search,2022-03-25T12:25:00+00:00,,,52.987618,-2.133145,Male,25-34,White - English/Welsh/Scottish/Northern Irish/British,White,Misuse of Drugs Act 1971 (section 23),Controlled drugs,A no further action disposal,True,False
Person search,2022-03-25T12:25:00+00:00,,,52.987618,-2.133145,Male,over 34,White - English/Welsh/Scottish/Northern Irish/British,White,Misuse of Drugs Act 1971 (section 23),Controlled drugs,A no further action disposal,False,False
Person search,2022-03-25T12:25:00+00:00,,,52.987618,-2.133145,Male,18-24,White - English/Welsh/Scottish/Northern Irish/British,White,Misuse of Drugs Act 1971 (section 23),Controlled drugs,A no further action disposal,False,False
Person search,2022-03-25T17:00:00+00:00,,,52.806020,-2.112236,Female,10-17,Mixed/Multiple ethnic groups - White and Black Caribbean,Black,Police and Criminal Evidence Act 1984 (section 1),Stolen goods,A no further action disposal,False,False
Vehicle search,2022-03-25T20:00:00+00:00,,,52.652287,-1.983372,Other,,,,Misuse of Drugs Act 1971 (section 23),Controlled drugs,Arrest,False,
Person and Vehicle search,2022-03-25T20:30:00+00:00,,,52.799870,-1.589188,Male,over 34,Black/African/Caribbean/Black British - Caribbean,Black,Misuse of Drugs Act 1971 (section 23),Controlled drugs,Community resolution,True,False
Person search,2022-03-25T21:55:00+00:00,,,52.816600,-1.897119,Male,18-24,White - English/Welsh/Scottish/Northern Irish/British,White,Misuse of Drugs Act 1971 (section 23),Controlled drugs,A no further action disposal,False,False
Person search,2022-03-25T21:55:00+00:00,,,52.816600,-1.897119,Male,18-24,White - English/Welsh/Scottish/Northern Irish/British,White,Misuse of Drugs Act 1971 (section 23),Controlled drugs,Community resolution,True,False
Person and Vehicle search,2022-03-25T21:55:00+00:00,,,52.816600,-1.897119,Male,18-24,White - English/Welsh/Scottish/Northern Irish/British,White,Misuse of Drugs Act 1971 (section 23),Controlled drugs,A no further action disposal,False,False
Person and Vehicle search,2022-03-25T22:45:00+00:00,,,52.537682,-2.181492,Male,25-34,White - English/Welsh/Scottish/Northern Irish/British,White,Misuse of Drugs Act 1971 (section 23),Controlled drugs,A no further action disposal,False,False
Person search,2022-03-26T00:39:00+00:00,,,,,Male,18-24,White - English/Welsh/Scottish/Northern Irish/British,White,Misuse of Drugs Act 1971 (section 23),Controlled drugs,A no further action disposal,False,False
Person search,2022-03-26T00:42:00+00:00,,,,,Male,18-24,White - English/Welsh/Scottish/Northern Irish/British,White,Misuse of Drugs Act 1971 (section 23),Controlled drugs,A no further action disposal,False,False
Person search,2022-03-26T01:45:00+00:00,,,53.060542,-2.216303,Male,over 34,White - English/Welsh/Scottish/Northern Irish/British,White,Police and Criminal Evidence Act 1984 (section 1),Anything to threaten or harm anyone,A no further action disposal,False,False
Person search,2022-03-26T13:30:00+00:00,,,,,Male,25-34,White - English/Welsh/Scottish/Northern Irish/British,White,Misuse of Drugs Act 1971 (section 23),Controlled drugs,Arrest,True,False
Person search,2022-03-26T14:45:00+00:00,,,52.632528,-1.693282,Male,10-17,White - English/Welsh/Scottish/Northern Irish/British,White,Police and Criminal Evidence Act 1984 (section 1),Offensive weapons,Arrest,False,False
Person search,2022-03-26T15:25:00+00:00,,,52.631964,-1.697526,Male,10-17,Other ethnic group - Not stated,,Police and Criminal Evidence Act 1984 (section 1),Anything to threaten or harm anyone,A no further action disposal,False,False
Person search,2022-03-26T21:10:00+00:00,,,53.024640,-2.177807,Male,25-34,White - English/Welsh/Scottish/Northern Irish/British,White,Misuse of Drugs Act 1971 (section 23),Controlled drugs,A no further action disposal,False,False
Person search,2022-03-27T00:10:00+00:00,,,53.022230,-2.178304,Female,18-24,White - English/Welsh/Scottish/Northern Irish/British,White,Police and Criminal Evidence Act 1984 (section 1),Anything to threaten or harm anyone,A no further action disposal,False,False
Person search,2022-03-27T00:25:00+00:00,,,53.049522,-2.205686,Male,over 34,White - English/Welsh/Scottish/Northern Irish/British,White,Police and Criminal Evidence Act 1984 (section 1),Article for use in theft,Arrest,True,False
Person and Vehicle search,2022-03-27T02:40:00+00:00,,,52.633805,-1.693480,Male,25-34,White - English/Welsh/Scottish/Northern Irish/British,White,Misuse of Drugs Act 1971 (section 23),Controlled drugs,Arrest,False,False
Person search,2022-03-27T03:40:00+00:00,,,53.020301,-2.182068,Male,25-34,White - English/Welsh/Scottish/Northern Irish/British,White,Police and Criminal Evidence Act 1984 (section 1),Article for use in theft,A no further action disposal,False,False
Person and Vehicle search,2022-03-27T07:20:00+00:00,,,,,Male,18-24,White - English/Welsh/Scottish/Northern Irish/British,White,Misuse of Drugs Act 1971 (section 23),Controlled drugs,Community resolution,True,False
Person search,2022-03-27T09:00:00+00:00,,,53.015962,-2.227140,Female,25-34,White - English/Welsh/Scottish/Northern Irish/British,White,Police and Criminal Evidence Act 1984 (section 1),Stolen goods,A no further action disposal,False,False
Person search,2022-03-27T16:00:00+00:00,,,52.812437,-2.122178,Male,18-24,White - English/Welsh/Scottish/Northern Irish/British,White,Police and Criminal Evidence Act 1984 (section 1),Articles for use in criminal damage,A no further action disposal,False,False
Person and Vehicle search,2022-03-27T17:15:00+00:00,,,53.053476,-2.201199,Male,18-24,White - Any other White background,White,Misuse of Drugs Act 1971 (section 23),Controlled drugs,A no further action disposal,False,False
Person search,2022-03-27T21:10:00+00:00,,,53.044540,-2.211793,Male,25-34,White - English/Welsh/Scottish/Northern Irish/British,White,Police and Criminal Evidence Act 1984 (section 1),Stolen goods,A no further action disposal,False,False
Person search,2022-03-27T21:26:00+00:00,,,53.061665,-2.216338,Female,25-34,Other ethnic group - Not stated,,Police and Criminal Evidence Act 1984 (section 1),Article for use in theft,Arrest,False,False
Person search,2022-03-27T21:30:00+00:00,,,53.061665,-2.216338,Male,25-34,Mixed/Multiple ethnic groups - White and Black Caribbean,Other,Police and Criminal Evidence Act 1984 (section 1),Offensive weapons,A no further action disposal,False,False
Person search,2022-03-28T04:00:00+00:00,,,53.073666,-2.183994,Female,over 34,White - English/Welsh/Scottish/Northern Irish/British,White,Misuse of Drugs Act 1971 (section 23),Controlled drugs,Arrest,True,False
Person search,2022-03-28T09:35:00+00:00,,,52.994611,-2.148691,Male,over 34,White - Any other White background,White,Police and Criminal Evidence Act 1984 (section 1),Article for use in theft,A no further action disposal,False,False
Person search,2022-03-28T09:40:00+00:00,,,52.996195,-2.207741,Male,over 34,White - English/Welsh/Scottish/Northern Irish/British,White,Police and Criminal Evidence Act 1984 (section 1),Stolen goods,A no further action disposal,True,False
Person search,2022-03-28T09:40:00+00:00,,,52.996195,-2.207741,Male,25-34,White - English/Welsh/Scottish/Northern Irish/British,White,Police and Criminal Evidence Act 1984 (section 1),Stolen goods,Community resolution,True,False
Person and Vehicle search,2022-03-28T17:30:00+00:00,,,52.783601,-1.683637,Male,25-34,Asian/Asian British - Any other Asian background,Asian,Misuse of Drugs Act 1971 (section 23),Controlled drugs,A no further action disposal,False,False
Person search,2022-03-28T18:45:00+00:00,,,52.791371,-2.125456,Male,over 34,White - English/Welsh/Scottish/Northern Irish/British,White,Police and Criminal Evidence Act 1984 (section 1),Anything to threaten or harm anyone,Arrest,True,False
Person search,2022-03-28T23:20:00+00:00,,,52.976531,-2.099856,Male,25-34,White - English/Welsh/Scottish/Northern Irish/British,White,Misuse of Drugs Act 1971 (section 23),Controlled drugs,Community resolution,True,False
Person search,2022-03-29T00:15:00+00:00,,,52.681783,-1.826508,Male,25-34,White - Any other White background,White,Police and Criminal Evidence Act 1984 (section 1),Article for use in theft,Arrest,False,False
Person search,2022-03-29T00:35:00+00:00,,,52.681030,-1.828064,Other,18-24,White - Any other White background,White,Police and Criminal Evidence Act 1984 (section 1),Article for use in theft,Arrest,True,False
Person search,2022-03-29T00:35:00+00:00,,,52.681030,-1.828064,Other,25-34,White - Any other White background,White,Police and Criminal Evidence Act 1984 (section 1),Article for use in theft,Arrest,True,False
Person search,2022-03-29T00:40:00+00:00,,,52.681030,-1.828064,Male,25-34,White - Any other White background,White,Police and Criminal Evidence Act 1984 (section 1),Article for use in theft,Arrest,False,False
Person search,2022-03-30T00:00:00+00:00,,,52.626523,-1.703975,Male,over 34,White - English/Welsh/Scottish/Northern Irish/British,White,Police and Criminal Evidence Act 1984 (section 1),Anything to threaten or harm anyone,A no further action disposal,False,False
Person search,2022-03-30T00:05:00+00:00,,,52.626523,-1.703975,Male,over 34,Other ethnic group - Not stated,White,Police and Criminal Evidence Act 1984 (section 1),Anything to threaten or harm anyone,A no further action disposal,False,False
Person search,2022-03-30T00:08:00+00:00,,,52.626523,-1.703975,Male,over 34,White - English/Welsh/Scottish/Northern Irish/British,White,Police and Criminal Evidence Act 1984 (section 1),Anything to threaten or harm anyone,A no further action disposal,False,False
Person search,2022-03-30T12:10:00+00:00,,,53.024197,-2.212543,Male,over 34,White - English/Welsh/Scottish/Northern Irish/British,White,Police and Criminal Evidence Act 1984 (section 1),Stolen goods,A no further action disposal,False,False
Person search,2022-03-30T12:15:00+00:00,,,53.022297,-2.209253,Male,over 34,White - English/Welsh/Scottish/Northern Irish/British,White,Police and Criminal Evidence Act 1984 (section 1),Stolen goods,A no further action disposal,False,False
Person and Vehicle search,2022-03-30T13:00:00+00:00,,,52.819897,-1.626882,Male,over 34,White - English/Welsh/Scottish/Northern Irish/British,White,Misuse of Drugs Act 1971 (section 23),Controlled drugs,Arrest,False,True
Person search,2022-03-30T13:20:00+00:00,,,,,Male,over 34,White - English/Welsh/Scottish/Northern Irish/British,White,Misuse of Drugs Act 1971 (section 23),Controlled drugs,A no further action disposal,False,True
Person search,2022-03-30T13:30:00+00:00,,,52.688854,-2.032357,Male,over 34,White - English/Welsh/Scottish/Northern Irish/British,White,Police and Criminal Evidence Act 1984 (section 1),Stolen goods,A no further action disposal,False,False
Person search,2022-03-30T16:15:00+00:00,,,52.801339,-1.639990,Male,18-24,White - English/Welsh/Scottish/Northern Irish/British,White,Misuse of Drugs Act 1971 (section 23),Controlled drugs,Community resolution,True,False
Person search,2022-03-30T18:00:00+00:00,,,53.118032,-2.175070,Male,18-24,White - English/Welsh/Scottish/Northern Irish/British,White,Police and Criminal Evidence Act 1984 (section 1),Controlled drugs,A no further action disposal,False,False
Person search,2022-03-30T18:35:00+00:00,,,53.046403,-2.194767,Male,over 34,White - English/Welsh/Scottish/Northern Irish/British,White,Misuse of Drugs Act 1971 (section 23),Controlled drugs,A no further action disposal,True,True
Person search,2022-03-30T20:00:00+00:00,,,52.977229,-2.103670,Male,10-17,White - English/Welsh/Scottish/Northern Irish/British,White,Police and Criminal Evidence Act 1984 (section 1),Offensive weapons,A no further action disposal,False,False
Person and Vehicle search,2022-03-30T20:00:00+00:00,,,52.977229,-2.103670,Male,10-17,White - English/Welsh/Scottish/Northern Irish/British,White,Police and Criminal Evidence Act 1984 (section 1),Offensive weapons,A no further action disposal,False,False
Person and Vehicle search,2022-03-30T21:10:00+00:00,,,,,Male,25-34,Asian/Asian British - Pakistani,Asian,Misuse of Drugs Act 1971 (section 23),Controlled drugs,Arrest,False,False
Person and Vehicle search,2022-03-30T21:18:00+00:00,,,52.995375,-1.969968,Male,18-24,White - English/Welsh/Scottish/Northern Irish/British,White,Misuse of Drugs Act 1971 (section 23),Controlled drugs,A no further action disposal,False,False
Person search,2022-03-30T22:04:00+00:00,,,53.003524,-2.183815,Male,25-34,White - English/Welsh/Scottish/Northern Irish/British,White,Police and Criminal Evidence Act 1984 (section 1),Article for use in theft,A no further action disposal,False,False
Person search,2022-03-31T03:00:00+00:00,,,53.009217,-2.176253,Male,25-34,White - English/Welsh/Scottish/Northern Irish/British,White,Police and Criminal Evidence Act 1984 (section 1),Article for use in theft,A no further action disposal,False,False
Person search,2022-03-31T08:00:00+00:00,,,52.759325,-1.946820,Male,10-17,White - English/Welsh/Scottish/Northern Irish/British,White,Police and Criminal Evidence Act 1984 (section 1),Anything to threaten or harm anyone,A no further action disposal,False,False
Person search,2022-03-31T08:00:00+00:00,,,52.759325,-1.946820,Male,10-17,White - English/Welsh/Scottish/Northern Irish/British,White,Police and Criminal Evidence Act 1984 (section 1),Anything to threaten or harm anyone,A no further action disposal,False,False
Person search,2022-03-31T09:20:00+00:00,,,52.987618,-2.133145,Male,over 34,White - English/Welsh/Scottish/Northern Irish/British,White,Misuse of Drugs Act 1971 (section 23),Controlled drugs,A no further action disposal,False,False
Person and Vehicle search,2022-03-31T16:45:00+00:00,,,52.765530,-1.953496,Male,25-34,White - English/Welsh/Scottish/Northern Irish/British,White,Misuse of Drugs Act 1971 (section 23),Controlled drugs,A no further action disposal,False,False
Person search,2022-03-31T17:26:00+00:00,,,53.009773,-2.225244,Male,over 34,White - English/Welsh/Scottish/Northern Irish/British,,Police and Criminal Evidence Act 1984 (section 1),Anything to threaten or harm anyone,A no further action disposal,False,False
Person search,2022-03-31T20:58:00+00:00,,,,,Male,25-34,White - English/Welsh/Scottish/Northern Irish/British,White,Police and Criminal Evidence Act 1984 (section 1),Anything to threaten or harm anyone,A no further action disposal,False,False
Vehicle search,2022-03-31T21:00:00+00:00,,,53.004222,-2.186455,Other,,,,Misuse of Drugs Act 1971 (section 23),Controlled drugs,Community resolution,True,
Person and Vehicle search,2022-03-31T21:00:00+00:00,,,53.003524,-2.183815,Male,over 34,White - English/Welsh/Scottish/Northern Irish/British,White,Misuse of Drugs Act 1971 (section 23),Controlled drugs,Community resolution,False,False
Person search,2022-03-31T21:10:00+00:00,,,53.004222,-2.186455,Male,25-34,White - English/Welsh/Scottish/Northern Irish/British,White,Police and Criminal Evidence Act 1984 (section 1),Article for use in theft,A no further action disposal,False,False
Person search,2022-03-31T21:12:00+00:00,,,53.004222,-2.186455,Male,over 34,White - English/Welsh/Scottish/Northern Irish/British,White,Police and Criminal Evidence Act 1984 (section 1),Controlled drugs,Community resolution,True,False
