Type,Date,Part of a policing operation,Policing operation,Latitude,Longitude,Gender,Age range,Self-defined ethnicity,Officer-defined ethnicity,Legislation,Object of search,Outcome,Outcome linked to object of search,Removal of more than just outer clothing
Person search,2022-11-01T21:25:00+00:00,False,,50.823118,-0.141074,Male,18-24,White - English/Welsh/Scottish/Northern Irish/British,White,Firearms Act 1968 (section 47),Firearms,Arrest,True,
Person search,2022-11-01T21:29:00+00:00,False,,50.823118,-0.141074,Male,18-24,White - English/Welsh/Scottish/Northern Irish/British,White,Firearms Act 1968 (section 47),Firearms,A no further action disposal,,False
Person search,2022-11-02T03:50:00+00:00,False,,50.823684,-0.133831,Male,18-24,White - English/Welsh/Scottish/Northern Irish/British,White,Police and Criminal Evidence Act 1984 (section 1),Article for use in theft,A no further action disposal,,False
Person search,2022-11-02T11:10:00+00:00,False,,51.116360,-0.185096,Male,over 34,White - Any other White background,White,Police and Criminal Evidence Act 1984 (section 1),Stolen goods,Arrest,True,False
Person search,2022-11-02T11:30:00+00:00,False,,50.768578,0.280230,Male,,White - English/Welsh/Scottish/Northern Irish/British,White,Misuse of Drugs Act 1971 (section 23),Controlled drugs,A no further action disposal,,False
Person search,2022-11-02T12:48:00+00:00,False,,50.883443,0.567133,Male,over 34,White - English/Welsh/Scottish/Northern Irish/British,White,Police and Criminal Evidence Act 1984 (section 1),Offensive weapons,A no further action disposal,,False
Person search,2022-11-02T13:20:00+00:00,False,,50.804911,-0.601293,Male,10-17,White - English/Welsh/Scottish/Northern Irish/British,White,Police and Criminal Evidence Act 1984 (section 1),Offensive weapons,Arrest,True,False
Person search,2022-11-02T14:59:00+00:00,False,,50.857962,0.574074,Male,18-24,White - Any other White background,White,Misuse of Drugs Act 1971 (section 23),Controlled drugs,Community resolution,True,False
Person search,2022-11-02T15:00:00+00:00,False,,50.857962,0.574074,Female,18-24,White - English/Welsh/Scottish/Northern Irish/British,White,Misuse of Drugs Act 1971 (section 23),Controlled drugs,A no further action disposal,,False
Person search,2022-11-02T17:50:00+00:00,False,,50.841613,-0.130666,Male,10-17,,Black,Misuse of Drugs Act 1971 (section 23),,A no further action disposal,False,False
Person search,2022-11-02T17:50:00+00:00,False,,50.867110,-0.122353,Male,10-17,Mixed/Multiple ethnic groups - White and Asian,Other,Misuse of Drugs Act 1971 (section 23),Controlled drugs,A no further action disposal,,False
Person search,2022-11-02T19:00:00+00:00,False,,51.004694,-0.107470,Male,18-24,White - English/Welsh/Scottish/Northern Irish/British,White,Misuse of Drugs Act 1971 (section 23),Controlled drugs,A no further action disposal,,False
Person search,2022-11-02T19:08:00+00:00,False,,51.004694,-0.107470,Male,18-24,White - English/Welsh/Scottish/Northern Irish/British,White,Misuse of Drugs Act 1971 (section 23),,A no further action disposal,False,False
Person search,2022-11-02T20:45:00+00:00,False,,50.816367,-0.363384,Male,10-17,White - English/Welsh/Scottish/Northern Irish/British,White,Police and Criminal Evidence Act 1984 (section 1),Offensive weapons,A no further action disposal,False,False
Person search,2022-11-02T20:45:00+00:00,False,,50.816367,-0.363384,Male,10-17,White - English/Welsh/Scottish/Northern Irish/British,White,Police and Criminal Evidence Act 1984 (section 1),Offensive weapons,A no further action disposal,,False
Person search,2022-11-02T23:30:00+00:00,False,,50.777745,0.301599,Male,over 34,White - English/Welsh/Scottish/Northern Irish/British,White,Police and Criminal Evidence Act 1984 (section 1),Article for use in theft,A no further action disposal,,False
Person search,2022-11-03T08:45:00+00:00,False,,51.121016,-0.191287,Male,25-34,,Other,Police and Criminal Evidence Act 1984 (section 1),Articles for use in criminal damage,A no further action disposal,False,False
Person search,2022-11-03T13:50:00+00:00,False,,50.823148,-0.139582,Male,over 34,White - English/Welsh/Scottish/Northern Irish/British,White,Police and Criminal Evidence Act 1984 (section 1),Article for use in theft,A no further action disposal,,False
Person search,2022-11-03T14:10:00+00:00,False,,51.116206,-0.181516,Male,over 34,,White,Police and Criminal Evidence Act 1984 (section 1),Article for use in theft,A no further action disposal,True,False
Person search,2022-11-03T15:45:00+00:00,False,,50.784475,0.306044,Male,10-17,Mixed/Multiple ethnic groups - Any other Mixed/Multiple ethnic background,Black,Misuse of Drugs Act 1971 (section 23),Controlled drugs,Arrest,True,True
Person search,2022-11-03T16:45:00+00:00,False,,50.845026,0.465493,Male,18-24,White - English/Welsh/Scottish/Northern Irish/British,White,Misuse of Drugs Act 1971 (section 23),Controlled drugs,Arrest,True,False
Person search,2022-11-03T18:27:00+00:00,False,,50.820915,-0.432650,Male,18-24,White - Any other White background,White,Misuse of Drugs Act 1971 (section 23),Controlled drugs,Arrest,True,False
Person search,2022-11-03T18:55:00+00:00,False,,51.073481,-0.328550,Male,10-17,Asian/Asian British - Indian,Asian,Misuse of Drugs Act 1971 (section 23),Controlled drugs,A no further action disposal,,False
Person search,2022-11-03T19:00:00+00:00,False,,51.073481,-0.328550,Male,10-17,White - English/Welsh/Scottish/Northern Irish/British,White,Misuse of Drugs Act 1971 (section 23),Controlled drugs,A no further action disposal,,False
Person search,2022-11-04T00:00:00+00:00,False,,50.878068,-0.592992,Female,over 34,White - English/Welsh/Scottish/Northern Irish/British,White,Police and Criminal Evidence Act 1984 (section 1),Offensive weapons,A no further action disposal,,False
Person search,2022-11-04T04:19:00+00:00,False,,50.818350,-0.106878,Male,over 34,White - English/Welsh/Scottish/Northern Irish/British,White,Police and Criminal Evidence Act 1984 (section 1),Article for use in theft,A no further action disposal,,False
Person search,2022-11-04T08:14:00+00:00,False,,50.831014,-0.637490,Male,,,White,Police and Criminal Evidence Act 1984 (section 1),Article for use in theft,Community resolution,True,False
Person search,2022-11-04T15:00:00+00:00,False,,50.831472,-0.328263,Male,10-17,White - English/Welsh/Scottish/Northern Irish/British,White,Police and Criminal Evidence Act 1984 (section 1),Offensive weapons,A no further action disposal,,False
Person search,2022-11-04T16:24:00+00:00,False,,50.816341,-0.430858,Male,25-34,White - English/Welsh/Scottish/Northern Irish/British,White,Police and Criminal Evidence Act 1984 (section 1),Stolen goods,A no further action disposal,,False
Vehicle search,2022-11-04T16:30:00+00:00,False,,50.771365,0.291272,,,,,Police and Criminal Evidence Act 1984 (section 1),Offensive weapons,Community resolution,False,
Person search,2022-11-04T18:35:00+00:00,False,,50.867110,-0.122353,Male,18-24,White - English/Welsh/Scottish/Northern Irish/British,White,Police and Criminal Evidence Act 1984 (section 1),Fireworks,Arrest,True,False
Person search,2022-11-04T21:32:00+00:00,False,,50.803025,0.056212,Male,10-17,White - English/Welsh/Scottish/Northern Irish/British,White,Misuse of Drugs Act 1971 (section 23),Controlled drugs,Community resolution,True,False
Person search,2022-11-04T23:03:00+00:00,False,,50.826223,-0.114298,Male,over 34,,White,Police and Criminal Evidence Act 1984 (section 1),Article for use in theft,A no further action disposal,,False
Person search,2022-11-05T01:02:00+00:00,False,,50.867110,-0.122353,Male,18-24,White - English/Welsh/Scottish/Northern Irish/British,White,Misuse of Drugs Act 1971 (section 23),Controlled drugs,A no further action disposal,,False
Person search,2022-11-05T02:00:00+00:00,False,,50.773055,0.294546,Female,18-24,White - English/Welsh/Scottish/Northern Irish/British,White,Misuse of Drugs Act 1971 (section 23),,A no further action disposal,,False
Person search,2022-11-05T02:30:00+00:00,False,,50.770018,0.290256,Male,,White - English/Welsh/Scottish/Northern Irish/British,White,Misuse of Drugs Act 1971 (section 23),,A no further action disposal,,False
Person search,2022-11-05T02:35:00+00:00,False,,50.856002,-0.144725,Male,over 34,White - English/Welsh/Scottish/Northern Irish/British,White,Police and Criminal Evidence Act 1984 (section 1),Article for use in theft,A no further action disposal,,False
Person search,2022-11-05T09:45:00+00:00,False,,50.823310,-0.152610,Male,18-24,White - English/Welsh/Scottish/Northern Irish/British,White,Misuse of Drugs Act 1971 (section 23),,A no further action disposal,,False
Person search,2022-11-05T09:45:00+00:00,False,,50.823310,-0.152610,Male,18-24,,Black,Misuse of Drugs Act 1971 (section 23),,A no further action disposal,,False
Person search,2022-11-05T09:49:00+00:00,False,,50.823174,-0.151933,Male,18-24,White - English/Welsh/Scottish/Northern Irish/British,White,Misuse of Drugs Act 1971 (section 23),Controlled drugs,A no further action disposal,,False
Person search,2022-11-05T13:00:00+00:00,False,,50.820708,-0.133191,,over 34,White - English/Welsh/Scottish/Northern Irish/British,White,Police and Criminal Evidence Act 1984 (section 1),Offensive weapons,Arrest,,False
Person search,2022-11-05T15:20:00+00:00,False,,50.761152,0.281428,Male,25-34,Other ethnic group - Any other ethnic group,White,Police and Criminal Evidence Act 1984 (section 1),Offensive weapons,Arrest,True,False
Person search,2022-11-05T19:00:00+00:00,False,,50.823684,-0.133831,Male,25-34,Black/African/Caribbean/Black British - Caribbean,Black,Misuse of Drugs Act 1971 (section 23),Controlled drugs,Arrest,True,False
Person search,2022-11-05T19:26:00+00:00,False,,51.110169,-0.184224,Male,over 34,,White,Misuse of Drugs Act 1971 (section 23),,A no further action disposal,,False
Person search,2022-11-05T19:34:00+00:00,False,,51.112736,-0.183324,Female,,White - English/Welsh/Scottish/Northern Irish/British,White,Misuse of Drugs Act 1971 (section 23),,A no further action disposal,False,False
Person search,2022-11-05T19:35:00+00:00,False,,51.112736,-0.183324,Male,25-34,White - English/Welsh/Scottish/Northern Irish/British,White,Misuse of Drugs Act 1971 (section 23),Controlled drugs,A no further action disposal,,False
Person search,2022-11-05T19:35:00+00:00,False,,51.110169,-0.184224,Male,,White - English/Welsh/Scottish/Northern Irish/British,White,Misuse of Drugs Act 1971 (section 23),,A no further action disposal,,False
Person search,2022-11-05T20:20:00+00:00,False,,50.914587,0.489215,Male,18-24,White - English/Welsh/Scottish/Northern Irish/British,White,Police and Criminal Evidence Act 1984 (section 1),Fireworks,A no further action disposal,True,False
Person search,2022-11-05T21:00:00+00:00,False,,51.066327,-0.320730,Male,10-17,,White,Police and Criminal Evidence Act 1984 (section 1),Fireworks,A no further action disposal,,False
Person search,2022-11-05T21:00:00+00:00,False,,51.068803,-0.320897,Male,10-17,,White,Police and Criminal Evidence Act 1984 (section 1),Fireworks,A no further action disposal,,False
Person search,2022-11-05T21:00:00+00:00,False,,51.068803,-0.320897,Female,10-17,,White,Police and Criminal Evidence Act 1984 (section 1),Fireworks,A no further action disposal,,False
Person search,2022-11-05T21:00:00+00:00,False,,51.068803,-0.320897,Male,10-17,,White,Police and Criminal Evidence Act 1984 (section 1),Fireworks,A no further action disposal,,False
Person search,2022-11-05T21:00:00+00:00,False,,51.068803,-0.320897,Male,10-17,,White,Police and Criminal Evidence Act 1984 (section 1),Fireworks,A no further action disposal,,False
Person search,2022-11-05T21:00:00+00:00,False,,50.828946,-0.150158,Male,18-24,White - English/Welsh/Scottish/Northern Irish/British,White,Misuse of Drugs Act 1971 (section 23),Controlled drugs,Community resolution,True,False
Person search,2022-11-05T21:00:00+00:00,True,,50.869213,0.011113,Male,25-34,White - English/Welsh/Scottish/Northern Irish/British,White,Police and Criminal Evidence Act 1984 (section 1),Fireworks,A no further action disposal,,False
Person search,2022-11-05T21:07:00+00:00,False,,51.099190,-0.201194,Male,10-17,White - English/Welsh/Scottish/Northern Irish/British,White,Police and Criminal Evidence Act 1984 (section 1),Fireworks,A no further action disposal,,False
Person search,2022-11-05T21:07:00+00:00,False,,51.116206,-0.181516,Female,10-17,White - English/Welsh/Scottish/Northern Irish/British,White,Police and Criminal Evidence Act 1984 (section 1),Fireworks,A no further action disposal,,False
Person search,2022-11-05T21:07:00+00:00,False,,51.068803,-0.320897,Male,10-17,White - English/Welsh/Scottish/Northern Irish/British,White,Police and Criminal Evidence Act 1984 (section 1),Fireworks,A no further action disposal,,False
Person search,2022-11-05T21:10:00+00:00,False,,51.068803,-0.320897,Male,18-24,,Black,Police and Criminal Evidence Act 1984 (section 1),Fireworks,A no further action disposal,,False
Person search,2022-11-05T21:15:00+00:00,False,,51.068803,-0.320897,Male,10-17,,White,Police and Criminal Evidence Act 1984 (section 1),Fireworks,A no further action disposal,,False
Person search,2022-11-05T21:15:00+00:00,False,,51.068803,-0.320897,Male,18-24,,White,Police and Criminal Evidence Act 1984 (section 1),Fireworks,A no further action disposal,True,False
Person search,2022-11-05T21:20:00+00:00,False,,51.008377,-0.082987,Male,10-17,,White,Police and Criminal Evidence Act 1984 (section 1),Fireworks,A no further action disposal,,False
Person search,2022-11-05T21:20:00+00:00,False,,51.010713,-0.083375,Female,10-17,White - English/Welsh/Scottish/Northern Irish/British,White,Police and Criminal Evidence Act 1984 (section 1),Fireworks,A no further action disposal,,False
Person search,2022-11-05T21:20:00+00:00,False,,51.008377,-0.082987,Male,10-17,,White,Police and Criminal Evidence Act 1984 (section 1),Fireworks,A no further action disposal,,False
Person search,2022-11-05T21:22:00+00:00,False,,50.874238,0.017513,Male,10-17,White - English/Welsh/Scottish/Northern Irish/British,White,Police and Criminal Evidence Act 1984 (section 1),Fireworks,Community resolution,True,False
Person search,2022-11-05T21:45:00+00:00,False,,50.849465,-0.227537,Male,over 34,Black/African/Caribbean/Black British - African,Black,Misuse of Drugs Act 1971 (section 23),Controlled drugs,A no further action disposal,,False
Person search,2022-11-05T23:50:00+00:00,False,,50.823684,-0.133831,Male,18-24,White - English/Welsh/Scottish/Northern Irish/British,White,Police and Criminal Evidence Act 1984 (section 1),Offensive weapons,Penalty Notice for Disorder,True,False
Person search,2022-11-06T01:45:00+00:00,False,,50.769033,0.294633,Male,over 34,White - English/Welsh/Scottish/Northern Irish/British,White,Police and Criminal Evidence Act 1984 (section 1),Article for use in theft,A no further action disposal,,False
Person search,2022-11-06T03:10:00+00:00,False,,50.824224,-0.150671,Male,18-24,Other ethnic group - Any other ethnic group,Asian,Misuse of Drugs Act 1971 (section 23),,A no further action disposal,,False
Person search,2022-11-06T03:11:00+00:00,False,,50.823643,-0.150353,Male,25-34,White - Any other White background,White,Misuse of Drugs Act 1971 (section 23),,A no further action disposal,,False
Person search,2022-11-06T15:44:00+00:00,False,,50.829766,-0.322147,Male,10-17,White - English/Welsh/Scottish/Northern Irish/British,White,Police and Criminal Evidence Act 1984 (section 1),Article for use in theft,A no further action disposal,,False
Person search,2022-11-06T15:44:00+00:00,False,,50.813140,-0.368607,Male,10-17,White - English/Welsh/Scottish/Northern Irish/British,White,Police and Criminal Evidence Act 1984 (section 1),Article for use in theft,A no further action disposal,,False
Person search,2022-11-06T18:09:00+00:00,False,,51.064127,-0.322803,Female,10-17,White - English/Welsh/Scottish/Northern Irish/British,White,Misuse of Drugs Act 1971 (section 23),Controlled drugs,A no further action disposal,,False
Person search,2022-11-06T18:10:00+00:00,False,,51.068803,-0.320897,Male,18-24,Other ethnic group - Any other ethnic group,White,Misuse of Drugs Act 1971 (section 23),Controlled drugs,A no further action disposal,False,False
Person search,2022-11-06T18:10:00+00:00,False,,51.064127,-0.322803,Female,10-17,White - English/Welsh/Scottish/Northern Irish/British,White,Misuse of Drugs Act 1971 (section 23),Controlled drugs,A no further action disposal,,False
Person search,2022-11-06T18:14:00+00:00,False,,51.064127,-0.322803,Female,10-17,White - English/Welsh/Scottish/Northern Irish/British,White,Misuse of Drugs Act 1971 (section 23),Controlled drugs,A no further action disposal,,False
Person search,2022-11-06T18:14:00+00:00,False,,51.064127,-0.322803,Female,10-17,White - English/Welsh/Scottish/Northern Irish/British,White,Misuse of Drugs Act 1971 (section 23),Controlled drugs,A no further action disposal,,False
Person search,2022-11-06T18:21:00+00:00,False,,51.064127,-0.322803,Male,10-17,White - English/Welsh/Scottish/Northern Irish/British,White,Misuse of Drugs Act 1971 (section 23),Controlled drugs,A no further action disposal,,False
Person search,2022-11-06T18:29:00+00:00,False,,51.064127,-0.322803,Male,10-17,White - English/Welsh/Scottish/Northern Irish/British,White,Misuse of Drugs Act 1971 (section 23),Controlled drugs,A no further action disposal,,False
Person search,2022-11-06T19:20:00+00:00,False,,50.787841,0.297725,Male,over 34,White - English/Welsh/Scottish/Northern Irish/British,White,Misuse of Drugs Act 1971 (section 23),Controlled drugs,Community resolution,True,False
Person search,2022-11-07T00:50:00+00:00,False,,50.831208,-0.135200,Male,18-24,Other ethnic group - Any other ethnic group,White,Misuse of Drugs Act 1971 (section 23),,Community resolution,True,False
Person search,2022-11-07T04:40:00+00:00,False,,50.822312,-0.145805,Male,over 34,White - Any other White background,White,Misuse of Drugs Act 1971 (section 23),,A no further action disposal,True,False
Person search,2022-11-07T04:46:00+00:00,False,,50.822312,-0.145805,Male,over 34,White - Any other White background,White,Police and Criminal Evidence Act 1984 (section 1),Article for use in theft,A no further action disposal,,False
Person search,2022-11-07T14:10:00+00:00,False,,50.831005,-0.132937,Female,10-17,White - English/Welsh/Scottish/Northern Irish/British,White,Misuse of Drugs Act 1971 (section 23),Controlled drugs,A no further action disposal,,False
Person search,2022-11-07T14:20:00+00:00,False,,50.823684,-0.133831,Male,25-34,Asian/Asian British - Indian,Asian,Misuse of Drugs Act 1971 (section 23),Controlled drugs,Community resolution,True,False
Person search,2022-11-07T14:20:00+00:00,False,,50.831005,-0.132937,Female,10-17,White - English/Welsh/Scottish/Northern Irish/British,White,Misuse of Drugs Act 1971 (section 23),Controlled drugs,A no further action disposal,True,False
Person search,2022-11-07T14:30:00+00:00,False,,50.823684,-0.133831,Male,18-24,White - English/Welsh/Scottish/Northern Irish/British,White,Misuse of Drugs Act 1971 (section 23),Controlled drugs,A no further action disposal,True,False
Person search,2022-11-07T15:23:00+00:00,False,,50.828302,-0.414241,Male,over 34,,White,Police and Criminal Evidence Act 1984 (section 1),Offensive weapons,A no further action disposal,,False
Person search,2022-11-07T15:30:00+00:00,False,,51.116206,-0.181516,Female,over 34,White - English/Welsh/Scottish/Northern Irish/British,White,Misuse of Drugs Act 1971 (section 23),,Arrest,,False
Person search,2022-11-07T15:40:00+00:00,False,,50.840648,-0.123191,Male,10-17,,White,Misuse of Drugs Act 1971 (section 23),Controlled drugs,Community resolution,True,False
Person search,2022-11-07T19:00:00+00:00,False,,50.784731,-0.675336,Male,25-34,White - English/Welsh/Scottish/Northern Irish/British,White,Police and Criminal Evidence Act 1984 (section 1),Stolen goods,Community resolution,,False
Person search,2022-11-07T20:00:00+00:00,False,,50.823684,-0.133831,Male,over 34,White - English/Welsh/Scottish/Northern Irish/British,White,Misuse of Drugs Act 1971 (section 23),,A no further action disposal,,False
Person search,2022-11-07T20:10:00+00:00,False,,50.820566,-0.131095,Male,,Asian/Asian British - Any other Asian background,Asian,Misuse of Drugs Act 1971 (section 23),Controlled drugs,A no further action disposal,,False
Person search,2022-11-07T20:46:00+00:00,False,,50.867110,-0.122353,Male,25-34,White - English/Welsh/Scottish/Northern Irish/British,White,Police and Criminal Evidence Act 1984 (section 1),Article for use in theft,A no further action disposal,,False
Person search,2022-11-07T22:15:00+00:00,False,,50.850166,-0.135154,Male,10-17,,White,Misuse of Drugs Act 1971 (section 23),,Arrest,,True
Person search,2022-11-07T22:21:00+00:00,False,,50.823684,-0.133831,Male,10-17,White - English/Welsh/Scottish/Northern Irish/British,White,Misuse of Drugs Act 1971 (section 23),Controlled drugs,Arrest,True,False
Person search,2022-11-07T22:26:00+00:00,False,,50.831718,-0.138943,Male,10-17,,Black,Misuse of Drugs Act 1971 (section 23),,Arrest,,False
Person search,2022-11-07T22:30:00+00:00,False,,50.823684,-0.133831,Male,18-24,Asian/Asian British - Pakistani,Asian,Misuse of Drugs Act 1971 (section 23),Controlled drugs,Arrest,,False
Person search,2022-11-07T23:00:00+00:00,False,,50.828302,-0.414241,Male,18-24,White - English/Welsh/Scottish/Northern Irish/British,White,Misuse of Drugs Act 1971 (section 23),Controlled drugs,A no further action disposal,,False
Person search,2022-11-07T23:10:00+00:00,False,,50.828302,-0.414241,Male,18-24,,White,Misuse of Drugs Act 1971 (section 23),,,True,False
Person search,2022-11-07T23:20:00+00:00,False,,50.836008,-0.429488,Male,18-24,White - English/Welsh/Scottish/Northern Irish/British,White,Misuse of Drugs Act 1971 (section 23),Controlled drugs,A no further action disposal,True,False
Person search,2022-11-08T01:55:00+00:00,False,,50.824270,-0.134369,Male,18-24,White - English/Welsh/Scottish/Northern Irish/British,White,Misuse of Drugs Act 1971 (section 23),Controlled drugs,Community resolution,True,False
Person search,2022-11-08T05:09:00+00:00,False,,50.831339,-0.137737,Male,18-24,Other ethnic group - Any other ethnic group,White,Misuse of Drugs Act 1971 (section 23),,A no further action disposal,,False
Person search,2022-11-08T05:30:00+00:00,False,,50.825763,-0.139464,Male,25-34,White - English/Welsh/Scottish/Northern Irish/British,White,Misuse of Drugs Act 1971 (section 23),,A no further action disposal,,False
Person search,2022-11-08T15:00:00+00:00,False,,51.089420,-0.301959,Male,25-34,Black/African/Caribbean/Black British - African,Black,Misuse of Drugs Act 1971 (section 23),Controlled drugs,A no further action disposal,,False
Person search,2022-11-08T15:08:00+00:00,False,,51.089420,-0.301959,Female,,,Black,Misuse of Drugs Act 1971 (section 23),Controlled drugs,A no further action disposal,,False
Person search,2022-11-08T16:25:00+00:00,False,,51.116206,-0.181516,Male,18-24,,White,Misuse of Drugs Act 1971 (section 23),Controlled drugs,Arrest,,False
Person search,2022-11-08T17:52:00+00:00,True,,50.829766,-0.322147,Female,,,White,Police and Criminal Evidence Act 1984 (section 1),Stolen goods,A no further action disposal,,False
Person search,2022-11-08T18:16:00+00:00,True,,50.829590,-0.321841,Male,10-17,White - English/Welsh/Scottish/Northern Irish/British,White,Police and Criminal Evidence Act 1984 (section 1),Stolen goods,A no further action disposal,,False
Person search,2022-11-08T18:20:00+00:00,True,,50.812371,-0.369585,Female,10-17,White - English/Welsh/Scottish/Northern Irish/British,White,Police and Criminal Evidence Act 1984 (section 1),Stolen goods,A no further action disposal,,False
Person search,2022-11-08T18:20:00+00:00,True,,50.813595,-0.370323,Female,10-17,White - English/Welsh/Scottish/Northern Irish/British,White,Police and Criminal Evidence Act 1984 (section 1),Stolen goods,A no further action disposal,,False
Person search,2022-11-08T18:32:00+00:00,False,,50.954685,-0.132241,Male,18-24,,White,Police and Criminal Evidence Act 1984 (section 1),Stolen goods,Community resolution,True,False
Person search,2022-11-08T23:25:00+00:00,False,,50.837860,-0.076248,Male,over 34,,Black,Police and Criminal Evidence Act 1984 (section 1),Stolen goods,A no further action disposal,,False
Person search,2022-11-09T00:13:00+00:00,False,,50.823472,-0.135054,Male,18-24,White - English/Welsh/Scottish/Northern Irish/British,White,Police and Criminal Evidence Act 1984 (section 1),Offensive weapons,A no further action disposal,,False
Person search,2022-11-09T07:25:00+00:00,False,,50.954685,-0.132241,Male,25-34,White - English/Welsh/Scottish/Northern Irish/British,White,Misuse of Drugs Act 1971 (section 23),Controlled drugs,A no further action disposal,False,False
Person search,2022-11-09T09:35:00+00:00,False,,50.823684,-0.133831,Male,25-34,White - English/Welsh/Scottish/Northern Irish/British,White,Police and Criminal Evidence Act 1984 (section 1),Article for use in theft,Arrest,True,False
Person search,2022-11-09T12:20:00+00:00,False,,50.970183,0.245507,Male,10-17,White - Gypsy or Irish Traveller,White,Police and Criminal Evidence Act 1984 (section 1),Article for use in theft,Community resolution,False,False
Person search,2022-11-09T14:59:00+00:00,False,,50.957786,0.659651,Male,10-17,White - Gypsy or Irish Traveller,White,Police and Criminal Evidence Act 1984 (section 1),Article for use in theft,Community resolution,False,False
Person search,2022-11-09T14:59:00+00:00,False,,50.970183,0.245507,Male,10-17,White - Gypsy or Irish Traveller,White,Police and Criminal Evidence Act 1984 (section 1),Article for use in theft,Community resolution,False,False
Person search,2022-11-09T16:33:00+00:00,False,,50.766778,0.280284,Male,10-17,White - English/Welsh/Scottish/Northern Irish/British,White,Police and Criminal Evidence Act 1984 (section 1),Article for use in theft,Arrest,,False
Person search,2022-11-09T16:33:00+00:00,False,,50.766778,0.280284,Male,10-17,White - English/Welsh/Scottish/Northern Irish/British,White,Police and Criminal Evidence Act 1984 (section 1),Article for use in theft,Arrest,,False
Person search,2022-11-09T16:33:00+00:00,False,,50.766778,0.280284,Male,10-17,White - English/Welsh/Scottish/Northern Irish/British,White,Police and Criminal Evidence Act 1984 (section 1),Article for use in theft,Arrest,,False
Person search,2022-11-09T18:00:00+00:00,False,,50.830462,-0.781123,Female,10-17,White - English/Welsh/Scottish/Northern Irish/British,White,Police and Criminal Evidence Act 1984 (section 1),Stolen goods,A no further action disposal,,False
Person search,2022-11-09T20:53:00+00:00,False,,50.891276,0.556116,Male,18-24,White - English/Welsh/Scottish/Northern Irish/British,White,Misuse of Drugs Act 1971 (section 23),Controlled drugs,Community resolution,True,False
Person search,2022-11-09T21:00:00+00:00,False,,50.891276,0.556116,Male,10-17,White - English/Welsh/Scottish/Northern Irish/British,White,Misuse of Drugs Act 1971 (section 23),Controlled drugs,Community resolution,True,False
Person search,2022-11-09T22:50:00+00:00,False,,50.799255,0.065995,Male,10-17,White - English/Welsh/Scottish/Northern Irish/British,White,Police and Criminal Evidence Act 1984 (section 1),Article for use in theft,A no further action disposal,,False
Person search,2022-11-09T23:14:00+00:00,False,,50.799162,0.064118,Male,10-17,White - English/Welsh/Scottish/Northern Irish/British,White,Police and Criminal Evidence Act 1984 (section 1),Article for use in theft,A no further action disposal,,False
Person search,2022-11-10T00:25:00+00:00,False,,50.840696,0.478007,Female,over 34,White - English/Welsh/Scottish/Northern Irish/British,White,Police and Criminal Evidence Act 1984 (section 1),Article for use in theft,A no further action disposal,False,False
Person search,2022-11-10T00:25:00+00:00,False,,50.840696,0.478007,Male,over 34,White - English/Welsh/Scottish/Northern Irish/British,White,Police and Criminal Evidence Act 1984 (section 1),Article for use in theft,A no further action disposal,,False
Person search,2022-11-10T13:50:00+00:00,False,,50.798786,0.052294,Male,over 34,,Black,Firearms Act 1968 (section 47),Firearms,A no further action disposal,,
Person search,2022-11-10T18:05:00+00:00,False,,50.829819,-0.482364,Male,10-17,White - English/Welsh/Scottish/Northern Irish/British,White,Police and Criminal Evidence Act 1984 (section 1),Articles for use in criminal damage,A no further action disposal,,False
Person search,2022-11-10T18:10:00+00:00,False,,50.829819,-0.482364,Male,10-17,White - English/Welsh/Scottish/Northern Irish/British,White,Police and Criminal Evidence Act 1984 (section 1),Article for use in theft,A no further action disposal,,False
Person search,2022-11-10T18:10:00+00:00,False,,50.829819,-0.482364,Male,10-17,White - English/Welsh/Scottish/Northern Irish/British,White,Police and Criminal Evidence Act 1984 (section 1),Article for use in theft,A no further action disposal,,False
Person search,2022-11-10T19:15:00+00:00,False,,50.823684,-0.133831,Male,over 34,White - English/Welsh/Scottish/Northern Irish/British,White,Misuse of Drugs Act 1971 (section 23),Controlled drugs,Summons / charged by post,True,False
Person search,2022-11-10T19:58:00+00:00,False,,50.829267,-0.106792,Male,10-17,White - English/Welsh/Scottish/Northern Irish/British,White,Misuse of Drugs Act 1971 (section 23),Controlled drugs,A no further action disposal,,False
Person search,2022-11-10T20:20:00+00:00,True,,50.829267,-0.106792,Male,10-17,White - English/Welsh/Scottish/Northern Irish/British,White,Misuse of Drugs Act 1971 (section 23),Controlled drugs,A no further action disposal,,False
Person search,2022-11-10T20:40:00+00:00,False,,50.888600,0.543584,Male,over 34,White - English/Welsh/Scottish/Northern Irish/British,White,Misuse of Drugs Act 1971 (section 23),Controlled drugs,A no further action disposal,,
Person search,2022-11-10T20:47:00+00:00,False,,50.888281,0.552838,Female,over 34,White - English/Welsh/Scottish/Northern Irish/British,White,Misuse of Drugs Act 1971 (section 23),Controlled drugs,A no further action disposal,True,False
Person search,2022-11-10T20:55:00+00:00,False,,50.888600,0.543584,Male,18-24,White - English/Welsh/Scottish/Northern Irish/British,White,Misuse of Drugs Act 1971 (section 23),Controlled drugs,Summons / charged by post,True,False
Person search,2022-11-10T22:32:00+00:00,False,,50.862836,0.261193,Male,25-34,White - English/Welsh/Scottish/Northern Irish/British,White,Police and Criminal Evidence Act 1984 (section 1),Offensive weapons,A no further action disposal,,False
Person search,2022-11-11T11:18:00+00:00,False,,50.817301,-0.108752,Female,18-24,White - English/Welsh/Scottish/Northern Irish/British,White,Misuse of Drugs Act 1971 (section 23),,A no further action disposal,,False
Person search,2022-11-11T12:00:00+00:00,False,,50.823684,-0.133831,Male,18-24,White - English/Welsh/Scottish/Northern Irish/British,White,Misuse of Drugs Act 1971 (section 23),Controlled drugs,A no further action disposal,,False
Person search,2022-11-11T13:10:00+00:00,False,,50.833771,-0.136830,Male,25-34,White - English/Welsh/Scottish/Northern Irish/British,White,Misuse of Drugs Act 1971 (section 23),,Summons / charged by post,True,False
Person search,2022-11-11T13:58:00+00:00,False,,50.825422,-0.161599,Male,over 34,White - Any other White background,White,Police and Criminal Evidence Act 1984 (section 1),Article for use in theft,Community resolution,,False
Person search,2022-11-11T15:00:00+00:00,False,,50.859918,0.565726,Male,25-34,White - English/Welsh/Scottish/Northern Irish/British,White,Police and Criminal Evidence Act 1984 (section 1),Offensive weapons,A no further action disposal,False,False
Person search,2022-11-11T16:02:00+00:00,False,,50.876986,0.543662,Male,18-24,Black/African/Caribbean/Black British - Any other Black/African/Caribbean background,Black,Police and Criminal Evidence Act 1984 (section 1),Article for use in theft,A no further action disposal,,False
Person search,2022-11-11T16:07:00+00:00,False,,50.876986,0.543662,Male,,White - English/Welsh/Scottish/Northern Irish/British,White,Police and Criminal Evidence Act 1984 (section 1),Article for use in theft,A no further action disposal,,False
Person search,2022-11-11T16:11:00+00:00,False,,50.876986,0.543662,Male,,Black/African/Caribbean/Black British - Any other Black/African/Caribbean background,Black,Police and Criminal Evidence Act 1984 (section 1),Article for use in theft,A no further action disposal,,False
Person search,2022-11-11T17:01:00+00:00,False,,50.843587,-0.242646,Female,10-17,White - English/Welsh/Scottish/Northern Irish/British,White,Police and Criminal Evidence Act 1984 (section 1),Offensive weapons,A no further action disposal,,False
Person search,2022-11-11T17:06:00+00:00,False,,50.843587,-0.242646,Female,10-17,White - English/Welsh/Scottish/Northern Irish/British,White,Police and Criminal Evidence Act 1984 (section 1),Offensive weapons,Khat or Cannabis warning,,False
Vehicle search,2022-11-11T18:07:00+00:00,False,,51.067589,-0.336656,,,,,Police and Criminal Evidence Act 1984 (section 1),Article for use in theft,A no further action disposal,True,
Person search,2022-11-11T22:10:00+00:00,False,,50.804777,-0.534679,Female,25-34,White - English/Welsh/Scottish/Northern Irish/British,White,Misuse of Drugs Act 1971 (section 23),Controlled drugs,A no further action disposal,,False
Person search,2022-11-11T23:32:00+00:00,False,,50.823684,-0.133831,Male,18-24,White - English/Welsh/Scottish/Northern Irish/British,White,Misuse of Drugs Act 1971 (section 23),Controlled drugs,A no further action disposal,False,False
Person search,2022-11-11T23:45:00+00:00,False,,50.819798,-0.140964,Male,18-24,White - English/Welsh/Scottish/Northern Irish/British,White,Misuse of Drugs Act 1971 (section 23),Controlled drugs,Community resolution,True,False
Person search,2022-11-12T02:20:00+00:00,False,,50.787841,0.297725,Male,over 34,White - Any other White background,White,Misuse of Drugs Act 1971 (section 23),Controlled drugs,Arrest,False,False
Person search,2022-11-12T07:52:00+00:00,False,,51.161622,-0.177556,Male,25-34,,Asian,Firearms Act 1968 (section 47),Firearms,A no further action disposal,,False
Person search,2022-11-12T08:30:00+00:00,False,,50.884144,0.010519,Male,over 34,White - Any other White background,White,Misuse of Drugs Act 1971 (section 23),Controlled drugs,A no further action disposal,,True
Person search,2022-11-12T10:00:00+00:00,False,,50.792318,0.321897,Female,over 34,White - English/Welsh/Scottish/Northern Irish/British,White,Police and Criminal Evidence Act 1984 (section 1),Article for use in theft,A no further action disposal,,False
Person search,2022-11-12T10:05:00+00:00,False,,50.787841,0.297725,Male,25-34,White - English/Welsh/Scottish/Northern Irish/British,White,Police and Criminal Evidence Act 1984 (section 1),Offensive weapons,Summons / charged by post,False,False
Person search,2022-11-12T11:15:00+00:00,False,,50.830462,-0.781123,Male,18-24,White - English/Welsh/Scottish/Northern Irish/British,White,Police and Criminal Evidence Act 1984 (section 1),Stolen goods,A no further action disposal,,False
Person search,2022-11-12T12:30:00+00:00,False,,50.884144,0.010519,Male,over 34,White - English/Welsh/Scottish/Northern Irish/British,White,Misuse of Drugs Act 1971 (section 23),Controlled drugs,Arrest,True,
Person search,2022-11-12T14:14:00+00:00,False,,50.790986,0.278156,Female,over 34,White - English/Welsh/Scottish/Northern Irish/British,White,Misuse of Drugs Act 1971 (section 23),Controlled drugs,Caution (simple or conditional),,
Person search,2022-11-12T14:28:00+00:00,False,,50.773133,0.099480,Male,,White - English/Welsh/Scottish/Northern Irish/British,White,Police and Criminal Evidence Act 1984 (section 1),Article for use in theft,A no further action disposal,,False
Person search,2022-11-12T14:30:00+00:00,False,,50.827868,-0.417436,Male,25-34,White - English/Welsh/Scottish/Northern Irish/British,White,Police and Criminal Evidence Act 1984 (section 1),Stolen goods,Arrest,True,False
Person search,2022-11-12T14:35:00+00:00,False,,50.771192,0.100931,Male,10-17,White - English/Welsh/Scottish/Northern Irish/British,White,Police and Criminal Evidence Act 1984 (section 1),Article for use in theft,A no further action disposal,,False
Person search,2022-11-12T14:35:00+00:00,False,,50.771192,0.100931,Female,10-17,White - English/Welsh/Scottish/Northern Irish/British,White,Police and Criminal Evidence Act 1984 (section 1),Article for use in theft,A no further action disposal,,False
Person search,2022-11-12T15:20:00+00:00,False,,50.762073,0.286762,Male,18-24,,White,Misuse of Drugs Act 1971 (section 23),Controlled drugs,A no further action disposal,,True
Person search,2022-11-12T15:21:00+00:00,False,,50.814025,0.350883,Male,18-24,White - English/Welsh/Scottish/Northern Irish/British,White,Misuse of Drugs Act 1971 (section 23),Controlled drugs,A no further action disposal,,False
Person search,2022-11-12T16:58:00+00:00,False,,50.840731,-0.417569,Male,over 34,Asian/Asian British - Any other Asian background,Other,Police and Criminal Evidence Act 1984 (section 1),Article for use in theft,A no further action disposal,,False
Person search,2022-11-12T17:00:00+00:00,False,,50.829278,-0.415912,Male,over 34,White - English/Welsh/Scottish/Northern Irish/British,White,Police and Criminal Evidence Act 1984 (section 1),Stolen goods,Arrest,True,False
Person search,2022-11-12T17:00:00+00:00,False,,50.829278,-0.415912,Male,25-34,White - English/Welsh/Scottish/Northern Irish/British,White,Police and Criminal Evidence Act 1984 (section 1),Stolen goods,Arrest,True,False
Person search,2022-11-12T17:07:00+00:00,False,,50.818207,-0.394211,Male,25-34,White - English/Welsh/Scottish/Northern Irish/British,White,Police and Criminal Evidence Act 1984 (section 1),Stolen goods,Arrest,True,False
Person search,2022-11-12T17:40:00+00:00,False,,50.949396,0.737014,,10-17,White - English/Welsh/Scottish/Northern Irish/British,White,Misuse of Drugs Act 1971 (section 23),Controlled drugs,Community resolution,True,False
Person search,2022-11-12T22:13:00+00:00,False,,50.872294,0.555503,Male,18-24,White - Any other White background,White,Police and Criminal Evidence Act 1984 (section 1),Offensive weapons,Arrest,True,False
Person search,2022-11-12T22:30:00+00:00,False,,50.812822,-0.376141,Male,,White - English/Welsh/Scottish/Northern Irish/British,White,Misuse of Drugs Act 1971 (section 23),,A no further action disposal,False,False
Person search,2022-11-13T00:10:00+00:00,False,,50.828302,-0.414241,Male,25-34,,White,Police and Criminal Evidence Act 1984 (section 1),Article for use in theft,Arrest,True,False
Person search,2022-11-13T00:30:00+00:00,False,,50.830974,-0.211595,Male,10-17,White - English/Welsh/Scottish/Northern Irish/British,White,Police and Criminal Evidence Act 1984 (section 1),Offensive weapons,A no further action disposal,,False
Person search,2022-11-13T01:10:00+00:00,False,,50.823684,-0.133831,Male,,White - English/Welsh/Scottish/Northern Irish/British,White,Police and Criminal Evidence Act 1984 (section 1),Article for use in theft,Arrest,True,False
Person search,2022-11-13T01:25:00+00:00,False,,50.823684,-0.133831,Male,10-17,White - English/Welsh/Scottish/Northern Irish/British,White,Police and Criminal Evidence Act 1984 (section 1),Article for use in theft,Arrest,True,False
Person search,2022-11-13T01:35:00+00:00,False,,50.831168,-0.213093,Male,10-17,Mixed/Multiple ethnic groups - Any other Mixed/Multiple ethnic background,Asian,Police and Criminal Evidence Act 1984 (section 1),Article for use in theft,Arrest,True,False
Person search,2022-11-13T01:45:00+00:00,False,,50.831168,-0.213093,Male,10-17,White - English/Welsh/Scottish/Northern Irish/British,White,Police and Criminal Evidence Act 1984 (section 1),Article for use in theft,Arrest,True,False
Person search,2022-11-13T02:20:00+00:00,False,,51.092328,0.033616,Male,10-17,White - English/Welsh/Scottish/Northern Irish/British,White,Police and Criminal Evidence Act 1984 (section 1),Article for use in theft,A no further action disposal,,False
Person search,2022-11-13T02:57:00+00:00,False,,50.823391,-0.144087,Male,,Mixed/Multiple ethnic groups - White and Black African,Black,Misuse of Drugs Act 1971 (section 23),Controlled drugs,A no further action disposal,,False
Person search,2022-11-13T03:00:00+00:00,False,,50.827665,-0.134645,Male,25-34,White - English/Welsh/Scottish/Northern Irish/British,White,Psychoactive Substances Act 2016 (s36(2)),Psychoactive substances,A no further action disposal,,False
Person search,2022-11-13T03:00:00+00:00,False,,50.823391,-0.144087,Female,18-24,White - English/Welsh/Scottish/Northern Irish/British,White,Psychoactive Substances Act 2016 (s36(2)),Psychoactive substances,A no further action disposal,,False
Person search,2022-11-13T03:00:00+00:00,False,,50.823878,-0.144210,Female,18-24,White - English/Welsh/Scottish/Northern Irish/British,White,Psychoactive Substances Act 2016 (s36(2)),Psychoactive substances,A no further action disposal,,False
Person search,2022-11-13T08:25:00+00:00,False,,50.770165,0.290561,Male,25-34,White - Any other White background,White,Misuse of Drugs Act 1971 (section 23),Controlled drugs,Penalty Notice for Disorder,,
Person search,2022-11-13T12:17:00+00:00,False,,50.752637,0.267007,Male,over 34,White - English/Welsh/Scottish/Northern Irish/British,White,Misuse of Drugs Act 1971 (section 23),,A no further action disposal,True,False
Person search,2022-11-13T13:00:00+00:00,False,,50.788320,0.298089,Female,over 34,White - English/Welsh/Scottish/Northern Irish/British,White,Misuse of Drugs Act 1971 (section 23),Controlled drugs,A no further action disposal,,False
Person search,2022-11-13T13:00:00+00:00,False,,50.787841,0.297725,Female,over 34,White - English/Welsh/Scottish/Northern Irish/British,White,Misuse of Drugs Act 1971 (section 23),Controlled drugs,A no further action disposal,,False
Person search,2022-11-13T13:05:00+00:00,False,,50.787841,0.297725,Male,over 34,Black/African/Caribbean/Black British - African,Black,Misuse of Drugs Act 1971 (section 23),Controlled drugs,A no further action disposal,,True
Person search,2022-11-13T16:00:00+00:00,False,,50.875766,0.246438,Female,over 34,White - English/Welsh/Scottish/Northern Irish/British,White,Police and Criminal Evidence Act 1984 (section 1),Stolen goods,A no further action disposal,,False
Person search,2022-11-13T18:53:00+00:00,False,,50.827103,-0.414693,Male,18-24,White - English/Welsh/Scottish/Northern Irish/British,White,Police and Criminal Evidence Act 1984 (section 1),Offensive weapons,Arrest,False,False
Person search,2022-11-13T20:13:00+00:00,False,,50.766565,0.289293,Male,over 34,White - English/Welsh/Scottish/Northern Irish/British,White,Misuse of Drugs Act 1971 (section 23),,Summons / charged by post,True,False
Person search,2022-11-13T23:30:00+00:00,False,,50.841492,-0.769516,Male,10-17,White - English/Welsh/Scottish/Northern Irish/British,White,Misuse of Drugs Act 1971 (section 23),Controlled drugs,A no further action disposal,,False
Person search,2022-11-13T23:30:00+00:00,False,,50.831242,-0.776587,Male,,White - English/Welsh/Scottish/Northern Irish/British,White,Misuse of Drugs Act 1971 (section 23),Controlled drugs,A no further action disposal,,False
Person search,2022-11-14T01:00:00+00:00,False,,50.789205,-0.671776,Male,over 34,Mixed/Multiple ethnic groups - Any other Mixed/Multiple ethnic background,Black,Police and Criminal Evidence Act 1984 (section 1),Offensive weapons,A no further action disposal,,False
Person search,2022-11-14T08:40:00+00:00,False,,51.116206,-0.181516,Male,over 34,White - English/Welsh/Scottish/Northern Irish/British,White,Police and Criminal Evidence Act 1984 (section 1),Offensive weapons,Arrest,True,False
Person search,2022-11-14T12:00:00+00:00,False,,51.156262,-0.160908,Male,over 34,White - English/Welsh/Scottish/Northern Irish/British,White,Police and Criminal Evidence Act 1984 (section 1),Stolen goods,Arrest,False,False
Person search,2022-11-14T12:05:00+00:00,False,,51.061275,-0.327748,Female,25-34,Other ethnic group - Any other ethnic group,White,Police and Criminal Evidence Act 1984 (section 1),Stolen goods,Arrest,,False
Person search,2022-11-14T12:40:00+00:00,False,,50.823684,-0.133831,Female,25-34,White - English/Welsh/Scottish/Northern Irish/British,White,Misuse of Drugs Act 1971 (section 23),,A no further action disposal,,False
Person search,2022-11-14T13:30:00+00:00,False,,50.834104,-0.174452,Male,over 34,White - English/Welsh/Scottish/Northern Irish/British,White,Misuse of Drugs Act 1971 (section 23),Controlled drugs,Summons / charged by post,True,False
Person search,2022-11-14T20:15:00+00:00,False,,50.768722,0.291668,Male,over 34,,White,Police and Criminal Evidence Act 1984 (section 1),Article for use in theft,Summons / charged by post,True,False
Person search,2022-11-14T20:30:00+00:00,False,,50.877326,0.551983,Male,10-17,White - English/Welsh/Scottish/Northern Irish/British,White,Misuse of Drugs Act 1971 (section 23),Controlled drugs,A no further action disposal,False,False
Person search,2022-11-15T01:00:00+00:00,False,,50.828795,-0.477611,Female,10-17,White - English/Welsh/Scottish/Northern Irish/British,White,Police and Criminal Evidence Act 1984 (section 1),Stolen goods,Arrest,,False
Person search,2022-11-15T01:17:00+00:00,False,,50.827814,-0.476891,Male,10-17,White - English/Welsh/Scottish/Northern Irish/British,White,Police and Criminal Evidence Act 1984 (section 1),Article for use in theft,Arrest,,False
Person search,2022-11-15T01:30:00+00:00,False,,50.826859,-0.474636,Female,10-17,White - English/Welsh/Scottish/Northern Irish/British,White,Police and Criminal Evidence Act 1984 (section 1),Article for use in theft,Arrest,,False
Person search,2022-11-15T01:35:00+00:00,False,,50.789205,-0.671776,Female,10-17,White - English/Welsh/Scottish/Northern Irish/British,White,Police and Criminal Evidence Act 1984 (section 1),Article for use in theft,Arrest,,False
Person search,2022-11-15T01:35:00+00:00,False,,50.827814,-0.476891,Male,10-17,White - English/Welsh/Scottish/Northern Irish/British,White,Police and Criminal Evidence Act 1984 (section 1),Article for use in theft,Arrest,,False
Person search,2022-11-15T01:44:00+00:00,False,,50.827814,-0.476891,Male,10-17,White - English/Welsh/Scottish/Northern Irish/British,White,Police and Criminal Evidence Act 1984 (section 1),Article for use in theft,Arrest,,False
Person search,2022-11-15T15:10:00+00:00,False,,50.823684,-0.133831,Male,10-17,White - English/Welsh/Scottish/Northern Irish/British,White,Police and Criminal Evidence Act 1984 (section 1),Offensive weapons,A no further action disposal,False,False
Person search,2022-11-15T15:27:00+00:00,False,,50.831359,-0.170866,Male,10-17,,Black,Police and Criminal Evidence Act 1984 (section 1),Offensive weapons,A no further action disposal,,False
Person search,2022-11-15T15:45:00+00:00,False,,50.788274,0.050698,Male,18-24,White - English/Welsh/Scottish/Northern Irish/British,White,Misuse of Drugs Act 1971 (section 23),Controlled drugs,A no further action disposal,True,False
Person search,2022-11-15T16:15:00+00:00,False,,50.823684,-0.133831,Male,10-17,White - English/Welsh/Scottish/Northern Irish/British,White,Police and Criminal Evidence Act 1984 (section 1),Offensive weapons,Summons / charged by post,True,False
Person search,2022-11-15T17:30:00+00:00,False,,50.877982,0.266262,Female,25-34,White - English/Welsh/Scottish/Northern Irish/British,White,Police and Criminal Evidence Act 1984 (section 1),Offensive weapons,A no further action disposal,,False
Person search,2022-11-15T19:30:00+00:00,False,,50.786548,0.268250,Female,over 34,White - English/Welsh/Scottish/Northern Irish/British,White,Police and Criminal Evidence Act 1984 (section 1),Stolen goods,A no further action disposal,,False
Person search,2022-11-15T21:10:00+00:00,False,,51.115841,-0.215035,Male,18-24,Black/African/Caribbean/Black British - Caribbean,Asian,Police and Criminal Evidence Act 1984 (section 1),Offensive weapons,Arrest,False,
Person search,2022-11-15T21:13:00+00:00,False,,51.115497,-0.214277,Male,18-24,Asian/Asian British - Indian,Other,Police and Criminal Evidence Act 1984 (section 1),Offensive weapons,A no further action disposal,True,False
Person search,2022-11-15T22:20:00+00:00,False,,50.823684,-0.133831,Male,18-24,,Other,Misuse of Drugs Act 1971 (section 23),,Arrest,True,False
Person search,2022-11-16T10:40:00+00:00,False,,50.842489,-0.769461,Male,18-24,White - English/Welsh/Scottish/Northern Irish/British,White,Misuse of Drugs Act 1971 (section 23),Controlled drugs,Arrest,True,False
Person search,2022-11-16T14:00:00+00:00,False,,50.867110,-0.122353,Male,over 34,Asian/Asian British - Pakistani,Asian,Police and Criminal Evidence Act 1984 (section 1),Articles for use in criminal damage,Community resolution,True,False
Person search,2022-11-16T16:16:00+00:00,False,,51.127021,-0.209874,Male,over 34,White - English/Welsh/Scottish/Northern Irish/British,White,Police and Criminal Evidence Act 1984 (section 1),Offensive weapons,A no further action disposal,,False
Person search,2022-11-16T20:57:00+00:00,False,,50.819312,-0.715566,Female,25-34,White - English/Welsh/Scottish/Northern Irish/British,White,Misuse of Drugs Act 1971 (section 23),Controlled drugs,Arrest,False,False
Person search,2022-11-16T21:16:00+00:00,False,,50.819312,-0.715566,Male,25-34,Black/African/Caribbean/Black British - Any other Black/African/Caribbean background,White,Misuse of Drugs Act 1971 (section 23),Controlled drugs,Arrest,False,False
Person search,2022-11-16T21:22:00+00:00,False,,50.854943,0.583684,Male,25-34,White - English/Welsh/Scottish/Northern Irish/British,White,Firearms Act 1968 (section 47),Firearms,A no further action disposal,,False
Vehicle search,2022-11-16T22:44:00+00:00,False,,50.789205,-0.671776,,,,,Misuse of Drugs Act 1971 (section 23),,Arrest,,
Person search,2022-11-17T03:36:00+00:00,False,,51.115010,-0.189092,Male,25-34,White - English/Welsh/Scottish/Northern Irish/British,White,Police and Criminal Evidence Act 1984 (section 1),Article for use in theft,Arrest,,False
Person search,2022-11-17T17:38:00+00:00,False,,50.822078,-0.485937,Male,over 34,White - English/Welsh/Scottish/Northern Irish/British,White,Misuse of Drugs Act 1971 (section 23),,A no further action disposal,,False
Person search,2022-11-17T18:10:00+00:00,False,,50.841117,-0.450409,Female,10-17,White - English/Welsh/Scottish/Northern Irish/British,White,Police and Criminal Evidence Act 1984 (section 1),Offensive weapons,A no further action disposal,,False
Person search,2022-11-17T21:29:00+00:00,False,,50.854713,0.576211,Male,10-17,White - English/Welsh/Scottish/Northern Irish/British,White,Police and Criminal Evidence Act 1984 (section 1),Article for use in theft,A no further action disposal,,False
Person search,2022-11-17T22:15:00+00:00,False,,50.821540,-0.123971,Male,18-24,,White,Misuse of Drugs Act 1971 (section 23),Controlled drugs,A no further action disposal,,False
Person search,2022-11-17T23:16:00+00:00,False,,50.827665,-0.134645,Male,25-34,Black/African/Caribbean/Black British - Any other Black/African/Caribbean background,White,Misuse of Drugs Act 1971 (section 23),,A no further action disposal,False,False
Person search,2022-11-18T03:20:00+00:00,False,,50.833161,-0.139766,Male,over 34,,White,Police and Criminal Evidence Act 1984 (section 1),Stolen goods,Arrest,False,False
Person search,2022-11-18T11:40:00+00:00,False,,50.830881,-0.192683,Male,25-34,White - Any other White background,White,Misuse of Drugs Act 1971 (section 23),Controlled drugs,Arrest,True,False
Person search,2022-11-18T13:00:00+00:00,False,,50.825418,-0.153392,Male,25-34,,Black,Misuse of Drugs Act 1971 (section 23),,A no further action disposal,,False
Person search,2022-11-18T15:10:00+00:00,False,,50.874503,-0.007365,Male,18-24,White - English/Welsh/Scottish/Northern Irish/British,White,Misuse of Drugs Act 1971 (section 23),,A no further action disposal,False,True
Person search,2022-11-18T16:34:00+00:00,False,,51.346188,-0.249939,Male,over 34,White - English/Welsh/Scottish/Northern Irish/British,White,Firearms Act 1968 (section 47),Firearms,A no further action disposal,,False
Person search,2022-11-18T18:34:00+00:00,False,,50.790362,-0.685009,Male,18-24,White - Any other White background,White,Misuse of Drugs Act 1971 (section 23),Controlled drugs,A no further action disposal,,False
Person search,2022-11-18T19:30:00+00:00,False,,50.825563,-0.134246,Male,25-34,,White,Misuse of Drugs Act 1971 (section 23),Controlled drugs,A no further action disposal,,False
Person search,2022-11-18T19:35:00+00:00,True,,50.828302,-0.414241,Male,over 34,White - English/Welsh/Scottish/Northern Irish/British,White,Police and Criminal Evidence Act 1984 (section 1),Article for use in theft,Arrest,True,False
Person search,2022-11-18T19:40:00+00:00,False,,50.786538,-0.676094,Male,over 34,White - English/Welsh/Scottish/Northern Irish/British,White,Police and Criminal Evidence Act 1984 (section 1),Stolen goods,Arrest,True,False
Person search,2022-11-18T19:50:00+00:00,False,,50.828302,-0.414241,Female,over 34,White - English/Welsh/Scottish/Northern Irish/British,White,Police and Criminal Evidence Act 1984 (section 1),Stolen goods,Arrest,False,False
Person search,2022-11-18T20:15:00+00:00,False,,50.771056,0.097430,Male,25-34,White - English/Welsh/Scottish/Northern Irish/British,White,Misuse of Drugs Act 1971 (section 23),,A no further action disposal,,False
Person search,2022-11-18T20:35:00+00:00,False,,50.789205,-0.671776,Male,10-17,White - English/Welsh/Scottish/Northern Irish/British,White,Misuse of Drugs Act 1971 (section 23),Controlled drugs,Arrest,True,False
Person search,2022-11-18T20:50:00+00:00,False,,50.792021,-0.651464,Female,25-34,White - English/Welsh/Scottish/Northern Irish/British,White,Misuse of Drugs Act 1971 (section 23),Controlled drugs,A no further action disposal,False,False
Person search,2022-11-18T20:55:00+00:00,False,,50.770817,0.100213,Male,18-24,White - English/Welsh/Scottish/Northern Irish/British,White,Misuse of Drugs Act 1971 (section 23),,A no further action disposal,,False
Person search,2022-11-18T21:43:00+00:00,False,,50.809443,-0.544639,Male,over 34,White - English/Welsh/Scottish/Northern Irish/British,White,Misuse of Drugs Act 1971 (section 23),Controlled drugs,A no further action disposal,,False
Person search,2022-11-18T23:27:00+00:00,False,,51.062497,-0.327719,Male,25-34,White - English/Welsh/Scottish/Northern Irish/British,White,Police and Criminal Evidence Act 1984 (section 1),Stolen goods,A no further action disposal,,False
Person search,2022-11-18T23:40:00+00:00,False,,50.855713,0.581027,Male,10-17,White - English/Welsh/Scottish/Northern Irish/British,White,Police and Criminal Evidence Act 1984 (section 1),Offensive weapons,A no further action disposal,,False
Person search,2022-11-18T23:50:00+00:00,False,,50.855080,0.577937,Male,10-17,White - English/Welsh/Scottish/Northern Irish/British,White,Police and Criminal Evidence Act 1984 (section 1),Offensive weapons,A no further action disposal,,False
Person search,2022-11-19T05:49:00+00:00,False,,50.804656,-0.061064,Female,18-24,White - Any other White background,White,Misuse of Drugs Act 1971 (section 23),,A no further action disposal,,False
Person search,2022-11-19T07:05:00+00:00,False,,51.116206,-0.181516,Male,10-17,White - English/Welsh/Scottish/Northern Irish/British,White,Misuse of Drugs Act 1971 (section 23),Controlled drugs,A no further action disposal,,False
Person search,2022-11-19T10:32:00+00:00,True,,50.831833,-0.132647,Male,25-34,White - English/Welsh/Scottish/Northern Irish/British,White,Misuse of Drugs Act 1971 (section 23),,A no further action disposal,False,False
Person search,2022-11-19T10:40:00+00:00,True,,50.828896,-0.132864,Male,25-34,,White,Misuse of Drugs Act 1971 (section 23),,A no further action disposal,,False
Person search,2022-11-19T11:40:00+00:00,True,,50.823684,-0.133831,Female,18-24,,Black,Misuse of Drugs Act 1971 (section 23),Controlled drugs,Arrest,True,False
Person search,2022-11-19T14:05:00+00:00,False,,50.863296,0.576912,Male,10-17,White - English/Welsh/Scottish/Northern Irish/British,White,Police and Criminal Evidence Act 1984 (section 1),Articles for use in criminal damage,A no further action disposal,,False
Person search,2022-11-19T15:10:00+00:00,False,,50.824298,-0.145173,Male,25-34,Other ethnic group - Arab,Other,Police and Criminal Evidence Act 1984 (section 1),Offensive weapons,A no further action disposal,,False
Person search,2022-11-19T15:19:00+00:00,False,,50.863296,0.576912,Male,10-17,White - English/Welsh/Scottish/Northern Irish/British,White,Police and Criminal Evidence Act 1984 (section 1),Articles for use in criminal damage,A no further action disposal,,False
Person search,2022-11-19T17:01:00+00:00,False,,51.116206,-0.181516,Male,18-24,White - English/Welsh/Scottish/Northern Irish/British,White,Misuse of Drugs Act 1971 (section 23),Controlled drugs,Community resolution,True,False
Person search,2022-11-19T18:32:00+00:00,False,,50.848483,-0.114410,Female,25-34,White - English/Welsh/Scottish/Northern Irish/British,White,Misuse of Drugs Act 1971 (section 23),,A no further action disposal,,False
Person search,2022-11-19T18:39:00+00:00,False,,50.848483,-0.114410,Male,25-34,White - English/Welsh/Scottish/Northern Irish/British,White,Misuse of Drugs Act 1971 (section 23),Controlled drugs,A no further action disposal,,False
Person search,2022-11-19T20:30:00+00:00,False,,50.956183,-0.134404,Male,18-24,White - Any other White background,White,Misuse of Drugs Act 1971 (section 23),Controlled drugs,A no further action disposal,,False
Person search,2022-11-19T21:45:00+00:00,False,,50.804777,-0.534679,Male,25-34,White - Any other White background,White,Misuse of Drugs Act 1971 (section 23),Controlled drugs,Community resolution,True,True
Person search,2022-11-19T22:42:00+00:00,False,,50.846993,-0.145424,Male,10-17,White - English/Welsh/Scottish/Northern Irish/British,White,Misuse of Drugs Act 1971 (section 23),Controlled drugs,Arrest,,False
Person search,2022-11-19T22:45:00+00:00,False,,50.823684,-0.133831,Male,over 34,,Asian,Misuse of Drugs Act 1971 (section 23),Controlled drugs,A no further action disposal,,True
Person search,2022-11-19T23:00:00+00:00,False,,50.823472,-0.135054,Female,25-34,White - English/Welsh/Scottish/Northern Irish/British,White,Misuse of Drugs Act 1971 (section 23),,A no further action disposal,,True
Person search,2022-11-19T23:00:00+00:00,False,,50.823684,-0.133831,Male,25-34,Black/African/Caribbean/Black British - Any other Black/African/Caribbean background,White,Misuse of Drugs Act 1971 (section 23),,A no further action disposal,,True
Person search,2022-11-19T23:41:00+00:00,False,,50.779600,-0.690020,Male,25-34,White - Any other White background,White,Misuse of Drugs Act 1971 (section 23),,Community resolution,True,True
Person search,2022-11-19T23:56:00+00:00,False,,50.823684,-0.133831,Female,25-34,White - English/Welsh/Scottish/Northern Irish/British,White,Misuse of Drugs Act 1971 (section 23),Controlled drugs,Arrest,True,False
Person search,2022-11-20T01:04:00+00:00,False,,50.838078,-0.780143,Male,over 34,White - English/Welsh/Scottish/Northern Irish/British,White,Police and Criminal Evidence Act 1984 (section 1),Article for use in theft,A no further action disposal,,False
Person search,2022-11-20T01:24:00+00:00,False,,51.133955,-0.190567,Male,25-34,Black/African/Caribbean/Black British - African,Black,Misuse of Drugs Act 1971 (section 23),,A no further action disposal,,False
Person search,2022-11-20T03:52:00+00:00,False,,50.812371,-0.369585,Male,18-24,,White,Police and Criminal Evidence Act 1984 (section 1),Offensive weapons,A no further action disposal,True,False
Person search,2022-11-20T13:10:00+00:00,False,,50.837351,0.466523,Male,18-24,White - English/Welsh/Scottish/Northern Irish/British,White,Police and Criminal Evidence Act 1984 (section 1),Offensive weapons,A no further action disposal,,False
Person search,2022-11-20T13:29:00+00:00,True,,50.823684,-0.133831,Male,18-24,,White,Misuse of Drugs Act 1971 (section 23),Controlled drugs,A no further action disposal,False,False
Person search,2022-11-20T15:14:00+00:00,False,,51.058285,-0.331267,Female,over 34,White - English/Welsh/Scottish/Northern Irish/British,White,Misuse of Drugs Act 1971 (section 23),Controlled drugs,A no further action disposal,,False
Person search,2022-11-20T15:16:00+00:00,False,,51.058285,-0.331267,Male,18-24,White - English/Welsh/Scottish/Northern Irish/British,White,Misuse of Drugs Act 1971 (section 23),Controlled drugs,A no further action disposal,,False
Person search,2022-11-20T16:14:00+00:00,False,,50.834779,-0.126821,Male,over 34,,White,Police and Criminal Evidence Act 1984 (section 1),Stolen goods,A no further action disposal,True,False
Person search,2022-11-20T16:15:00+00:00,False,,50.815907,0.287901,Male,18-24,White - Any other White background,White,Misuse of Drugs Act 1971 (section 23),,A no further action disposal,,False
Person search,2022-11-20T16:15:00+00:00,False,,50.833558,-0.125236,Male,,White - Any other White background,White,Misuse of Drugs Act 1971 (section 23),,A no further action disposal,,False
Person search,2022-11-20T16:23:00+00:00,False,,50.833869,-0.191701,Male,over 34,White - English/Welsh/Scottish/Northern Irish/British,White,Police and Criminal Evidence Act 1984 (section 1),Article for use in theft,A no further action disposal,,False
Person search,2022-11-20T17:35:00+00:00,False,,50.884144,0.010519,Male,18-24,White - English/Welsh/Scottish/Northern Irish/British,White,Misuse of Drugs Act 1971 (section 23),Controlled drugs,Arrest,True,True
Person search,2022-11-20T20:25:00+00:00,False,,50.824770,-0.164777,Male,18-24,White - English/Welsh/Scottish/Northern Irish/British,White,Misuse of Drugs Act 1971 (section 23),Controlled drugs,A no further action disposal,,False
Person search,2022-11-20T20:49:00+00:00,False,,50.812654,-0.102240,Male,over 34,White - English/Welsh/Scottish/Northern Irish/British,White,Police and Criminal Evidence Act 1984 (section 1),Offensive weapons,Arrest,True,False
Person search,2022-11-20T22:15:00+00:00,False,,50.843660,-0.134945,Male,18-24,,White,Misuse of Drugs Act 1971 (section 23),Controlled drugs,A no further action disposal,False,False
Person search,2022-11-21T00:30:00+00:00,False,,51.097620,-0.207392,Male,18-24,,Black,Police and Criminal Evidence Act 1984 (section 1),Article for use in theft,A no further action disposal,,False
Person search,2022-11-21T00:30:00+00:00,False,,51.097620,-0.207392,Male,18-24,,Black,Police and Criminal Evidence Act 1984 (section 1),Article for use in theft,A no further action disposal,,False
Person search,2022-11-21T01:40:00+00:00,False,,50.828302,-0.414241,Male,10-17,White - English/Welsh/Scottish/Northern Irish/British,White,Police and Criminal Evidence Act 1984 (section 1),Offensive weapons,Arrest,False,False
Person search,2022-11-21T01:44:00+00:00,False,,50.828302,-0.414241,Male,10-17,,White,Police and Criminal Evidence Act 1984 (section 1),Offensive weapons,Arrest,,False
Person search,2022-11-21T05:14:00+00:00,False,,50.823684,-0.133831,Male,25-34,Other ethnic group - Any other ethnic group,White,Misuse of Drugs Act 1971 (section 23),Controlled drugs,A no further action disposal,,False
Person search,2022-11-21T07:10:00+00:00,False,,50.823684,-0.133831,Male,10-17,Mixed/Multiple ethnic groups - White and Asian,Asian,Police and Criminal Evidence Act 1984 (section 1),Article for use in theft,Arrest,,False
Person search,2022-11-21T07:38:00+00:00,False,,51.107592,-0.192639,Male,over 34,Black/African/Caribbean/Black British - Any other Black/African/Caribbean background,Black,Police and Criminal Evidence Act 1984 (section 1),Stolen goods,Arrest,True,False
Person search,2022-11-21T15:00:00+00:00,False,,50.836997,-0.133322,Male,10-17,Mixed/Multiple ethnic groups - Any other Mixed/Multiple ethnic background,Black,Misuse of Drugs Act 1971 (section 23),Controlled drugs,A no further action disposal,False,True
Person search,2022-11-21T18:13:00+00:00,False,,50.839804,-0.130554,Female,25-34,,White,Misuse of Drugs Act 1971 (section 23),,A no further action disposal,False,False
Person search,2022-11-21T20:45:00+00:00,False,,50.828302,-0.414241,Male,over 34,Black/African/Caribbean/Black British - African,Black,Misuse of Drugs Act 1971 (section 23),Controlled drugs,Arrest,True,False
Person search,2022-11-21T21:01:00+00:00,False,,50.857693,-0.397217,Female,25-34,White - English/Welsh/Scottish/Northern Irish/British,White,Misuse of Drugs Act 1971 (section 23),Controlled drugs,Community resolution,True,False
Person search,2022-11-21T23:15:00+00:00,False,,50.789205,-0.671776,Male,,White - English/Welsh/Scottish/Northern Irish/British,White,Misuse of Drugs Act 1971 (section 23),Controlled drugs,Arrest,False,False
Person search,2022-11-22T03:44:00+00:00,False,,50.768789,0.288253,Male,18-24,White - English/Welsh/Scottish/Northern Irish/British,White,Police and Criminal Evidence Act 1984 (section 1),Stolen goods,A no further action disposal,,False
Person search,2022-11-22T03:52:00+00:00,False,,50.768789,0.288253,Male,18-24,White - English/Welsh/Scottish/Northern Irish/British,White,Police and Criminal Evidence Act 1984 (section 1),Stolen goods,A no further action disposal,,False
Person search,2022-11-22T08:55:00+00:00,False,,51.160604,-0.176867,Female,18-24,Black/African/Caribbean/Black British - African,Black,Misuse of Drugs Act 1971 (section 23),Controlled drugs,Community resolution,True,False
Person search,2022-11-22T10:57:00+00:00,False,,50.771972,0.278210,Male,over 34,White - English/Welsh/Scottish/Northern Irish/British,White,Misuse of Drugs Act 1971 (section 23),Controlled drugs,Community resolution,True,False
Person search,2022-11-22T12:37:00+00:00,False,,50.810309,-0.543434,Male,25-34,White - English/Welsh/Scottish/Northern Irish/British,White,Police and Criminal Evidence Act 1984 (section 1),Offensive weapons,A no further action disposal,,False
Person search,2022-11-22T16:04:00+00:00,False,,50.868403,0.560223,Male,18-24,White - English/Welsh/Scottish/Northern Irish/British,White,Misuse of Drugs Act 1971 (section 23),,Community resolution,True,False
Person search,2022-11-22T16:24:00+00:00,False,,51.070372,-0.331260,Male,,,Asian,Police and Criminal Evidence Act 1984 (section 1),Stolen goods,A no further action disposal,,False
Person search,2022-11-22T16:55:00+00:00,False,,51.155990,-0.163049,Male,over 34,White - English/Welsh/Scottish/Northern Irish/British,White,Police and Criminal Evidence Act 1984 (section 1),Offensive weapons,Arrest,True,False
Person search,2022-11-22T17:42:00+00:00,False,,50.820476,0.231246,Male,over 34,White - English/Welsh/Scottish/Northern Irish/British,White,Misuse of Drugs Act 1971 (section 23),Controlled drugs,Arrest,True,False
Person search,2022-11-22T17:55:00+00:00,False,,50.820476,0.231246,Male,over 34,,White,Misuse of Drugs Act 1971 (section 23),Controlled drugs,Arrest,True,False
Person search,2022-11-22T18:12:00+00:00,False,,50.830462,-0.781123,Male,18-24,White - English/Welsh/Scottish/Northern Irish/British,White,Police and Criminal Evidence Act 1984 (section 1),Offensive weapons,A no further action disposal,True,False
Person search,2022-11-22T22:44:00+00:00,False,,50.800010,-0.643231,Male,25-34,White - English/Welsh/Scottish/Northern Irish/British,White,Misuse of Drugs Act 1971 (section 23),Controlled drugs,Arrest,False,False
Person search,2022-11-22T22:45:00+00:00,False,,50.800010,-0.643231,Male,over 34,White - English/Welsh/Scottish/Northern Irish/British,White,Misuse of Drugs Act 1971 (section 23),Controlled drugs,Arrest,False,False
Person search,2022-11-22T23:24:00+00:00,False,,50.875106,0.010969,Male,10-17,White - English/Welsh/Scottish/Northern Irish/British,White,Police and Criminal Evidence Act 1984 (section 1),Articles for use in criminal damage,A no further action disposal,,False
Person search,2022-11-22T23:24:00+00:00,False,,50.875106,0.010969,Male,10-17,White - English/Welsh/Scottish/Northern Irish/British,White,Police and Criminal Evidence Act 1984 (section 1),Stolen goods,Arrest,,False
Person search,2022-11-23T00:01:00+00:00,False,,50.853204,0.565486,Male,10-17,White - English/Welsh/Scottish/Northern Irish/British,White,Police and Criminal Evidence Act 1984 (section 1),Article for use in theft,Summons / charged by post,True,False
Person search,2022-11-23T00:30:00+00:00,False,,50.823684,-0.133831,Male,18-24,White - English/Welsh/Scottish/Northern Irish/British,White,Police and Criminal Evidence Act 1984 (section 1),Article for use in theft,A no further action disposal,,False
Person search,2022-11-23T10:30:00+00:00,False,,51.117494,-0.189167,Male,over 34,White - English/Welsh/Scottish/Northern Irish/British,White,Misuse of Drugs Act 1971 (section 23),Controlled drugs,A no further action disposal,True,False
Person search,2022-11-23T11:42:00+00:00,False,,51.116100,-0.190907,Male,18-24,White - English/Welsh/Scottish/Northern Irish/British,White,Misuse of Drugs Act 1971 (section 23),Controlled drugs,Community resolution,,False
Person search,2022-11-23T14:00:00+00:00,False,,50.829137,0.236871,Male,25-34,Asian/Asian British - Any other Asian background,Asian,Police and Criminal Evidence Act 1984 (section 1),Stolen goods,A no further action disposal,,False
Person search,2022-11-23T14:56:00+00:00,False,,51.113511,-0.185271,Male,18-24,,Black,Police and Criminal Evidence Act 1984 (section 1),Stolen goods,Arrest,True,False
Person search,2022-11-23T20:55:00+00:00,False,,50.805958,-0.412599,Male,over 34,White - English/Welsh/Scottish/Northern Irish/British,White,Misuse of Drugs Act 1971 (section 23),Controlled drugs,Community resolution,True,False
Person search,2022-11-23T22:23:00+00:00,False,,51.058726,0.163949,Male,25-34,White - English/Welsh/Scottish/Northern Irish/British,White,Misuse of Drugs Act 1971 (section 23),Controlled drugs,A no further action disposal,False,False
Person search,2022-11-24T00:34:00+00:00,False,,50.855687,0.560549,Male,over 34,White - Any other White background,White,Police and Criminal Evidence Act 1984 (section 1),Article for use in theft,A no further action disposal,,False
Person search,2022-11-24T02:00:00+00:00,False,,51.085196,-0.284894,Male,25-34,White - Any other White background,White,Misuse of Drugs Act 1971 (section 23),,Arrest,,False
Person search,2022-11-24T13:15:00+00:00,False,,51.113313,-0.186898,Male,18-24,Black/African/Caribbean/Black British - Caribbean,Black,Misuse of Drugs Act 1971 (section 23),Controlled drugs,Summons / charged by post,True,False
Person search,2022-11-24T21:26:00+00:00,False,,50.966784,-0.142580,Male,18-24,White - English/Welsh/Scottish/Northern Irish/British,White,Misuse of Drugs Act 1971 (section 23),Controlled drugs,Arrest,True,False
Person search,2022-11-24T21:30:00+00:00,False,,50.966784,-0.142580,Male,,,White,Misuse of Drugs Act 1971 (section 23),,A no further action disposal,,False
Person search,2022-11-25T00:30:00+00:00,False,,51.114337,-0.188604,Male,over 34,White - English/Welsh/Scottish/Northern Irish/British,White,Misuse of Drugs Act 1971 (section 23),Controlled drugs,A no further action disposal,False,False
Person search,2022-11-25T02:05:00+00:00,False,,51.063575,-0.331419,Male,18-24,Black/African/Caribbean/Black British - Any other Black/African/Caribbean background,Black,Police and Criminal Evidence Act 1984 (section 1),Offensive weapons,A no further action disposal,,False
Person search,2022-11-25T02:50:00+00:00,False,,50.836673,-0.197942,Female,,,White,Misuse of Drugs Act 1971 (section 23),,A no further action disposal,,False
Person search,2022-11-25T03:50:00+00:00,False,,50.823684,-0.133831,Male,25-34,White - English/Welsh/Scottish/Northern Irish/British,White,Police and Criminal Evidence Act 1984 (section 1),Offensive weapons,Arrest,True,False
Person search,2022-11-25T03:57:00+00:00,False,,50.863356,-0.921595,Male,over 34,White - English/Welsh/Scottish/Northern Irish/British,White,Police and Criminal Evidence Act 1984 (section 1),Offensive weapons,A no further action disposal,,False
Person search,2022-11-25T07:30:00+00:00,False,,50.874202,0.010717,Male,over 34,White - English/Welsh/Scottish/Northern Irish/British,White,Misuse of Drugs Act 1971 (section 23),Controlled drugs,Community resolution,True,False
Person search,2022-11-25T07:34:00+00:00,False,,50.874202,0.010717,Male,over 34,White - English/Welsh/Scottish/Northern Irish/British,White,Misuse of Drugs Act 1971 (section 23),Controlled drugs,A no further action disposal,,False
Person search,2022-11-25T10:10:00+00:00,False,,51.114695,-0.187290,Female,18-24,White - English/Welsh/Scottish/Northern Irish/British,White,Misuse of Drugs Act 1971 (section 23),,A no further action disposal,,False
Person search,2022-11-25T10:25:00+00:00,False,,50.881908,0.541499,Male,18-24,White - English/Welsh/Scottish/Northern Irish/British,White,Misuse of Drugs Act 1971 (section 23),Controlled drugs,Community resolution,True,False
Person search,2022-11-25T11:22:00+00:00,False,,50.875106,0.010969,Male,25-34,White - English/Welsh/Scottish/Northern Irish/British,White,Misuse of Drugs Act 1971 (section 23),Controlled drugs,Arrest,True,False
Person search,2022-11-25T11:29:00+00:00,False,,50.814924,-0.109104,Male,25-34,White - Any other White background,White,Police and Criminal Evidence Act 1984 (section 1),Offensive weapons,A no further action disposal,True,False
Person search,2022-11-25T12:00:00+00:00,False,,50.813648,-0.103633,Male,over 34,,Black,Misuse of Drugs Act 1971 (section 23),Controlled drugs,A no further action disposal,,False
Person search,2022-11-25T16:34:00+00:00,False,,50.778013,0.256134,Male,10-17,White - English/Welsh/Scottish/Northern Irish/British,White,Police and Criminal Evidence Act 1984 (section 1),Offensive weapons,Summons / charged by post,True,False
Person search,2022-11-25T22:07:00+00:00,False,,50.793409,0.240854,Male,18-24,White - English/Welsh/Scottish/Northern Irish/British,White,Misuse of Drugs Act 1971 (section 23),Controlled drugs,A no further action disposal,,False
Person search,2022-11-25T22:08:00+00:00,False,,50.793409,0.240854,Female,10-17,White - English/Welsh/Scottish/Northern Irish/British,White,Misuse of Drugs Act 1971 (section 23),Controlled drugs,A no further action disposal,,False
Person search,2022-11-25T22:15:00+00:00,False,,50.857693,-0.397217,Male,18-24,White - English/Welsh/Scottish/Northern Irish/British,White,Misuse of Drugs Act 1971 (section 23),Controlled drugs,Arrest,,False
Person search,2022-11-25T22:15:00+00:00,False,,50.857693,-0.397217,Male,18-24,White - English/Welsh/Scottish/Northern Irish/British,White,Misuse of Drugs Act 1971 (section 23),Controlled drugs,Arrest,True,False
Person search,2022-11-25T23:08:00+00:00,False,,50.832496,-0.134708,Male,25-34,White - English/Welsh/Scottish/Northern Irish/British,White,Firearms Act 1968 (section 47),Firearms,Arrest,False,False
Person search,2022-11-25T23:30:00+00:00,False,,50.846818,-0.173103,Male,18-24,,Black,Misuse of Drugs Act 1971 (section 23),Controlled drugs,A no further action disposal,,False
Person search,2022-11-25T23:58:00+00:00,False,,51.115010,-0.189092,Male,18-24,White - English/Welsh/Scottish/Northern Irish/British,White,Misuse of Drugs Act 1971 (section 23),Controlled drugs,A no further action disposal,,False
Person search,2022-11-26T00:20:00+00:00,False,,50.823684,-0.133831,Male,18-24,,Other,Misuse of Drugs Act 1971 (section 23),Controlled drugs,,True,False
Person search,2022-11-26T00:55:00+00:00,False,,51.068803,-0.320897,Male,18-24,,Black,Police and Criminal Evidence Act 1984 (section 1),Offensive weapons,A no further action disposal,,False
Person search,2022-11-26T01:12:00+00:00,False,,51.061485,-0.326114,Male,10-17,White - English/Welsh/Scottish/Northern Irish/British,White,Police and Criminal Evidence Act 1984 (section 1),Offensive weapons,Community resolution,False,False
Person search,2022-11-26T01:15:00+00:00,False,,50.819440,-0.115324,Male,,,Asian,Psychoactive Substances Act 2016 (s36(2)),Psychoactive substances,A no further action disposal,True,False
Person search,2022-11-26T01:40:00+00:00,False,,51.068803,-0.320897,Male,,Black/African/Caribbean/Black British - Any other Black/African/Caribbean background,Black,Police and Criminal Evidence Act 1984 (section 1),Offensive weapons,A no further action disposal,,False
Person search,2022-11-26T01:52:00+00:00,False,,51.115010,-0.189092,Male,18-24,,Asian,Psychoactive Substances Act 2016 (s36(2)),Psychoactive substances,,True,False
Person search,2022-11-26T02:08:00+00:00,False,,51.116206,-0.181516,Male,25-34,White - English/Welsh/Scottish/Northern Irish/British,White,Police and Criminal Evidence Act 1984 (section 1),Offensive weapons,A no further action disposal,False,False
Person search,2022-11-26T02:18:00+00:00,False,,51.064109,-0.326590,Male,18-24,Black/African/Caribbean/Black British - African,Black,Police and Criminal Evidence Act 1984 (section 1),Offensive weapons,A no further action disposal,,False
Person search,2022-11-26T03:00:00+00:00,False,,50.823684,-0.133831,Male,over 34,White - English/Welsh/Scottish/Northern Irish/British,White,Misuse of Drugs Act 1971 (section 23),Controlled drugs,A no further action disposal,,False
Person search,2022-11-26T03:30:00+00:00,False,,50.834787,-0.136861,Male,10-17,White - English/Welsh/Scottish/Northern Irish/British,White,Misuse of Drugs Act 1971 (section 23),Controlled drugs,Community resolution,True,False
Person search,2022-11-26T03:40:00+00:00,False,,50.780702,0.250106,Male,25-34,White - English/Welsh/Scottish/Northern Irish/British,White,Misuse of Drugs Act 1971 (section 23),Controlled drugs,A no further action disposal,,False
Person search,2022-11-26T03:40:00+00:00,False,,50.855111,0.580198,Male,18-24,White - Any other White background,White,Misuse of Drugs Act 1971 (section 23),,A no further action disposal,,False
Person search,2022-11-26T08:35:00+00:00,False,,50.846835,-0.192109,Male,18-24,,White,Police and Criminal Evidence Act 1984 (section 1),Article for use in theft,A no further action disposal,,False
Person search,2022-11-26T08:40:00+00:00,False,,51.260753,-0.206274,Male,25-34,White - Any other White background,White,Police and Criminal Evidence Act 1984 (section 1),Offensive weapons,A no further action disposal,,False
Person search,2022-11-26T09:30:00+00:00,False,,50.999132,-0.113383,Male,18-24,,White,Police and Criminal Evidence Act 1984 (section 1),Stolen goods,A no further action disposal,,False
Person search,2022-11-26T09:30:00+00:00,False,,50.999132,-0.113383,Male,18-24,,Black,Police and Criminal Evidence Act 1984 (section 1),Stolen goods,A no further action disposal,,False
Person search,2022-11-26T10:00:00+00:00,False,,50.846835,-0.192109,Male,over 34,,White,Misuse of Drugs Act 1971 (section 23),,A no further action disposal,,False
Person search,2022-11-26T10:00:00+00:00,False,,50.824103,-0.148134,Male,25-34,White - English/Welsh/Scottish/Northern Irish/British,White,Misuse of Drugs Act 1971 (section 23),,A no further action disposal,,False
Person search,2022-11-26T11:30:00+00:00,False,,50.867110,-0.122353,Female,18-24,Black/African/Caribbean/Black British - African,Black,Misuse of Drugs Act 1971 (section 23),,Arrest,True,False
Person search,2022-11-26T13:50:00+00:00,False,,51.112320,-0.167081,Female,18-24,White - English/Welsh/Scottish/Northern Irish/British,White,Misuse of Drugs Act 1971 (section 23),Controlled drugs,A no further action disposal,,False
Person search,2022-11-26T14:03:00+00:00,False,,51.113410,-0.170081,Male,25-34,White - English/Welsh/Scottish/Northern Irish/British,White,Misuse of Drugs Act 1971 (section 23),Controlled drugs,A no further action disposal,,False
Person search,2022-11-26T14:40:00+00:00,False,,51.134107,-0.124324,Male,18-24,White - English/Welsh/Scottish/Northern Irish/British,White,Police and Criminal Evidence Act 1984 (section 1),Offensive weapons,Arrest,True,False
Person search,2022-11-26T14:50:00+00:00,False,,50.766339,0.289821,,,,White,Misuse of Drugs Act 1971 (section 23),Controlled drugs,A no further action disposal,,False
Person search,2022-11-26T15:45:00+00:00,False,,50.829177,-0.133009,Female,18-24,White - English/Welsh/Scottish/Northern Irish/British,White,Misuse of Drugs Act 1971 (section 23),Controlled drugs,A no further action disposal,,False
Person search,2022-11-26T15:45:00+00:00,False,,50.831833,-0.132647,Male,18-24,White - English/Welsh/Scottish/Northern Irish/British,White,Misuse of Drugs Act 1971 (section 23),Controlled drugs,Community resolution,True,False
Person search,2022-11-26T15:48:00+00:00,False,,50.823684,-0.133831,Female,18-24,White - English/Welsh/Scottish/Northern Irish/British,White,Misuse of Drugs Act 1971 (section 23),Controlled drugs,A no further action disposal,,False
Person search,2022-11-26T16:30:00+00:00,False,,51.160667,-0.179167,Male,10-17,White - Any other White background,White,Police and Criminal Evidence Act 1984 (section 1),Stolen goods,Community resolution,,False
Person search,2022-11-26T16:30:00+00:00,False,,51.160828,-0.177974,Male,10-17,White - Any other White background,White,Police and Criminal Evidence Act 1984 (section 1),Stolen goods,Community resolution,,False
Person search,2022-11-26T16:45:00+00:00,False,,50.773082,0.281229,,25-34,Other ethnic group - Any other ethnic group,White,Misuse of Drugs Act 1971 (section 23),Controlled drugs,Community resolution,True,False
Person search,2022-11-26T16:48:00+00:00,False,,50.827101,-0.135392,Male,over 34,White - English/Welsh/Scottish/Northern Irish/British,White,Misuse of Drugs Act 1971 (section 23),Controlled drugs,Community resolution,True,False
Person search,2022-11-26T16:50:00+00:00,False,,50.773082,0.281229,Female,25-34,White - English/Welsh/Scottish/Northern Irish/British,White,Misuse of Drugs Act 1971 (section 23),Controlled drugs,A no further action disposal,,False
Person search,2022-11-26T16:51:00+00:00,False,,50.772796,0.279300,Male,18-24,White - English/Welsh/Scottish/Northern Irish/British,White,Misuse of Drugs Act 1971 (section 23),Controlled drugs,Community resolution,True,False
Person search,2022-11-26T16:53:00+00:00,False,,50.823684,-0.133831,Male,over 34,White - English/Welsh/Scottish/Northern Irish/British,White,Misuse of Drugs Act 1971 (section 23),Controlled drugs,Community resolution,True,False
Person search,2022-11-26T17:20:00+00:00,False,,50.823684,-0.133831,Female,18-24,White - English/Welsh/Scottish/Northern Irish/British,White,Misuse of Drugs Act 1971 (section 23),Controlled drugs,Community resolution,True,False
Person search,2022-11-26T17:25:00+00:00,False,,50.822592,-0.139121,Female,18-24,White - English/Welsh/Scottish/Northern Irish/British,White,Misuse of Drugs Act 1971 (section 23),Controlled drugs,Community resolution,True,False
Person search,2022-11-26T18:58:00+00:00,False,,50.771431,0.101078,Male,18-24,White - English/Welsh/Scottish/Northern Irish/British,White,Misuse of Drugs Act 1971 (section 23),Controlled drugs,Community resolution,True,False
Person search,2022-11-26T19:05:00+00:00,False,,50.833513,-0.273828,Male,10-17,White - English/Welsh/Scottish/Northern Irish/British,White,Police and Criminal Evidence Act 1984 (section 1),Offensive weapons,A no further action disposal,,False
Person search,2022-11-26T19:09:00+00:00,False,,50.834423,-0.270300,Male,10-17,White - English/Welsh/Scottish/Northern Irish/British,White,Police and Criminal Evidence Act 1984 (section 1),Offensive weapons,Arrest,,False
Person search,2022-11-26T19:09:00+00:00,False,,50.833513,-0.273828,Male,10-17,White - English/Welsh/Scottish/Northern Irish/British,White,Police and Criminal Evidence Act 1984 (section 1),Offensive weapons,Arrest,,False
Person search,2022-11-26T19:35:00+00:00,False,,50.774664,0.102825,Male,10-17,White - English/Welsh/Scottish/Northern Irish/British,White,Police and Criminal Evidence Act 1984 (section 1),Stolen goods,Community resolution,,False
Person search,2022-11-26T19:35:00+00:00,False,,50.774664,0.102825,Female,10-17,White - English/Welsh/Scottish/Northern Irish/British,White,Police and Criminal Evidence Act 1984 (section 1),Stolen goods,Community resolution,True,False
Person search,2022-11-26T21:21:00+00:00,False,,50.780702,0.250106,Male,25-34,White - English/Welsh/Scottish/Northern Irish/British,White,Misuse of Drugs Act 1971 (section 23),Controlled drugs,Community resolution,True,False
Person search,2022-11-27T02:05:00+00:00,False,,51.068803,-0.320897,Male,10-17,Black/African/Caribbean/Black British - Any other Black/African/Caribbean background,Black,Police and Criminal Evidence Act 1984 (section 1),Offensive weapons,Summons / charged by post,False,False
Person search,2022-11-27T16:10:00+00:00,False,,50.824206,-0.141059,Male,over 34,,White,Misuse of Drugs Act 1971 (section 23),Controlled drugs,Arrest,True,False
Person search,2022-11-27T18:15:00+00:00,False,,50.840901,0.464907,Male,25-34,White - English/Welsh/Scottish/Northern Irish/British,White,Police and Criminal Evidence Act 1984 (section 1),,Arrest,True,False
Person search,2022-11-27T21:50:00+00:00,False,,50.841838,-0.264004,Male,18-24,White - English/Welsh/Scottish/Northern Irish/British,White,Misuse of Drugs Act 1971 (section 23),Controlled drugs,Arrest,True,False
Person search,2022-11-27T22:00:00+00:00,False,,50.841838,-0.264004,Male,18-24,White - English/Welsh/Scottish/Northern Irish/British,White,Misuse of Drugs Act 1971 (section 23),Controlled drugs,A no further action disposal,,False
Person search,2022-11-27T22:00:00+00:00,False,,50.839811,-0.264320,Female,,White - English/Welsh/Scottish/Northern Irish/British,White,Misuse of Drugs Act 1971 (section 23),Controlled drugs,A no further action disposal,,False
Person search,2022-11-28T00:00:00+00:00,False,,50.771851,0.287126,Male,,,Other,Police and Criminal Evidence Act 1984 (section 1),Article for use in theft,A no further action disposal,,False
Person search,2022-11-28T00:10:00+00:00,False,,50.848774,-0.777066,Male,18-24,White - English/Welsh/Scottish/Northern Irish/British,White,Misuse of Drugs Act 1971 (section 23),Controlled drugs,Community resolution,True,False
Person search,2022-11-28T00:15:00+00:00,False,,50.848774,-0.777066,Male,18-24,White - Irish,White,Misuse of Drugs Act 1971 (section 23),Controlled drugs,Community resolution,False,False
Person search,2022-11-28T02:35:00+00:00,False,,50.824946,-0.135591,Male,over 34,,Black,Misuse of Drugs Act 1971 (section 23),,A no further action disposal,,
Person search,2022-11-28T02:53:00+00:00,False,,50.824946,-0.135591,Female,25-34,White - English/Welsh/Scottish/Northern Irish/British,White,Misuse of Drugs Act 1971 (section 23),,A no further action disposal,,False
Person search,2022-11-28T09:15:00+00:00,False,,50.823684,-0.133831,Male,10-17,Black/African/Caribbean/Black British - Any other Black/African/Caribbean background,Black,Police and Criminal Evidence Act 1984 (section 1),Stolen goods,Arrest,,False
Person search,2022-11-28T09:49:00+00:00,False,,50.824224,-0.150671,Male,over 34,White - English/Welsh/Scottish/Northern Irish/British,White,Misuse of Drugs Act 1971 (section 23),Controlled drugs,Arrest,True,False
Person search,2022-11-28T12:00:00+00:00,False,,50.823331,-0.140355,Female,over 34,Asian/Asian British - Any other Asian background,Asian,Police and Criminal Evidence Act 1984 (section 1),Article for use in theft,Arrest,False,False
Person search,2022-11-28T13:55:00+00:00,False,,50.809092,-0.542506,Male,10-17,White - English/Welsh/Scottish/Northern Irish/British,White,Misuse of Drugs Act 1971 (section 23),Controlled drugs,Community resolution,False,False
Person search,2022-11-28T14:30:00+00:00,False,,50.801614,0.003952,Male,25-34,Black/African/Caribbean/Black British - Any other Black/African/Caribbean background,White,Police and Criminal Evidence Act 1984 (section 1),Stolen goods,A no further action disposal,,False
Person search,2022-11-28T14:43:00+00:00,False,,50.823684,-0.133831,Male,18-24,,White,Misuse of Drugs Act 1971 (section 23),Controlled drugs,Community resolution,True,False
Person search,2022-11-28T15:30:00+00:00,False,,50.813140,-0.368607,Female,10-17,White - English/Welsh/Scottish/Northern Irish/British,White,Police and Criminal Evidence Act 1984 (section 1),Stolen goods,Community resolution,True,False
Person search,2022-11-28T15:30:00+00:00,False,,50.813140,-0.368607,Female,10-17,White - English/Welsh/Scottish/Northern Irish/British,White,Police and Criminal Evidence Act 1984 (section 1),Stolen goods,Community resolution,True,False
Person search,2022-11-28T17:15:00+00:00,False,,50.931252,-0.148279,Male,over 34,White - English/Welsh/Scottish/Northern Irish/British,White,Misuse of Drugs Act 1971 (section 23),Controlled drugs,Community resolution,True,False
Person search,2022-11-28T17:30:00+00:00,False,,51.088932,-0.203191,Male,over 34,White - Any other White background,White,Misuse of Drugs Act 1971 (section 23),Controlled drugs,Community resolution,True,False
Person search,2022-11-28T19:30:00+00:00,False,,51.131333,-0.208364,Male,18-24,White - English/Welsh/Scottish/Northern Irish/British,White,Misuse of Drugs Act 1971 (section 23),Controlled drugs,A no further action disposal,,False
Person search,2022-11-28T19:31:00+00:00,False,,51.131333,-0.208364,Male,18-24,White - English/Welsh/Scottish/Northern Irish/British,White,Misuse of Drugs Act 1971 (section 23),Controlled drugs,A no further action disposal,,False
Person search,2022-11-28T19:50:00+00:00,False,,51.131333,-0.208364,Male,18-24,Asian/Asian British - Any other Asian background,Other,Misuse of Drugs Act 1971 (section 23),Controlled drugs,A no further action disposal,,False
Person search,2022-11-28T20:02:00+00:00,False,,51.131333,-0.208364,Female,18-24,White - English/Welsh/Scottish/Northern Irish/British,White,Misuse of Drugs Act 1971 (section 23),Controlled drugs,A no further action disposal,,False
Person search,2022-11-29T02:29:00+00:00,False,,51.109059,-0.192125,Male,25-34,White - English/Welsh/Scottish/Northern Irish/British,White,Police and Criminal Evidence Act 1984 (section 1),Article for use in theft,A no further action disposal,,False
Person search,2022-11-29T11:00:00+00:00,False,,50.823684,-0.133831,Male,25-34,,White,Misuse of Drugs Act 1971 (section 23),Controlled drugs,A no further action disposal,,True
Person search,2022-11-29T13:00:00+00:00,False,,50.823135,-0.129203,Male,10-17,,Black,Misuse of Drugs Act 1971 (section 23),,Arrest,True,False
Person search,2022-11-29T16:15:00+00:00,False,,50.823684,-0.133831,Male,over 34,White - English/Welsh/Scottish/Northern Irish/British,White,Firearms Act 1968 (section 47),Firearms,Arrest,True,False
Person search,2022-11-29T16:48:00+00:00,False,,50.788516,0.012824,Male,10-17,White - English/Welsh/Scottish/Northern Irish/British,White,Police and Criminal Evidence Act 1984 (section 1),Article for use in theft,A no further action disposal,False,False
Person search,2022-11-29T19:35:00+00:00,False,,50.843905,-0.130035,Male,25-34,,White,Misuse of Drugs Act 1971 (section 23),Controlled drugs,Community resolution,True,False
Person search,2022-11-29T23:30:00+00:00,False,,51.079399,-0.203703,Male,18-24,White - English/Welsh/Scottish/Northern Irish/British,White,Police and Criminal Evidence Act 1984 (section 1),Article for use in theft,A no further action disposal,,False
Person search,2022-11-30T01:26:00+00:00,False,,50.999132,-0.113383,Male,25-34,White - English/Welsh/Scottish/Northern Irish/British,White,Misuse of Drugs Act 1971 (section 23),,A no further action disposal,,False
Person search,2022-11-30T16:00:00+00:00,False,,50.829736,-0.173458,Female,25-34,White - English/Welsh/Scottish/Northern Irish/British,White,Police and Criminal Evidence Act 1984 (section 1),,A no further action disposal,,False
Person search,2022-11-30T17:35:00+00:00,False,,50.828302,-0.414241,Male,,Black/African/Caribbean/Black British - Any other Black/African/Caribbean background,Black,Misuse of Drugs Act 1971 (section 23),,A no further action disposal,,False
Person search,2022-11-30T21:00:00+00:00,False,,50.827445,-0.142279,Male,18-24,White - English/Welsh/Scottish/Northern Irish/British,White,Misuse of Drugs Act 1971 (section 23),,A no further action disposal,,False
Person search,2022-11-30T22:00:00+00:00,False,,51.116206,-0.181516,Male,over 34,,White,Police and Criminal Evidence Act 1984 (section 1),,A no further action disposal,,False
Person search,2022-11-30T22:15:00+00:00,False,,50.823684,-0.133831,Male,18-24,White - English/Welsh/Scottish/Northern Irish/British,White,Misuse of Drugs Act 1971 (section 23),,A no further action disposal,,False
Person search,2022-11-30T23:25:00+00:00,False,,50.840901,0.464907,Male,18-24,White - Any other White background,White,Misuse of Drugs Act 1971 (section 23),,Arrest,,False
Person search,2022-11-30T23:45:00+00:00,False,,50.765610,0.279305,Female,,,Other,Misuse of Drugs Act 1971 (section 23),,A no further action disposal,,False
