Type,Date,Part of a policing operation,Policing operation,Latitude,Longitude,Gender,Age range,Self-defined ethnicity,Officer-defined ethnicity,Legislation,Object of search,Outcome,Outcome linked to object of search,Removal of more than just outer clothing
Person search,2022-11-01T02:43:39+00:00,False,,51.345118,-0.234343,Female,25-34,Asian/Asian British - Pakistani,Asian,,Article for use in theft,A no further action disposal,False,
Person search,2022-11-01T09:35:26+00:00,False,,51.235799,-0.177234,Male,25-34,White - English/Welsh/Scottish/Northern Irish/British,White,,Controlled drugs,A no further action disposal,False,
Person search,2022-11-01T12:41:48+00:00,False,,51.239503,-0.576622,Male,10-17,,White,,Controlled drugs,Arrest,False,
Person search,2022-11-01T12:55:16+00:00,False,,51.238670,-0.567322,Male,over 34,Asian/Asian British - Indian,Asian,,Controlled drugs,Community resolution,True,
Person search,2022-11-01T14:10:04+00:00,False,,51.402758,-0.364320,Female,10-17,White - English/Welsh/Scottish/Northern Irish/British,White,,Controlled drugs,A no further action disposal,False,
Person search,2022-11-01T14:16:50+00:00,False,,51.402758,-0.364320,Female,10-17,White - English/Welsh/Scottish/Northern Irish/British,White,,Controlled drugs,A no further action disposal,False,
Person search,2022-11-01T14:35:08+00:00,False,,51.377676,-0.403910,Male,10-17,White - English/Welsh/Scottish/Northern Irish/British,White,,Controlled drugs,Summons / charged by post,True,
Person search,2022-11-01T16:33:38+00:00,False,,51.334406,-0.259503,Male,over 34,White - English/Welsh/Scottish/Northern Irish/British,White,,Controlled drugs,A no further action disposal,True,
Person search,2022-11-01T16:37:51+00:00,False,,51.334406,-0.259503,Male,25-34,White - Any other White background,White,,Controlled drugs,A no further action disposal,False,
Person search,2022-11-01T23:49:26+00:00,False,,51.314510,-0.250140,Male,25-34,Asian/Asian British - Pakistani,Asian,,Controlled drugs,A no further action disposal,False,
Person search,2022-11-02T01:46:41+00:00,False,,51.235990,-0.187225,Female,25-34,Asian/Asian British - Bangladeshi,Asian,,Controlled drugs,Community resolution,True,
Person search,2022-11-02T01:49:32+00:00,False,,51.442286,-0.425185,Male,18-24,White - English/Welsh/Scottish/Northern Irish/British,White,,Controlled drugs,Arrest,True,
Person search,2022-11-02T01:51:14+00:00,False,,51.235990,-0.187225,Female,18-24,White - Any other White background,White,,Controlled drugs,Community resolution,True,
Person search,2022-11-02T01:56:55+00:00,False,,51.434095,-0.504909,Male,18-24,White - English/Welsh/Scottish/Northern Irish/British,White,,Controlled drugs,Arrest,True,
Person search,2022-11-02T04:56:57+00:00,False,,51.334851,-0.262185,Male,10-17,White - English/Welsh/Scottish/Northern Irish/British,White,,Article for use in theft,A no further action disposal,False,
Person search,2022-11-02T06:05:08+00:00,False,,51.323493,-0.738336,Male,25-34,Other ethnic group - Any other ethnic group,White,,Controlled drugs,Arrest,False,
Person search,2022-11-02T22:51:03+00:00,False,,51.393003,-0.530023,Male,18-24,Asian/Asian British - Any other Asian background,Asian,,Controlled drugs,A no further action disposal,False,
Person search,2022-11-02T22:57:44+00:00,False,,51.393003,-0.530023,Male,18-24,Asian/Asian British - Any other Asian background,Asian,,Controlled drugs,A no further action disposal,False,
Person search,2022-11-02T23:23:45+00:00,False,,51.270485,-0.212289,Male,over 34,Asian/Asian British - Pakistani,Asian,,Stolen goods,Community resolution,False,
Person search,2022-11-03T00:21:47+00:00,False,,51.282516,-0.075997,Male,10-17,White - English/Welsh/Scottish/Northern Irish/British,White,,Offensive weapons,A no further action disposal,False,
Person search,2022-11-03T04:30:06+00:00,False,,51.256042,-0.197529,Male,18-24,Asian/Asian British - Any other Asian background,Asian,,Offensive weapons,A no further action disposal,False,
Person search,2022-11-03T05:57:48+00:00,False,,51.098399,-0.234888,Male,over 34,Asian/Asian British - Pakistani,Asian,,Stolen goods,Community resolution,False,
Person search,2022-11-03T13:42:44+00:00,False,,51.392692,-0.407800,Male,25-34,White - English/Welsh/Scottish/Northern Irish/British,White,,,A no further action disposal,True,
Person search,2022-11-03T15:49:16+00:00,False,,50.856607,0.582056,Male,18-24,White - English/Welsh/Scottish/Northern Irish/British,White,,Controlled drugs,A no further action disposal,False,
Person search,2022-11-03T16:05:32+00:00,False,,50.856607,0.582056,Male,18-24,White - Any other White background,White,,Controlled drugs,A no further action disposal,False,
Person search,2022-11-03T19:34:32+00:00,False,,51.334835,-0.264727,Male,18-24,White - English/Welsh/Scottish/Northern Irish/British,White,,,A no further action disposal,False,
Person search,2022-11-03T19:37:17+00:00,False,,51.334835,-0.264727,Male,18-24,White - English/Welsh/Scottish/Northern Irish/British,White,,Controlled drugs,Community resolution,True,
Person search,2022-11-03T23:41:35+00:00,False,,51.329507,-0.265646,Male,25-34,White - English/Welsh/Scottish/Northern Irish/British,White,,Article for use in theft,A no further action disposal,False,
Vehicle search,2022-11-04T00:26:44+00:00,False,,51.392692,-0.407800,,,,,,Controlled drugs,Arrest,True,
Person search,2022-11-04T00:27:04+00:00,False,,51.323956,-0.262454,Male,25-34,White - English/Welsh/Scottish/Northern Irish/British,White,,Stolen goods,A no further action disposal,False,
Person search,2022-11-04T00:39:56+00:00,False,,51.371285,-0.396877,Male,25-34,White - English/Welsh/Scottish/Northern Irish/British,White,,,A no further action disposal,False,
Person search,2022-11-04T00:44:39+00:00,False,,51.332629,-0.265169,Male,25-34,White - English/Welsh/Scottish/Northern Irish/British,White,,Stolen goods,A no further action disposal,False,
Person search,2022-11-04T01:09:19+00:00,False,,51.329078,-0.247691,Male,25-34,White - English/Welsh/Scottish/Northern Irish/British,White,,Stolen goods,A no further action disposal,False,
Person search,2022-11-04T03:25:34+00:00,False,,51.434468,-0.505257,Female,over 34,White - English/Welsh/Scottish/Northern Irish/British,White,,Controlled drugs,A no further action disposal,False,
Person search,2022-11-04T03:25:37+00:00,False,,51.436503,-0.502644,Male,over 34,White - English/Welsh/Scottish/Northern Irish/British,White,,Controlled drugs,A no further action disposal,False,
Person search,2022-11-04T03:28:29+00:00,False,,51.435915,-0.503799,Male,25-34,White - English/Welsh/Scottish/Northern Irish/British,White,,Controlled drugs,A no further action disposal,False,
Person search,2022-11-04T15:07:04+00:00,False,,51.326723,-0.544644,Female,over 34,White - English/Welsh/Scottish/Northern Irish/British,White,,Offensive weapons,A no further action disposal,False,
Person search,2022-11-04T15:32:38+00:00,False,,51.399072,-0.587704,Male,over 34,Asian/Asian British - Chinese,Asian,,Stolen goods,A no further action disposal,False,
Vehicle search,2022-11-04T16:15:07+00:00,False,,51.434468,-0.505257,,,,,,Stolen goods,A no further action disposal,False,
Person search,2022-11-04T16:41:39+00:00,False,,51.434468,-0.505257,Male,25-34,Black/African/Caribbean/Black British - Any other Black/African/Caribbean background,Black,,Stolen goods,Arrest,True,
Person search,2022-11-04T23:31:03+00:00,False,,51.370486,-0.491121,Male,over 34,Asian/Asian British - Chinese,Asian,,Stolen goods,A no further action disposal,False,
Person search,2022-11-05T17:10:14+00:00,False,,51.382750,-0.403432,Male,10-17,White - English/Welsh/Scottish/Northern Irish/British,White,,Article for use in theft,A no further action disposal,False,
Person search,2022-11-05T17:37:29+00:00,False,,51.381520,-0.404222,Male,18-24,,White,,Article for use in theft,A no further action disposal,False,
Person search,2022-11-05T18:20:34+00:00,False,,51.141751,-0.489584,Male,10-17,White - English/Welsh/Scottish/Northern Irish/British,White,,Controlled drugs,Community resolution,True,
Person search,2022-11-05T18:47:32+00:00,False,,51.331148,-0.399267,Male,25-34,White - English/Welsh/Scottish/Northern Irish/British,White,,Stolen goods,,False,
Person search,2022-11-05T19:20:30+00:00,False,,50.874108,0.019298,Male,18-24,Mixed/Multiple ethnic groups - Any other Mixed/Multiple ethnic background,White,,Controlled drugs,Community resolution,True,
Person search,2022-11-05T19:44:40+00:00,False,,50.874108,0.019298,Female,18-24,White - English/Welsh/Scottish/Northern Irish/British,White,,Controlled drugs,A no further action disposal,False,
Person search,2022-11-05T21:42:57+00:00,False,,51.140495,-0.486351,Male,18-24,White - English/Welsh/Scottish/Northern Irish/British,White,,Offensive weapons,A no further action disposal,False,
Person search,2022-11-05T21:49:20+00:00,False,,51.140495,-0.486351,Male,18-24,White - English/Welsh/Scottish/Northern Irish/British,White,,Offensive weapons,A no further action disposal,False,
Person search,2022-11-05T21:49:27+00:00,False,,50.874238,0.017513,Male,,White - English/Welsh/Scottish/Northern Irish/British,White,,Fireworks,A no further action disposal,False,
Person search,2022-11-05T22:51:11+00:00,False,,51.434095,-0.504909,Male,18-24,White - English/Welsh/Scottish/Northern Irish/British,White,,Controlled drugs,Community resolution,True,
Person search,2022-11-05T23:40:00+00:00,False,,51.239671,-0.577147,Male,10-17,White - English/Welsh/Scottish/Northern Irish/British,White,,Controlled drugs,A no further action disposal,False,
Person search,2022-11-06T18:12:03+00:00,False,,51.335873,-0.507145,Male,18-24,White - English/Welsh/Scottish/Northern Irish/British,White,,Controlled drugs,A no further action disposal,False,
Person search,2022-11-06T18:19:18+00:00,False,,51.335873,-0.507145,Male,10-17,White - English/Welsh/Scottish/Northern Irish/British,White,,Controlled drugs,A no further action disposal,False,
Person search,2022-11-06T18:22:01+00:00,False,,51.335873,-0.507145,Male,18-24,White - English/Welsh/Scottish/Northern Irish/British,White,,Controlled drugs,A no further action disposal,False,
Person search,2022-11-06T18:23:12+00:00,False,,51.335873,-0.507145,Male,10-17,White - English/Welsh/Scottish/Northern Irish/British,White,,Controlled drugs,A no further action disposal,False,
Person search,2022-11-06T20:58:02+00:00,False,,51.452599,-0.464438,Male,18-24,White - English/Welsh/Scottish/Northern Irish/British,White,,Controlled drugs,Community resolution,True,
Person search,2022-11-06T21:02:25+00:00,False,,51.452124,-0.470715,Female,18-24,White - English/Welsh/Scottish/Northern Irish/British,White,,Controlled drugs,Community resolution,True,
Person search,2022-11-06T23:07:58+00:00,False,,51.370486,-0.491121,Male,25-34,Asian/Asian British - Any other Asian background,Other,,Offensive weapons,A no further action disposal,False,
Person search,2022-11-07T08:18:24+00:00,False,,51.449397,-0.464401,Male,18-24,White - English/Welsh/Scottish/Northern Irish/British,White,,Controlled drugs,A no further action disposal,False,
Person search,2022-11-07T08:21:15+00:00,False,,51.449397,-0.464401,Male,25-34,White - English/Welsh/Scottish/Northern Irish/British,White,,,A no further action disposal,False,
Person search,2022-11-07T08:21:55+00:00,False,,51.449397,-0.464401,Male,over 34,White - English/Welsh/Scottish/Northern Irish/British,White,,Controlled drugs,A no further action disposal,False,
Vehicle search,2022-11-07T08:43:39+00:00,False,,51.449397,-0.464401,,,,,,Controlled drugs,Community resolution,True,
Person search,2022-11-07T09:00:58+00:00,False,,51.315079,-0.538626,Male,over 34,Black/African/Caribbean/Black British - African,White,,Controlled drugs,Arrest,True,
Person search,2022-11-07T13:25:12+00:00,False,,51.363865,-0.274633,Male,over 34,,Black,,Stolen goods,A no further action disposal,False,
Person search,2022-11-07T22:04:31+00:00,False,,51.389530,-0.415384,Male,18-24,White - English/Welsh/Scottish/Northern Irish/British,White,,Controlled drugs,A no further action disposal,False,
Person search,2022-11-07T22:09:17+00:00,False,,51.389530,-0.415384,Male,18-24,White - English/Welsh/Scottish/Northern Irish/British,White,,Controlled drugs,A no further action disposal,False,
Person search,2022-11-07T22:14:29+00:00,False,,51.389530,-0.415384,Male,18-24,White - English/Welsh/Scottish/Northern Irish/British,White,,Controlled drugs,A no further action disposal,False,
Person search,2022-11-07T22:26:02+00:00,False,,51.385929,-0.431101,Male,18-24,,White,,Offensive weapons,A no further action disposal,False,
Person search,2022-11-07T22:37:49+00:00,False,,51.385929,-0.431101,Male,18-24,,White,,Articles for use in criminal damage,Community resolution,False,
Person search,2022-11-07T22:50:57+00:00,False,,51.370400,-0.361494,Male,over 34,,Asian,,Controlled drugs,A no further action disposal,False,
Person search,2022-11-07T22:57:59+00:00,False,,51.370400,-0.361494,Male,18-24,,White,,Controlled drugs,A no further action disposal,False,
Person search,2022-11-08T05:28:10+00:00,False,,51.219286,-0.163882,Female,18-24,White - Any other White background,White,,Offensive weapons,A no further action disposal,False,
Person search,2022-11-08T08:02:39+00:00,False,,51.034167,-0.342060,Male,10-17,White - English/Welsh/Scottish/Northern Irish/British,White,,Offensive weapons,Arrest,True,
Person search,2022-11-08T19:59:59+00:00,False,,51.237522,-0.186850,Male,18-24,White - English/Welsh/Scottish/Northern Irish/British,White,,Controlled drugs,A no further action disposal,False,
Person search,2022-11-09T05:12:13+00:00,False,,51.265538,-0.721763,Male,25-34,Mixed/Multiple ethnic groups - Any other Mixed/Multiple ethnic background,White,,Controlled drugs,Summons / charged by post,False,
Vehicle search,2022-11-09T07:50:42+00:00,False,,51.282516,-0.075997,,,,,,Controlled drugs,A no further action disposal,True,
Person search,2022-11-09T12:09:32+00:00,False,,51.203070,-0.809778,Male,25-34,White - English/Welsh/Scottish/Northern Irish/British,White,,Controlled drugs,A no further action disposal,False,
Person search,2022-11-09T12:12:53+00:00,False,,51.203070,-0.809778,Male,over 34,White - English/Welsh/Scottish/Northern Irish/British,White,,Controlled drugs,A no further action disposal,False,
Person search,2022-11-09T18:38:51+00:00,False,,51.312426,-0.331017,Male,over 34,White - English/Welsh/Scottish/Northern Irish/British,White,,Controlled drugs,A no further action disposal,False,
Person search,2022-11-09T19:05:36+00:00,False,,51.256132,-0.544581,Male,over 34,White - English/Welsh/Scottish/Northern Irish/British,White,,Firearms,Arrest,False,
Person search,2022-11-09T23:45:40+00:00,False,,51.267881,-0.207817,Male,,White - English/Welsh/Scottish/Northern Irish/British,White,,Controlled drugs,A no further action disposal,False,
Person search,2022-11-09T23:52:24+00:00,False,,51.276974,-0.366483,Male,over 34,White - English/Welsh/Scottish/Northern Irish/British,White,,Stolen goods,Arrest,True,
Person search,2022-11-10T01:05:19+00:00,False,,51.337398,-0.320262,Male,,White - English/Welsh/Scottish/Northern Irish/British,White,,Controlled drugs,A no further action disposal,False,
Vehicle search,2022-11-10T02:39:51+00:00,False,,51.336496,-0.250667,,,,,,Stolen goods,Arrest,False,
Person search,2022-11-10T16:19:30+00:00,True,,51.318527,-0.555910,Female,25-34,White - English/Welsh/Scottish/Northern Irish/British,White,,,A no further action disposal,False,
Person search,2022-11-10T16:20:25+00:00,True,,51.318527,-0.555910,Male,18-24,White - English/Welsh/Scottish/Northern Irish/British,White,,,Community resolution,True,
Person search,2022-11-10T16:26:48+00:00,True,,51.318527,-0.555910,Male,10-17,White - English/Welsh/Scottish/Northern Irish/British,White,,Controlled drugs,A no further action disposal,False,
Person search,2022-11-10T16:27:55+00:00,True,,51.318527,-0.555910,Male,10-17,White - English/Welsh/Scottish/Northern Irish/British,White,,Controlled drugs,A no further action disposal,False,
Person search,2022-11-10T16:31:15+00:00,True,,51.318527,-0.555910,Male,18-24,White - English/Welsh/Scottish/Northern Irish/British,White,,Controlled drugs,Community resolution,True,
Person search,2022-11-10T16:43:43+00:00,True,,51.318527,-0.555910,Male,over 34,,Black,,Controlled drugs,Community resolution,True,
Person search,2022-11-10T16:48:12+00:00,True,,51.318527,-0.555910,Male,18-24,White - English/Welsh/Scottish/Northern Irish/British,White,,Controlled drugs,A no further action disposal,True,
Person search,2022-11-10T16:55:19+00:00,False,,51.432001,-0.461244,Male,10-17,White - English/Welsh/Scottish/Northern Irish/British,White,,Stolen goods,A no further action disposal,False,
Person search,2022-11-10T17:16:11+00:00,True,,51.318527,-0.555910,Male,10-17,White - English/Welsh/Scottish/Northern Irish/British,White,,,A no further action disposal,False,
Person search,2022-11-10T17:20:49+00:00,True,,51.318527,-0.555910,Male,10-17,Asian/Asian British - Any other Asian background,Asian,,,A no further action disposal,False,
Person search,2022-11-10T17:55:09+00:00,False,,51.238378,-0.190398,Male,10-17,White - English/Welsh/Scottish/Northern Irish/British,White,,Controlled drugs,A no further action disposal,True,
Person search,2022-11-10T19:09:42+00:00,True,,51.318593,-0.558376,Male,18-24,White - English/Welsh/Scottish/Northern Irish/British,White,,Controlled drugs,Community resolution,True,
Person search,2022-11-10T19:10:10+00:00,True,,51.318527,-0.555910,Male,18-24,White - English/Welsh/Scottish/Northern Irish/British,White,,,A no further action disposal,False,
Person search,2022-11-10T22:18:13+00:00,False,,51.249876,-0.203044,Male,25-34,White - English/Welsh/Scottish/Northern Irish/British,White,,Controlled drugs,A no further action disposal,False,
Person search,2022-11-10T22:43:14+00:00,False,,51.435056,-0.539061,Male,18-24,White - English/Welsh/Scottish/Northern Irish/British,White,,Controlled drugs,A no further action disposal,False,
Person search,2022-11-11T01:39:39+00:00,False,,51.334070,-0.267727,Male,over 34,White - English/Welsh/Scottish/Northern Irish/British,White,,Controlled drugs,A no further action disposal,False,
Person search,2022-11-11T10:50:03+00:00,False,,51.234368,-0.326437,Female,10-17,White - Any other White background,White,,Controlled drugs,Community resolution,True,
Person search,2022-11-11T10:50:24+00:00,False,,51.235279,-0.325989,Male,10-17,Other ethnic group - Any other ethnic group,White,,Controlled drugs,Community resolution,True,
Person search,2022-11-11T13:48:15+00:00,False,,51.239503,-0.576622,Male,25-34,Black/African/Caribbean/Black British - African,Asian,,Stolen goods,Arrest,False,
Person search,2022-11-11T13:59:21+00:00,False,,51.435714,-0.511330,Female,over 34,White - English/Welsh/Scottish/Northern Irish/British,White,,Stolen goods,A no further action disposal,False,
Person search,2022-11-11T14:27:12+00:00,False,,51.232556,-0.576235,Male,18-24,White - English/Welsh/Scottish/Northern Irish/British,White,,Controlled drugs,Arrest,True,
Person search,2022-11-11T15:11:50+00:00,False,,51.239503,-0.576622,Male,,White - English/Welsh/Scottish/Northern Irish/British,White,,Controlled drugs,A no further action disposal,False,
Person search,2022-11-11T20:27:23+00:00,False,,51.322761,-0.393560,Male,25-34,White - English/Welsh/Scottish/Northern Irish/British,White,,Controlled drugs,Arrest,True,
Person search,2022-11-11T20:31:43+00:00,False,,51.323276,-0.391117,Male,25-34,,Asian,,Controlled drugs,Community resolution,True,
Person search,2022-11-11T20:34:38+00:00,False,,51.370400,-0.361494,Male,18-24,White - English/Welsh/Scottish/Northern Irish/British,White,,Controlled drugs,Arrest,False,
Person search,2022-11-11T22:37:32+00:00,False,,51.282516,-0.075997,Male,10-17,,White,,Stolen goods,A no further action disposal,False,
Person search,2022-11-11T22:48:08+00:00,False,,51.282516,-0.075997,Male,10-17,,White,,Stolen goods,A no further action disposal,False,
Person search,2022-11-11T23:17:24+00:00,False,,51.282516,-0.075997,Male,10-17,White - English/Welsh/Scottish/Northern Irish/British,White,,Stolen goods,A no further action disposal,False,
Person search,2022-11-11T23:48:27+00:00,False,,51.326048,-0.449904,Male,18-24,,White,,Offensive weapons,A no further action disposal,False,
Person search,2022-11-11T23:49:05+00:00,False,,51.373538,-0.474038,Male,18-24,White - English/Welsh/Scottish/Northern Irish/British,White,,Offensive weapons,A no further action disposal,False,
Person search,2022-11-11T23:53:49+00:00,False,,51.283438,-0.090055,Male,18-24,White - English/Welsh/Scottish/Northern Irish/British,White,,Controlled drugs,Community resolution,True,
Person search,2022-11-12T00:07:44+00:00,False,,51.283438,-0.090055,Male,,,White,,Controlled drugs,Caution (simple or conditional),False,
Person search,2022-11-12T01:07:02+00:00,False,,51.373538,-0.474038,Female,,White - English/Welsh/Scottish/Northern Irish/British,White,,Offensive weapons,A no further action disposal,False,
Person search,2022-11-12T01:41:39+00:00,False,,51.434468,-0.505257,Female,,White - English/Welsh/Scottish/Northern Irish/British,White,,Offensive weapons,A no further action disposal,False,
Person search,2022-11-12T01:44:19+00:00,False,,51.434468,-0.505257,Female,,White - English/Welsh/Scottish/Northern Irish/British,White,,Offensive weapons,A no further action disposal,False,
Person search,2022-11-12T02:25:12+00:00,False,,51.240769,-0.166670,Male,18-24,Black/African/Caribbean/Black British - African,Black,,Offensive weapons,Arrest,False,
Person search,2022-11-12T03:07:20+00:00,False,,51.307901,-0.045480,Male,18-24,White - English/Welsh/Scottish/Northern Irish/British,Asian,,Stolen goods,A no further action disposal,False,
Person search,2022-11-12T23:20:25+00:00,False,,51.226381,-0.366456,Male,,Black/African/Caribbean/Black British - Any other Black/African/Caribbean background,Black,,Controlled drugs,A no further action disposal,False,
Person search,2022-11-12T23:45:49+00:00,False,,51.238879,-0.324368,Male,18-24,Black/African/Caribbean/Black British - Any other Black/African/Caribbean background,Black,,Controlled drugs,Arrest,True,
Person search,2022-11-12T23:45:58+00:00,False,,51.191900,-0.324914,Male,18-24,Black/African/Caribbean/Black British - Any other Black/African/Caribbean background,Black,,Controlled drugs,Community resolution,True,
Person search,2022-11-13T00:44:24+00:00,False,,51.345711,-0.739837,Male,10-17,White - English/Welsh/Scottish/Northern Irish/British,White,,Controlled drugs,A no further action disposal,False,
Person search,2022-11-13T01:58:09+00:00,False,,51.239503,-0.576622,Female,over 34,White - English/Welsh/Scottish/Northern Irish/British,White,,Controlled drugs,A no further action disposal,False,
Person search,2022-11-13T05:16:49+00:00,False,,51.321264,-0.559168,Male,over 34,White - English/Welsh/Scottish/Northern Irish/British,White,,Controlled drugs,Arrest,False,
Person search,2022-11-13T05:28:27+00:00,False,,51.321264,-0.559168,Male,over 34,White - English/Welsh/Scottish/Northern Irish/British,White,,Controlled drugs,Community resolution,True,
Person search,2022-11-13T09:43:56+00:00,False,,51.444176,-0.470807,Male,18-24,Black/African/Caribbean/Black British - African,Black,,Offensive weapons,Arrest,True,
Person search,2022-11-13T10:46:09+00:00,False,,51.161150,-0.169781,Male,18-24,Mixed/Multiple ethnic groups - Any other Mixed/Multiple ethnic background,Other,,Stolen goods,Arrest,True,
Person search,2022-11-13T12:46:28+00:00,False,,51.434333,-0.510239,Male,over 34,White - Any other White background,White,,Stolen goods,Community resolution,False,
Person search,2022-11-13T19:53:06+00:00,False,,51.455955,-0.474905,Male,10-17,White - English/Welsh/Scottish/Northern Irish/British,White,,Offensive weapons,A no further action disposal,False,
Vehicle search,2022-11-13T20:22:29+00:00,False,,51.429127,-0.494772,,,,,,Firearms,Arrest,False,
Person search,2022-11-13T22:28:06+00:00,False,,51.434095,-0.504909,Male,18-24,White - English/Welsh/Scottish/Northern Irish/British,White,,Offensive weapons,Arrest,True,
Person search,2022-11-13T22:46:00+00:00,False,,51.250424,-0.188994,Male,10-17,White - English/Welsh/Scottish/Northern Irish/British,White,,Controlled drugs,A no further action disposal,False,
Person search,2022-11-13T23:33:35+00:00,False,,51.289719,-0.235307,Male,25-34,White - English/Welsh/Scottish/Northern Irish/British,White,,Controlled drugs,A no further action disposal,False,
Person search,2022-11-13T23:56:49+00:00,False,,51.301133,-0.219993,Male,25-34,White - English/Welsh/Scottish/Northern Irish/British,White,,Controlled drugs,A no further action disposal,False,
Person search,2022-11-14T00:36:49+00:00,False,,51.320506,-0.559622,Male,10-17,,White,,Offensive weapons,A no further action disposal,False,
Person search,2022-11-14T00:37:07+00:00,False,,51.322645,-0.549323,Male,over 34,,White,,Article for use in theft,A no further action disposal,False,
Person search,2022-11-14T01:10:27+00:00,False,,51.247088,-0.173406,Female,over 34,White - English/Welsh/Scottish/Northern Irish/British,White,,Controlled drugs,A no further action disposal,False,
Person search,2022-11-14T02:47:22+00:00,False,,51.363182,-0.532716,Male,over 34,White - Any other White background,White,,,A no further action disposal,False,
Person search,2022-11-14T17:50:05+00:00,False,,51.388941,-0.508163,Male,over 34,White - English/Welsh/Scottish/Northern Irish/British,White,,Controlled drugs,Arrest,False,
Person search,2022-11-14T21:33:00+00:00,False,,51.552608,-0.525259,Male,18-24,Black/African/Caribbean/Black British - African,Black,,Controlled drugs,A no further action disposal,False,
Person search,2022-11-14T23:00:04+00:00,False,,51.256632,-0.545741,Female,18-24,White - English/Welsh/Scottish/Northern Irish/British,White,,Controlled drugs,A no further action disposal,True,
Person search,2022-11-14T23:08:16+00:00,False,,51.320891,-0.558017,Female,over 34,,White,,Offensive weapons,A no further action disposal,False,
Person search,2022-11-15T01:16:50+00:00,False,,51.382231,-0.334515,Male,25-34,Asian/Asian British - Pakistani,Asian,,Controlled drugs,Community resolution,True,
Person search,2022-11-15T02:15:55+00:00,False,,51.320847,-0.558148,Male,10-17,White - English/Welsh/Scottish/Northern Irish/British,White,,Offensive weapons,A no further action disposal,False,
Person search,2022-11-15T02:25:33+00:00,False,,51.321264,-0.559168,Male,10-17,White - English/Welsh/Scottish/Northern Irish/British,White,,Offensive weapons,A no further action disposal,False,
Person search,2022-11-15T19:04:14+00:00,False,,51.384768,-0.418968,Male,25-34,,White,,Controlled drugs,Arrest,True,
Person search,2022-11-16T01:59:58+00:00,False,,51.239486,-0.578141,Male,over 34,White - Any other White background,White,,Offensive weapons,Community resolution,False,
Person search,2022-11-16T13:22:09+00:00,False,,51.375392,-0.390785,Male,25-34,White - English/Welsh/Scottish/Northern Irish/British,White,,Controlled drugs,A no further action disposal,False,
Person search,2022-11-16T16:04:57+00:00,False,,51.372798,-0.393764,Male,over 34,White - English/Welsh/Scottish/Northern Irish/British,White,,Controlled drugs,Community resolution,True,
Person search,2022-11-16T16:05:43+00:00,False,,51.372798,-0.393764,Male,25-34,Mixed/Multiple ethnic groups - White and Black Caribbean,Black,,Controlled drugs,A no further action disposal,False,
Person search,2022-11-16T17:41:44+00:00,False,,51.242236,-0.164472,Male,25-34,White - English/Welsh/Scottish/Northern Irish/British,White,,Offensive weapons,A no further action disposal,False,
Person search,2022-11-16T23:39:06+00:00,False,,51.390426,-0.513189,Female,18-24,White - English/Welsh/Scottish/Northern Irish/British,White,,Controlled drugs,A no further action disposal,False,
Person search,2022-11-16T23:50:34+00:00,False,,51.390426,-0.513189,Male,18-24,White - Any other White background,White,,Controlled drugs,Arrest,True,
Person search,2022-11-17T00:15:22+00:00,False,,51.370486,-0.491121,Female,18-24,White - English/Welsh/Scottish/Northern Irish/British,White,,Controlled drugs,Arrest,True,
Person search,2022-11-17T08:49:29+00:00,True,,51.252504,-0.164336,Male,10-17,Mixed/Multiple ethnic groups - Any other Mixed/Multiple ethnic background,White,,Controlled drugs,A no further action disposal,False,
Person search,2022-11-17T09:01:28+00:00,True,,51.252504,-0.164336,Male,18-24,,White,,Controlled drugs,A no further action disposal,False,
Person search,2022-11-17T09:14:50+00:00,False,,51.252504,-0.164336,Male,18-24,,Black,,Offensive weapons,A no further action disposal,False,
Person search,2022-11-17T09:26:33+00:00,False,,51.252504,-0.164336,Male,10-17,,White,,Offensive weapons,A no further action disposal,True,
Person search,2022-11-17T09:30:30+00:00,True,,51.251308,-0.164312,Male,10-17,White - English/Welsh/Scottish/Northern Irish/British,White,,Controlled drugs,A no further action disposal,True,
Person search,2022-11-17T10:34:26+00:00,True,,51.240020,-0.168830,Male,10-17,,White,,Offensive weapons,A no further action disposal,False,
Person search,2022-11-17T10:40:36+00:00,True,,51.240135,-0.165215,Male,18-24,Asian/Asian British - Any other Asian background,Asian,,,A no further action disposal,False,
Person search,2022-11-17T10:43:44+00:00,False,,51.248882,-0.163864,Male,18-24,Black/African/Caribbean/Black British - Caribbean,Black,,Controlled drugs,A no further action disposal,True,
Person search,2022-11-17T10:43:56+00:00,False,,51.248882,-0.163864,Male,10-17,Black/African/Caribbean/Black British - African,Black,,Controlled drugs,A no further action disposal,False,
Person search,2022-11-17T10:45:11+00:00,False,,51.248882,-0.163864,Male,10-17,Other ethnic group - Any other ethnic group,White,,Controlled drugs,A no further action disposal,False,
Person search,2022-11-17T10:45:27+00:00,False,,51.248882,-0.163864,Male,10-17,Mixed/Multiple ethnic groups - White and Black African,White,,Controlled drugs,A no further action disposal,False,
Person search,2022-11-17T10:49:49+00:00,False,,51.248882,-0.163864,Male,10-17,White - English/Welsh/Scottish/Northern Irish/British,White,,Controlled drugs,A no further action disposal,False,
Person search,2022-11-17T10:52:25+00:00,False,,51.248882,-0.163864,Male,10-17,White - English/Welsh/Scottish/Northern Irish/British,White,,Controlled drugs,A no further action disposal,False,
Person search,2022-11-17T11:00:51+00:00,False,,51.248882,-0.163864,Male,10-17,White - English/Welsh/Scottish/Northern Irish/British,White,,Controlled drugs,A no further action disposal,False,
Person search,2022-11-17T11:33:13+00:00,False,,51.237522,-0.186850,Male,10-17,White - English/Welsh/Scottish/Northern Irish/British,White,,Controlled drugs,A no further action disposal,False,
Person search,2022-11-17T12:54:29+00:00,False,,51.452419,-0.481700,Male,10-17,,Black,,Controlled drugs,A no further action disposal,False,
Person search,2022-11-17T15:19:13+00:00,False,,51.450145,-0.475501,Female,25-34,White - English/Welsh/Scottish/Northern Irish/British,White,,Controlled drugs,Community resolution,True,
Person search,2022-11-17T15:19:54+00:00,False,,51.455593,-0.478155,Male,over 34,,Black,,Controlled drugs,A no further action disposal,False,
Person search,2022-11-17T18:58:46+00:00,False,,51.252504,-0.164336,Male,18-24,,Black,,Offensive weapons,A no further action disposal,False,
Person search,2022-11-17T19:04:04+00:00,False,,51.249454,-0.162508,Male,10-17,White - English/Welsh/Scottish/Northern Irish/British,White,,Controlled drugs,A no further action disposal,False,
Person search,2022-11-17T19:12:58+00:00,False,,51.249454,-0.162508,Male,10-17,White - English/Welsh/Scottish/Northern Irish/British,White,,Controlled drugs,A no further action disposal,False,
Person search,2022-11-17T22:10:26+00:00,False,,51.237522,-0.186850,Male,10-17,,Asian,,Controlled drugs,A no further action disposal,False,
Person search,2022-11-17T22:19:02+00:00,False,,51.240930,-0.167776,Male,,,Black,,Offensive weapons,A no further action disposal,False,
Person search,2022-11-17T22:27:38+00:00,False,,51.320000,-0.557959,,,,White,,Offensive weapons,A no further action disposal,True,
Person search,2022-11-18T02:43:54+00:00,False,,51.240020,-0.168830,Male,10-17,Mixed/Multiple ethnic groups - Any other Mixed/Multiple ethnic background,Black,,Offensive weapons,Arrest,True,
Person search,2022-11-18T15:34:27+00:00,False,,51.239503,-0.576622,Male,18-24,White - Any other White background,White,,Controlled drugs,Arrest,True,
Person search,2022-11-18T17:35:22+00:00,False,,51.241479,-0.165462,Female,10-17,White - English/Welsh/Scottish/Northern Irish/British,White,,Controlled drugs,A no further action disposal,False,
Person search,2022-11-18T17:36:51+00:00,False,,51.240020,-0.168830,Male,,White - English/Welsh/Scottish/Northern Irish/British,White,,Controlled drugs,A no further action disposal,False,
Person search,2022-11-18T17:48:18+00:00,False,,51.245258,-0.167332,Male,18-24,,White,,Offensive weapons,A no further action disposal,False,
Person search,2022-11-18T18:42:31+00:00,False,,51.237371,-0.204476,Male,10-17,White - English/Welsh/Scottish/Northern Irish/British,White,,Controlled drugs,A no further action disposal,False,
Person search,2022-11-18T21:14:30+00:00,False,,51.240769,-0.166670,Male,,White - English/Welsh/Scottish/Northern Irish/British,White,,Offensive weapons,A no further action disposal,False,
Person search,2022-11-18T21:35:31+00:00,False,,51.241551,-0.166090,Female,10-17,White - English/Welsh/Scottish/Northern Irish/British,White,,Controlled drugs,A no further action disposal,False,
Person search,2022-11-18T23:16:04+00:00,False,,51.334835,-0.264727,Male,25-34,White - Any other White background,White,,Controlled drugs,A no further action disposal,False,
Person search,2022-11-19T00:38:29+00:00,False,,51.240769,-0.166670,Male,18-24,White - English/Welsh/Scottish/Northern Irish/British,White,,Offensive weapons,A no further action disposal,False,
Person search,2022-11-19T01:08:09+00:00,False,,51.240769,-0.166670,Male,10-17,White - English/Welsh/Scottish/Northern Irish/British,White,,Offensive weapons,A no further action disposal,False,
Person search,2022-11-19T01:08:46+00:00,False,,51.240769,-0.166670,Male,10-17,White - English/Welsh/Scottish/Northern Irish/British,White,,Offensive weapons,Arrest,False,
Person search,2022-11-19T01:11:05+00:00,False,,51.240769,-0.166670,Male,10-17,White - English/Welsh/Scottish/Northern Irish/British,White,,Offensive weapons,A no further action disposal,False,
Person search,2022-11-19T01:14:28+00:00,False,,51.240769,-0.166670,Male,10-17,White - English/Welsh/Scottish/Northern Irish/British,White,,Controlled drugs,A no further action disposal,False,
Person search,2022-11-19T03:46:11+00:00,False,,51.333750,-0.265361,Male,25-34,White - English/Welsh/Scottish/Northern Irish/British,White,,Articles for use in criminal damage,Arrest,False,
Person search,2022-11-19T14:25:49+00:00,False,,51.239339,-0.167782,Male,10-17,White - English/Welsh/Scottish/Northern Irish/British,White,,Controlled drugs,Summons / charged by post,True,
Person search,2022-11-19T14:52:34+00:00,False,,51.305042,-0.410448,Male,18-24,Asian/Asian British - Pakistani,Asian,,,A no further action disposal,False,
Person search,2022-11-19T22:41:42+00:00,False,,51.237522,-0.186850,Male,10-17,White - English/Welsh/Scottish/Northern Irish/British,White,,Offensive weapons,A no further action disposal,False,
Person search,2022-11-19T22:45:04+00:00,False,,51.237522,-0.186850,Male,10-17,White - English/Welsh/Scottish/Northern Irish/British,White,,Offensive weapons,A no further action disposal,False,
Person search,2022-11-19T22:45:54+00:00,False,,51.237522,-0.186850,Male,10-17,White - English/Welsh/Scottish/Northern Irish/British,White,,Offensive weapons,Summons / charged by post,False,
Person search,2022-11-20T00:37:26+00:00,False,,51.386520,-0.420891,Male,25-34,White - English/Welsh/Scottish/Northern Irish/British,White,,Controlled drugs,Community resolution,True,
Person search,2022-11-20T00:37:47+00:00,False,,51.385093,-0.420394,Female,25-34,White - English/Welsh/Scottish/Northern Irish/British,White,,Controlled drugs,A no further action disposal,False,
Person search,2022-11-20T01:27:27+00:00,False,,51.176871,-0.184323,Female,18-24,,Asian,,Controlled drugs,A no further action disposal,False,
Person search,2022-11-20T04:31:08+00:00,False,,51.239503,-0.576622,Male,18-24,,White,,Game or poaching equipment,Arrest,False,
Person search,2022-11-20T04:43:45+00:00,False,,51.389160,-0.421907,Male,over 34,White - Any other White background,White,,Offensive weapons,Community resolution,False,
Person search,2022-11-20T21:44:46+00:00,False,,51.248468,-0.308903,Male,18-24,White - Any other White background,White,,,A no further action disposal,False,
Vehicle search,2022-11-20T21:46:02+00:00,False,,51.255876,-0.323105,,,,,,,A no further action disposal,False,
Person search,2022-11-20T21:51:55+00:00,False,,51.248468,-0.308903,Male,18-24,White - English/Welsh/Scottish/Northern Irish/British,White,,,A no further action disposal,False,
Person search,2022-11-20T21:55:44+00:00,False,,51.248468,-0.308903,Male,18-24,White - English/Welsh/Scottish/Northern Irish/British,White,,,A no further action disposal,False,
Person search,2022-11-20T21:58:28+00:00,False,,51.248468,-0.308903,Female,18-24,White - English/Welsh/Scottish/Northern Irish/British,White,,Controlled drugs,A no further action disposal,False,
Person search,2022-11-20T22:04:19+00:00,False,,51.248468,-0.308903,Female,10-17,White - English/Welsh/Scottish/Northern Irish/British,White,,Controlled drugs,A no further action disposal,False,
Person search,2022-11-21T01:17:18+00:00,False,,51.249037,-0.586415,Male,18-24,White - English/Welsh/Scottish/Northern Irish/British,White,,Controlled drugs,Caution (simple or conditional),True,
Person search,2022-11-21T01:29:28+00:00,False,,51.248278,-0.578716,Male,25-34,Black/African/Caribbean/Black British - Any other Black/African/Caribbean background,Black,,Controlled drugs,Community resolution,True,
Person search,2022-11-21T02:40:20+00:00,False,,51.282516,-0.075997,Male,18-24,Black/African/Caribbean/Black British - Any other Black/African/Caribbean background,Black,,Controlled drugs,Community resolution,True,
Person search,2022-11-21T03:39:18+00:00,False,,51.325943,-0.600012,Male,,White - Any other White background,White,,,Arrest,False,
Person search,2022-11-21T11:58:06+00:00,False,,51.324901,-0.735470,Male,25-34,White - English/Welsh/Scottish/Northern Irish/British,White,,Stolen goods,A no further action disposal,False,
Person search,2022-11-21T12:43:11+00:00,False,,51.433314,-0.511437,Female,18-24,,White,,Stolen goods,A no further action disposal,False,
Person search,2022-11-21T13:30:03+00:00,False,,51.278313,-0.371568,Female,25-34,Mixed/Multiple ethnic groups - White and Asian,Asian,,Stolen goods,A no further action disposal,False,
Person search,2022-11-21T13:30:07+00:00,False,,51.278313,-0.371568,Female,over 34,Mixed/Multiple ethnic groups - Any other Mixed/Multiple ethnic background,Asian,,Stolen goods,A no further action disposal,False,
Person search,2022-11-21T17:38:26+00:00,False,,51.321264,-0.559168,Female,18-24,,White,,Offensive weapons,A no further action disposal,True,
Person search,2022-11-21T19:01:08+00:00,False,,51.385357,-0.544941,Male,18-24,White - English/Welsh/Scottish/Northern Irish/British,White,,Stolen goods,A no further action disposal,True,
Person search,2022-11-22T05:34:24+00:00,False,,51.142185,-0.716395,Male,18-24,White - English/Welsh/Scottish/Northern Irish/British,White,,Article for use in theft,Arrest,False,
Person search,2022-11-22T06:02:34+00:00,False,,51.239503,-0.576622,Male,18-24,White - English/Welsh/Scottish/Northern Irish/British,White,,Controlled drugs,Arrest,True,
Person search,2022-11-22T11:29:38+00:00,True,,51.175203,-0.176506,Male,10-17,,White,,Offensive weapons,A no further action disposal,False,
Person search,2022-11-22T22:27:10+00:00,False,,51.435056,-0.539061,Male,18-24,,White,,Stolen goods,A no further action disposal,False,
Person search,2022-11-22T23:40:25+00:00,False,,51.421087,-0.541649,Male,18-24,,White,,Controlled drugs,A no further action disposal,False,
Person search,2022-11-22T23:53:09+00:00,False,,51.421087,-0.541649,Male,25-34,,White,,Controlled drugs,A no further action disposal,False,
Person search,2022-11-23T00:10:10+00:00,False,,51.339914,-0.538053,Male,25-34,White - Any other White background,White,,,Arrest,False,
Person search,2022-11-23T02:14:36+00:00,False,,51.370400,-0.361494,Female,over 34,,White,,Controlled drugs,A no further action disposal,False,
Person search,2022-11-23T14:06:20+00:00,False,,51.172428,-0.162425,Male,18-24,White - English/Welsh/Scottish/Northern Irish/British,White,,Controlled drugs,Community resolution,True,
Person search,2022-11-23T15:42:42+00:00,False,,51.174691,-0.174838,Male,10-17,,White,,Controlled drugs,A no further action disposal,False,
Person search,2022-11-23T17:45:52+00:00,False,,51.175322,-0.177818,Male,10-17,White - English/Welsh/Scottish/Northern Irish/British,White,,Controlled drugs,A no further action disposal,False,
Person search,2022-11-23T22:47:20+00:00,False,,51.241551,-0.166090,Male,,White - English/Welsh/Scottish/Northern Irish/British,White,,Offensive weapons,A no further action disposal,False,
Person search,2022-11-24T01:10:20+00:00,False,,51.265247,-0.010221,Male,over 34,White - Any other White background,White,,Controlled drugs,A no further action disposal,False,
Person search,2022-11-24T01:44:06+00:00,False,,51.372504,-0.294667,Male,25-34,White - Any other White background,White,,Stolen goods,A no further action disposal,False,
Person search,2022-11-24T01:53:39+00:00,False,,51.372504,-0.294667,Male,25-34,White - Any other White background,White,,Article for use in theft,A no further action disposal,False,
Person search,2022-11-24T02:12:21+00:00,False,,51.372504,-0.294667,Male,25-34,White - Any other White background,White,,Article for use in theft,A no further action disposal,False,
Person search,2022-11-24T09:55:35+00:00,False,,51.345266,-0.273867,Male,18-24,,Black,,Controlled drugs,Arrest,True,
Person search,2022-11-24T15:49:06+00:00,False,,51.305922,-0.331439,Male,10-17,White - English/Welsh/Scottish/Northern Irish/British,White,,Offensive weapons,A no further action disposal,False,
Person search,2022-11-24T16:55:42+00:00,False,,51.235990,-0.187225,Male,10-17,White - English/Welsh/Scottish/Northern Irish/British,White,,Offensive weapons,A no further action disposal,False,
Person search,2022-11-25T00:50:58+00:00,False,,51.381335,-0.493552,Male,over 34,Black/African/Caribbean/Black British - Any other Black/African/Caribbean background,Black,,Controlled drugs,A no further action disposal,False,
Person search,2022-11-25T00:52:21+00:00,False,,51.344430,-0.374332,Female,10-17,White - English/Welsh/Scottish/Northern Irish/British,White,,Article for use in theft,Arrest,True,
Person search,2022-11-25T01:08:08+00:00,False,,51.381335,-0.493552,Male,over 34,Black/African/Caribbean/Black British - Any other Black/African/Caribbean background,Black,,Controlled drugs,A no further action disposal,False,
Person search,2022-11-25T01:18:47+00:00,False,,51.140413,-0.485554,Male,25-34,White - English/Welsh/Scottish/Northern Irish/British,White,,Stolen goods,A no further action disposal,True,
Person search,2022-11-25T08:15:44+00:00,False,,51.222672,-0.585748,Male,over 34,,White,,,Arrest,True,
Person search,2022-11-25T17:43:21+00:00,False,,51.239629,-0.170220,Male,10-17,Other ethnic group - Any other ethnic group,White,,Offensive weapons,A no further action disposal,False,
Person search,2022-11-25T17:46:10+00:00,False,,51.238557,-0.170707,Female,10-17,,White,,Offensive weapons,A no further action disposal,False,
Person search,2022-11-25T17:47:31+00:00,False,,51.238557,-0.170707,Male,10-17,White - English/Welsh/Scottish/Northern Irish/British,White,,Offensive weapons,A no further action disposal,False,
Person search,2022-11-25T17:47:56+00:00,False,,51.239629,-0.170220,Male,10-17,White - English/Welsh/Scottish/Northern Irish/British,White,,Offensive weapons,A no further action disposal,False,
Person search,2022-11-25T17:53:27+00:00,False,,51.238557,-0.170707,Male,10-17,White - English/Welsh/Scottish/Northern Irish/British,White,,Offensive weapons,A no further action disposal,False,
Person search,2022-11-25T17:53:32+00:00,False,,51.238922,-0.169890,Male,10-17,White - English/Welsh/Scottish/Northern Irish/British,White,,Offensive weapons,A no further action disposal,False,
Person search,2022-11-25T17:59:28+00:00,False,,51.238922,-0.169890,Female,,White - English/Welsh/Scottish/Northern Irish/British,White,,Offensive weapons,A no further action disposal,False,
Person search,2022-11-25T18:00:52+00:00,False,,51.320714,-0.555397,Male,18-24,Asian/Asian British - Pakistani,Asian,,Offensive weapons,Arrest,False,
Person search,2022-11-25T18:33:23+00:00,False,,51.320714,-0.555397,Male,18-24,White - English/Welsh/Scottish/Northern Irish/British,White,,Offensive weapons,Arrest,False,
Person search,2022-11-25T19:12:19+00:00,False,,51.270485,-0.212289,Female,,White - English/Welsh/Scottish/Northern Irish/British,White,,Offensive weapons,A no further action disposal,False,
Person search,2022-11-25T19:34:00+00:00,False,,51.238557,-0.170707,Male,10-17,White - English/Welsh/Scottish/Northern Irish/British,White,,Offensive weapons,A no further action disposal,False,
Person search,2022-11-25T23:08:38+00:00,False,,51.333560,-0.267345,Male,18-24,,Other,,Controlled drugs,A no further action disposal,False,
Person search,2022-11-25T23:45:30+00:00,False,,51.333560,-0.267345,Male,18-24,White - Any other White background,White,,Offensive weapons,Community resolution,True,
Person search,2022-11-26T00:34:14+00:00,False,,51.215641,-0.789509,Male,10-17,White - English/Welsh/Scottish/Northern Irish/British,White,,Offensive weapons,A no further action disposal,False,
Person search,2022-11-26T02:27:00+00:00,False,,51.229460,-0.732430,Male,10-17,White - English/Welsh/Scottish/Northern Irish/British,White,,Offensive weapons,A no further action disposal,False,
Person search,2022-11-26T12:58:38+00:00,False,,51.247016,-0.712935,Male,18-24,White - English/Welsh/Scottish/Northern Irish/British,White,,Offensive weapons,A no further action disposal,False,
Person search,2022-11-26T13:05:16+00:00,False,,51.247016,-0.712935,Male,25-34,White - English/Welsh/Scottish/Northern Irish/British,White,,Offensive weapons,A no further action disposal,False,
Person search,2022-11-26T14:17:53+00:00,False,,51.435714,-0.511330,Male,,,Black,,,A no further action disposal,False,
Person search,2022-11-27T18:32:42+00:00,False,,51.426259,-0.523116,Male,over 34,White - English/Welsh/Scottish/Northern Irish/British,White,,Stolen goods,A no further action disposal,False,
Vehicle search,2022-11-27T20:25:25+00:00,False,,51.434674,-0.465543,,,,,,Stolen goods,A no further action disposal,False,
Person search,2022-11-27T21:20:40+00:00,False,,51.256132,-0.544581,Male,over 34,White - English/Welsh/Scottish/Northern Irish/British,Black,,Stolen goods,Arrest,False,
Person search,2022-11-27T22:07:57+00:00,False,,51.310319,-0.052982,Male,25-34,Mixed/Multiple ethnic groups - Any other Mixed/Multiple ethnic background,Black,,Controlled drugs,Community resolution,True,
Person search,2022-11-27T23:00:40+00:00,False,,51.374182,-0.451790,Male,18-24,Asian/Asian British - Indian,Asian,,Controlled drugs,Community resolution,True,
Person search,2022-11-27T23:40:25+00:00,False,,50.847842,-0.778198,Male,10-17,White - English/Welsh/Scottish/Northern Irish/British,White,,Controlled drugs,Community resolution,True,
Person search,2022-11-28T00:02:27+00:00,False,,51.371525,-0.484507,Male,over 34,Black/African/Caribbean/Black British - African,Black,,Offensive weapons,A no further action disposal,True,
Person search,2022-11-28T00:17:44+00:00,False,,50.847842,-0.778198,Male,18-24,White - English/Welsh/Scottish/Northern Irish/British,White,,Controlled drugs,Community resolution,True,
Person search,2022-11-28T03:27:29+00:00,False,,51.339230,-0.744264,Male,25-34,White - English/Welsh/Scottish/Northern Irish/British,White,,Article for use in theft,Arrest,False,
Person search,2022-11-28T03:54:41+00:00,False,,51.370486,-0.491121,Male,25-34,White - English/Welsh/Scottish/Northern Irish/British,White,,Stolen goods,A no further action disposal,False,
Person search,2022-11-28T04:11:38+00:00,False,,51.283571,-1.102591,Male,over 34,White - Any other White background,White,,Article for use in theft,Arrest,True,
Person search,2022-11-28T05:57:01+00:00,False,,51.216445,-0.326400,Male,25-34,,White,,Article for use in theft,Arrest,False,
Person search,2022-11-28T08:24:33+00:00,False,,51.236255,-0.186327,Male,25-34,Black/African/Caribbean/Black British - African,Black,,Offensive weapons,Arrest,True,
Person search,2022-11-28T16:40:30+00:00,True,,51.318527,-0.555910,,,,White,,Controlled drugs,A no further action disposal,False,
Person search,2022-11-28T16:58:37+00:00,True,,51.318527,-0.555910,Male,25-34,White - Any other White background,White,,Controlled drugs,A no further action disposal,False,
Person search,2022-11-28T20:25:32+00:00,False,,51.443341,-0.535746,Male,18-24,White - English/Welsh/Scottish/Northern Irish/British,White,,Controlled drugs,A no further action disposal,True,
Person search,2022-11-28T20:33:33+00:00,False,,51.437387,-0.525577,Male,18-24,,White,,Controlled drugs,A no further action disposal,False,
Person search,2022-11-28T21:34:21+00:00,False,,51.437387,-0.525577,Male,18-24,White - Gypsy or Irish Traveller,White,,Controlled drugs,A no further action disposal,True,
Person search,2022-11-28T21:40:33+00:00,False,,51.392223,-0.514496,Male,18-24,,Asian,,Controlled drugs,Community resolution,True,
Person search,2022-11-28T23:15:04+00:00,False,,51.239503,-0.576622,Male,18-24,Mixed/Multiple ethnic groups - Any other Mixed/Multiple ethnic background,Black,,Controlled drugs,Arrest,True,
Person search,2022-11-29T05:27:06+00:00,False,,51.370486,-0.491121,Female,10-17,White - English/Welsh/Scottish/Northern Irish/British,White,,Offensive weapons,A no further action disposal,True,
Person search,2022-11-29T13:27:04+00:00,False,,51.434362,-0.506138,Male,18-24,White - English/Welsh/Scottish/Northern Irish/British,White,,,Arrest,True,
Person search,2022-11-29T13:41:18+00:00,False,,51.260228,-0.155142,Male,10-17,White - English/Welsh/Scottish/Northern Irish/British,White,,Controlled drugs,A no further action disposal,False,
Person search,2022-11-29T15:40:25+00:00,False,,51.239339,-0.167782,Male,25-34,White - English/Welsh/Scottish/Northern Irish/British,Asian,,Controlled drugs,Community resolution,True,
Person search,2022-11-29T19:58:17+00:00,False,,51.220760,-0.767394,Male,25-34,White - English/Welsh/Scottish/Northern Irish/British,White,,Article for use in theft,Summons / charged by post,False,
Person search,2022-11-29T22:57:33+00:00,False,,51.346161,-0.282765,Male,18-24,White - English/Welsh/Scottish/Northern Irish/British,White,,Controlled drugs,A no further action disposal,False,
Person search,2022-11-30T01:19:02+00:00,False,,51.326048,-0.449904,Male,18-24,Other ethnic group - Any other ethnic group,Asian,,Article for use in theft,A no further action disposal,False,
Person search,2022-11-30T01:20:09+00:00,False,,51.326048,-0.449904,Female,18-24,Asian/Asian British - Any other Asian background,Asian,,Article for use in theft,A no further action disposal,False,
Person search,2022-11-30T16:12:08+00:00,False,,51.237522,-0.186850,Male,18-24,Mixed/Multiple ethnic groups - Any other Mixed/Multiple ethnic background,Asian,,Controlled drugs,Community resolution,True,
Person search,2022-11-30T18:50:02+00:00,False,,51.171370,-0.163153,Male,18-24,White - English/Welsh/Scottish/Northern Irish/British,White,,Offensive weapons,Community resolution,False,
Person search,2022-11-30T19:25:09+00:00,False,,51.337321,-0.748178,Male,18-24,White - English/Welsh/Scottish/Northern Irish/British,White,,,Arrest,True,
Person search,2022-11-30T20:22:52+00:00,False,,51.334298,-0.268580,Male,10-17,Mixed/Multiple ethnic groups - White and Black African,Black,,Offensive weapons,Arrest,False,
Person search,2022-11-30T23:38:00+00:00,False,,51.334193,-0.268742,Male,10-17,White - English/Welsh/Scottish/Northern Irish/British,White,,Offensive weapons,Arrest,False,
