Type,Date,Part of a policing operation,Policing operation,Latitude,Longitude,Gender,Age range,Self-defined ethnicity,Officer-defined ethnicity,Legislation,Object of search,Outcome,Outcome linked to object of search,Removal of more than just outer clothing
Person search,2022-11-01T10:56:28+00:00,False,,52.193386,-2.223636,Male,over 34,White - English/Welsh/Scottish/Northern Irish/British,White,Misuse of Drugs Act 1971 (section 23),Controlled drugs,A no further action disposal,True,False
Person search,2022-11-01T11:03:28+00:00,False,,52.306517,-1.936200,Male,over 34,White - English/Welsh/Scottish/Northern Irish/British,White,Police and Criminal Evidence Act 1984 (section 1),Stolen goods,Arrest,False,
Person search,2022-11-01T14:24:45+00:00,False,,52.309357,-1.907492,Male,10-17,White - English/Welsh/Scottish/Northern Irish/British,White,Misuse of Drugs Act 1971 (section 23),Controlled drugs,Arrest,True,
Person search,2022-11-01T19:57:55+00:00,False,,,,Male,25-34,White - English/Welsh/Scottish/Northern Irish/British,White,Police and Criminal Evidence Act 1984 (section 1),Offensive weapons,Arrest,True,
Person and Vehicle search,2022-11-01T20:46:02+00:00,False,,52.212534,-2.143676,Male,25-34,White - English/Welsh/Scottish/Northern Irish/British,White,Police and Criminal Evidence Act 1984 (section 1),Stolen goods,Arrest,False,
Person search,2022-11-02T00:43:20+00:00,False,,52.204857,-2.223957,Male,25-34,Mixed/Multiple ethnic groups - White and Black African,Mixed,Misuse of Drugs Act 1971 (section 23),Controlled drugs,A no further action disposal,True,
Person search,2022-11-02T00:52:10+00:00,False,,52.204488,-2.223882,Male,over 34,White - English/Welsh/Scottish/Northern Irish/British,White,Misuse of Drugs Act 1971 (section 23),Controlled drugs,A no further action disposal,True,
Person search,2022-11-02T01:27:03+00:00,False,,52.111812,-2.328570,Male,over 34,White - English/Welsh/Scottish/Northern Irish/British,White,Police and Criminal Evidence Act 1984 (section 1),Article for use in theft,A no further action disposal,True,
Person search,2022-11-02T01:50:00+00:00,False,,52.341567,-2.050477,Male,18-24,White - English/Welsh/Scottish/Northern Irish/British,White,Firearms Act 1968 (section 47),Fireworks,Arrest,False,
Person and Vehicle search,2022-11-02T03:09:31+00:00,False,,52.626775,-2.425474,Male,18-24,White - English/Welsh/Scottish/Northern Irish/British,White,Police and Criminal Evidence Act 1984 (section 1),Article for use in theft,Khat or Cannabis warning,False,
Person and Vehicle search,2022-11-02T03:09:31+00:00,False,,52.626775,-2.425474,Male,over 34,White - English/Welsh/Scottish/Northern Irish/British,White,Police and Criminal Evidence Act 1984 (section 1),Article for use in theft,A no further action disposal,True,False
Person and Vehicle search,2022-11-02T03:25:12+00:00,False,,52.626775,-2.425474,Male,18-24,White - English/Welsh/Scottish/Northern Irish/British,White,Misuse of Drugs Act 1971 (section 23),Stolen goods,Khat or Cannabis warning,False,False
Person and Vehicle search,2022-11-02T04:01:52+00:00,False,,52.374464,-2.045110,Male,over 34,White - Any other White background,Other,Police and Criminal Evidence Act 1984 (section 1),Stolen goods,A no further action disposal,True,
Person and Vehicle search,2022-11-02T13:55:07+00:00,False,,52.210596,-2.167729,Male,over 34,White - Any other White background,White,Misuse of Drugs Act 1971 (section 23),Controlled drugs,Community resolution,True,
Person search,2022-11-02T14:48:58+00:00,False,,52.710912,-2.752572,Male,over 34,Other ethnic group - Not stated,White,Misuse of Drugs Act 1971 (section 23),Controlled drugs,A no further action disposal,True,True
Person search,2022-11-02T15:42:09+00:00,False,,,,Male,18-24,White - English/Welsh/Scottish/Northern Irish/British,White,Police and Criminal Evidence Act 1984 (section 1),Article for use in theft,A no further action disposal,True,
Person search,2022-11-02T16:44:29+00:00,False,,,,Male,18-24,White - Any other White background,White,Police and Criminal Evidence Act 1984 (section 1),Offensive weapons,A no further action disposal,True,
Person search,2022-11-02T17:00:00+00:00,False,,,,Male,18-24,White - Any other White background,White,Police and Criminal Evidence Act 1984 (section 1),Offensive weapons,A no further action disposal,True,
Person search,2022-11-02T17:00:00+00:00,False,,,,Female,10-17,White - Any other White background,White,Police and Criminal Evidence Act 1984 (section 1),Offensive weapons,A no further action disposal,True,
Person search,2022-11-02T18:25:17+00:00,False,,52.727113,-2.737939,Male,over 34,Other ethnic group - Not stated,White,Misuse of Drugs Act 1971 (section 23),Controlled drugs,A no further action disposal,True,True
Person and Vehicle search,2022-11-03T00:43:27+00:00,False,,52.693603,-2.464208,Female,over 34,Other ethnic group - Not stated,White,Misuse of Drugs Act 1971 (section 23),Controlled drugs,Caution (simple or conditional),False,
Person and Vehicle search,2022-11-03T00:48:38+00:00,False,,52.684001,-2.464535,Male,over 34,White - English/Welsh/Scottish/Northern Irish/British,White,Misuse of Drugs Act 1971 (section 23),Controlled drugs,Arrest,False,
Person search,2022-11-03T00:57:10+00:00,False,,52.112074,-2.331331,Male,18-24,White - English/Welsh/Scottish/Northern Irish/British,White,Misuse of Drugs Act 1971 (section 23),Controlled drugs,A no further action disposal,True,
Person and Vehicle search,2022-11-03T00:59:20+00:00,False,,,,Female,18-24,White - English/Welsh/Scottish/Northern Irish/British,White,Misuse of Drugs Act 1971 (section 23),Controlled drugs,A no further action disposal,True,
Person search,2022-11-03T05:04:00+00:00,False,,52.048777,-2.722130,Female,18-24,Other ethnic group - Not stated,White,Police and Criminal Evidence Act 1984 (section 1),Offensive weapons,A no further action disposal,True,
Person search,2022-11-03T10:13:07+00:00,False,,52.232468,-2.741917,Male,over 34,White - English/Welsh/Scottish/Northern Irish/British,White,Misuse of Drugs Act 1971 (section 23),Controlled drugs,A no further action disposal,True,True
Person search,2022-11-03T10:25:20+00:00,False,,52.232961,-2.739217,Male,over 34,White - English/Welsh/Scottish/Northern Irish/British,White,Misuse of Drugs Act 1971 (section 23),Controlled drugs,A no further action disposal,True,True
Person search,2022-11-03T10:57:58+00:00,False,,,,Female,25-34,White - English/Welsh/Scottish/Northern Irish/British,White,Misuse of Drugs Act 1971 (section 23),Controlled drugs,A no further action disposal,True,
Person search,2022-11-03T10:57:58+00:00,False,,52.709193,-2.757026,Male,over 34,White - English/Welsh/Scottish/Northern Irish/British,White,Misuse of Drugs Act 1971 (section 23),Controlled drugs,A no further action disposal,True,
Person search,2022-11-03T13:02:36+00:00,False,,52.194998,-2.215463,Male,10-17,White - English/Welsh/Scottish/Northern Irish/British,White,Police and Criminal Evidence Act 1984 (section 1),Offensive weapons,A no further action disposal,True,
Person search,2022-11-03T13:02:36+00:00,False,,52.194998,-2.215463,Male,10-17,White - English/Welsh/Scottish/Northern Irish/British,White,Police and Criminal Evidence Act 1984 (section 1),Offensive weapons,A no further action disposal,True,
Person search,2022-11-03T13:40:00+00:00,False,,52.064807,-2.711740,Female,25-34,White - English/Welsh/Scottish/Northern Irish/British,White,Misuse of Drugs Act 1971 (section 23),Controlled drugs,Arrest,True,
Person search,2022-11-03T15:23:00+00:00,False,,52.211073,-2.185469,Female,10-17,Other ethnic group - Not stated,White,Police and Criminal Evidence Act 1984 (section 1),Offensive weapons,A no further action disposal,True,
Person search,2022-11-03T15:39:29+00:00,False,,52.194498,-2.220452,Male,10-17,Black/African/Caribbean/Black British - African,Black,Misuse of Drugs Act 1971 (section 23),Controlled drugs,Arrest,True,
Person search,2022-11-03T16:40:00+00:00,False,,52.676579,-2.449548,Male,over 34,White - English/Welsh/Scottish/Northern Irish/British,White,Police and Criminal Evidence Act 1984 (section 1),Stolen goods,A no further action disposal,True,
Person search,2022-11-03T18:44:58+00:00,False,,52.619656,-2.414932,Male,over 34,Other ethnic group - Not stated,White,Police and Criminal Evidence Act 1984 (section 1),Offensive weapons,A no further action disposal,True,False
Person search,2022-11-03T23:54:10+00:00,False,,52.205276,-3.025750,Male,25-34,White - English/Welsh/Scottish/Northern Irish/British,White,Police and Criminal Evidence Act 1984 (section 1),Stolen goods,A no further action disposal,True,
Person search,2022-11-04T00:40:15+00:00,False,,52.131599,-2.066688,Male,25-34,White - English/Welsh/Scottish/Northern Irish/British,White,Police and Criminal Evidence Act 1984 (section 1),Article for use in theft,A no further action disposal,True,False
Person search,2022-11-04T03:20:00+00:00,False,,52.048998,-2.719698,Male,25-34,White - English/Welsh/Scottish/Northern Irish/British,White,Misuse of Drugs Act 1971 (section 23),Controlled drugs,Khat or Cannabis warning,True,
Person search,2022-11-04T05:05:30+00:00,False,,52.419298,-2.137481,Male,over 34,White - English/Welsh/Scottish/Northern Irish/British,White,Police and Criminal Evidence Act 1984 (section 1),Article for use in theft,Arrest,False,
Person search,2022-11-04T12:44:17+00:00,False,,52.388314,-2.249923,Female,over 34,White - English/Welsh/Scottish/Northern Irish/British,White,Police and Criminal Evidence Act 1984 (section 1),Evidence of offences under the Act,Arrest,False,
Person search,2022-11-04T12:45:03+00:00,False,,52.195596,-2.214913,Male,over 34,White - Irish,White,Police and Criminal Evidence Act 1984 (section 1),Stolen goods,Summons / charged by post,True,
Person search,2022-11-04T15:50:37+00:00,False,,52.706062,-2.524681,Male,18-24,White - English/Welsh/Scottish/Northern Irish/British,White,Police and Criminal Evidence Act 1984 (section 1),Anything to threaten or harm anyone,A no further action disposal,True,
Person and Vehicle search,2022-11-04T16:16:48+00:00,False,,,,Male,over 34,White - English/Welsh/Scottish/Northern Irish/British,White,Police and Criminal Evidence Act 1984 (section 1),Offensive weapons,Arrest,True,
Person search,2022-11-04T20:21:55+00:00,False,,,,Male,10-17,White - English/Welsh/Scottish/Northern Irish/British,White,Police and Criminal Evidence Act 1984 (section 1),Offensive weapons,A no further action disposal,True,
Person search,2022-11-04T22:16:17+00:00,False,,52.390333,-2.120845,Male,10-17,Other ethnic group - Not stated,White,Misuse of Drugs Act 1971 (section 23),Controlled drugs,Arrest,True,
Person search,2022-11-05T02:02:22+00:00,False,,52.134834,-2.069060,Female,10-17,White - English/Welsh/Scottish/Northern Irish/British,White,Misuse of Drugs Act 1971 (section 23),Controlled drugs,A no further action disposal,True,
Person search,2022-11-05T02:03:53+00:00,False,,52.134834,-2.069060,Female,10-17,White - English/Welsh/Scottish/Northern Irish/British,White,Misuse of Drugs Act 1971 (section 23),Controlled drugs,A no further action disposal,True,
Person search,2022-11-05T02:04:16+00:00,False,,52.196039,-2.227643,Male,over 34,White - English/Welsh/Scottish/Northern Irish/British,White,Misuse of Drugs Act 1971 (section 23),Controlled drugs,A no further action disposal,True,False
Person search,2022-11-05T16:03:50+00:00,False,,52.193238,-2.221089,Male,10-17,White - English/Welsh/Scottish/Northern Irish/British,White,Police and Criminal Evidence Act 1984 (section 1),Offensive weapons,Arrest,True,
Person search,2022-11-05T16:05:00+00:00,False,,52.726564,-2.730777,Male,18-24,White - English/Welsh/Scottish/Northern Irish/British,White,Criminal Justice Act 1988 (section 139B),Offensive weapons,Arrest,True,
Person search,2022-11-05T16:39:01+00:00,False,,52.537177,-2.419107,Male,10-17,White - English/Welsh/Scottish/Northern Irish/British,White,Misuse of Drugs Act 1971 (section 23),Controlled drugs,A no further action disposal,True,
Person search,2022-11-05T16:39:01+00:00,False,,52.537177,-2.419107,Male,10-17,White - English/Welsh/Scottish/Northern Irish/British,White,Misuse of Drugs Act 1971 (section 23),Controlled drugs,A no further action disposal,True,False
Person search,2022-11-05T16:52:00+00:00,False,,52.195666,-2.215571,Male,10-17,Black/African/Caribbean/Black British - Caribbean,Black,Police and Criminal Evidence Act 1984 (section 1),Stolen goods,A no further action disposal,True,False
Person search,2022-11-05T16:53:51+00:00,False,,52.192781,-2.215119,Male,10-17,White - English/Welsh/Scottish/Northern Irish/British,White,Police and Criminal Evidence Act 1984 (section 1),Stolen goods,A no further action disposal,True,
Person search,2022-11-05T17:00:00+00:00,False,,52.193650,-2.221940,Male,10-17,White - English/Welsh/Scottish/Northern Irish/British,White,Police and Criminal Evidence Act 1984 (section 1),Stolen goods,A no further action disposal,True,
Person search,2022-11-05T17:00:00+00:00,False,,52.193650,-2.221940,Male,10-17,White - English/Welsh/Scottish/Northern Irish/British,White,Police and Criminal Evidence Act 1984 (section 1),Stolen goods,A no further action disposal,True,
Person search,2022-11-05T17:07:43+00:00,False,,52.197293,-2.215623,Male,10-17,Other ethnic group - Not stated,Mixed,Police and Criminal Evidence Act 1984 (section 1),Stolen goods,A no further action disposal,True,
Person search,2022-11-05T17:09:23+00:00,False,,52.194015,-2.218621,Male,10-17,White - English/Welsh/Scottish/Northern Irish/British,White,Criminal Justice Act 1988 (section 139B),Stolen goods,A no further action disposal,True,False
Person search,2022-11-05T23:25:33+00:00,False,,52.190845,-2.231303,Male,18-24,Other ethnic group - Not stated,Asian,Police and Criminal Evidence Act 1984 (section 1),Offensive weapons,A no further action disposal,True,
Person search,2022-11-06T01:08:48+00:00,False,,52.056313,-2.714347,Male,25-34,White - English/Welsh/Scottish/Northern Irish/British,White,Misuse of Drugs Act 1971 (section 23),Controlled drugs,Khat or Cannabis warning,True,
Person search,2022-11-06T01:08:48+00:00,False,,52.056313,-2.714347,Male,18-24,White - English/Welsh/Scottish/Northern Irish/British,White,Misuse of Drugs Act 1971 (section 23),Controlled drugs,Khat or Cannabis warning,True,
Person search,2022-11-06T15:46:24+00:00,False,,52.663518,-2.301940,Male,18-24,White - Gypsy or Irish Traveller,White,Misuse of Drugs Act 1971 (section 23),Controlled drugs,Arrest,False,
Person search,2022-11-06T17:03:00+00:00,False,,52.385415,-2.247776,Male,18-24,White - English/Welsh/Scottish/Northern Irish/British,White,Misuse of Drugs Act 1971 (section 23),Controlled drugs,A no further action disposal,True,False
Person search,2022-11-06T17:03:00+00:00,False,,52.385415,-2.247776,Male,18-24,White - English/Welsh/Scottish/Northern Irish/British,White,Misuse of Drugs Act 1971 (section 23),Controlled drugs,A no further action disposal,True,False
Person search,2022-11-06T17:05:30+00:00,False,,52.373402,-2.261134,Male,18-24,White - English/Welsh/Scottish/Northern Irish/British,White,Misuse of Drugs Act 1971 (section 23),Controlled drugs,A no further action disposal,True,False
Person search,2022-11-06T20:21:09+00:00,False,,52.206693,-2.202908,Male,18-24,White - English/Welsh/Scottish/Northern Irish/British,White,Police and Criminal Evidence Act 1984 (section 1),Stolen goods,A no further action disposal,True,
Person search,2022-11-06T20:25:19+00:00,False,,52.205393,-2.211331,Male,over 34,White - English/Welsh/Scottish/Northern Irish/British,White,Police and Criminal Evidence Act 1984 (section 1),Stolen goods,Arrest,False,False
Person and Vehicle search,2022-11-06T23:03:05+00:00,False,,52.714635,-2.439281,Male,over 34,White - English/Welsh/Scottish/Northern Irish/British,White,Police and Criminal Evidence Act 1984 (section 1),Stolen goods,A no further action disposal,True,
Person search,2022-11-07T10:49:05+00:00,False,,52.163295,-2.245823,Male,over 34,White - English/Welsh/Scottish/Northern Irish/British,White,Misuse of Drugs Act 1971 (section 23),Controlled drugs,Khat or Cannabis warning,True,False
Person search,2022-11-07T15:02:14+00:00,False,,,,Male,over 34,White - English/Welsh/Scottish/Northern Irish/British,White,Police and Criminal Evidence Act 1984 (section 1),Offensive weapons,Arrest,True,
Person and Vehicle search,2022-11-07T15:02:32+00:00,False,,52.528633,-2.427619,Male,18-24,White - English/Welsh/Scottish/Northern Irish/British,White,Misuse of Drugs Act 1971 (section 23),Controlled drugs,Arrest,False,
Person and Vehicle search,2022-11-07T15:02:32+00:00,False,,52.528977,-2.411865,Male,18-24,White - English/Welsh/Scottish/Northern Irish/British,White,Misuse of Drugs Act 1971 (section 23),Controlled drugs,Caution (simple or conditional),True,
Person and Vehicle search,2022-11-07T15:02:32+00:00,False,,52.528633,-2.427619,Male,10-17,White - Any other White background,White,Misuse of Drugs Act 1971 (section 23),Controlled drugs,Caution (simple or conditional),False,
Person search,2022-11-08T15:00:00+00:00,False,,52.121704,-2.330775,Female,18-24,White - English/Welsh/Scottish/Northern Irish/British,White,Misuse of Drugs Act 1971 (section 23),Controlled drugs,Arrest,True,
Person and Vehicle search,2022-11-08T15:14:54+00:00,False,,52.129223,-2.316704,Female,18-24,White - English/Welsh/Scottish/Northern Irish/British,White,Misuse of Drugs Act 1971 (section 23),Controlled drugs,Arrest,True,
Person search,2022-11-08T19:26:23+00:00,False,,52.290165,-1.922662,Male,10-17,White - English/Welsh/Scottish/Northern Irish/British,White,Police and Criminal Evidence Act 1984 (section 1),Offensive weapons,A no further action disposal,True,
Person search,2022-11-08T19:27:40+00:00,False,,52.290165,-1.922662,Male,10-17,White - English/Welsh/Scottish/Northern Irish/British,White,Police and Criminal Evidence Act 1984 (section 1),Article for use in theft,A no further action disposal,True,
Person search,2022-11-08T19:32:07+00:00,False,,52.290165,-1.922662,Male,10-17,White - English/Welsh/Scottish/Northern Irish/British,White,Police and Criminal Evidence Act 1984 (section 1),Anything to threaten or harm anyone,A no further action disposal,True,
Person search,2022-11-08T19:34:02+00:00,False,,52.288017,-1.923795,Male,10-17,White - English/Welsh/Scottish/Northern Irish/British,White,Police and Criminal Evidence Act 1984 (section 1),Articles for use in criminal damage,A no further action disposal,True,
Person search,2022-11-08T19:50:16+00:00,False,,,,Male,18-24,White - English/Welsh/Scottish/Northern Irish/British,White,Police and Criminal Evidence Act 1984 (section 1),Offensive weapons,Arrest,True,
Person search,2022-11-08T22:03:30+00:00,False,,52.348288,-2.367375,Male,18-24,White - Gypsy or Irish Traveller,White,Police and Criminal Evidence Act 1984 (section 1),Stolen goods,Arrest,True,
Person search,2022-11-09T09:41:04+00:00,False,,,,Male,over 34,White - English/Welsh/Scottish/Northern Irish/British,White,Poaching Prevention Act 1862 (section 2),Game or poaching equipment,A no further action disposal,True,
Person and Vehicle search,2022-11-09T14:56:48+00:00,False,,,,Female,over 34,White - English/Welsh/Scottish/Northern Irish/British,White,Misuse of Drugs Act 1971 (section 23),Controlled drugs,A no further action disposal,True,
Person search,2022-11-09T15:26:14+00:00,False,,52.056894,-2.711636,Female,10-17,White - English/Welsh/Scottish/Northern Irish/British,White,Police and Criminal Evidence Act 1984 (section 1),Stolen goods,Community resolution,True,
Person search,2022-11-09T16:48:05+00:00,False,,52.055531,-2.711417,Female,25-34,White - English/Welsh/Scottish/Northern Irish/British,White,Police and Criminal Evidence Act 1984 (section 1),Stolen goods,A no further action disposal,True,
Person search,2022-11-09T16:50:37+00:00,False,,,,Male,over 34,White - English/Welsh/Scottish/Northern Irish/British,White,Police and Criminal Evidence Act 1984 (section 1),Stolen goods,A no further action disposal,True,False
Person search,2022-11-09T18:27:43+00:00,False,,52.339635,-2.049272,Male,25-34,White - Any other White background,White,Police and Criminal Evidence Act 1984 (section 1),Article for use in theft,Arrest,True,
Person search,2022-11-09T19:27:57+00:00,False,,52.303896,-1.926921,Male,over 34,Other ethnic group - Not stated,Other,Police and Criminal Evidence Act 1984 (section 1),Offensive weapons,A no further action disposal,True,
Person search,2022-11-09T20:13:08+00:00,False,,52.306517,-1.936200,Male,over 34,Black/African/Caribbean/Black British - Caribbean,Mixed,Police and Criminal Evidence Act 1984 (section 1),Offensive weapons,A no further action disposal,True,
Person and Vehicle search,2022-11-10T00:02:00+00:00,False,,52.113371,-2.330290,Male,18-24,White - English/Welsh/Scottish/Northern Irish/British,White,Police and Criminal Evidence Act 1984 (section 1),Article for use in theft,A no further action disposal,True,
Person search,2022-11-10T01:27:33+00:00,False,,52.701600,-2.431899,Male,10-17,White - English/Welsh/Scottish/Northern Irish/British,White,Police and Criminal Evidence Act 1984 (section 1),Offensive weapons,Arrest,False,
Person search,2022-11-10T11:15:00+00:00,False,,52.716376,-2.725278,Female,over 34,White - English/Welsh/Scottish/Northern Irish/British,White,Misuse of Drugs Act 1971 (section 23),Controlled drugs,A no further action disposal,True,True
Person and Vehicle search,2022-11-10T11:15:00+00:00,False,,52.711036,-2.759722,Male,over 34,White - English/Welsh/Scottish/Northern Irish/British,White,Misuse of Drugs Act 1971 (section 23),Controlled drugs,Arrest,True,True
Person and Vehicle search,2022-11-10T12:25:38+00:00,False,,52.716376,-2.725278,Male,over 34,White - English/Welsh/Scottish/Northern Irish/British,White,Misuse of Drugs Act 1971 (section 23),Controlled drugs,A no further action disposal,True,
Person search,2022-11-10T15:56:19+00:00,False,,,,Male,10-17,White - English/Welsh/Scottish/Northern Irish/British,White,Police and Criminal Evidence Act 1984 (section 1),Offensive weapons,A no further action disposal,True,
Person search,2022-11-10T15:59:10+00:00,False,,52.105700,-2.150821,Male,10-17,White - English/Welsh/Scottish/Northern Irish/British,Mixed,Police and Criminal Evidence Act 1984 (section 1),Offensive weapons,A no further action disposal,True,False
Person search,2022-11-10T20:20:26+00:00,False,,52.668039,-2.454074,Male,,White - Any other White background,White,Police and Criminal Evidence Act 1984 (section 1),Offensive weapons,A no further action disposal,True,
Person search,2022-11-10T22:39:15+00:00,False,,52.717928,-2.477894,Male,18-24,White - Any other White background,White,Police and Criminal Evidence Act 1984 (section 1),Article for use in theft,Arrest,False,
Person search,2022-11-10T22:41:59+00:00,False,,52.702602,-2.454729,Male,18-24,Other ethnic group - Not stated,Other,Police and Criminal Evidence Act 1984 (section 1),Article for use in theft,Arrest,False,
Person search,2022-11-11T00:42:30+00:00,False,,52.366070,-2.037435,Male,18-24,White - English/Welsh/Scottish/Northern Irish/British,White,Misuse of Drugs Act 1971 (section 23),Controlled drugs,Arrest,True,False
Person and Vehicle search,2022-11-11T00:45:13+00:00,False,,52.366070,-2.037435,Male,18-24,Black/African/Caribbean/Black British - Any other Black/African/Caribbean background,Black,Misuse of Drugs Act 1971 (section 23),Controlled drugs,A no further action disposal,True,False
Person and Vehicle search,2022-11-11T00:50:47+00:00,False,,52.366070,-2.037435,Male,18-24,Mixed/Multiple ethnic groups - Any other Mixed/Multiple ethnic background,Mixed,Misuse of Drugs Act 1971 (section 23),Controlled drugs,Community resolution,True,False
Person and Vehicle search,2022-11-11T00:52:06+00:00,False,,52.366070,-2.037435,Female,18-24,White - English/Welsh/Scottish/Northern Irish/British,White,Misuse of Drugs Act 1971 (section 23),Controlled drugs,A no further action disposal,True,False
Person search,2022-11-11T14:56:26+00:00,False,,,,Male,10-17,White - English/Welsh/Scottish/Northern Irish/British,White,Misuse of Drugs Act 1971 (section 23),Controlled drugs,Khat or Cannabis warning,True,
Person and Vehicle search,2022-11-11T15:32:08+00:00,False,,,,Male,25-34,White - English/Welsh/Scottish/Northern Irish/British,White,Misuse of Drugs Act 1971 (section 23),Controlled drugs,A no further action disposal,True,
Person and Vehicle search,2022-11-11T16:09:48+00:00,False,,52.172379,-2.184898,Male,over 34,White - English/Welsh/Scottish/Northern Irish/British,White,Firearms Act 1968 (section 47),Firearms,Arrest,True,
Person and Vehicle search,2022-11-11T16:11:47+00:00,False,,52.172379,-2.184898,Female,over 34,White - Any other White background,White,Police and Criminal Evidence Act 1984 (section 1),Firearms,A no further action disposal,True,
Person search,2022-11-11T17:23:34+00:00,True,,52.674431,-2.446908,Male,10-17,White - English/Welsh/Scottish/Northern Irish/British,White,Misuse of Drugs Act 1971 (section 23),Controlled drugs,A no further action disposal,True,
Person search,2022-11-11T18:00:00+00:00,True,,52.675434,-2.447909,Male,18-24,White - English/Welsh/Scottish/Northern Irish/British,White,Police and Criminal Evidence Act 1984 (section 1),Article for use in theft,Arrest,False,
Person search,2022-11-11T18:11:28+00:00,False,,52.674146,-2.455868,Male,over 34,White - English/Welsh/Scottish/Northern Irish/British,White,Police and Criminal Evidence Act 1984 (section 1),Anything to threaten or harm anyone,A no further action disposal,True,
Person search,2022-11-11T19:21:22+00:00,False,,52.196434,-2.224264,Male,10-17,Other ethnic group - Not stated,White,Police and Criminal Evidence Act 1984 (section 1),Offensive weapons,A no further action disposal,True,
Person and Vehicle search,2022-11-12T00:25:14+00:00,False,,52.292454,-2.114728,Male,25-34,White - Any other White background,White,Police and Criminal Evidence Act 1984 (section 1),Article for use in theft,Arrest,True,
Person search,2022-11-12T00:33:35+00:00,False,,52.307402,-1.943723,Male,,Other ethnic group - Not stated,White,Police and Criminal Evidence Act 1984 (section 1),Stolen goods,A no further action disposal,True,
Person search,2022-11-12T00:34:33+00:00,False,,52.307402,-1.943723,Male,,White - English/Welsh/Scottish/Northern Irish/British,White,Police and Criminal Evidence Act 1984 (section 1),Stolen goods,A no further action disposal,True,
Person search,2022-11-12T00:55:43+00:00,False,,52.295796,-2.085924,Male,over 34,White - English/Welsh/Scottish/Northern Irish/British,White,Police and Criminal Evidence Act 1984 (section 1),Offensive weapons,Community resolution,True,
Person and Vehicle search,2022-11-12T05:00:50+00:00,False,,52.220138,-2.183721,Male,25-34,White - English/Welsh/Scottish/Northern Irish/British,White,Police and Criminal Evidence Act 1984 (section 1),Stolen goods,Summons / charged by post,False,
Person and Vehicle search,2022-11-12T05:04:26+00:00,False,,52.220138,-2.183721,Male,25-34,White - English/Welsh/Scottish/Northern Irish/British,White,Police and Criminal Evidence Act 1984 (section 1),Article for use in theft,A no further action disposal,True,
Person search,2022-11-12T11:10:14+00:00,False,,52.307200,-1.935422,Male,over 34,Other ethnic group - Any other ethnic group,White,Police and Criminal Evidence Act 1984 (section 1),Article for use in theft,Community resolution,False,True
Person search,2022-11-12T17:19:21+00:00,False,,52.343577,-2.274859,Female,10-17,White - English/Welsh/Scottish/Northern Irish/British,White,Police and Criminal Evidence Act 1984 (section 1),Article for use in theft,A no further action disposal,True,False
Person search,2022-11-12T17:20:18+00:00,False,,52.344090,-2.274936,Male,10-17,White - English/Welsh/Scottish/Northern Irish/British,White,Police and Criminal Evidence Act 1984 (section 1),Articles for use in criminal damage,A no further action disposal,True,
Person search,2022-11-12T17:20:27+00:00,False,,52.344090,-2.274936,Female,10-17,White - English/Welsh/Scottish/Northern Irish/British,White,Police and Criminal Evidence Act 1984 (section 1),Articles for use in criminal damage,A no further action disposal,True,False
Person search,2022-11-12T17:22:40+00:00,False,,52.369271,-2.259230,Female,10-17,White - English/Welsh/Scottish/Northern Irish/British,White,Police and Criminal Evidence Act 1984 (section 1),Article for use in theft,A no further action disposal,True,
Person search,2022-11-13T00:50:00+00:00,False,,52.392446,-2.090036,Male,25-34,Asian/Asian British - Pakistani,Asian,Misuse of Drugs Act 1971 (section 23),Controlled drugs,Community resolution,True,
Person search,2022-11-13T06:37:52+00:00,False,,52.384624,-2.238633,Male,25-34,White - English/Welsh/Scottish/Northern Irish/British,White,Police and Criminal Evidence Act 1984 (section 1),Anything to threaten or harm anyone,Arrest,False,
Person search,2022-11-13T12:30:00+00:00,False,,,,Male,over 34,White - English/Welsh/Scottish/Northern Irish/British,White,Police and Criminal Evidence Act 1984 (section 1),Stolen goods,Community resolution,True,False
Person search,2022-11-13T15:14:42+00:00,False,,,,Male,10-17,White - English/Welsh/Scottish/Northern Irish/British,White,Police and Criminal Evidence Act 1984 (section 1),Offensive weapons,Arrest,True,
Person search,2022-11-13T16:44:30+00:00,False,,52.192602,-2.214547,Female,over 34,White - English/Welsh/Scottish/Northern Irish/British,White,Police and Criminal Evidence Act 1984 (section 1),Articles for use in criminal damage,A no further action disposal,True,
Person search,2022-11-13T16:45:23+00:00,False,,52.192602,-2.214547,Male,over 34,White - Any other White background,White,Police and Criminal Evidence Act 1984 (section 1),Article for use in theft,A no further action disposal,True,
Person search,2022-11-13T16:47:13+00:00,False,,52.188117,-2.219031,Female,over 34,White - English/Welsh/Scottish/Northern Irish/British,White,Misuse of Drugs Act 1971 (section 23),Controlled drugs,A no further action disposal,True,True
Person search,2022-11-13T17:44:31+00:00,False,,,,Male,18-24,White - English/Welsh/Scottish/Northern Irish/British,White,Misuse of Drugs Act 1971 (section 23),Controlled drugs,A no further action disposal,True,
Person search,2022-11-13T17:45:32+00:00,False,,,,Female,18-24,White - English/Welsh/Scottish/Northern Irish/British,White,Misuse of Drugs Act 1971 (section 23),Controlled drugs,A no further action disposal,True,
Person search,2022-11-14T08:36:00+00:00,False,,52.302657,-1.893251,Male,10-17,White - English/Welsh/Scottish/Northern Irish/British,White,Police and Criminal Evidence Act 1984 (section 1),Offensive weapons,Arrest,True,
Person search,2022-11-14T09:20:49+00:00,False,,52.715149,-2.753369,Male,18-24,White - English/Welsh/Scottish/Northern Irish/British,White,Misuse of Drugs Act 1971 (section 23),Controlled drugs,Summons / charged by post,True,False
Person search,2022-11-14T11:13:33+00:00,False,,52.678430,-2.449804,Male,over 34,White - English/Welsh/Scottish/Northern Irish/British,White,Police and Criminal Evidence Act 1984 (section 1),Offensive weapons,A no further action disposal,True,
Person search,2022-11-14T13:34:14+00:00,False,,52.055531,-2.711417,Male,25-34,White - Gypsy or Irish Traveller,White,Police and Criminal Evidence Act 1984 (section 1),Stolen goods,Arrest,True,
Person search,2022-11-14T21:23:08+00:00,False,,52.061404,-2.268618,Male,18-24,White - English/Welsh/Scottish/Northern Irish/British,White,Misuse of Drugs Act 1971 (section 23),Controlled drugs,Community resolution,True,
Person and Vehicle search,2022-11-14T21:33:05+00:00,False,,52.061404,-2.268618,Male,18-24,Other ethnic group - Not stated,White,Misuse of Drugs Act 1971 (section 23),Controlled drugs,A no further action disposal,True,
Person search,2022-11-14T21:49:00+00:00,False,,52.312994,-1.939029,Female,25-34,Other ethnic group - Not stated,Black,Police and Criminal Evidence Act 1984 (section 1),Stolen goods,A no further action disposal,True,
Person search,2022-11-14T21:52:59+00:00,False,,52.312994,-1.939029,Male,over 34,White - English/Welsh/Scottish/Northern Irish/British,White,Police and Criminal Evidence Act 1984 (section 1),Stolen goods,A no further action disposal,True,
Person search,2022-11-14T22:07:55+00:00,False,,,,Male,10-17,White - English/Welsh/Scottish/Northern Irish/British,White,Firearms Act 1968 (section 47),Firearms,Arrest,True,
Person search,2022-11-14T22:12:30+00:00,False,,52.725452,-2.738962,Male,10-17,White - English/Welsh/Scottish/Northern Irish/British,White,Firearms Act 1968 (section 47),Firearms,Arrest,False,
Person search,2022-11-14T22:14:12+00:00,False,,52.725465,-2.739836,Male,18-24,White - English/Welsh/Scottish/Northern Irish/British,White,Firearms Act 1968 (section 47),Firearms,Arrest,True,
Person search,2022-11-14T22:15:27+00:00,False,,52.725452,-2.738962,Male,18-24,White - English/Welsh/Scottish/Northern Irish/British,White,Firearms Act 1968 (section 47),Firearms,Arrest,False,
Person and Vehicle search,2022-11-15T00:44:38+00:00,False,,52.186762,-2.212998,Male,25-34,Asian/Asian British - Pakistani,Asian,Misuse of Drugs Act 1971 (section 23),Controlled drugs,A no further action disposal,True,
Person search,2022-11-15T01:12:29+00:00,False,,52.182604,-2.219925,Male,10-17,White - Any other White background,White,Misuse of Drugs Act 1971 (section 23),Controlled drugs,A no further action disposal,True,
Person search,2022-11-15T01:34:01+00:00,False,,52.108031,-2.073297,Male,10-17,White - English/Welsh/Scottish/Northern Irish/British,White,Misuse of Drugs Act 1971 (section 23),Controlled drugs,Khat or Cannabis warning,True,
Person and Vehicle search,2022-11-15T12:33:27+00:00,True,,,,Female,18-24,White - English/Welsh/Scottish/Northern Irish/British,White,Misuse of Drugs Act 1971 (section 23),Controlled drugs,Arrest,True,
Person and Vehicle search,2022-11-15T12:34:00+00:00,False,,,,Male,18-24,White - English/Welsh/Scottish/Northern Irish/British,White,Misuse of Drugs Act 1971 (section 23),Controlled drugs,Arrest,True,
Person and Vehicle search,2022-11-15T12:37:55+00:00,False,,52.286613,-1.936038,Female,18-24,White - Any other White background,White,Misuse of Drugs Act 1971 (section 23),Controlled drugs,Arrest,False,
Person search,2022-11-15T17:25:00+00:00,False,,52.232858,-2.729873,Male,over 34,Asian/Asian British - Indian,Asian,Police and Criminal Evidence Act 1984 (section 1),Stolen goods,A no further action disposal,True,
Person search,2022-11-15T18:07:42+00:00,True,,,,Male,over 34,White - English/Welsh/Scottish/Northern Irish/British,White,Misuse of Drugs Act 1971 (section 23),Controlled drugs,Arrest,True,True
Person and Vehicle search,2022-11-15T19:13:32+00:00,True,,,,Male,25-34,Asian/Asian British - Pakistani,Asian,Misuse of Drugs Act 1971 (section 23),Controlled drugs,A no further action disposal,True,
Person and Vehicle search,2022-11-15T22:48:36+00:00,False,,,,Male,18-24,White - English/Welsh/Scottish/Northern Irish/British,White,Misuse of Drugs Act 1971 (section 23),Controlled drugs,A no further action disposal,True,
Person search,2022-11-15T22:56:58+00:00,False,,52.676579,-2.449548,Female,18-24,White - English/Welsh/Scottish/Northern Irish/British,White,Misuse of Drugs Act 1971 (section 23),Controlled drugs,A no further action disposal,True,
Person and Vehicle search,2022-11-16T10:15:14+00:00,False,,52.632364,-2.435959,Male,25-34,White - English/Welsh/Scottish/Northern Irish/British,White,Police and Criminal Evidence Act 1984 (section 1),Anything to threaten or harm anyone,A no further action disposal,True,
Person search,2022-11-16T10:15:42+00:00,False,,52.632364,-2.435959,Male,25-34,White - English/Welsh/Scottish/Northern Irish/British,White,Misuse of Drugs Act 1971 (section 23),Controlled drugs,A no further action disposal,True,
Person and Vehicle search,2022-11-16T14:04:39+00:00,False,,52.718791,-2.727376,Male,over 34,White - Any other White background,White,Misuse of Drugs Act 1971 (section 23),Controlled drugs,Arrest,True,
Person search,2022-11-16T14:38:58+00:00,False,,52.306517,-1.936200,Male,18-24,White - English/Welsh/Scottish/Northern Irish/British,White,Police and Criminal Evidence Act 1984 (section 1),Offensive weapons,A no further action disposal,True,
Person search,2022-11-16T22:30:00+00:00,False,,52.306627,-1.940541,Male,18-24,Other ethnic group - Not stated,Asian,Police and Criminal Evidence Act 1984 (section 1),Offensive weapons,Arrest,False,
Person search,2022-11-16T22:31:15+00:00,False,,52.306627,-1.940541,Male,18-24,Other ethnic group - Not stated,Asian,Criminal Justice Act 1988 (section 139B),Offensive weapons,Arrest,False,
Person search,2022-11-16T22:40:47+00:00,False,,52.215400,-2.195030,Male,25-34,White - English/Welsh/Scottish/Northern Irish/British,White,Police and Criminal Evidence Act 1984 (section 1),Stolen goods,Arrest,True,
Person search,2022-11-16T22:54:00+00:00,False,,52.215519,-2.193713,Male,10-17,Other ethnic group - Not stated,White,Police and Criminal Evidence Act 1984 (section 1),Stolen goods,Arrest,False,
Person search,2022-11-16T22:54:36+00:00,False,,52.215519,-2.193713,Male,18-24,White - Any other White background,White,Police and Criminal Evidence Act 1984 (section 1),Article for use in theft,Arrest,True,
Person search,2022-11-17T14:05:26+00:00,False,,52.187051,-2.216890,Male,over 34,White - English/Welsh/Scottish/Northern Irish/British,White,Misuse of Drugs Act 1971 (section 23),Controlled drugs,A no further action disposal,True,
Person search,2022-11-17T18:56:35+00:00,False,,52.338608,-2.057121,Male,25-34,White - English/Welsh/Scottish/Northern Irish/British,White,Police and Criminal Evidence Act 1984 (section 1),Stolen goods,Community resolution,False,
Person search,2022-11-17T23:51:29+00:00,False,,52.740530,-2.735736,Male,10-17,White - English/Welsh/Scottish/Northern Irish/British,White,Misuse of Drugs Act 1971 (section 23),Controlled drugs,A no further action disposal,True,
Person and Vehicle search,2022-11-17T23:54:50+00:00,False,,52.738185,-2.732616,Male,over 34,White - English/Welsh/Scottish/Northern Irish/British,White,Misuse of Drugs Act 1971 (section 23),Controlled drugs,Arrest,True,
Person search,2022-11-18T04:30:40+00:00,False,,52.704026,-2.489937,Male,over 34,White - Any other White background,White,Police and Criminal Evidence Act 1984 (section 1),Stolen goods,A no further action disposal,True,
Person search,2022-11-18T12:54:57+00:00,False,,52.654205,-2.434728,Male,over 34,White - English/Welsh/Scottish/Northern Irish/British,White,Misuse of Drugs Act 1971 (section 23),Controlled drugs,Khat or Cannabis warning,True,
Person search,2022-11-18T12:57:11+00:00,False,,52.654205,-2.434728,Male,over 34,White - English/Welsh/Scottish/Northern Irish/British,White,Misuse of Drugs Act 1971 (section 23),Controlled drugs,A no further action disposal,True,
Person search,2022-11-18T13:17:08+00:00,False,,52.674057,-2.431597,Male,18-24,White - English/Welsh/Scottish/Northern Irish/British,White,Misuse of Drugs Act 1971 (section 23),Controlled drugs,A no further action disposal,True,
Person search,2022-11-18T16:02:05+00:00,False,,52.708103,-2.754580,Male,18-24,White - English/Welsh/Scottish/Northern Irish/British,White,Police and Criminal Evidence Act 1984 (section 1),Offensive weapons,A no further action disposal,True,
Person search,2022-11-18T16:16:45+00:00,False,,,,Male,25-34,White - English/Welsh/Scottish/Northern Irish/British,White,Police and Criminal Evidence Act 1984 (section 1),Offensive weapons,A no further action disposal,True,
Person and Vehicle search,2022-11-18T18:15:19+00:00,False,,52.130956,-2.099411,Male,over 34,White - English/Welsh/Scottish/Northern Irish/British,White,Misuse of Drugs Act 1971 (section 23),Controlled drugs,Arrest,True,
Person and Vehicle search,2022-11-18T22:07:58+00:00,False,,52.396489,-2.015475,Male,18-24,Mixed/Multiple ethnic groups - White and Asian,White,Misuse of Drugs Act 1971 (section 23),Controlled drugs,Arrest,False,
Person and Vehicle search,2022-11-18T22:09:44+00:00,False,,52.396651,-2.015681,Male,18-24,White - English/Welsh/Scottish/Northern Irish/British,White,Misuse of Drugs Act 1971 (section 23),Controlled drugs,Khat or Cannabis warning,True,
Person and Vehicle search,2022-11-18T22:10:48+00:00,False,,52.396651,-2.015681,Male,18-24,White - English/Welsh/Scottish/Northern Irish/British,White,Misuse of Drugs Act 1971 (section 23),Controlled drugs,Khat or Cannabis warning,True,
Person search,2022-11-18T23:34:12+00:00,False,,52.672462,-2.444714,Male,10-17,Other ethnic group - Not stated,White,Misuse of Drugs Act 1971 (section 23),Controlled drugs,A no further action disposal,True,False
Person search,2022-11-18T23:35:55+00:00,False,,52.672462,-2.444714,Male,18-24,Other ethnic group - Not stated,White,Misuse of Drugs Act 1971 (section 23),Controlled drugs,A no further action disposal,True,False
Person search,2022-11-18T23:37:45+00:00,False,,52.672462,-2.444714,Male,10-17,Other ethnic group - Not stated,White,Misuse of Drugs Act 1971 (section 23),Controlled drugs,A no further action disposal,True,False
Person search,2022-11-18T23:42:39+00:00,False,,,,Male,10-17,Other ethnic group - Not stated,White,Misuse of Drugs Act 1971 (section 23),Controlled drugs,A no further action disposal,True,False
Person search,2022-11-19T00:34:32+00:00,False,,52.727219,-2.733794,Male,18-24,White - English/Welsh/Scottish/Northern Irish/British,White,Misuse of Drugs Act 1971 (section 23),Controlled drugs,Arrest,False,
Person search,2022-11-19T00:52:21+00:00,False,,52.309615,-1.947460,Male,over 34,White - English/Welsh/Scottish/Northern Irish/British,White,Misuse of Drugs Act 1971 (section 23),Controlled drugs,A no further action disposal,True,
Person and Vehicle search,2022-11-19T02:02:13+00:00,False,,,,Male,,White - English/Welsh/Scottish/Northern Irish/British,White,Misuse of Drugs Act 1971 (section 23),Controlled drugs,A no further action disposal,True,
Person search,2022-11-19T12:03:45+00:00,False,,52.193874,-2.217318,Male,25-34,White - Any other White background,White,Police and Criminal Evidence Act 1984 (section 1),Stolen goods,Community resolution,True,False
Person search,2022-11-19T15:40:44+00:00,False,,,,Male,18-24,White - English/Welsh/Scottish/Northern Irish/British,White,Misuse of Drugs Act 1971 (section 23),Controlled drugs,Khat or Cannabis warning,True,
Person search,2022-11-19T15:48:34+00:00,False,,,,Female,18-24,White - English/Welsh/Scottish/Northern Irish/British,White,Misuse of Drugs Act 1971 (section 23),Controlled drugs,Khat or Cannabis warning,True,
Person search,2022-11-19T18:05:59+00:00,False,,52.298862,-1.944482,Male,10-17,White - English/Welsh/Scottish/Northern Irish/British,White,Police and Criminal Evidence Act 1984 (section 1),Offensive weapons,A no further action disposal,True,
Person search,2022-11-20T16:12:10+00:00,False,,52.354408,-2.043019,Female,over 34,White - Any other White background,White,Police and Criminal Evidence Act 1984 (section 1),Stolen goods,Arrest,True,
Person search,2022-11-20T16:12:10+00:00,False,,52.364808,-1.950905,Male,25-34,White - Any other White background,White,Police and Criminal Evidence Act 1984 (section 1),Stolen goods,Arrest,True,
Person and Vehicle search,2022-11-20T16:18:19+00:00,False,,52.391213,-2.120951,Female,18-24,White - Any other White background,White,Police and Criminal Evidence Act 1984 (section 1),Stolen goods,Arrest,True,
Person search,2022-11-20T16:19:42+00:00,False,,52.356484,-1.996035,Female,over 34,Other ethnic group - Not stated,White,Police and Criminal Evidence Act 1984 (section 1),Stolen goods,A no further action disposal,True,
Person and Vehicle search,2022-11-20T16:22:25+00:00,True,,52.364808,-1.950905,Male,10-17,Other ethnic group - Any other ethnic group,Other,Police and Criminal Evidence Act 1984 (section 1),Stolen goods,Arrest,True,
Person search,2022-11-20T18:10:58+00:00,False,,52.309357,-1.907492,Male,10-17,White - Any other White background,White,Criminal Justice Act 1988 (section 139B),Controlled drugs,A no further action disposal,True,
Person and Vehicle search,2022-11-20T21:46:59+00:00,False,,52.205140,-2.226343,Male,over 34,White - Any other White background,White,Police and Criminal Evidence Act 1984 (section 1),Offensive weapons,A no further action disposal,True,
Person and Vehicle search,2022-11-20T21:51:05+00:00,False,,52.205140,-2.226343,Female,25-34,White - Any other White background,White,Police and Criminal Evidence Act 1984 (section 1),Offensive weapons,A no further action disposal,True,
Person search,2022-11-20T22:04:18+00:00,False,,,,Male,10-17,White - English/Welsh/Scottish/Northern Irish/British,White,Police and Criminal Evidence Act 1984 (section 1),Offensive weapons,A no further action disposal,True,False
Person and Vehicle search,2022-11-21T01:14:10+00:00,False,,52.724153,-2.432581,Male,18-24,White - Gypsy or Irish Traveller,White,Misuse of Drugs Act 1971 (section 23),Controlled drugs,A no further action disposal,True,
Person search,2022-11-21T01:23:35+00:00,False,,52.724153,-2.432581,Male,18-24,White - Irish,White,Misuse of Drugs Act 1971 (section 23),Psychoactive substances,A no further action disposal,True,
Person search,2022-11-21T01:40:39+00:00,False,,52.388465,-2.246559,Male,10-17,White - English/Welsh/Scottish/Northern Irish/British,White,Police and Criminal Evidence Act 1984 (section 1),Offensive weapons,A no further action disposal,True,
Person search,2022-11-21T01:40:39+00:00,False,,52.387799,-2.246629,Male,10-17,White - English/Welsh/Scottish/Northern Irish/British,White,Police and Criminal Evidence Act 1984 (section 1),Offensive weapons,A no further action disposal,True,
Person search,2022-11-21T09:21:03+00:00,False,,52.212753,-2.222577,Male,over 34,White - English/Welsh/Scottish/Northern Irish/British,White,Police and Criminal Evidence Act 1984 (section 1),Offensive weapons,Arrest,False,
Person search,2022-11-21T12:47:20+00:00,True,,52.364808,-1.950905,Male,25-34,White - Any other White background,Mixed,Police and Criminal Evidence Act 1984 (section 1),Stolen goods,A no further action disposal,True,
Person search,2022-11-21T19:51:39+00:00,False,,52.390730,-2.263147,Male,10-17,White - English/Welsh/Scottish/Northern Irish/British,White,Police and Criminal Evidence Act 1984 (section 1),Offensive weapons,A no further action disposal,True,
Person search,2022-11-21T19:52:30+00:00,False,,,,Male,10-17,White - English/Welsh/Scottish/Northern Irish/British,White,Police and Criminal Evidence Act 1984 (section 1),Offensive weapons,A no further action disposal,True,
Person and Vehicle search,2022-11-21T23:39:14+00:00,False,,52.405833,-1.886997,Male,18-24,Other ethnic group - Arab,Asian,Misuse of Drugs Act 1971 (section 23),Controlled drugs,Arrest,True,
Person search,2022-11-21T23:45:18+00:00,False,,52.405833,-1.886997,Male,18-24,Black/African/Caribbean/Black British - Caribbean,Black,Misuse of Drugs Act 1971 (section 23),Controlled drugs,A no further action disposal,True,
Person search,2022-11-21T23:46:27+00:00,False,,52.405833,-1.886997,Male,18-24,Black/African/Caribbean/Black British - Caribbean,Black,Misuse of Drugs Act 1971 (section 23),Controlled drugs,A no further action disposal,True,
Person search,2022-11-22T11:48:24+00:00,False,,52.193650,-2.221940,Male,over 34,White - English/Welsh/Scottish/Northern Irish/British,White,Misuse of Drugs Act 1971 (section 23),Controlled drugs,A no further action disposal,True,
Person search,2022-11-22T13:30:49+00:00,False,,52.196434,-2.224264,Male,25-34,Black/African/Caribbean/Black British - African,Black,Misuse of Drugs Act 1971 (section 23),Controlled drugs,A no further action disposal,True,
Person search,2022-11-22T19:31:00+00:00,False,,,,Female,,Black/African/Caribbean/Black British - Any other Black/African/Caribbean background,Black,Police and Criminal Evidence Act 1984 (section 1),Stolen goods,Summons / charged by post,True,
Person search,2022-11-22T22:16:45+00:00,False,,52.267309,-2.153378,Male,10-17,Other ethnic group - Not stated,White,Police and Criminal Evidence Act 1984 (section 1),Article for use in theft,Community resolution,True,False
Person search,2022-11-23T04:07:59+00:00,False,,52.287922,-1.915644,Male,25-34,White - Any other White background,White,Misuse of Drugs Act 1971 (section 23),Controlled drugs,A no further action disposal,True,
Person search,2022-11-23T06:13:24+00:00,False,,52.196277,-2.225377,Male,10-17,White - English/Welsh/Scottish/Northern Irish/British,White,Police and Criminal Evidence Act 1984 (section 1),Article for use in theft,Arrest,False,
Person and Vehicle search,2022-11-23T10:21:13+00:00,False,,52.633792,-2.476090,Male,over 34,White - English/Welsh/Scottish/Northern Irish/British,White,Misuse of Drugs Act 1971 (section 23),Controlled drugs,A no further action disposal,True,
Person search,2022-11-23T15:00:00+00:00,False,,52.816592,-2.969636,Male,over 34,White - English/Welsh/Scottish/Northern Irish/British,White,Police and Criminal Evidence Act 1984 (section 1),Stolen goods,Arrest,False,
Person search,2022-11-23T16:15:00+00:00,False,,,,Male,over 34,Other ethnic group - Not stated,White,Police and Criminal Evidence Act 1984 (section 1),Stolen goods,A no further action disposal,True,
Person search,2022-11-23T16:16:28+00:00,False,,,,Male,25-34,White - English/Welsh/Scottish/Northern Irish/British,White,Police and Criminal Evidence Act 1984 (section 1),Stolen goods,Caution (simple or conditional),True,False
Person search,2022-11-23T17:00:00+00:00,False,,,,Male,18-24,White - English/Welsh/Scottish/Northern Irish/British,White,Misuse of Drugs Act 1971 (section 23),Controlled drugs,A no further action disposal,True,True
Person search,2022-11-23T17:13:04+00:00,False,,52.640108,-2.465710,Male,,Other ethnic group - Not stated,Black,Misuse of Drugs Act 1971 (section 23),Controlled drugs,A no further action disposal,True,False
Person search,2022-11-23T19:16:00+00:00,False,,,,Male,over 34,White - English/Welsh/Scottish/Northern Irish/British,White,Police and Criminal Evidence Act 1984 (section 1),Stolen goods,Arrest,False,
Person search,2022-11-23T19:26:17+00:00,False,,,,Male,over 34,White - English/Welsh/Scottish/Northern Irish/British,White,Police and Criminal Evidence Act 1984 (section 1),Stolen goods,Arrest,False,
Person and Vehicle search,2022-11-23T22:54:12+00:00,False,,52.722573,-2.748019,Male,over 34,White - English/Welsh/Scottish/Northern Irish/British,White,Police and Criminal Evidence Act 1984 (section 1),Stolen goods,A no further action disposal,True,
Person search,2022-11-24T02:40:09+00:00,False,,52.704190,-2.495992,Male,18-24,White - English/Welsh/Scottish/Northern Irish/British,White,Police and Criminal Evidence Act 1984 (section 1),Offensive weapons,Arrest,True,
Person search,2022-11-24T10:37:11+00:00,False,,,,Female,18-24,White - English/Welsh/Scottish/Northern Irish/British,White,Misuse of Drugs Act 1971 (section 23),Controlled drugs,Arrest,False,True
Person search,2022-11-24T10:48:52+00:00,False,,,,Male,18-24,Other ethnic group - Not stated,White,Misuse of Drugs Act 1971 (section 23),Controlled drugs,Arrest,True,True
Person search,2022-11-24T10:50:22+00:00,False,,52.716914,-2.728440,Male,25-34,White - English/Welsh/Scottish/Northern Irish/British,White,Misuse of Drugs Act 1971 (section 23),Controlled drugs,Arrest,False,True
Person search,2022-11-24T11:06:31+00:00,False,,,,Female,18-24,White - English/Welsh/Scottish/Northern Irish/British,White,Misuse of Drugs Act 1971 (section 23),Controlled drugs,Arrest,True,True
Person search,2022-11-24T15:57:39+00:00,False,,52.893189,-3.037194,Male,25-34,White - English/Welsh/Scottish/Northern Irish/British,White,Misuse of Drugs Act 1971 (section 23),Controlled drugs,A no further action disposal,True,
Person search,2022-11-24T16:03:13+00:00,False,,52.804972,-2.963741,Female,25-34,White - English/Welsh/Scottish/Northern Irish/British,White,Misuse of Drugs Act 1971 (section 23),Controlled drugs,A no further action disposal,True,
Person and Vehicle search,2022-11-24T16:04:17+00:00,False,,52.895352,-3.036577,Female,25-34,White - English/Welsh/Scottish/Northern Irish/British,White,Misuse of Drugs Act 1971 (section 23),Controlled drugs,A no further action disposal,True,
Person and Vehicle search,2022-11-24T17:12:25+00:00,False,,52.681008,-2.788977,Male,over 34,White - Any other White background,White,Misuse of Drugs Act 1971 (section 23),Controlled drugs,Arrest,True,
Person search,2022-11-24T17:38:03+00:00,False,,52.681008,-2.788977,Male,over 34,White - Any other White background,White,Misuse of Drugs Act 1971 (section 23),Controlled drugs,Arrest,True,
Person search,2022-11-24T18:28:10+00:00,False,,52.305195,-1.944845,Male,10-17,Mixed/Multiple ethnic groups - Any other Mixed/Multiple ethnic background,Mixed,Police and Criminal Evidence Act 1984 (section 1),Anything to threaten or harm anyone,A no further action disposal,True,
Person search,2022-11-25T14:00:22+00:00,False,,52.644065,-2.089415,Male,18-24,White - Gypsy or Irish Traveller,White,Police and Criminal Evidence Act 1984 (section 1),Stolen goods,Arrest,True,
Person search,2022-11-25T17:00:00+00:00,False,,52.380749,-2.301666,Male,10-17,White - English/Welsh/Scottish/Northern Irish/British,White,Police and Criminal Evidence Act 1984 (section 1),Offensive weapons,A no further action disposal,True,
Person search,2022-11-25T22:18:00+00:00,False,,52.332320,-2.060930,Female,18-24,Other ethnic group - Not stated,White,Misuse of Drugs Act 1971 (section 23),Controlled drugs,A no further action disposal,True,
Person search,2022-11-25T22:18:00+00:00,False,,52.332320,-2.060930,Male,18-24,Other ethnic group - Not stated,White,Misuse of Drugs Act 1971 (section 23),Controlled drugs,Community resolution,True,
Person search,2022-11-25T22:27:30+00:00,False,,52.691266,-2.493019,Male,18-24,White - English/Welsh/Scottish/Northern Irish/British,White,Misuse of Drugs Act 1971 (section 23),Controlled drugs,A no further action disposal,True,
Person search,2022-11-25T22:42:41+00:00,False,,,,Male,18-24,White - English/Welsh/Scottish/Northern Irish/British,White,Misuse of Drugs Act 1971 (section 23),Controlled drugs,A no further action disposal,True,
Person search,2022-11-25T22:44:12+00:00,False,,,,Male,18-24,White - English/Welsh/Scottish/Northern Irish/British,White,Misuse of Drugs Act 1971 (section 23),Controlled drugs,A no further action disposal,True,
Person search,2022-11-25T23:08:25+00:00,False,,52.717878,-2.744263,Male,18-24,White - Any other White background,White,Misuse of Drugs Act 1971 (section 23),Controlled drugs,A no further action disposal,True,
Person search,2022-11-26T01:03:00+00:00,False,,52.332949,-2.063176,Male,18-24,Other ethnic group - Not stated,White,Misuse of Drugs Act 1971 (section 23),Controlled drugs,A no further action disposal,True,
Person search,2022-11-26T01:03:00+00:00,False,,52.332949,-2.063176,Female,18-24,Other ethnic group - Not stated,White,Misuse of Drugs Act 1971 (section 23),Controlled drugs,Community resolution,False,
Person search,2022-11-26T01:03:56+00:00,False,,52.332949,-2.063176,Male,18-24,Other ethnic group - Not stated,Black,Misuse of Drugs Act 1971 (section 23),Controlled drugs,A no further action disposal,True,
Person and Vehicle search,2022-11-26T01:34:09+00:00,False,,52.216083,-2.189529,Male,18-24,Other ethnic group - Not stated,Asian,Misuse of Drugs Act 1971 (section 23),Controlled drugs,A no further action disposal,True,
Person search,2022-11-26T04:14:58+00:00,False,,52.391676,-2.254130,Male,10-17,White - English/Welsh/Scottish/Northern Irish/British,White,Police and Criminal Evidence Act 1984 (section 1),Article for use in theft,Caution (simple or conditional),False,False
Person search,2022-11-26T04:16:29+00:00,False,,52.402311,-2.175511,Male,10-17,White - English/Welsh/Scottish/Northern Irish/British,White,Police and Criminal Evidence Act 1984 (section 1),Article for use in theft,Caution (simple or conditional),False,
Person and Vehicle search,2022-11-26T04:55:31+00:00,False,,52.732208,-2.728132,Male,over 34,Asian/Asian British - Indian,Asian,Misuse of Drugs Act 1971 (section 23),Controlled drugs,Khat or Cannabis warning,False,
Person search,2022-11-26T09:20:46+00:00,False,,,,Male,25-34,White - English/Welsh/Scottish/Northern Irish/British,White,Police and Criminal Evidence Act 1984 (section 1),Offensive weapons,Arrest,True,
Person search,2022-11-26T14:40:09+00:00,False,,52.386977,-2.250123,Female,,White - English/Welsh/Scottish/Northern Irish/British,White,Police and Criminal Evidence Act 1984 (section 1),Stolen goods,A no further action disposal,True,
Person search,2022-11-26T14:40:09+00:00,False,,52.386977,-2.250123,Female,,White - English/Welsh/Scottish/Northern Irish/British,White,Police and Criminal Evidence Act 1984 (section 1),Stolen goods,A no further action disposal,True,
Person search,2022-11-26T14:44:12+00:00,False,,52.386977,-2.250123,Female,,Other ethnic group - Not stated,White,Police and Criminal Evidence Act 1984 (section 1),Stolen goods,A no further action disposal,True,
Person search,2022-11-27T03:16:35+00:00,False,,52.716376,-2.725278,Male,10-17,White - English/Welsh/Scottish/Northern Irish/British,White,Police and Criminal Evidence Act 1984 (section 1),Offensive weapons,Arrest,True,
Person search,2022-11-27T04:13:35+00:00,False,,52.056360,-2.711095,Male,,White - Any other White background,White,Police and Criminal Evidence Act 1984 (section 1),Offensive weapons,Arrest,True,
Person search,2022-11-27T09:14:31+00:00,False,,52.290646,-1.916108,Male,over 34,White - English/Welsh/Scottish/Northern Irish/British,White,Misuse of Drugs Act 1971 (section 23),Controlled drugs,A no further action disposal,True,False
Person search,2022-11-27T16:10:48+00:00,False,,52.421422,-2.143384,Male,18-24,White - English/Welsh/Scottish/Northern Irish/British,White,Misuse of Drugs Act 1971 (section 23),Controlled drugs,Community resolution,False,True
Person search,2022-11-27T20:23:21+00:00,False,,52.702778,-2.732126,Male,18-24,White - English/Welsh/Scottish/Northern Irish/British,White,Police and Criminal Evidence Act 1984 (section 1),Article for use in theft,Arrest,False,False
Person and Vehicle search,2022-11-27T23:07:38+00:00,False,,52.366328,-2.718428,Female,18-24,White - English/Welsh/Scottish/Northern Irish/British,White,Misuse of Drugs Act 1971 (section 23),Controlled drugs,A no further action disposal,True,
Person search,2022-11-27T23:10:32+00:00,False,,,,Male,18-24,White - English/Welsh/Scottish/Northern Irish/British,White,Misuse of Drugs Act 1971 (section 23),Controlled drugs,Khat or Cannabis warning,True,False
Person and Vehicle search,2022-11-28T16:05:00+00:00,False,,52.719271,-2.441109,Male,25-34,White - English/Welsh/Scottish/Northern Irish/British,White,Misuse of Drugs Act 1971 (section 23),Controlled drugs,Community resolution,False,
Person and Vehicle search,2022-11-28T16:05:00+00:00,False,,52.719271,-2.441109,Male,25-34,White - English/Welsh/Scottish/Northern Irish/British,White,Misuse of Drugs Act 1971 (section 23),Controlled drugs,Community resolution,True,
Person search,2022-11-29T03:53:00+00:00,False,,52.370705,-2.244110,Male,10-17,White - English/Welsh/Scottish/Northern Irish/British,White,Police and Criminal Evidence Act 1984 (section 1),Article for use in theft,A no further action disposal,True,
Person search,2022-11-29T15:15:00+00:00,False,,52.036741,-1.862046,Male,10-17,White - English/Welsh/Scottish/Northern Irish/British,White,Police and Criminal Evidence Act 1984 (section 1),Offensive weapons,Arrest,True,
Person search,2022-11-29T20:10:00+00:00,False,,52.195581,-2.241173,Male,18-24,White - English/Welsh/Scottish/Northern Irish/British,White,Police and Criminal Evidence Act 1984 (section 1),Article for use in theft,Arrest,True,
Person search,2022-11-29T20:45:00+00:00,False,,,,Male,10-17,White - English/Welsh/Scottish/Northern Irish/British,White,Police and Criminal Evidence Act 1984 (section 1),Offensive weapons,A no further action disposal,True,
Person search,2022-11-29T21:00:00+00:00,False,,52.269314,-2.159803,Male,10-17,White - English/Welsh/Scottish/Northern Irish/British,White,Police and Criminal Evidence Act 1984 (section 1),Offensive weapons,A no further action disposal,True,
Person search,2022-11-29T21:14:00+00:00,False,,52.269314,-2.159803,Male,10-17,White - English/Welsh/Scottish/Northern Irish/British,White,Police and Criminal Evidence Act 1984 (section 1),Offensive weapons,A no further action disposal,True,
Person search,2022-11-29T21:19:00+00:00,False,,,,Male,18-24,White - English/Welsh/Scottish/Northern Irish/British,White,Police and Criminal Evidence Act 1984 (section 1),Offensive weapons,A no further action disposal,True,
Person search,2022-11-30T01:08:00+00:00,False,,52.364808,-1.950905,Male,25-34,White - English/Welsh/Scottish/Northern Irish/British,White,Misuse of Drugs Act 1971 (section 23),Controlled drugs,A no further action disposal,True,True
Person search,2022-11-30T01:08:00+00:00,False,,52.364808,-1.950905,Male,25-34,White - English/Welsh/Scottish/Northern Irish/British,White,Misuse of Drugs Act 1971 (section 23),Controlled drugs,A no further action disposal,True,
Person search,2022-11-30T01:08:00+00:00,False,,52.364808,-1.950905,Male,25-34,White - English/Welsh/Scottish/Northern Irish/British,White,Misuse of Drugs Act 1971 (section 23),Controlled drugs,Arrest,True,
Person search,2022-11-30T10:45:48+00:00,False,,52.191685,-2.219473,Male,over 34,White - English/Welsh/Scottish/Northern Irish/British,White,Police and Criminal Evidence Act 1984 (section 1),Stolen goods,A no further action disposal,True,False
Person search,2022-11-30T12:19:21+00:00,False,,,,Female,25-34,White - English/Welsh/Scottish/Northern Irish/British,White,Misuse of Drugs Act 1971 (section 23),Controlled drugs,A no further action disposal,True,True
Person search,2022-11-30T12:21:03+00:00,False,,,,Female,over 34,White - English/Welsh/Scottish/Northern Irish/British,White,Misuse of Drugs Act 1971 (section 23),Controlled drugs,A no further action disposal,True,True
Person search,2022-11-30T19:36:30+00:00,False,,52.676579,-2.449548,Male,over 34,White - English/Welsh/Scottish/Northern Irish/British,White,Police and Criminal Evidence Act 1984 (section 1),Anything to threaten or harm anyone,Arrest,False,
Person search,2022-11-30T19:38:00+00:00,False,,52.714349,-2.751964,Male,over 34,White - English/Welsh/Scottish/Northern Irish/British,White,Misuse of Drugs Act 1971 (section 23),Controlled drugs,A no further action disposal,True,False
Person and Vehicle search,2022-11-30T21:44:39+00:00,False,,52.266195,-2.152583,Male,18-24,White - English/Welsh/Scottish/Northern Irish/British,White,Misuse of Drugs Act 1971 (section 23),Controlled drugs,Khat or Cannabis warning,True,
Person and Vehicle search,2022-11-30T21:44:39+00:00,False,,52.266195,-2.152583,Male,18-24,White - English/Welsh/Scottish/Northern Irish/British,White,Misuse of Drugs Act 1971 (section 23),Controlled drugs,A no further action disposal,True,
Person and Vehicle search,2022-11-30T21:47:28+00:00,False,,52.266195,-2.152583,Male,18-24,White - English/Welsh/Scottish/Northern Irish/British,White,Misuse of Drugs Act 1971 (section 23),Controlled drugs,A no further action disposal,True,
