Type,Date,Part of a policing operation,Policing operation,Latitude,Longitude,Gender,Age range,Self-defined ethnicity,Officer-defined ethnicity,Legislation,Object of search,Outcome,Outcome linked to object of search,Removal of more than just outer clothing
Person search,2021-05-31T23:58:00+00:00,False,,51.235523,-0.326095,Male,10-17,Other ethnic group - Not stated,White,,Articles for use in criminal damage,A no further action disposal,False,
Person search,2021-06-01T00:00:00+00:00,False,,51.235523,-0.326095,Male,10-17,White - English/Welsh/Scottish/Northern Irish/British,White,,Article for use in theft,A no further action disposal,False,
Person search,2021-06-01T00:55:00+00:00,False,,51.195495,-0.648794,Male,18-24,White - English/Welsh/Scottish/Northern Irish/British,White,,Anything to threaten or harm anyone,Community resolution,True,
Person search,2021-06-01T01:29:00+00:00,False,,51.370400,-0.361494,Male,25-34,White - English/Welsh/Scottish/Northern Irish/British,White,,Controlled drugs,Arrest,False,
Person search,2021-06-01T10:35:00+00:00,False,,51.237352,-0.580184,Male,10-17,Other ethnic group - Not stated,Black,,Anything to threaten or harm anyone,A no further action disposal,False,
Person search,2021-06-01T11:20:00+00:00,False,,51.186988,-0.617992,Male,over 34,White - Any other White background,White,,Anything to threaten or harm anyone,A no further action disposal,False,
Person search,2021-06-01T12:43:00+00:00,False,,51.237352,-0.580184,Male,over 34,White - English/Welsh/Scottish/Northern Irish/British,White,,Controlled drugs,A no further action disposal,True,
Person search,2021-06-01T14:57:00+00:00,False,,51.320690,-0.557048,Male,10-17,Other ethnic group - Not stated,Asian,,Article for use in theft,A no further action disposal,False,
Person search,2021-06-01T14:57:00+00:00,False,,51.320690,-0.557048,Male,18-24,Other ethnic group - Not stated,Asian,,Article for use in theft,A no further action disposal,False,
Person search,2021-06-01T15:25:00+00:00,False,,51.283080,-0.076977,Male,18-24,Other ethnic group - Not stated,White,,Offensive weapons,A no further action disposal,False,
Person search,2021-06-01T20:11:00+00:00,False,,51.228216,-0.367766,Male,10-17,Black/African/Caribbean/Black British - Caribbean,Black,,Controlled drugs,A no further action disposal,False,
Person search,2021-06-01T20:14:00+00:00,False,,51.236849,-0.323267,Male,10-17,Black/African/Caribbean/Black British - African,Black,,Controlled drugs,Summons / charged by post,False,
Person search,2021-06-01T20:15:00+00:00,False,,51.180473,-0.182880,Male,10-17,White - English/Welsh/Scottish/Northern Irish/British,White,,Articles for use in criminal damage,Community resolution,True,
Person search,2021-06-01T21:30:00+00:00,False,,51.199971,-0.165666,Male,25-34,White - English/Welsh/Scottish/Northern Irish/British,White,,Controlled drugs,Arrest,True,
Person search,2021-06-01T22:00:00+00:00,False,,51.424295,-0.427414,Male,10-17,White - English/Welsh/Scottish/Northern Irish/British,White,,Controlled drugs,A no further action disposal,False,
Person search,2021-06-01T23:38:00+00:00,False,,51.426286,-0.511680,Female,25-34,White - English/Welsh/Scottish/Northern Irish/British,White,,Controlled drugs,Arrest,True,
Person search,2021-06-02T12:10:00+00:00,False,,51.323914,-0.196621,Female,over 34,Black/African/Caribbean/Black British - Caribbean,Black,,Anything to threaten or harm anyone,A no further action disposal,False,
Person search,2021-06-02T15:05:00+00:00,False,,51.260873,-0.144166,Male,25-34,White - English/Welsh/Scottish/Northern Irish/British,White,,Controlled drugs,Penalty Notice for Disorder,True,
Person search,2021-06-02T15:24:00+00:00,False,,51.245068,-0.172440,Male,18-24,Asian/Asian British - Any other Asian background,Asian,,Controlled drugs,Community resolution,True,
Person search,2021-06-02T18:50:00+00:00,False,,51.353799,-0.557717,Male,25-34,Other ethnic group - Not stated,White,,Article for use in theft,Arrest,True,
Person search,2021-06-02T20:15:00+00:00,False,,51.428882,-0.512171,Male,25-34,White - English/Welsh/Scottish/Northern Irish/British,White,,Controlled drugs,Arrest,True,
Person search,2021-06-02T20:53:00+00:00,False,,51.433190,-0.506622,Male,25-34,White - English/Welsh/Scottish/Northern Irish/British,White,,Controlled drugs,A no further action disposal,False,
Person search,2021-06-02T22:02:00+00:00,False,,51.430664,-0.471762,Male,25-34,White - English/Welsh/Scottish/Northern Irish/British,White,,Controlled drugs,A no further action disposal,False,
Person search,2021-06-02T22:10:00+00:00,False,,51.318566,-0.556928,Male,over 34,White - English/Welsh/Scottish/Northern Irish/British,White,,Controlled drugs,A no further action disposal,False,
Person search,2021-06-03T10:12:00+00:00,False,,51.384841,-0.492719,Male,18-24,White - English/Welsh/Scottish/Northern Irish/British,White,,Controlled drugs,A no further action disposal,True,
Person search,2021-06-03T12:45:00+00:00,False,,51.425636,-0.495994,Male,18-24,Mixed/Multiple ethnic groups - White and Black Caribbean,White,,Stolen goods,Arrest,False,
Person search,2021-06-03T13:13:00+00:00,False,,51.237631,-0.186875,Male,25-34,White - English/Welsh/Scottish/Northern Irish/British,White,,Controlled drugs,A no further action disposal,False,
Person search,2021-06-03T13:15:00+00:00,False,,51.429258,-0.495889,Male,over 34,White - English/Welsh/Scottish/Northern Irish/British,White,,Stolen goods,A no further action disposal,False,
Person search,2021-06-03T17:15:00+00:00,False,,51.238980,-0.584646,Male,18-24,Other ethnic group - Not stated,,,Controlled drugs,Community resolution,True,
Person search,2021-06-03T17:20:00+00:00,False,,51.239905,-0.583773,Male,18-24,Other ethnic group - Not stated,Asian,,Controlled drugs,Community resolution,True,
Person search,2021-06-03T17:45:00+00:00,False,,51.321290,-0.559067,Male,over 34,White - English/Welsh/Scottish/Northern Irish/British,White,,Offensive weapons,A no further action disposal,False,
Person search,2021-06-03T17:45:00+00:00,False,,51.349125,-0.265997,Male,18-24,White - English/Welsh/Scottish/Northern Irish/British,White,,Offensive weapons,Community resolution,False,
Person search,2021-06-03T19:47:00+00:00,False,,51.257546,-0.004806,Male,10-17,Other ethnic group - Not stated,White,,Controlled drugs,A no further action disposal,False,
Person search,2021-06-03T19:50:00+00:00,False,,51.257546,-0.004806,Male,18-24,White - English/Welsh/Scottish/Northern Irish/British,White,,Controlled drugs,A no further action disposal,False,
Person search,2021-06-03T21:48:00+00:00,False,,51.425739,-0.504808,Male,,Asian/Asian British - Any other Asian background,Asian,,Controlled drugs,Community resolution,True,
Person search,2021-06-03T23:27:00+00:00,False,,51.250684,-0.058224,Male,25-34,White - English/Welsh/Scottish/Northern Irish/British,White,,Article for use in theft,A no further action disposal,True,
Person search,2021-06-04T01:30:00+00:00,False,,51.415146,-0.417777,Female,18-24,Other ethnic group - Not stated,Black,,Anything to threaten or harm anyone,A no further action disposal,False,
Person and Vehicle search,2021-06-04T01:47:00+00:00,False,,51.413331,-0.418559,Female,18-24,Other ethnic group - Not stated,Black,,Anything to threaten or harm anyone,A no further action disposal,False,
Person search,2021-06-04T10:10:00+00:00,False,,51.335511,-0.433986,Male,25-34,Other ethnic group - Not stated,White,,Article for use in theft,A no further action disposal,True,
Person search,2021-06-04T10:10:00+00:00,False,,51.256345,-0.545090,Male,18-24,Other ethnic group - Not stated,White,,Article for use in theft,A no further action disposal,True,
Person search,2021-06-04T11:34:00+00:00,False,,51.312539,-0.249412,Male,25-34,White - English/Welsh/Scottish/Northern Irish/British,White,,Controlled drugs,Summons / charged by post,True,
Person search,2021-06-04T18:15:00+00:00,False,,51.441515,-0.434089,Female,18-24,White - English/Welsh/Scottish/Northern Irish/British,White,,Controlled drugs,Community resolution,True,
Person search,2021-06-04T18:34:00+00:00,False,,51.441515,-0.434089,Male,18-24,White - English/Welsh/Scottish/Northern Irish/British,White,,Controlled drugs,Community resolution,True,
Person search,2021-06-04T19:45:00+00:00,False,,51.339196,-0.744394,Male,18-24,White - English/Welsh/Scottish/Northern Irish/British,White,,Controlled drugs,A no further action disposal,False,
Person search,2021-06-04T19:45:00+00:00,False,,51.339196,-0.744394,Male,18-24,White - English/Welsh/Scottish/Northern Irish/British,White,,Controlled drugs,A no further action disposal,False,
Person search,2021-06-04T19:46:00+00:00,False,,51.428925,-0.507782,Male,over 34,White - English/Welsh/Scottish/Northern Irish/British,White,,Controlled drugs,A no further action disposal,False,
Person search,2021-06-04T20:30:00+00:00,False,,51.368278,-0.392054,,,Other ethnic group - Not stated,White,,Offensive weapons,A no further action disposal,False,
Person search,2021-06-04T20:35:00+00:00,False,,51.419244,-0.423590,Male,10-17,Black/African/Caribbean/Black British - Any other Black/African/Caribbean background,Black,,Offensive weapons,A no further action disposal,False,
Person search,2021-06-04T20:48:00+00:00,False,,51.434371,-0.506123,Male,10-17,Black/African/Caribbean/Black British - African,Black,,Offensive weapons,A no further action disposal,False,
Person search,2021-06-04T20:48:00+00:00,False,,51.419244,-0.423590,Male,10-17,White - English/Welsh/Scottish/Northern Irish/British,White,,Offensive weapons,A no further action disposal,False,
Person search,2021-06-04T21:50:00+00:00,False,,51.327388,-0.213824,Male,18-24,Asian/Asian British - Any other Asian background,Asian,,Article for use in theft,A no further action disposal,False,
Person search,2021-06-04T23:29:00+00:00,False,,51.369065,-0.363783,Male,18-24,White - English/Welsh/Scottish/Northern Irish/British,White,,Offensive weapons,A no further action disposal,False,
Person search,2021-06-04T23:29:00+00:00,False,,51.379828,-0.412069,Male,25-34,White - English/Welsh/Scottish/Northern Irish/British,White,,Offensive weapons,A no further action disposal,False,
Person search,2021-06-05T02:34:00+00:00,False,,51.388855,-0.504257,Male,,Other ethnic group - Not stated,White,,Controlled drugs,A no further action disposal,False,
Person search,2021-06-05T10:40:00+00:00,False,,51.332619,-0.265098,Female,25-34,Other ethnic group - Not stated,White,,Article for use in theft,A no further action disposal,True,
Person search,2021-06-05T15:17:00+00:00,False,,51.331030,-0.698168,Male,18-24,White - English/Welsh/Scottish/Northern Irish/British,White,,Controlled drugs,Arrest,True,
Person search,2021-06-05T22:00:00+00:00,False,,51.321290,-0.559067,Male,,Other ethnic group - Not stated,Asian,,Offensive weapons,A no further action disposal,False,
Person search,2021-06-06T16:45:00+00:00,False,,51.318210,-0.209947,Male,18-24,White - Any other White background,White,,Controlled drugs,Community resolution,True,
Person search,2021-06-06T19:50:00+00:00,False,,51.256634,-0.009833,Male,10-17,White - English/Welsh/Scottish/Northern Irish/British,White,,Controlled drugs,Arrest,True,
Person search,2021-06-06T20:13:00+00:00,False,,51.258779,-0.007462,Female,10-17,Other ethnic group - Any other ethnic group,White,,Controlled drugs,A no further action disposal,False,
Person search,2021-06-06T22:30:00+00:00,False,,51.272574,0.041092,Male,18-24,White - English/Welsh/Scottish/Northern Irish/British,White,,Controlled drugs,Arrest,True,
Person search,2021-06-07T18:44:00+00:00,False,,51.296187,-0.576276,Male,25-34,Mixed/Multiple ethnic groups - White and Black Caribbean,Black,,Article for use in theft,Arrest,False,
Person search,2021-06-07T19:30:00+00:00,False,,51.414318,-0.405136,Male,18-24,Black/African/Caribbean/Black British - Any other Black/African/Caribbean background,Black,,Article for use in theft,Arrest,True,
Person search,2021-06-07T19:38:00+00:00,False,,51.414318,-0.405136,Male,18-24,Black/African/Caribbean/Black British - African,Black,,Offensive weapons,Arrest,True,
Person search,2021-06-07T22:00:00+00:00,False,,51.238437,-0.578403,Male,18-24,White - English/Welsh/Scottish/Northern Irish/British,White,,Controlled drugs,A no further action disposal,False,
Person search,2021-06-07T22:45:00+00:00,False,,51.439763,-0.545170,Male,18-24,White - English/Welsh/Scottish/Northern Irish/British,White,,Controlled drugs,A no further action disposal,True,
Person search,2021-06-07T23:14:00+00:00,False,,51.428188,-0.564712,Female,18-24,White - Any other White background,White,,Controlled drugs,Community resolution,False,
Person search,2021-06-07T23:46:00+00:00,False,,51.389435,-0.329510,Male,18-24,Other ethnic group - Not stated,White,,Controlled drugs,A no further action disposal,False,
Person search,2021-06-08T00:15:00+00:00,False,,51.434424,-0.505373,Male,10-17,White - English/Welsh/Scottish/Northern Irish/British,White,,Article for use in theft,A no further action disposal,False,
Person search,2021-06-08T00:15:00+00:00,False,,51.434424,-0.505373,Male,10-17,White - English/Welsh/Scottish/Northern Irish/British,White,,Article for use in theft,A no further action disposal,False,
Person search,2021-06-08T14:25:00+00:00,False,,51.238934,-0.610878,Female,18-24,Asian/Asian British - Any other Asian background,Asian,,Controlled drugs,A no further action disposal,False,
Person search,2021-06-08T22:45:00+00:00,False,,51.320546,-0.549059,Female,18-24,Black/African/Caribbean/Black British - African,Black,,Controlled drugs,A no further action disposal,False,
Person search,2021-06-08T22:45:00+00:00,False,,51.317957,-0.556373,Female,18-24,Black/African/Caribbean/Black British - African,Black,,Controlled drugs,A no further action disposal,False,
Person search,2021-06-08T22:50:00+00:00,False,,51.317957,-0.556373,Male,18-24,Other ethnic group - Not stated,Black,,Controlled drugs,A no further action disposal,False,
Person search,2021-06-09T02:53:00+00:00,False,,51.324842,-0.272510,Male,,White - English/Welsh/Scottish/Northern Irish/British,White,,Controlled drugs,A no further action disposal,False,
Person search,2021-06-09T11:06:00+00:00,False,,51.388144,-0.507729,Male,18-24,White - English/Welsh/Scottish/Northern Irish/British,White,,Controlled drugs,Community resolution,False,
Person search,2021-06-09T11:14:00+00:00,False,,51.385478,-0.514470,Male,18-24,White - English/Welsh/Scottish/Northern Irish/British,White,,Controlled drugs,Community resolution,True,
Person search,2021-06-09T15:56:00+00:00,False,,51.407665,-0.512615,Male,18-24,Asian/Asian British - Pakistani,Asian,,Controlled drugs,A no further action disposal,False,
Person search,2021-06-09T16:04:00+00:00,False,,51.265621,-0.152675,Male,25-34,Black/African/Caribbean/Black British - African,Black,,Controlled drugs,Summons / charged by post,True,
Person search,2021-06-09T16:05:00+00:00,False,,51.265621,-0.152675,Male,25-34,White - English/Welsh/Scottish/Northern Irish/British,White,,Controlled drugs,A no further action disposal,False,
Person search,2021-06-09T16:05:00+00:00,False,,51.265621,-0.152675,Male,25-34,White - English/Welsh/Scottish/Northern Irish/British,White,,Controlled drugs,A no further action disposal,False,
Person search,2021-06-09T19:05:00+00:00,False,,51.348220,-0.721618,Male,18-24,White - English/Welsh/Scottish/Northern Irish/British,White,,Controlled drugs,A no further action disposal,False,
Person search,2021-06-09T22:30:00+00:00,False,,51.444591,-0.233545,Male,over 34,White - English/Welsh/Scottish/Northern Irish/British,White,,Article for use in theft,A no further action disposal,False,
Person search,2021-06-09T23:30:00+00:00,False,,51.433079,-0.542073,Male,,Other ethnic group - Not stated,Asian,,Controlled drugs,A no further action disposal,False,
Person search,2021-06-10T00:00:00+00:00,False,,51.372263,-0.362261,Female,18-24,White - English/Welsh/Scottish/Northern Irish/British,White,,Controlled drugs,Summons / charged by post,False,
Person search,2021-06-10T14:36:00+00:00,False,,51.187043,-0.610492,Female,over 34,White - English/Welsh/Scottish/Northern Irish/British,White,,Stolen goods,Community resolution,False,
Person search,2021-06-10T18:30:00+00:00,False,,51.336956,-0.118468,Male,over 34,White - English/Welsh/Scottish/Northern Irish/British,White,,Controlled drugs,A no further action disposal,False,
Person search,2021-06-10T19:08:00+00:00,False,,51.239078,-0.786358,Male,25-34,White - Any other White background,White,,Anything to threaten or harm anyone,A no further action disposal,False,
Person search,2021-06-10T19:55:00+00:00,False,,51.318566,-0.556928,Male,18-24,White - English/Welsh/Scottish/Northern Irish/British,White,,Controlled drugs,A no further action disposal,True,
Person search,2021-06-10T19:58:00+00:00,False,,51.318566,-0.556928,Male,18-24,Other ethnic group - Not stated,White,,Controlled drugs,A no further action disposal,False,
Person search,2021-06-10T20:53:00+00:00,False,,51.433043,-0.497952,Male,25-34,Asian/Asian British - Indian,Asian,,Controlled drugs,Community resolution,True,
Person search,2021-06-10T20:59:00+00:00,False,,51.339832,-0.290252,Male,over 34,White - English/Welsh/Scottish/Northern Irish/British,White,,Controlled drugs,A no further action disposal,False,
Person search,2021-06-10T21:05:00+00:00,False,,51.275587,-0.523365,Male,25-34,Other ethnic group - Any other ethnic group,White,,Controlled drugs,A no further action disposal,False,
Person search,2021-06-10T22:41:00+00:00,False,,51.425853,-0.556888,Male,18-24,Asian/Asian British - Indian,Asian,,Controlled drugs,Community resolution,False,
Person search,2021-06-11T00:20:00+00:00,False,,51.323203,-0.525582,Male,25-34,Asian/Asian British - Pakistani,Asian,,Controlled drugs,Community resolution,True,
Person search,2021-06-11T01:03:00+00:00,False,,51.429652,-0.546311,Female,10-17,Other ethnic group - Not stated,White,,Offensive weapons,A no further action disposal,True,
Person search,2021-06-11T18:55:00+00:00,False,,51.248918,-0.589987,Male,18-24,White - English/Welsh/Scottish/Northern Irish/British,White,,Controlled drugs,A no further action disposal,False,
Person search,2021-06-11T19:00:00+00:00,False,,51.239757,-0.608919,Male,,Other ethnic group - Not stated,White,,Controlled drugs,A no further action disposal,False,
Person search,2021-06-11T19:45:00+00:00,False,,51.370229,-0.489980,Male,over 34,White - English/Welsh/Scottish/Northern Irish/British,White,,Offensive weapons,Arrest,True,
Person search,2021-06-11T22:37:00+00:00,False,,51.239503,-0.576622,Male,over 34,White - Any other White background,White,,Article for use in theft,Community resolution,True,
Person search,2021-06-11T23:29:00+00:00,False,,51.239503,-0.576622,Male,25-34,White - Any other White background,White,,Article for use in theft,Arrest,True,
Person search,2021-06-12T09:51:00+00:00,False,,51.310274,-0.464903,Male,25-34,White - English/Welsh/Scottish/Northern Irish/British,White,,Controlled drugs,A no further action disposal,False,
Person search,2021-06-12T18:35:00+00:00,False,,51.323565,-0.570046,Male,10-17,Asian/Asian British - Any other Asian background,,,Anything to threaten or harm anyone,A no further action disposal,False,
Person search,2021-06-12T20:56:00+00:00,False,,51.180917,-0.150984,Male,over 34,Asian/Asian British - Any other Asian background,Asian,,Controlled drugs,A no further action disposal,False,
Person search,2021-06-12T22:00:00+00:00,False,,51.296562,-0.353165,Male,18-24,White - English/Welsh/Scottish/Northern Irish/British,White,,Offensive weapons,A no further action disposal,False,
Person search,2021-06-13T12:30:00+00:00,False,,51.287116,-0.076307,Male,18-24,White - English/Welsh/Scottish/Northern Irish/British,White,,Offensive weapons,A no further action disposal,False,
Person search,2021-06-13T15:26:00+00:00,False,,51.239503,-0.576622,Male,over 34,White - English/Welsh/Scottish/Northern Irish/British,White,,Stolen goods,A no further action disposal,True,
Person search,2021-06-13T16:13:00+00:00,False,,51.316480,-0.556175,Male,over 34,White - English/Welsh/Scottish/Northern Irish/British,White,,Controlled drugs,A no further action disposal,False,
Person search,2021-06-13T17:43:00+00:00,False,,51.460628,-0.487215,Male,over 34,White - English/Welsh/Scottish/Northern Irish/British,White,,Firearms,A no further action disposal,False,
Person search,2021-06-13T22:49:00+00:00,False,,51.316340,-0.555075,Male,18-24,White - English/Welsh/Scottish/Northern Irish/British,White,,Controlled drugs,A no further action disposal,False,
Person search,2021-06-13T22:50:00+00:00,False,,51.315829,-0.555909,Male,18-24,Asian/Asian British - Pakistani,Asian,,Controlled drugs,A no further action disposal,False,
Person search,2021-06-13T22:53:00+00:00,False,,51.339483,-0.742678,Male,18-24,White - English/Welsh/Scottish/Northern Irish/British,White,,Controlled drugs,Community resolution,True,
Person search,2021-06-14T00:41:00+00:00,False,,51.320654,-0.564411,Male,25-34,White - Any other White background,White,,Articles for use in criminal damage,A no further action disposal,False,
Person search,2021-06-14T00:44:00+00:00,False,,51.320654,-0.564411,Male,over 34,White - Any other White background,White,,Article for use in theft,A no further action disposal,False,
Person search,2021-06-14T14:36:00+00:00,False,,51.389702,-0.505796,Male,over 34,White - English/Welsh/Scottish/Northern Irish/British,White,,Offensive weapons,A no further action disposal,False,
Person search,2021-06-14T19:37:00+00:00,False,,51.174100,-0.174404,Male,10-17,White - English/Welsh/Scottish/Northern Irish/British,White,,Offensive weapons,A no further action disposal,False,
Person search,2021-06-14T23:20:00+00:00,False,,51.239695,-0.170433,Male,over 34,White - English/Welsh/Scottish/Northern Irish/British,White,,Offensive weapons,A no further action disposal,False,
Person search,2021-06-15T14:40:00+00:00,False,,51.423156,-0.378795,Male,10-17,White - English/Welsh/Scottish/Northern Irish/British,White,,Controlled drugs,Arrest,False,
Person search,2021-06-16T01:00:00+00:00,False,,51.315551,-0.356747,Male,18-24,Mixed/Multiple ethnic groups - Any other Mixed/Multiple ethnic background,White,,Controlled drugs,A no further action disposal,False,
Person and Vehicle search,2021-06-16T06:50:00+00:00,False,,51.286558,-0.300004,Male,25-34,White - English/Welsh/Scottish/Northern Irish/British,White,,Anything to threaten or harm anyone,A no further action disposal,False,
Person search,2021-06-16T11:09:00+00:00,False,,51.287116,-0.076307,Female,10-17,White - English/Welsh/Scottish/Northern Irish/British,White,,Offensive weapons,A no further action disposal,False,
Person search,2021-06-16T14:00:00+00:00,False,,51.305582,-0.326560,Female,over 34,White - English/Welsh/Scottish/Northern Irish/British,White,,Controlled drugs,A no further action disposal,False,
Person search,2021-06-16T15:15:00+00:00,False,,51.289076,-0.104937,Male,10-17,White - English/Welsh/Scottish/Northern Irish/British,White,,Controlled drugs,A no further action disposal,True,
Person search,2021-06-16T15:15:00+00:00,False,,51.289076,-0.104937,Male,10-17,White - English/Welsh/Scottish/Northern Irish/British,White,,Controlled drugs,A no further action disposal,True,
Person search,2021-06-16T16:00:00+00:00,False,,51.115230,-0.562999,Female,10-17,White - English/Welsh/Scottish/Northern Irish/British,White,,Offensive weapons,A no further action disposal,False,
Person search,2021-06-16T19:50:00+00:00,False,,51.398764,-0.243649,Male,over 34,White - English/Welsh/Scottish/Northern Irish/British,White,,Controlled drugs,Arrest,True,
Person search,2021-06-16T20:00:00+00:00,False,,51.232624,-0.596028,Male,18-24,White - English/Welsh/Scottish/Northern Irish/British,White,,Controlled drugs,Community resolution,True,
Person search,2021-06-16T20:00:00+00:00,False,,51.250206,-0.597642,Male,18-24,White - English/Welsh/Scottish/Northern Irish/British,White,,Controlled drugs,A no further action disposal,False,
Person search,2021-06-16T20:40:00+00:00,False,,51.420705,-0.555799,Male,25-34,White - English/Welsh/Scottish/Northern Irish/British,White,,Controlled drugs,A no further action disposal,False,
Person search,2021-06-16T23:08:00+00:00,False,,51.332836,-0.251897,Male,18-24,White - Any other White background,White,,Stolen goods,A no further action disposal,False,
Person search,2021-06-17T00:49:00+00:00,False,,51.345751,-0.501138,Male,25-34,White - English/Welsh/Scottish/Northern Irish/British,White,,Article for use in theft,A no further action disposal,False,
Person search,2021-06-17T04:00:00+00:00,False,,51.236008,-0.187225,Female,over 34,White - English/Welsh/Scottish/Northern Irish/British,White,,Offensive weapons,Arrest,False,
Person search,2021-06-17T09:48:00+00:00,False,,51.384256,-0.410407,Male,10-17,Other ethnic group - Not stated,White,,Controlled drugs,A no further action disposal,False,
Person search,2021-06-17T11:50:00+00:00,False,,51.240814,-0.167824,Male,10-17,White - English/Welsh/Scottish/Northern Irish/British,White,,Controlled drugs,Arrest,True,
Person search,2021-06-17T12:02:00+00:00,False,,51.240814,-0.167824,Male,10-17,Black/African/Caribbean/Black British - Any other Black/African/Caribbean background,White,,Controlled drugs,Summons / charged by post,True,
Person search,2021-06-17T15:19:00+00:00,False,,51.319137,-0.559507,Female,over 34,White - English/Welsh/Scottish/Northern Irish/British,White,,Offensive weapons,A no further action disposal,True,
Person search,2021-06-17T15:45:00+00:00,False,,51.385378,-0.410914,Male,18-24,White - English/Welsh/Scottish/Northern Irish/British,White,,Controlled drugs,A no further action disposal,False,
Person search,2021-06-17T15:45:00+00:00,False,,51.384256,-0.410407,Male,10-17,Other ethnic group - Not stated,White,,Controlled drugs,A no further action disposal,False,
Person search,2021-06-17T15:45:00+00:00,False,,51.385378,-0.410914,Male,10-17,White - English/Welsh/Scottish/Northern Irish/British,White,,Controlled drugs,A no further action disposal,False,
Person search,2021-06-17T16:00:00+00:00,False,,51.322589,-0.446782,Male,over 34,White - English/Welsh/Scottish/Northern Irish/British,White,,Article for use in theft,Arrest,False,
Person search,2021-06-17T16:50:00+00:00,False,,51.339257,-0.505915,Male,18-24,White - English/Welsh/Scottish/Northern Irish/British,White,,Controlled drugs,Community resolution,True,
Person search,2021-06-17T18:10:00+00:00,False,,51.289730,-0.539690,Male,over 34,Other ethnic group - Any other ethnic group,Asian,,Anything to threaten or harm anyone,A no further action disposal,False,
Person search,2021-06-17T21:45:00+00:00,False,,51.248756,-0.765098,Female,over 34,Other ethnic group - Not stated,White,,Offensive weapons,A no further action disposal,False,
Person search,2021-06-17T22:20:00+00:00,False,,51.244167,-0.600233,Male,18-24,White - English/Welsh/Scottish/Northern Irish/British,White,,Controlled drugs,A no further action disposal,True,
Person search,2021-06-18T01:31:00+00:00,False,,51.428281,-0.581266,Female,18-24,White - English/Welsh/Scottish/Northern Irish/British,White,,Controlled drugs,A no further action disposal,False,
Person search,2021-06-18T09:35:00+00:00,False,,51.170398,-0.156826,Male,25-34,White - English/Welsh/Scottish/Northern Irish/British,White,,Controlled drugs,Community resolution,True,
Person search,2021-06-18T15:40:00+00:00,False,,51.318138,-0.562351,Female,10-17,White - English/Welsh/Scottish/Northern Irish/British,White,,Stolen goods,A no further action disposal,False,
Person search,2021-06-18T15:40:00+00:00,False,,51.321290,-0.559067,Female,10-17,White - English/Welsh/Scottish/Northern Irish/British,White,,Stolen goods,A no further action disposal,False,
Person search,2021-06-18T15:40:00+00:00,False,,51.321290,-0.559067,Female,10-17,White - English/Welsh/Scottish/Northern Irish/British,White,,Stolen goods,A no further action disposal,False,
Person search,2021-06-18T15:40:00+00:00,False,,51.321290,-0.559067,Female,10-17,White - English/Welsh/Scottish/Northern Irish/British,White,,Stolen goods,A no further action disposal,False,
Person search,2021-06-18T17:48:00+00:00,False,,51.373394,-0.454791,Female,over 34,Other ethnic group - Not stated,White,,Article for use in theft,A no further action disposal,False,
Person search,2021-06-18T19:40:00+00:00,False,,51.231366,-0.332261,Male,over 34,Other ethnic group - Not stated,Black,,Controlled drugs,A no further action disposal,False,
Person search,2021-06-18T22:15:00+00:00,False,,51.307492,-0.078913,Female,10-17,Black/African/Caribbean/Black British - Caribbean,Black,,Controlled drugs,A no further action disposal,True,
Person search,2021-06-19T08:30:00+00:00,False,,51.434424,-0.505373,Male,over 34,White - English/Welsh/Scottish/Northern Irish/British,White,,Articles for use in criminal damage,Arrest,False,
Person search,2021-06-19T10:40:00+00:00,False,,51.251915,-0.581269,Male,25-34,White - English/Welsh/Scottish/Northern Irish/British,White,,Article for use in theft,Community resolution,True,
Person search,2021-06-19T16:17:00+00:00,False,,51.308070,-0.553082,Male,18-24,White - English/Welsh/Scottish/Northern Irish/British,White,,Offensive weapons,A no further action disposal,False,
Person search,2021-06-19T16:20:00+00:00,False,,51.371699,-0.477145,Male,over 34,White - English/Welsh/Scottish/Northern Irish/British,White,,Anything to threaten or harm anyone,Arrest,True,
Person search,2021-06-19T16:25:00+00:00,False,,51.308070,-0.553082,Male,10-17,White - English/Welsh/Scottish/Northern Irish/British,White,,Controlled drugs,A no further action disposal,True,
Person search,2021-06-19T16:32:00+00:00,False,,51.310291,-0.549454,Male,10-17,White - Irish,White,,Offensive weapons,A no further action disposal,False,
Person search,2021-06-19T17:00:00+00:00,False,,51.434424,-0.505373,Male,10-17,White - English/Welsh/Scottish/Northern Irish/British,White,,Offensive weapons,A no further action disposal,False,
Person search,2021-06-19T17:15:00+00:00,False,,51.238437,-0.578403,Male,over 34,White - English/Welsh/Scottish/Northern Irish/British,White,,Offensive weapons,A no further action disposal,False,
Person search,2021-06-19T17:30:00+00:00,False,,51.419362,-0.420335,Male,10-17,White - English/Welsh/Scottish/Northern Irish/British,White,,Offensive weapons,A no further action disposal,False,
Person search,2021-06-19T19:00:00+00:00,False,,51.239905,-0.583773,Male,18-24,Asian/Asian British - Any other Asian background,Asian,,Offensive weapons,A no further action disposal,False,
Person search,2021-06-19T22:38:00+00:00,False,,51.320786,-0.558279,Male,10-17,White - English/Welsh/Scottish/Northern Irish/British,White,,Articles for use in criminal damage,A no further action disposal,False,
Person search,2021-06-19T23:08:00+00:00,False,,51.316671,-0.303526,Male,10-17,White - English/Welsh/Scottish/Northern Irish/British,White,,Offensive weapons,A no further action disposal,False,
Person search,2021-06-19T23:21:00+00:00,False,,51.237268,-0.577680,Male,over 34,Other ethnic group - Not stated,White,,Controlled drugs,A no further action disposal,False,
Person search,2021-06-20T00:14:00+00:00,False,,51.316480,-0.556175,Female,25-34,White - English/Welsh/Scottish/Northern Irish/British,White,,Controlled drugs,A no further action disposal,False,
Person search,2021-06-20T02:20:00+00:00,False,,51.235523,-0.326095,Male,25-34,Other ethnic group - Not stated,White,,Offensive weapons,A no further action disposal,False,
Person search,2021-06-20T12:55:00+00:00,False,,51.321290,-0.559067,Male,25-34,White - English/Welsh/Scottish/Northern Irish/British,White,,Stolen goods,Arrest,False,
Person search,2021-06-20T13:30:00+00:00,False,,51.443055,-0.473118,Male,10-17,White - English/Welsh/Scottish/Northern Irish/British,White,,Offensive weapons,A no further action disposal,False,
Person search,2021-06-20T18:15:00+00:00,False,,51.278864,-0.214488,Male,10-17,White - English/Welsh/Scottish/Northern Irish/British,White,,Anything to threaten or harm anyone,Community resolution,True,
Person search,2021-06-21T11:30:00+00:00,False,,51.250566,-0.593934,Male,10-17,White - English/Welsh/Scottish/Northern Irish/British,White,,Anything to threaten or harm anyone,A no further action disposal,False,
Person search,2021-06-21T11:42:00+00:00,False,,51.308548,-0.564904,Female,over 34,Other ethnic group - Not stated,White,,Anything to threaten or harm anyone,A no further action disposal,False,
Person search,2021-06-21T11:42:00+00:00,False,,51.250566,-0.593934,Female,over 34,Other ethnic group - Not stated,White,,Anything to threaten or harm anyone,A no further action disposal,False,
Person search,2021-06-21T12:28:00+00:00,False,,51.313132,-0.776242,Male,25-34,White - English/Welsh/Scottish/Northern Irish/British,White,,Stolen goods,Arrest,True,
Person search,2021-06-21T14:45:00+00:00,False,,51.241997,-0.168694,Male,,White - English/Welsh/Scottish/Northern Irish/British,White,,Controlled drugs,A no further action disposal,False,
Person search,2021-06-21T14:45:00+00:00,False,,51.241997,-0.168694,Male,,White - English/Welsh/Scottish/Northern Irish/British,White,,Controlled drugs,A no further action disposal,False,
Person search,2021-06-21T14:45:00+00:00,False,,51.230520,-0.174349,Male,10-17,White - English/Welsh/Scottish/Northern Irish/British,White,,Controlled drugs,A no further action disposal,True,
Person search,2021-06-21T15:20:00+00:00,False,,51.434112,-0.505570,Male,over 34,White - English/Welsh/Scottish/Northern Irish/British,White,,Controlled drugs,Arrest,True,
Person search,2021-06-21T20:00:00+00:00,False,,51.420418,-0.418616,Male,18-24,Asian/Asian British - Any other Asian background,Asian,,Controlled drugs,A no further action disposal,False,
Person search,2021-06-21T20:24:00+00:00,False,,51.420418,-0.418616,Male,25-34,White - English/Welsh/Scottish/Northern Irish/British,White,,Anything to threaten or harm anyone,A no further action disposal,False,
Person search,2021-06-21T22:25:00+00:00,False,,51.322200,-0.213853,Male,over 34,White - English/Welsh/Scottish/Northern Irish/British,White,,Controlled drugs,A no further action disposal,False,
Person search,2021-06-21T22:40:00+00:00,False,,51.434424,-0.505373,Male,18-24,White - English/Welsh/Scottish/Northern Irish/British,White,,Controlled drugs,A no further action disposal,False,
Person search,2021-06-22T01:59:00+00:00,False,,51.329169,-0.136543,Male,25-34,Black/African/Caribbean/Black British - African,Black,,Anything to threaten or harm anyone,A no further action disposal,False,
Person search,2021-06-22T02:37:00+00:00,False,,51.282516,-0.075997,Male,over 34,Other ethnic group - Not stated,,,Stolen goods,A no further action disposal,False,
Person search,2021-06-22T05:00:00+00:00,False,,51.256827,-0.574740,Female,over 34,White - Any other White background,White,,Controlled drugs,A no further action disposal,False,
Person search,2021-06-22T10:55:00+00:00,False,,51.222468,-0.193242,Male,10-17,White - English/Welsh/Scottish/Northern Irish/British,White,,Controlled drugs,A no further action disposal,True,
Person search,2021-06-22T12:35:00+00:00,False,,51.337141,-0.405476,Male,10-17,White - English/Welsh/Scottish/Northern Irish/British,White,,Controlled drugs,Summons / charged by post,True,
Person search,2021-06-22T18:13:00+00:00,False,,51.258999,-0.544476,Male,18-24,White - English/Welsh/Scottish/Northern Irish/British,White,,Offensive weapons,A no further action disposal,False,
Person search,2021-06-22T20:15:00+00:00,False,,51.321290,-0.559067,Male,,Other ethnic group - Not stated,Asian,,Offensive weapons,A no further action disposal,False,
Person search,2021-06-22T20:20:00+00:00,False,,51.318566,-0.556928,Male,18-24,Asian/Asian British - Any other Asian background,Asian,,Offensive weapons,A no further action disposal,False,
Person search,2021-06-22T20:45:00+00:00,False,,51.318566,-0.556928,Male,18-24,Asian/Asian British - Pakistani,Asian,,Offensive weapons,A no further action disposal,False,
Person search,2021-06-22T22:15:00+00:00,False,,51.332619,-0.265098,Male,18-24,White - English/Welsh/Scottish/Northern Irish/British,White,,Articles for use in criminal damage,Arrest,False,
Person search,2021-06-22T22:16:00+00:00,False,,51.320735,-0.560735,Male,25-34,Asian/Asian British - Pakistani,Asian,,Controlled drugs,A no further action disposal,False,
Person search,2021-06-22T22:20:00+00:00,False,,51.158575,-0.065126,Male,18-24,White - English/Welsh/Scottish/Northern Irish/British,White,,Controlled drugs,Community resolution,True,
Person search,2021-06-22T22:21:00+00:00,False,,51.336446,-0.265413,Male,10-17,White - English/Welsh/Scottish/Northern Irish/British,White,,Articles for use in criminal damage,A no further action disposal,False,
Person search,2021-06-22T22:30:00+00:00,False,,51.158575,-0.065126,Female,18-24,White - English/Welsh/Scottish/Northern Irish/British,White,,Controlled drugs,Community resolution,True,
Person search,2021-06-22T23:20:00+00:00,False,,51.430815,-0.556013,Male,25-34,Other ethnic group - Not stated,Asian,,Controlled drugs,Community resolution,True,
Person search,2021-06-22T23:55:00+00:00,False,,51.430815,-0.556013,Male,18-24,White - Any other White background,White,,Controlled drugs,A no further action disposal,False,
Person search,2021-06-23T00:01:00+00:00,False,,51.430815,-0.556013,Female,18-24,Asian/Asian British - Chinese,,,Controlled drugs,A no further action disposal,False,
Person search,2021-06-23T01:50:00+00:00,False,,51.309766,-0.407975,Male,,Other ethnic group - Not stated,Asian,,Controlled drugs,A no further action disposal,False,
Person search,2021-06-23T01:58:00+00:00,False,,51.243503,-0.307552,Male,18-24,Asian/Asian British - Any other Asian background,Asian,,Controlled drugs,A no further action disposal,False,
Person search,2021-06-23T14:05:00+00:00,False,,51.387655,-0.419013,Male,over 34,Asian/Asian British - Pakistani,Asian,,Controlled drugs,A no further action disposal,False,
Person search,2021-06-23T15:45:00+00:00,False,,51.220280,-0.581998,Male,25-34,Black/African/Caribbean/Black British - African,Black,,Controlled drugs,Arrest,True,
Person search,2021-06-23T15:45:00+00:00,False,,51.307036,-0.552383,Female,18-24,Other ethnic group - Not stated,Black,,Anything to threaten or harm anyone,Arrest,True,
Person search,2021-06-23T17:18:00+00:00,False,,51.256345,-0.545090,Male,25-34,White - English/Welsh/Scottish/Northern Irish/British,White,,Firearms,Arrest,True,
Person search,2021-06-23T17:29:00+00:00,False,,51.240509,-0.577293,Female,18-24,White - English/Welsh/Scottish/Northern Irish/British,White,,Controlled drugs,A no further action disposal,False,
Person search,2021-06-23T18:30:00+00:00,False,,51.239550,-0.169808,Female,10-17,Other ethnic group - Not stated,Black,,Stolen goods,Community resolution,False,
Person search,2021-06-23T18:30:00+00:00,False,,51.239245,-0.169835,Female,10-17,White - English/Welsh/Scottish/Northern Irish/British,White,,Stolen goods,Community resolution,False,
Person search,2021-06-23T20:45:00+00:00,False,,51.349383,-0.469772,Male,18-24,Black/African/Caribbean/Black British - Any other Black/African/Caribbean background,Black,,Controlled drugs,A no further action disposal,False,
Person search,2021-06-24T00:34:00+00:00,False,,51.287116,-0.076307,Male,10-17,White - English/Welsh/Scottish/Northern Irish/British,White,,Offensive weapons,A no further action disposal,False,
Person search,2021-06-24T02:07:00+00:00,False,,51.274622,-0.016855,Male,10-17,Asian/Asian British - Any other Asian background,Asian,,Controlled drugs,A no further action disposal,False,
Person search,2021-06-24T02:20:00+00:00,False,,51.267582,-0.020685,Male,18-24,Asian/Asian British - Any other Asian background,Asian,,Controlled drugs,A no further action disposal,False,
Person search,2021-06-24T02:23:00+00:00,False,,51.274622,-0.016855,Male,18-24,Asian/Asian British - Any other Asian background,Asian,,Controlled drugs,A no further action disposal,False,
Person search,2021-06-24T12:45:00+00:00,False,,51.260926,-0.573897,Male,over 34,White - English/Welsh/Scottish/Northern Irish/British,White,,Offensive weapons,A no further action disposal,True,
Person search,2021-06-24T14:15:00+00:00,False,,51.239503,-0.576622,Male,18-24,White - English/Welsh/Scottish/Northern Irish/British,White,,Article for use in theft,Summons / charged by post,False,
Person search,2021-06-24T14:30:00+00:00,False,,51.258043,-0.006519,Male,10-17,White - English/Welsh/Scottish/Northern Irish/British,White,,Offensive weapons,A no further action disposal,False,
Person search,2021-06-24T14:46:00+00:00,False,,51.282516,-0.075997,Male,10-17,White - English/Welsh/Scottish/Northern Irish/British,White,,Offensive weapons,A no further action disposal,False,
Vehicle search,2021-06-24T16:34:00+00:00,False,,51.367107,-0.403085,,,Other ethnic group - Not stated,,,Controlled drugs,A no further action disposal,False,
Person search,2021-06-24T20:20:00+00:00,False,,51.346068,-0.282510,Male,25-34,Black/African/Caribbean/Black British - Any other Black/African/Caribbean background,Black,,Controlled drugs,Arrest,True,
Person search,2021-06-24T20:20:00+00:00,False,,51.332619,-0.265098,Female,25-34,Other ethnic group - Not stated,White,,Controlled drugs,A no further action disposal,False,
Person search,2021-06-24T20:22:00+00:00,False,,51.346068,-0.282510,Male,25-34,White - English/Welsh/Scottish/Northern Irish/British,White,,Controlled drugs,A no further action disposal,False,
Person search,2021-06-24T20:30:00+00:00,False,,51.370229,-0.489980,Male,10-17,White - English/Welsh/Scottish/Northern Irish/British,White,,Article for use in theft,A no further action disposal,False,
Person search,2021-06-24T20:30:00+00:00,False,,51.378157,-0.516518,Male,10-17,White - English/Welsh/Scottish/Northern Irish/British,White,,Article for use in theft,A no further action disposal,False,
Person search,2021-06-24T21:21:00+00:00,False,,51.460699,-0.491272,Male,10-17,Mixed/Multiple ethnic groups - White and Black Caribbean,Black,,Offensive weapons,Arrest,False,
Person search,2021-06-24T21:27:00+00:00,False,,51.460699,-0.491272,Male,18-24,White - English/Welsh/Scottish/Northern Irish/British,White,,Offensive weapons,Arrest,False,
Person search,2021-06-24T22:20:00+00:00,False,,51.306948,-0.270743,Male,18-24,White - Any other White background,White,,Controlled drugs,Arrest,True,
Person search,2021-06-25T07:48:00+00:00,False,,51.334983,-0.258936,Male,,Other ethnic group - Not stated,White,,Article for use in theft,Arrest,True,
Person search,2021-06-25T07:48:00+00:00,False,,51.256345,-0.545090,Male,18-24,Other ethnic group - Not stated,White,,Article for use in theft,Arrest,True,
Person search,2021-06-25T07:48:00+00:00,False,,51.256345,-0.545090,Male,25-34,Other ethnic group - Not stated,White,,Article for use in theft,Arrest,True,
Person search,2021-06-25T12:16:00+00:00,False,,51.257500,-0.195910,Male,25-34,Black/African/Caribbean/Black British - Any other Black/African/Caribbean background,Black,,Controlled drugs,Community resolution,True,
Person search,2021-06-25T14:30:00+00:00,False,,51.256345,-0.545090,Male,25-34,White - English/Welsh/Scottish/Northern Irish/British,White,,Controlled drugs,Arrest,False,
Person search,2021-06-25T19:12:00+00:00,False,,51.317017,-0.604230,Male,18-24,Other ethnic group - Not stated,,,Controlled drugs,Arrest,True,
Person search,2021-06-25T22:55:00+00:00,False,,51.434112,-0.505570,Male,over 34,Other ethnic group - Not stated,Asian,,Controlled drugs,Community resolution,True,
Person search,2021-06-25T22:58:00+00:00,False,,51.415799,-0.418200,Male,10-17,White - English/Welsh/Scottish/Northern Irish/British,Black,,Offensive weapons,A no further action disposal,False,
Person search,2021-06-25T22:58:00+00:00,False,,51.415799,-0.418200,Male,10-17,Black/African/Caribbean/Black British - Any other Black/African/Caribbean background,Black,,Offensive weapons,A no further action disposal,False,
Person search,2021-06-25T23:00:00+00:00,False,,51.414940,-0.419193,Male,10-17,White - English/Welsh/Scottish/Northern Irish/British,White,,Offensive weapons,A no further action disposal,False,
Person search,2021-06-25T23:01:00+00:00,False,,51.434112,-0.505570,Male,10-17,Other ethnic group - Not stated,Asian,,Articles for use in criminal damage,Arrest,False,
Person search,2021-06-25T23:01:00+00:00,False,,51.434112,-0.505570,Male,10-17,Other ethnic group - Not stated,Asian,,Articles for use in criminal damage,A no further action disposal,False,
Person search,2021-06-25T23:01:00+00:00,False,,51.434112,-0.505570,Male,10-17,Other ethnic group - Not stated,Asian,,Articles for use in criminal damage,A no further action disposal,False,
Person search,2021-06-25T23:18:00+00:00,False,,51.414940,-0.419193,Male,10-17,Other ethnic group - Not stated,White,,Offensive weapons,Arrest,False,
Person search,2021-06-26T00:00:00+00:00,False,,51.262433,-0.083587,Female,18-24,White - English/Welsh/Scottish/Northern Irish/British,White,,Controlled drugs,A no further action disposal,False,
Person search,2021-06-26T00:09:00+00:00,False,,51.262433,-0.083587,Female,,White - English/Welsh/Scottish/Northern Irish/British,White,,Controlled drugs,A no further action disposal,False,
Person search,2021-06-26T00:15:00+00:00,False,,51.386941,-0.422098,Male,18-24,Other ethnic group - Not stated,White,,Offensive weapons,A no further action disposal,False,
Person search,2021-06-26T01:00:00+00:00,False,,51.371849,-0.455604,Male,18-24,White - English/Welsh/Scottish/Northern Irish/British,White,,Article for use in theft,A no further action disposal,False,
Person search,2021-06-26T01:00:00+00:00,False,,51.371849,-0.455604,Male,18-24,Asian/Asian British - Any other Asian background,Asian,,Article for use in theft,A no further action disposal,False,
Person search,2021-06-26T01:11:00+00:00,False,,51.371849,-0.455604,Male,18-24,White - English/Welsh/Scottish/Northern Irish/British,White,,Article for use in theft,A no further action disposal,False,
Person search,2021-06-26T03:10:00+00:00,False,,51.262987,-0.091046,Female,25-34,White - English/Welsh/Scottish/Northern Irish/British,White,,Controlled drugs,A no further action disposal,False,
Person search,2021-06-26T15:27:00+00:00,False,,51.403268,-0.513304,Male,10-17,Black/African/Caribbean/Black British - African,Black,,Offensive weapons,A no further action disposal,False,
Vehicle search,2021-06-26T16:20:00+00:00,False,,51.352230,-0.676960,,,Other ethnic group - Not stated,,,Article for use in theft,A no further action disposal,True,
Person search,2021-06-26T17:03:00+00:00,False,,51.339350,-0.270256,Male,18-24,Other ethnic group - Not stated,White,,Controlled drugs,A no further action disposal,False,
Person search,2021-06-26T22:52:00+00:00,False,,51.386559,-0.275605,Male,25-34,Mixed/Multiple ethnic groups - White and Black Caribbean,Black,,Article for use in theft,Summons / charged by post,False,
Person search,2021-06-27T03:02:00+00:00,False,,51.428762,-0.491576,Male,18-24,White - Any other White background,White,,Article for use in theft,Arrest,False,
Person search,2021-06-27T10:58:00+00:00,False,,51.239503,-0.576622,Male,over 34,Other ethnic group - Not stated,White,,Controlled drugs,Arrest,True,
Person search,2021-06-27T13:55:00+00:00,False,,51.451127,-0.472245,Male,over 34,White - Any other White background,White,,Article for use in theft,A no further action disposal,False,
Vehicle search,2021-06-27T16:00:00+00:00,False,,51.371686,-0.490751,,,Other ethnic group - Not stated,,,Controlled drugs,A no further action disposal,False,
Person search,2021-06-27T16:00:00+00:00,False,,51.190466,-0.048979,Male,18-24,White - English/Welsh/Scottish/Northern Irish/British,White,,Controlled drugs,A no further action disposal,False,
Person search,2021-06-27T16:00:00+00:00,False,,51.244267,-0.766580,Male,18-24,White - English/Welsh/Scottish/Northern Irish/British,White,,Controlled drugs,A no further action disposal,False,
Person search,2021-06-27T16:00:00+00:00,False,,51.428281,-0.581266,Male,10-17,White - English/Welsh/Scottish/Northern Irish/British,White,,Controlled drugs,A no further action disposal,False,
Person search,2021-06-27T16:00:00+00:00,False,,51.189682,-0.048353,Male,18-24,White - English/Welsh/Scottish/Northern Irish/British,White,,Controlled drugs,A no further action disposal,False,
Person search,2021-06-27T20:00:00+00:00,False,,51.318566,-0.556928,Male,18-24,Other ethnic group - Not stated,Black,,Article for use in theft,A no further action disposal,False,
Person search,2021-06-27T20:00:00+00:00,False,,51.318566,-0.556928,Male,18-24,Other ethnic group - Not stated,Black,,Article for use in theft,A no further action disposal,False,
Person search,2021-06-27T20:00:00+00:00,False,,51.318566,-0.556928,Male,18-24,Other ethnic group - Not stated,Black,,Article for use in theft,A no further action disposal,False,
Person search,2021-06-28T00:10:00+00:00,False,,51.398160,-0.433241,Female,18-24,Black/African/Caribbean/Black British - African,Black,,Controlled drugs,A no further action disposal,False,
Person search,2021-06-28T00:13:00+00:00,False,,51.398160,-0.433241,Male,18-24,White - English/Welsh/Scottish/Northern Irish/British,White,,Controlled drugs,A no further action disposal,False,
Person search,2021-06-28T00:13:00+00:00,False,,51.399972,-0.432892,Male,18-24,White - English/Welsh/Scottish/Northern Irish/British,White,,Controlled drugs,Community resolution,True,
Person search,2021-06-28T01:38:00+00:00,False,,51.244267,-0.766580,Male,18-24,White - English/Welsh/Scottish/Northern Irish/British,White,,Controlled drugs,A no further action disposal,False,
Person search,2021-06-28T01:45:00+00:00,False,,51.429980,-0.420847,Male,25-34,Asian/Asian British - Pakistani,Asian,,Article for use in theft,Arrest,True,
Person search,2021-06-28T08:50:00+00:00,False,,51.453226,-0.405004,Male,18-24,White - English/Welsh/Scottish/Northern Irish/British,White,,Article for use in theft,A no further action disposal,False,
Person search,2021-06-29T00:10:00+00:00,False,,51.349404,-0.598637,Female,over 34,White - English/Welsh/Scottish/Northern Irish/British,White,,Offensive weapons,A no further action disposal,False,
Person search,2021-06-29T10:26:00+00:00,False,,51.304362,-0.321109,Male,25-34,White - Any other White background,White,,Stolen goods,Arrest,False,
Person search,2021-06-29T10:30:00+00:00,False,,51.304362,-0.321109,Male,over 34,Other ethnic group - Any other ethnic group,White,,Stolen goods,Arrest,False,
Person search,2021-06-29T10:48:00+00:00,False,,51.239503,-0.576622,Male,10-17,White - English/Welsh/Scottish/Northern Irish/British,White,,Controlled drugs,Summons / charged by post,True,
Person search,2021-06-29T10:48:00+00:00,False,,51.314500,-0.602039,Male,10-17,White - English/Welsh/Scottish/Northern Irish/British,White,,Controlled drugs,A no further action disposal,False,
Person search,2021-06-29T11:20:00+00:00,False,,51.434112,-0.505570,Male,18-24,White - English/Welsh/Scottish/Northern Irish/British,White,,Controlled drugs,Arrest,False,
Person search,2021-06-29T15:00:00+00:00,False,,51.370400,-0.361494,Male,10-17,White - English/Welsh/Scottish/Northern Irish/British,White,,Offensive weapons,Arrest,True,
Person search,2021-06-29T16:34:00+00:00,False,,51.239612,-0.167986,Male,10-17,White - English/Welsh/Scottish/Northern Irish/British,White,,Controlled drugs,A no further action disposal,False,
Person search,2021-06-29T21:47:00+00:00,False,,51.237624,-0.188164,Male,over 34,Asian/Asian British - Any other Asian background,Asian,,Controlled drugs,A no further action disposal,False,
Person search,2021-06-29T21:56:00+00:00,False,,51.239384,-0.197908,Male,25-34,Asian/Asian British - Any other Asian background,Asian,,Controlled drugs,A no further action disposal,False,
Person search,2021-06-29T23:00:00+00:00,False,,51.235523,-0.326095,Male,25-34,Black/African/Caribbean/Black British - Caribbean,Black,,Offensive weapons,Arrest,False,
Person search,2021-06-30T11:20:00+00:00,False,,51.455812,-0.474953,Male,10-17,White - English/Welsh/Scottish/Northern Irish/British,White,,Controlled drugs,Community resolution,True,
Person search,2021-06-30T11:20:00+00:00,False,,51.303082,-0.570210,Male,18-24,White - English/Welsh/Scottish/Northern Irish/British,White,,Controlled drugs,Community resolution,True,
Person search,2021-06-30T11:20:00+00:00,False,,51.456712,-0.473656,Male,18-24,White - English/Welsh/Scottish/Northern Irish/British,White,,Controlled drugs,Community resolution,True,
Person search,2021-06-30T12:40:00+00:00,False,,51.434424,-0.505373,Male,10-17,Other ethnic group - Not stated,White,,Controlled drugs,A no further action disposal,False,
Person search,2021-06-30T12:40:00+00:00,False,,51.434424,-0.505373,Male,10-17,Other ethnic group - Not stated,White,,Controlled drugs,Community resolution,True,
Person search,2021-06-30T12:40:00+00:00,False,,51.434424,-0.505373,Male,18-24,Other ethnic group - Not stated,White,,Controlled drugs,A no further action disposal,False,
Person search,2021-06-30T12:40:00+00:00,False,,51.434424,-0.505373,Male,10-17,Other ethnic group - Not stated,White,,Controlled drugs,Community resolution,True,
Person search,2021-06-30T12:40:00+00:00,False,,51.459684,-0.477458,Male,18-24,Other ethnic group - Not stated,White,,Controlled drugs,Community resolution,True,
Person search,2021-06-30T15:20:00+00:00,False,,51.456790,-0.474143,Male,over 34,White - Any other White background,White,,Anything to threaten or harm anyone,A no further action disposal,False,
Person search,2021-06-30T15:48:00+00:00,False,,51.086601,-0.730342,Male,over 34,Black/African/Caribbean/Black British - Caribbean,Black,,Offensive weapons,A no further action disposal,False,
Person search,2021-06-30T16:40:00+00:00,False,,51.236256,-0.186370,Male,18-24,White - English/Welsh/Scottish/Northern Irish/British,White,,Controlled drugs,A no further action disposal,False,
Person search,2021-06-30T20:00:00+00:00,False,,51.243578,-0.717601,Male,25-34,White - Any other White background,White,,Anything to threaten or harm anyone,Arrest,False,
