Type,Date,Part of a policing operation,Policing operation,Latitude,Longitude,Gender,Age range,Self-defined ethnicity,Officer-defined ethnicity,Legislation,Object of search,Outcome,Outcome linked to object of search,Removal of more than just outer clothing
Person search,2021-06-01T00:05:00+00:00,False,,50.517035,-4.856785,Male,25-34,,White,Police and Criminal Evidence Act 1984 (section 1),Offensive weapons,Arrest,True,False
Person search,2021-06-01T09:48:00+00:00,True,,50.913800,-3.490348,Female,25-34,Other ethnic group - Any other ethnic group,Other,Police and Criminal Evidence Act 1984 (section 1),Stolen goods,A no further action disposal,,False
Person search,2021-06-01T15:36:00+00:00,False,,50.410251,-4.134002,Male,over 34,White - English/Welsh/Scottish/Northern Irish/British,White,Misuse of Drugs Act 1971 (section 23),Controlled drugs,A no further action disposal,,False
Person search,2021-06-01T18:28:00+00:00,False,,,,Male,over 34,,White,Police and Criminal Evidence Act 1984 (section 1),Stolen goods,Arrest,False,False
Person search,2021-06-01T19:10:00+00:00,False,,,,Male,25-34,,White,Police and Criminal Evidence Act 1984 (section 1),Offensive weapons,Arrest,True,False
Person search,2021-06-01T21:19:00+00:00,False,,,,Male,,White - English/Welsh/Scottish/Northern Irish/British,White,Police and Criminal Evidence Act 1984 (section 1),Offensive weapons,Arrest,False,False
Person and Vehicle search,2021-06-01T22:00:00+00:00,False,,51.051335,-4.181710,Male,over 34,White - English/Welsh/Scottish/Northern Irish/British,White,Misuse of Drugs Act 1971 (section 23),Controlled drugs,,,False
Person and Vehicle search,2021-06-02T03:54:00+00:00,False,,50.964207,-4.087174,Male,25-34,White - English/Welsh/Scottish/Northern Irish/British,White,Police and Criminal Evidence Act 1984 (section 1),Stolen goods,Arrest,True,False
Person and Vehicle search,2021-06-02T10:10:00+00:00,False,,50.693251,-3.473392,Male,25-34,White - English/Welsh/Scottish/Northern Irish/British,White,Misuse of Drugs Act 1971 (section 23),Controlled drugs,A no further action disposal,,False
Person and Vehicle search,2021-06-02T11:15:00+00:00,False,,50.798783,-3.192861,Male,10-17,White - English/Welsh/Scottish/Northern Irish/British,White,Misuse of Drugs Act 1971 (section 23),Controlled drugs,A no further action disposal,,False
Person search,2021-06-02T11:15:00+00:00,False,,50.798783,-3.192861,Male,18-24,White - English/Welsh/Scottish/Northern Irish/British,White,Misuse of Drugs Act 1971 (section 23),Controlled drugs,A no further action disposal,,False
Person search,2021-06-02T14:34:00+00:00,False,,50.717650,-3.475517,Male,10-17,White - English/Welsh/Scottish/Northern Irish/British,White,Police and Criminal Evidence Act 1984 (section 1),Offensive weapons,A no further action disposal,,False
Person search,2021-06-02T14:40:00+00:00,False,,50.718424,-3.476207,Male,10-17,White - English/Welsh/Scottish/Northern Irish/British,White,Police and Criminal Evidence Act 1984 (section 1),Offensive weapons,A no further action disposal,,False
Person search,2021-06-02T18:00:00+00:00,False,,50.372756,-4.136327,Male,18-24,,,Misuse of Drugs Act 1971 (section 23),Controlled drugs,A no further action disposal,,False
Person search,2021-06-02T18:00:00+00:00,False,,50.372266,-4.136544,Male,18-24,,,Misuse of Drugs Act 1971 (section 23),Controlled drugs,A no further action disposal,,False
Person search,2021-06-02T23:10:00+00:00,False,,50.699768,-3.242966,Male,18-24,,White,Misuse of Drugs Act 1971 (section 23),Controlled drugs,A no further action disposal,,False
Person search,2021-06-03T02:58:00+00:00,False,,50.369960,-4.170248,Male,over 34,White - English/Welsh/Scottish/Northern Irish/British,White,Misuse of Drugs Act 1971 (section 23),Controlled drugs,A no further action disposal,,False
Person search,2021-06-03T03:14:00+00:00,False,,50.370183,-4.174196,Male,10-17,White - English/Welsh/Scottish/Northern Irish/British,White,Police and Criminal Evidence Act 1984 (section 1),Offensive weapons,Arrest,False,False
Person search,2021-06-03T10:40:00+00:00,False,,,,Male,over 34,White - English/Welsh/Scottish/Northern Irish/British,White,Misuse of Drugs Act 1971 (section 23),Controlled drugs,Arrest,True,False
Person search,2021-06-03T11:37:00+00:00,False,,,,Male,18-24,White - English/Welsh/Scottish/Northern Irish/British,White,Misuse of Drugs Act 1971 (section 23),Controlled drugs,Arrest,True,False
Person search,2021-06-03T11:46:00+00:00,False,,50.638969,-3.409312,Male,10-17,White - English/Welsh/Scottish/Northern Irish/British,White,Police and Criminal Evidence Act 1984 (section 1),Offensive weapons,A no further action disposal,,False
Person search,2021-06-03T11:49:00+00:00,False,,50.638969,-3.409312,Male,10-17,White - English/Welsh/Scottish/Northern Irish/British,White,Police and Criminal Evidence Act 1984 (section 1),Stolen goods,A no further action disposal,,False
Person search,2021-06-03T15:00:00+00:00,False,,50.466266,-3.529774,Female,25-34,White - English/Welsh/Scottish/Northern Irish/British,White,Police and Criminal Evidence Act 1984 (section 1),Stolen goods,,,False
Person search,2021-06-03T15:14:00+00:00,False,,50.466266,-3.529774,Male,25-34,White - English/Welsh/Scottish/Northern Irish/British,White,Police and Criminal Evidence Act 1984 (section 1),Article for use in theft,A no further action disposal,False,False
Person and Vehicle search,2021-06-03T16:13:00+00:00,False,,50.525786,-3.592167,Male,over 34,White - English/Welsh/Scottish/Northern Irish/British,White,Misuse of Drugs Act 1971 (section 23),Controlled drugs,Arrest,False,False
Person search,2021-06-03T17:55:00+00:00,False,,50.751333,-3.290219,Male,10-17,White - English/Welsh/Scottish/Northern Irish/British,,Police and Criminal Evidence Act 1984 (section 1),Offensive weapons,A no further action disposal,,False
Person search,2021-06-03T17:55:00+00:00,False,,50.751333,-3.290219,Male,10-17,White - English/Welsh/Scottish/Northern Irish/British,White,Police and Criminal Evidence Act 1984 (section 1),Offensive weapons,A no further action disposal,,False
Person search,2021-06-03T18:45:00+00:00,False,,50.903579,-3.482938,Male,over 34,White - Any other White background,White,Police and Criminal Evidence Act 1984 (section 1),Stolen goods,A no further action disposal,,False
Person search,2021-06-03T18:45:00+00:00,False,,50.903579,-3.482938,Male,over 34,White - Any other White background,White,Police and Criminal Evidence Act 1984 (section 1),Stolen goods,A no further action disposal,,False
Person search,2021-06-03T18:45:00+00:00,False,,,,Female,18-24,White - Any other White background,White,Police and Criminal Evidence Act 1984 (section 1),Stolen goods,A no further action disposal,,False
Vehicle search,2021-06-03T19:22:00+00:00,False,,50.695881,-3.238941,,,,,Misuse of Drugs Act 1971 (section 23),Controlled drugs,A no further action disposal,,
Person search,2021-06-03T19:24:00+00:00,False,,50.695881,-3.238941,Male,10-17,,White,Misuse of Drugs Act 1971 (section 23),Controlled drugs,A no further action disposal,,False
Person search,2021-06-03T22:00:00+00:00,False,,51.076544,-4.057292,Male,18-24,,White,Misuse of Drugs Act 1971 (section 23),Controlled drugs,Community resolution,True,False
Person search,2021-06-03T23:10:00+00:00,False,,50.410811,-4.133366,Male,10-17,White - English/Welsh/Scottish/Northern Irish/British,White,Misuse of Drugs Act 1971 (section 23),Controlled drugs,,True,False
Person search,2021-06-04T01:32:00+00:00,False,,50.386230,-4.150888,Female,18-24,White - English/Welsh/Scottish/Northern Irish/British,White,Misuse of Drugs Act 1971 (section 23),Controlled drugs,Community resolution,True,False
Person search,2021-06-04T01:33:00+00:00,False,,50.410811,-4.133366,Male,18-24,White - English/Welsh/Scottish/Northern Irish/British,White,Misuse of Drugs Act 1971 (section 23),Controlled drugs,Community resolution,True,False
Person search,2021-06-04T03:47:00+00:00,False,,50.728861,-3.541827,Male,25-34,,White,Police and Criminal Evidence Act 1984 (section 1),Offensive weapons,Arrest,True,False
Person search,2021-06-04T08:30:00+00:00,False,,50.389652,-4.168587,Male,over 34,White - English/Welsh/Scottish/Northern Irish/British,White,Misuse of Drugs Act 1971 (section 23),Controlled drugs,A no further action disposal,,False
Person and Vehicle search,2021-06-04T09:30:00+00:00,False,,50.577323,-3.480731,Male,25-34,White - English/Welsh/Scottish/Northern Irish/British,White,Misuse of Drugs Act 1971 (section 23),Controlled drugs,A no further action disposal,True,False
Person search,2021-06-04T12:00:00+00:00,False,,50.372710,-4.137338,Male,over 34,White - English/Welsh/Scottish/Northern Irish/British,White,Misuse of Drugs Act 1971 (section 23),Controlled drugs,Community resolution,True,False
Person and Vehicle search,2021-06-04T14:07:00+00:00,False,,50.487369,-3.543763,Male,18-24,,White,Misuse of Drugs Act 1971 (section 23),Controlled drugs,Community resolution,True,False
Person and Vehicle search,2021-06-04T14:07:00+00:00,False,,50.487369,-3.543763,Female,10-17,,White,Misuse of Drugs Act 1971 (section 23),Controlled drugs,Community resolution,True,False
Person search,2021-06-04T16:32:00+00:00,False,,50.414903,-5.086581,Male,25-34,Mixed/Multiple ethnic groups - White and Black African,Black,Misuse of Drugs Act 1971 (section 23),Controlled drugs,Community resolution,True,False
Person search,2021-06-04T20:31:00+00:00,False,,50.434672,-3.565564,Male,10-17,White - English/Welsh/Scottish/Northern Irish/British,White,Police and Criminal Evidence Act 1984 (section 1),Offensive weapons,A no further action disposal,,False
Person search,2021-06-04T21:28:00+00:00,False,,50.860961,-3.384139,Female,18-24,White - English/Welsh/Scottish/Northern Irish/British,White,Misuse of Drugs Act 1971 (section 23),Controlled drugs,Community resolution,True,False
Person search,2021-06-04T22:51:00+00:00,False,,50.171368,-5.122631,Male,18-24,,White,Misuse of Drugs Act 1971 (section 23),Controlled drugs,A no further action disposal,,False
Person search,2021-06-04T23:03:00+00:00,False,,,,Male,10-17,White - English/Welsh/Scottish/Northern Irish/British,White,Misuse of Drugs Act 1971 (section 23),Controlled drugs,A no further action disposal,,False
Person search,2021-06-04T23:12:00+00:00,False,,,,Male,10-17,White - English/Welsh/Scottish/Northern Irish/British,White,Misuse of Drugs Act 1971 (section 23),Controlled drugs,A no further action disposal,,False
Person and Vehicle search,2021-06-05T00:18:00+00:00,False,,,,Male,10-17,White - English/Welsh/Scottish/Northern Irish/British,White,Misuse of Drugs Act 1971 (section 23),Controlled drugs,A no further action disposal,,False
Person search,2021-06-05T00:20:00+00:00,False,,50.161449,-5.086555,Female,10-17,,,Misuse of Drugs Act 1971 (section 23),Controlled drugs,A no further action disposal,,False
Person search,2021-06-05T00:20:00+00:00,False,,50.161449,-5.086555,Female,10-17,,White,Misuse of Drugs Act 1971 (section 23),Controlled drugs,A no further action disposal,,False
Person search,2021-06-05T00:33:00+00:00,False,,50.428608,-3.562999,Female,10-17,White - English/Welsh/Scottish/Northern Irish/British,White,Misuse of Drugs Act 1971 (section 23),Controlled drugs,A no further action disposal,,False
Person search,2021-06-05T00:33:00+00:00,False,,50.435968,-3.561439,Female,10-17,White - English/Welsh/Scottish/Northern Irish/British,White,Misuse of Drugs Act 1971 (section 23),Controlled drugs,Community resolution,True,False
Person and Vehicle search,2021-06-05T00:37:00+00:00,False,,50.119884,-5.533091,Male,18-24,,White,Misuse of Drugs Act 1971 (section 23),Controlled drugs,A no further action disposal,True,False
Person search,2021-06-05T01:35:00+00:00,False,,50.721188,-3.531007,Male,over 34,White - English/Welsh/Scottish/Northern Irish/British,White,Police and Criminal Evidence Act 1984 (section 1),Offensive weapons,A no further action disposal,,False
Person search,2021-06-05T02:16:00+00:00,False,,,,Male,10-17,White - English/Welsh/Scottish/Northern Irish/British,White,Misuse of Drugs Act 1971 (section 23),Controlled drugs,A no further action disposal,,False
Person search,2021-06-05T02:16:00+00:00,False,,,,Male,18-24,White - English/Welsh/Scottish/Northern Irish/British,White,Police and Criminal Evidence Act 1984 (section 1),Offensive weapons,Arrest,False,False
Person search,2021-06-05T02:23:00+00:00,False,,,,Male,10-17,White - English/Welsh/Scottish/Northern Irish/British,White,Police and Criminal Evidence Act 1984 (section 1),Offensive weapons,A no further action disposal,,False
Person search,2021-06-05T09:50:00+00:00,False,,50.545715,-3.497976,Male,over 34,White - English/Welsh/Scottish/Northern Irish/British,White,Misuse of Drugs Act 1971 (section 23),Controlled drugs,A no further action disposal,,False
Person search,2021-06-05T18:01:00+00:00,False,,50.369959,-4.145103,Female,over 34,,White,Police and Criminal Evidence Act 1984 (section 1),Stolen goods,A no further action disposal,True,False
Person search,2021-06-05T21:22:00+00:00,False,,51.023088,-4.210315,Female,18-24,White - English/Welsh/Scottish/Northern Irish/British,White,Misuse of Drugs Act 1971 (section 23),Controlled drugs,Community resolution,True,False
Person search,2021-06-05T22:23:00+00:00,False,,50.398315,-4.094418,Female,10-17,White - English/Welsh/Scottish/Northern Irish/British,White,Misuse of Drugs Act 1971 (section 23),Controlled drugs,A no further action disposal,,False
Person search,2021-06-05T22:37:00+00:00,False,,50.068658,-5.701137,Male,25-34,White - English/Welsh/Scottish/Northern Irish/British,White,Misuse of Drugs Act 1971 (section 23),Controlled drugs,A no further action disposal,,False
Vehicle search,2021-06-05T22:54:00+00:00,False,,50.398315,-4.094418,,,,,Misuse of Drugs Act 1971 (section 23),Controlled drugs,A no further action disposal,True,
Person search,2021-06-05T22:54:00+00:00,False,,50.171368,-5.122631,Female,10-17,White - English/Welsh/Scottish/Northern Irish/British,White,Misuse of Drugs Act 1971 (section 23),Controlled drugs,A no further action disposal,True,False
Person search,2021-06-06T00:00:00+00:00,False,,50.338511,-4.786995,Male,25-34,,White,Police and Criminal Evidence Act 1984 (section 1),Offensive weapons,A no further action disposal,,False
Person search,2021-06-06T00:15:00+00:00,False,,50.477363,-3.550893,Male,18-24,White - English/Welsh/Scottish/Northern Irish/British,White,Police and Criminal Evidence Act 1984 (section 1),Offensive weapons,Community resolution,False,False
Person search,2021-06-06T00:45:00+00:00,False,,50.197469,-5.467820,Male,18-24,White - English/Welsh/Scottish/Northern Irish/British,White,Misuse of Drugs Act 1971 (section 23),Controlled drugs,A no further action disposal,,False
Person search,2021-06-06T05:20:00+00:00,True,,50.195847,-5.465516,Male,over 34,White - English/Welsh/Scottish/Northern Irish/British,White,Police and Criminal Evidence Act 1984 (section 1),Articles for use in criminal damage,A no further action disposal,True,False
Person search,2021-06-06T11:09:00+00:00,False,,,,Male,over 34,,White,Misuse of Drugs Act 1971 (section 23),Controlled drugs,A no further action disposal,,False
Person search,2021-06-06T11:40:00+00:00,False,,,,Male,over 34,,White,Misuse of Drugs Act 1971 (section 23),Controlled drugs,A no further action disposal,,False
Person search,2021-06-06T13:30:00+00:00,False,,,,Male,over 34,,White,Misuse of Drugs Act 1971 (section 23),Controlled drugs,A no further action disposal,True,False
Person search,2021-06-06T14:51:00+00:00,False,,50.369636,-4.151825,Male,over 34,,,Police and Criminal Evidence Act 1984 (section 1),Offensive weapons,A no further action disposal,,False
Person search,2021-06-06T15:00:00+00:00,False,,50.369535,-4.152931,Male,25-34,White - English/Welsh/Scottish/Northern Irish/British,,Police and Criminal Evidence Act 1984 (section 1),Offensive weapons,A no further action disposal,,False
Person search,2021-06-06T17:15:00+00:00,False,,50.252481,-5.198101,Male,18-24,,Asian,Police and Criminal Evidence Act 1984 (section 1),Offensive weapons,A no further action disposal,,False
Person search,2021-06-06T17:15:00+00:00,True,,50.252481,-5.198101,Male,18-24,,Asian,Police and Criminal Evidence Act 1984 (section 1),Offensive weapons,A no further action disposal,,False
Person and Vehicle search,2021-06-06T17:36:00+00:00,False,,50.747046,-3.547882,Male,over 34,White - English/Welsh/Scottish/Northern Irish/British,White,Misuse of Drugs Act 1971 (section 23),Controlled drugs,Community resolution,True,False
Person search,2021-06-06T19:00:00+00:00,False,,50.687044,-3.236911,Male,,,White,Police and Criminal Evidence Act 1984 (section 1),Offensive weapons,A no further action disposal,True,False
Person and Vehicle search,2021-06-06T19:33:00+00:00,True,,50.398315,-4.094418,Male,18-24,,White,Misuse of Drugs Act 1971 (section 23),Controlled drugs,Community resolution,True,False
Person and Vehicle search,2021-06-06T19:39:00+00:00,False,,50.410811,-4.133366,Male,18-24,White - English/Welsh/Scottish/Northern Irish/British,White,Misuse of Drugs Act 1971 (section 23),Controlled drugs,Arrest,True,False
Vehicle search,2021-06-06T21:55:00+00:00,False,,50.718424,-3.476207,,,,,Misuse of Drugs Act 1971 (section 23),Controlled drugs,A no further action disposal,,
Person search,2021-06-06T22:15:00+00:00,False,,50.737331,-3.475923,Male,10-17,White - English/Welsh/Scottish/Northern Irish/British,White,Police and Criminal Evidence Act 1984 (section 1),Offensive weapons,A no further action disposal,,False
Person search,2021-06-06T22:15:00+00:00,False,,50.737331,-3.475923,Male,10-17,,White,Police and Criminal Evidence Act 1984 (section 1),Offensive weapons,A no further action disposal,,False
Person search,2021-06-07T02:58:00+00:00,False,,50.793893,-3.206642,Male,18-24,White - English/Welsh/Scottish/Northern Irish/British,White,Police and Criminal Evidence Act 1984 (section 1),Stolen goods,A no further action disposal,,False
Vehicle search,2021-06-07T07:05:00+00:00,True,,50.252481,-5.198101,,,,,Police and Criminal Evidence Act 1984 (section 1),Offensive weapons,A no further action disposal,,
Person search,2021-06-07T12:30:00+00:00,False,,50.372266,-4.136544,Female,25-34,White - English/Welsh/Scottish/Northern Irish/British,White,Misuse of Drugs Act 1971 (section 23),Controlled drugs,A no further action disposal,,False
Person and Vehicle search,2021-06-07T12:45:00+00:00,False,,,,Male,25-34,White - English/Welsh/Scottish/Northern Irish/British,White,Misuse of Drugs Act 1971 (section 23),Controlled drugs,Community resolution,True,False
Person search,2021-06-07T15:40:00+00:00,False,,50.718424,-3.476207,Male,10-17,Black/African/Caribbean/Black British - Any other Black/African/Caribbean background,Black,Misuse of Drugs Act 1971 (section 23),Controlled drugs,Arrest,True,False
Person search,2021-06-07T16:44:00+00:00,False,,50.471861,-4.721782,Male,25-34,White - English/Welsh/Scottish/Northern Irish/British,White,Police and Criminal Evidence Act 1984 (section 1),Offensive weapons,A no further action disposal,,False
Person search,2021-06-07T16:49:00+00:00,False,,50.546203,-3.596596,Male,over 34,White - English/Welsh/Scottish/Northern Irish/British,White,Police and Criminal Evidence Act 1984 (section 1),Offensive weapons,A no further action disposal,,False
Person search,2021-06-07T20:23:00+00:00,False,,50.337147,-4.793942,Male,over 34,,White,Police and Criminal Evidence Act 1984 (section 1),Stolen goods,A no further action disposal,,False
Person search,2021-06-07T22:30:00+00:00,False,,,,Male,over 34,,White,Police and Criminal Evidence Act 1984 (section 1),Article for use in theft,A no further action disposal,,False
Person search,2021-06-08T03:00:00+00:00,False,,,,Male,10-17,,White,Misuse of Drugs Act 1971 (section 23),Controlled drugs,A no further action disposal,,False
Person search,2021-06-08T12:40:00+00:00,False,,,,Male,25-34,,White,Misuse of Drugs Act 1971 (section 23),Controlled drugs,A no further action disposal,,False
Person search,2021-06-08T12:45:00+00:00,False,,50.457354,-4.464767,Male,10-17,,White,Misuse of Drugs Act 1971 (section 23),Controlled drugs,A no further action disposal,False,False
Person search,2021-06-08T16:53:00+00:00,False,,51.068927,-4.036729,Male,over 34,,,Misuse of Drugs Act 1971 (section 23),Controlled drugs,A no further action disposal,,False
Person search,2021-06-08T17:34:00+00:00,False,,,,Male,over 34,,White,Misuse of Drugs Act 1971 (section 23),Controlled drugs,A no further action disposal,,False
Person search,2021-06-08T18:00:00+00:00,False,,50.338511,-4.786995,Male,over 34,White - English/Welsh/Scottish/Northern Irish/British,White,Police and Criminal Evidence Act 1984 (section 1),Stolen goods,A no further action disposal,,False
Person and Vehicle search,2021-06-08T18:06:00+00:00,False,,50.155468,-5.082095,Male,over 34,White - English/Welsh/Scottish/Northern Irish/British,White,Misuse of Drugs Act 1971 (section 23),Controlled drugs,A no further action disposal,False,False
Person search,2021-06-08T18:30:00+00:00,False,,50.338511,-4.786995,Male,over 34,White - English/Welsh/Scottish/Northern Irish/British,White,Police and Criminal Evidence Act 1984 (section 1),Stolen goods,A no further action disposal,,False
Person search,2021-06-08T20:09:00+00:00,False,,50.385609,-4.097248,Male,over 34,,White,Misuse of Drugs Act 1971 (section 23),Controlled drugs,Arrest,True,False
Person search,2021-06-08T20:09:00+00:00,False,,50.372266,-4.136544,Male,18-24,,White,Misuse of Drugs Act 1971 (section 23),Controlled drugs,A no further action disposal,,False
Vehicle search,2021-06-08T20:15:00+00:00,False,,,,,,,,Misuse of Drugs Act 1971 (section 23),Controlled drugs,Arrest,True,
Person search,2021-06-08T23:30:00+00:00,False,,50.372710,-4.137338,Male,18-24,,White,Misuse of Drugs Act 1971 (section 23),Controlled drugs,Community resolution,True,False
Person search,2021-06-08T23:30:00+00:00,False,,50.372756,-4.136327,Male,18-24,,White,Misuse of Drugs Act 1971 (section 23),Controlled drugs,Community resolution,True,False
Person search,2021-06-08T23:30:00+00:00,False,,50.372710,-4.137338,Male,18-24,,White,Misuse of Drugs Act 1971 (section 23),Controlled drugs,Community resolution,True,False
Person search,2021-06-09T00:07:00+00:00,False,,50.372710,-4.137338,Male,18-24,,White,Misuse of Drugs Act 1971 (section 23),Controlled drugs,Community resolution,True,False
Person search,2021-06-09T04:33:00+00:00,False,,50.444313,-4.764699,Male,18-24,,White,Police and Criminal Evidence Act 1984 (section 1),Offensive weapons,Summons / charged by post,True,False
Person and Vehicle search,2021-06-09T08:14:00+00:00,True,,51.018234,-3.830716,Male,25-34,,White,Misuse of Drugs Act 1971 (section 23),Controlled drugs,Community resolution,True,True
Person search,2021-06-09T08:30:00+00:00,False,,51.018234,-3.830716,Female,over 34,White - English/Welsh/Scottish/Northern Irish/British,White,Misuse of Drugs Act 1971 (section 23),Controlled drugs,A no further action disposal,,True
Person search,2021-06-09T11:55:00+00:00,False,,,,Male,25-34,White - English/Welsh/Scottish/Northern Irish/British,White,Police and Criminal Evidence Act 1984 (section 1),Offensive weapons,A no further action disposal,False,True
Person search,2021-06-09T14:52:00+00:00,False,,50.470620,-3.540611,Male,18-24,White - English/Welsh/Scottish/Northern Irish/British,White,Misuse of Drugs Act 1971 (section 23),Controlled drugs,A no further action disposal,,True
Person search,2021-06-09T16:25:00+00:00,False,,51.076544,-4.057292,Male,10-17,,White,Police and Criminal Evidence Act 1984 (section 1),Stolen goods,A no further action disposal,,False
Person search,2021-06-09T16:28:00+00:00,False,,51.076544,-4.057292,Male,10-17,White - English/Welsh/Scottish/Northern Irish/British,White,Police and Criminal Evidence Act 1984 (section 1),Article for use in theft,A no further action disposal,,False
Person search,2021-06-09T17:30:00+00:00,False,,50.717650,-3.475517,Male,18-24,White - English/Welsh/Scottish/Northern Irish/British,White,Misuse of Drugs Act 1971 (section 23),Controlled drugs,Community resolution,True,False
Person search,2021-06-09T17:55:00+00:00,False,,50.724277,-3.536817,Female,18-24,Mixed/Multiple ethnic groups - White and Black African,Black,Misuse of Drugs Act 1971 (section 23),Controlled drugs,A no further action disposal,True,False
Person and Vehicle search,2021-06-09T19:43:00+00:00,False,,50.338036,-4.773011,Female,18-24,White - English/Welsh/Scottish/Northern Irish/British,White,Police and Criminal Evidence Act 1984 (section 1),Offensive weapons,A no further action disposal,,False
Vehicle search,2021-06-09T21:53:00+00:00,False,,50.387911,-3.928997,,,,,Misuse of Drugs Act 1971 (section 23),Controlled drugs,A no further action disposal,,
Person search,2021-06-09T22:28:00+00:00,False,,50.334673,-4.793966,Male,18-24,White - Any other White background,White,Police and Criminal Evidence Act 1984 (section 1),Offensive weapons,A no further action disposal,,False
Person search,2021-06-09T22:50:00+00:00,False,,,,Male,18-24,White - English/Welsh/Scottish/Northern Irish/British,White,Police and Criminal Evidence Act 1984 (section 1),Offensive weapons,A no further action disposal,,False
Person search,2021-06-09T22:56:00+00:00,False,,50.215760,-5.292969,Female,18-24,White - English/Welsh/Scottish/Northern Irish/British,White,Misuse of Drugs Act 1971 (section 23),Controlled drugs,A no further action disposal,,False
Person search,2021-06-09T23:00:00+00:00,False,,51.076544,-4.057292,Female,over 34,White - English/Welsh/Scottish/Northern Irish/British,White,Misuse of Drugs Act 1971 (section 23),Controlled drugs,A no further action disposal,,False
Person and Vehicle search,2021-06-10T01:18:00+00:00,False,,51.076544,-4.057292,Male,over 34,White - English/Welsh/Scottish/Northern Irish/British,White,Misuse of Drugs Act 1971 (section 23),Controlled drugs,A no further action disposal,,False
Vehicle search,2021-06-10T10:59:00+00:00,False,,50.718424,-3.476207,,,,,Misuse of Drugs Act 1971 (section 23),Controlled drugs,A no further action disposal,,
Person search,2021-06-10T14:11:00+00:00,True,,50.152763,-5.066030,Male,,Mixed/Multiple ethnic groups - White and Asian,Asian,Misuse of Drugs Act 1971 (section 23),Controlled drugs,Community resolution,True,False
Person search,2021-06-10T14:53:00+00:00,False,,50.527684,-3.613014,Male,over 34,White - English/Welsh/Scottish/Northern Irish/British,White,Misuse of Drugs Act 1971 (section 23),Controlled drugs,,,False
Person search,2021-06-10T14:57:00+00:00,False,,50.416073,-4.125480,Male,over 34,White - English/Welsh/Scottish/Northern Irish/British,White,Police and Criminal Evidence Act 1984 (section 1),Offensive weapons,A no further action disposal,,False
Person and Vehicle search,2021-06-10T15:13:00+00:00,True,,50.205719,-5.486754,Male,over 34,White - Irish,White,Misuse of Drugs Act 1971 (section 23),Controlled drugs,A no further action disposal,True,False
Person and Vehicle search,2021-06-10T16:45:00+00:00,False,,50.198374,-5.402014,Male,18-24,White - English/Welsh/Scottish/Northern Irish/British,White,Police and Criminal Evidence Act 1984 (section 1),Articles for use in criminal damage,Arrest,True,False
Person and Vehicle search,2021-06-10T16:45:00+00:00,False,,50.199848,-5.401446,Female,18-24,,White,Police and Criminal Evidence Act 1984 (section 1),Articles for use in criminal damage,Arrest,True,False
Person and Vehicle search,2021-06-10T16:45:00+00:00,False,,50.199848,-5.401446,Male,25-34,White - English/Welsh/Scottish/Northern Irish/British,White,Police and Criminal Evidence Act 1984 (section 1),Articles for use in criminal damage,Arrest,True,False
Person and Vehicle search,2021-06-10T17:15:00+00:00,False,,50.198374,-5.402014,Female,over 34,White - English/Welsh/Scottish/Northern Irish/British,White,Police and Criminal Evidence Act 1984 (section 1),Articles for use in criminal damage,Arrest,False,False
Person and Vehicle search,2021-06-10T19:30:00+00:00,False,,50.530333,-3.593689,Male,,White - Irish,White,Police and Criminal Evidence Act 1984 (section 1),Article for use in theft,A no further action disposal,,False
Person search,2021-06-10T20:30:00+00:00,False,,50.369620,-4.162414,Female,25-34,White - English/Welsh/Scottish/Northern Irish/British,White,Misuse of Drugs Act 1971 (section 23),Controlled drugs,A no further action disposal,,False
Person search,2021-06-10T21:41:00+00:00,False,,50.729242,-3.504376,Male,25-34,White - English/Welsh/Scottish/Northern Irish/British,White,Misuse of Drugs Act 1971 (section 23),Controlled drugs,A no further action disposal,,False
Person and Vehicle search,2021-06-10T22:21:00+00:00,False,,50.862297,-3.384491,Male,over 34,White - English/Welsh/Scottish/Northern Irish/British,White,Misuse of Drugs Act 1971 (section 23),Controlled drugs,Community resolution,True,False
Vehicle search,2021-06-10T22:45:00+00:00,False,,,,,,,,Police and Criminal Evidence Act 1984 (section 1),Offensive weapons,A no further action disposal,,
Person search,2021-06-11T13:45:00+00:00,False,,50.372336,-4.135647,Female,over 34,,White,Misuse of Drugs Act 1971 (section 23),Controlled drugs,A no further action disposal,,False
Person search,2021-06-11T14:48:00+00:00,False,,50.693656,-3.239265,Male,18-24,White - English/Welsh/Scottish/Northern Irish/British,White,Misuse of Drugs Act 1971 (section 23),Controlled drugs,Arrest,True,False
Person and Vehicle search,2021-06-11T16:04:00+00:00,True,,50.468937,-3.539302,Male,25-34,White - English/Welsh/Scottish/Northern Irish/British,White,Misuse of Drugs Act 1971 (section 23),Controlled drugs,A no further action disposal,True,False
Person search,2021-06-11T19:00:00+00:00,False,,50.402470,-4.185820,Male,10-17,,White,Police and Criminal Evidence Act 1984 (section 1),Stolen goods,A no further action disposal,,False
Person search,2021-06-11T19:15:00+00:00,False,,50.369960,-4.170248,Female,10-17,,White,Police and Criminal Evidence Act 1984 (section 1),Stolen goods,A no further action disposal,,False
Person search,2021-06-11T20:10:00+00:00,False,,50.729606,-3.517253,Male,18-24,White - English/Welsh/Scottish/Northern Irish/British,White,Misuse of Drugs Act 1971 (section 23),Controlled drugs,A no further action disposal,,False
Person search,2021-06-11T20:20:00+00:00,False,,,,Male,18-24,White - English/Welsh/Scottish/Northern Irish/British,White,Misuse of Drugs Act 1971 (section 23),Controlled drugs,A no further action disposal,,False
Person search,2021-06-11T21:14:00+00:00,False,,50.729058,-3.518596,Male,18-24,,White,Misuse of Drugs Act 1971 (section 23),Controlled drugs,A no further action disposal,,False
Person search,2021-06-12T01:00:00+00:00,True,,50.717650,-3.475517,Male,18-24,White - English/Welsh/Scottish/Northern Irish/British,White,Police and Criminal Evidence Act 1984 (section 1),Stolen goods,A no further action disposal,,False
Person search,2021-06-12T01:05:00+00:00,False,,50.381529,-4.133149,Male,18-24,Black/African/Caribbean/Black British - African,Black,Misuse of Drugs Act 1971 (section 23),Controlled drugs,A no further action disposal,,False
Person search,2021-06-12T02:04:00+00:00,False,,50.365809,-4.145254,Male,25-34,,White,Police and Criminal Evidence Act 1984 (section 1),Article for use in theft,A no further action disposal,,False
Person and Vehicle search,2021-06-12T11:00:00+00:00,False,,50.448438,-4.998247,Male,25-34,White - English/Welsh/Scottish/Northern Irish/British,White,Misuse of Drugs Act 1971 (section 23),Controlled drugs,Community resolution,True,False
Person search,2021-06-12T11:04:00+00:00,False,,50.402653,-5.024574,Male,18-24,White - English/Welsh/Scottish/Northern Irish/British,White,Misuse of Drugs Act 1971 (section 23),Controlled drugs,A no further action disposal,True,False
Person search,2021-06-12T12:18:00+00:00,True,,50.686852,-3.237231,Male,18-24,White - English/Welsh/Scottish/Northern Irish/British,White,Misuse of Drugs Act 1971 (section 23),Controlled drugs,A no further action disposal,,False
Person search,2021-06-12T14:15:00+00:00,False,,50.465615,-3.530007,Female,over 34,,White,Misuse of Drugs Act 1971 (section 23),Controlled drugs,A no further action disposal,,False
Person and Vehicle search,2021-06-12T15:21:00+00:00,False,,50.450845,-4.722702,Male,over 34,Asian/Asian British - Indian,Asian,Misuse of Drugs Act 1971 (section 23),Controlled drugs,,True,False
Person and Vehicle search,2021-06-12T19:14:00+00:00,False,,50.715781,-3.544104,Male,over 34,Other ethnic group - Any other ethnic group,Asian,Misuse of Drugs Act 1971 (section 23),Controlled drugs,A no further action disposal,,False
Person search,2021-06-12T20:06:00+00:00,False,,50.721547,-3.532464,Male,over 34,White - English/Welsh/Scottish/Northern Irish/British,White,Misuse of Drugs Act 1971 (section 23),Controlled drugs,A no further action disposal,,False
Person search,2021-06-12T20:10:00+00:00,False,,,,Male,10-17,White - English/Welsh/Scottish/Northern Irish/British,White,Police and Criminal Evidence Act 1984 (section 1),Offensive weapons,A no further action disposal,,False
Person search,2021-06-12T23:20:00+00:00,False,,50.560737,-3.594644,Male,10-17,White - English/Welsh/Scottish/Northern Irish/British,White,Misuse of Drugs Act 1971 (section 23),Controlled drugs,A no further action disposal,,False
Person search,2021-06-12T23:22:00+00:00,False,,50.559537,-3.594265,Male,10-17,White - English/Welsh/Scottish/Northern Irish/British,White,Misuse of Drugs Act 1971 (section 23),Controlled drugs,A no further action disposal,,False
Person search,2021-06-12T23:23:00+00:00,False,,50.559537,-3.594265,Male,10-17,White - English/Welsh/Scottish/Northern Irish/British,White,Misuse of Drugs Act 1971 (section 23),Controlled drugs,A no further action disposal,,False
Person search,2021-06-12T23:24:00+00:00,False,,50.553066,-3.597872,Male,10-17,White - English/Welsh/Scottish/Northern Irish/British,White,Misuse of Drugs Act 1971 (section 23),Controlled drugs,A no further action disposal,True,False
Vehicle search,2021-06-12T23:30:00+00:00,False,,50.485186,-3.542917,,,,,Police and Criminal Evidence Act 1984 (section 1),Controlled drugs,A no further action disposal,True,
Person search,2021-06-12T23:30:00+00:00,False,,50.485186,-3.542917,Male,18-24,Asian/Asian British - Any other Asian background,Asian,Police and Criminal Evidence Act 1984 (section 1),Controlled drugs,A no further action disposal,True,False
Person search,2021-06-13T00:00:00+00:00,False,,50.209689,-5.300219,Male,18-24,White - English/Welsh/Scottish/Northern Irish/British,White,Misuse of Drugs Act 1971 (section 23),Controlled drugs,A no further action disposal,,False
Person search,2021-06-13T00:00:00+00:00,False,,50.209689,-5.300219,Male,18-24,White - English/Welsh/Scottish/Northern Irish/British,White,Police and Criminal Evidence Act 1984 (section 1),Firearms,A no further action disposal,,False
Person search,2021-06-13T00:07:00+00:00,False,,50.379752,-4.163620,Male,over 34,White - English/Welsh/Scottish/Northern Irish/British,White,Police and Criminal Evidence Act 1984 (section 1),Offensive weapons,A no further action disposal,,False
Person search,2021-06-13T00:45:00+00:00,False,,50.209689,-5.300219,Male,,,White,Misuse of Drugs Act 1971 (section 23),Controlled drugs,A no further action disposal,,False
Person search,2021-06-13T11:00:00+00:00,False,,51.074602,-4.053138,Male,25-34,White - English/Welsh/Scottish/Northern Irish/British,White,Misuse of Drugs Act 1971 (section 23),Controlled drugs,A no further action disposal,,False
Person search,2021-06-13T12:35:00+00:00,False,,50.415347,-5.075600,Male,over 34,,White,Police and Criminal Evidence Act 1984 (section 1),Offensive weapons,Arrest,True,False
Person search,2021-06-13T16:17:00+00:00,True,,50.191877,-5.460184,Male,25-34,,White,Police and Criminal Evidence Act 1984 (section 1),Articles for use in criminal damage,A no further action disposal,True,False
Person search,2021-06-13T16:43:00+00:00,False,,50.177344,-5.443358,Male,10-17,,White,Police and Criminal Evidence Act 1984 (section 1),Articles for use in criminal damage,A no further action disposal,,False
Person search,2021-06-13T17:00:00+00:00,True,,50.231832,-5.273727,Male,,,,Police and Criminal Evidence Act 1984 (section 1),Article for use in theft,A no further action disposal,,False
Person search,2021-06-13T17:11:00+00:00,False,,50.358187,-4.455407,Male,10-17,,White,Police and Criminal Evidence Act 1984 (section 1),Articles for use in criminal damage,A no further action disposal,,False
Vehicle search,2021-06-13T17:57:00+00:00,False,,,,,,,,Misuse of Drugs Act 1971 (section 23),Controlled drugs,A no further action disposal,,
Person search,2021-06-13T18:30:00+00:00,False,,50.390949,-3.510762,Female,over 34,,White,Police and Criminal Evidence Act 1984 (section 1),Offensive weapons,A no further action disposal,True,False
Person search,2021-06-13T18:30:00+00:00,False,,,,Male,25-34,,White,Police and Criminal Evidence Act 1984 (section 1),Offensive weapons,A no further action disposal,,False
Person search,2021-06-13T20:28:00+00:00,False,,50.420313,-4.236577,Male,,,White,Police and Criminal Evidence Act 1984 (section 1),Offensive weapons,,True,False
Person search,2021-06-13T20:38:00+00:00,False,,50.433004,-3.566523,Male,25-34,,White,Police and Criminal Evidence Act 1984 (section 1),Offensive weapons,A no further action disposal,,False
Person search,2021-06-13T20:46:00+00:00,False,,50.374997,-4.142588,Male,over 34,White - English/Welsh/Scottish/Northern Irish/British,White,Misuse of Drugs Act 1971 (section 23),Controlled drugs,A no further action disposal,,False
Person search,2021-06-13T21:30:00+00:00,False,,50.372266,-4.136544,Female,18-24,White - English/Welsh/Scottish/Northern Irish/British,White,Misuse of Drugs Act 1971 (section 23),Controlled drugs,A no further action disposal,,False
Person and Vehicle search,2021-06-13T21:31:00+00:00,False,,50.372266,-4.136544,Male,18-24,White - English/Welsh/Scottish/Northern Irish/British,White,Misuse of Drugs Act 1971 (section 23),Controlled drugs,A no further action disposal,,False
Person search,2021-06-13T22:04:00+00:00,False,,50.334673,-4.793966,Male,25-34,White - English/Welsh/Scottish/Northern Irish/British,White,Misuse of Drugs Act 1971 (section 23),Controlled drugs,A no further action disposal,,False
Person search,2021-06-13T23:05:00+00:00,False,,50.621751,-3.408953,Male,10-17,White - English/Welsh/Scottish/Northern Irish/British,White,Misuse of Drugs Act 1971 (section 23),Controlled drugs,A no further action disposal,,False
Person search,2021-06-14T10:10:00+00:00,False,,,,Male,25-34,,White,Police and Criminal Evidence Act 1984 (section 1),Stolen goods,Arrest,False,False
Person search,2021-06-14T14:25:00+00:00,False,,51.017623,-3.830064,Female,10-17,,White,Police and Criminal Evidence Act 1984 (section 1),Offensive weapons,A no further action disposal,,False
Person and Vehicle search,2021-06-14T16:00:00+00:00,False,,50.744176,-3.357404,Male,25-34,Black/African/Caribbean/Black British - African,Black,Misuse of Drugs Act 1971 (section 23),Controlled drugs,Community resolution,True,False
Person search,2021-06-14T17:05:00+00:00,False,,50.372756,-4.136327,Male,over 34,White - English/Welsh/Scottish/Northern Irish/British,White,Police and Criminal Evidence Act 1984 (section 1),Offensive weapons,Arrest,True,False
Person search,2021-06-14T19:02:00+00:00,False,,50.367113,-4.135019,Male,over 34,,Other,Police and Criminal Evidence Act 1984 (section 1),Offensive weapons,A no further action disposal,,False
Person search,2021-06-14T20:00:00+00:00,False,,,,Male,25-34,,White,Misuse of Drugs Act 1971 (section 23),Controlled drugs,A no further action disposal,,False
Person search,2021-06-14T20:00:00+00:00,False,,50.372756,-4.136327,Male,over 34,,White,Misuse of Drugs Act 1971 (section 23),Controlled drugs,A no further action disposal,,False
Person search,2021-06-14T20:00:00+00:00,False,,,,Female,over 34,,White,Misuse of Drugs Act 1971 (section 23),Controlled drugs,Arrest,True,False
Person search,2021-06-14T20:00:00+00:00,False,,,,Male,over 34,,White,Misuse of Drugs Act 1971 (section 23),Controlled drugs,A no further action disposal,,False
Person search,2021-06-14T20:56:00+00:00,False,,50.718424,-3.476207,Female,over 34,White - English/Welsh/Scottish/Northern Irish/British,White,Misuse of Drugs Act 1971 (section 23),Controlled drugs,A no further action disposal,,False
Person search,2021-06-14T21:26:00+00:00,False,,50.372710,-4.137338,Male,18-24,,White,Misuse of Drugs Act 1971 (section 23),Controlled drugs,A no further action disposal,,False
Person search,2021-06-15T01:58:00+00:00,False,,50.715314,-3.540689,Female,18-24,White - English/Welsh/Scottish/Northern Irish/British,White,Police and Criminal Evidence Act 1984 (section 1),Article for use in theft,A no further action disposal,,False
Person search,2021-06-15T10:30:00+00:00,False,,50.265813,-5.056140,Male,over 34,White - English/Welsh/Scottish/Northern Irish/British,White,Misuse of Drugs Act 1971 (section 23),Controlled drugs,A no further action disposal,,False
Person search,2021-06-15T13:15:00+00:00,False,,,,Male,over 34,White - English/Welsh/Scottish/Northern Irish/British,White,Misuse of Drugs Act 1971 (section 23),Controlled drugs,A no further action disposal,,False
Person search,2021-06-15T15:20:00+00:00,False,,50.372756,-4.136327,Female,over 34,,White,Misuse of Drugs Act 1971 (section 23),Controlled drugs,A no further action disposal,,False
Person search,2021-06-15T15:45:00+00:00,False,,50.718424,-3.476207,Male,18-24,White - English/Welsh/Scottish/Northern Irish/British,White,Police and Criminal Evidence Act 1984 (section 1),Offensive weapons,A no further action disposal,,False
Person search,2021-06-15T17:00:00+00:00,False,,50.114428,-5.542077,Male,25-34,White - English/Welsh/Scottish/Northern Irish/British,White,Police and Criminal Evidence Act 1984 (section 1),Article for use in theft,A no further action disposal,,False
Person search,2021-06-15T19:38:00+00:00,False,,50.781114,-3.001514,Male,over 34,White - English/Welsh/Scottish/Northern Irish/British,White,Misuse of Drugs Act 1971 (section 23),Controlled drugs,A no further action disposal,True,False
Person search,2021-06-15T19:40:00+00:00,False,,50.405542,-4.152297,Male,18-24,White - English/Welsh/Scottish/Northern Irish/British,White,Misuse of Drugs Act 1971 (section 23),Controlled drugs,Arrest,True,False
Person search,2021-06-15T20:00:00+00:00,False,,50.718424,-3.476207,Female,18-24,,White,Misuse of Drugs Act 1971 (section 23),Controlled drugs,A no further action disposal,True,False
Person search,2021-06-15T21:45:00+00:00,False,,50.374997,-4.142588,Female,25-34,White - English/Welsh/Scottish/Northern Irish/British,White,Misuse of Drugs Act 1971 (section 23),Controlled drugs,A no further action disposal,,False
Person search,2021-06-15T22:00:00+00:00,False,,50.372336,-4.135647,Male,25-34,White - English/Welsh/Scottish/Northern Irish/British,White,Misuse of Drugs Act 1971 (section 23),Controlled drugs,Community resolution,True,False
Person and Vehicle search,2021-06-15T22:15:00+00:00,False,,50.731241,-3.399469,Male,over 34,White - English/Welsh/Scottish/Northern Irish/British,White,Misuse of Drugs Act 1971 (section 23),Controlled drugs,Community resolution,True,False
Person and Vehicle search,2021-06-15T22:40:00+00:00,False,,50.728618,-3.482932,Male,18-24,White - English/Welsh/Scottish/Northern Irish/British,White,Misuse of Drugs Act 1971 (section 23),Controlled drugs,A no further action disposal,,False
Person search,2021-06-16T08:45:00+00:00,False,,50.717348,-3.502677,Male,25-34,White - English/Welsh/Scottish/Northern Irish/British,White,Misuse of Drugs Act 1971 (section 23),Controlled drugs,A no further action disposal,True,False
Person search,2021-06-16T12:20:00+00:00,False,,50.372266,-4.136544,Male,10-17,White - Any other White background,White,Misuse of Drugs Act 1971 (section 23),Controlled drugs,A no further action disposal,,False
Person search,2021-06-16T13:00:00+00:00,False,,,,Male,10-17,,White,Misuse of Drugs Act 1971 (section 23),Controlled drugs,A no further action disposal,,False
Person search,2021-06-16T13:09:00+00:00,False,,50.621751,-3.408953,Male,18-24,White - English/Welsh/Scottish/Northern Irish/British,White,Police and Criminal Evidence Act 1984 (section 1),Stolen goods,Arrest,False,False
Person search,2021-06-16T13:50:00+00:00,True,,50.718424,-3.476207,Male,over 34,,White,Police and Criminal Evidence Act 1984 (section 1),Stolen goods,Arrest,False,False
Person search,2021-06-16T15:50:00+00:00,False,,50.923230,-3.378616,Male,over 34,White - English/Welsh/Scottish/Northern Irish/British,White,Misuse of Drugs Act 1971 (section 23),Controlled drugs,Arrest,True,False
Person search,2021-06-16T15:50:00+00:00,False,,50.919425,-3.360364,Male,over 34,White - English/Welsh/Scottish/Northern Irish/British,White,Misuse of Drugs Act 1971 (section 23),Controlled drugs,Community resolution,True,False
Person search,2021-06-16T17:00:00+00:00,False,,,,Male,18-24,White - English/Welsh/Scottish/Northern Irish/British,White,Misuse of Drugs Act 1971 (section 23),Controlled drugs,Community resolution,True,False
Person search,2021-06-16T17:05:00+00:00,False,,,,Male,18-24,,White,Misuse of Drugs Act 1971 (section 23),Controlled drugs,A no further action disposal,,False
Person search,2021-06-16T17:10:00+00:00,False,,,,Male,18-24,White - English/Welsh/Scottish/Northern Irish/British,White,Misuse of Drugs Act 1971 (section 23),Controlled drugs,Summons / charged by post,True,False
Person search,2021-06-16T17:14:00+00:00,False,,50.391127,-4.054201,Male,25-34,,White,Police and Criminal Evidence Act 1984 (section 1),Offensive weapons,A no further action disposal,,False
Person search,2021-06-16T17:20:00+00:00,False,,50.372710,-4.137338,Male,18-24,White - English/Welsh/Scottish/Northern Irish/British,White,Misuse of Drugs Act 1971 (section 23),Controlled drugs,Community resolution,True,False
Person search,2021-06-16T20:00:00+00:00,False,,50.718424,-3.476207,Male,over 34,White - Any other White background,White,Misuse of Drugs Act 1971 (section 23),Controlled drugs,A no further action disposal,False,False
Person search,2021-06-16T23:30:00+00:00,False,,,,Male,18-24,,White,Misuse of Drugs Act 1971 (section 23),Controlled drugs,A no further action disposal,,False
Vehicle search,2021-06-16T23:36:00+00:00,False,,50.372756,-4.136327,,,,,Misuse of Drugs Act 1971 (section 23),Controlled drugs,A no further action disposal,,
Vehicle search,2021-06-16T23:36:00+00:00,False,,50.372756,-4.136327,,,,,Misuse of Drugs Act 1971 (section 23),,A no further action disposal,,
Person search,2021-06-17T06:50:00+00:00,False,,50.475765,-3.528954,Female,over 34,White - English/Welsh/Scottish/Northern Irish/British,White,Police and Criminal Evidence Act 1984 (section 1),Offensive weapons,A no further action disposal,,False
Person and Vehicle search,2021-06-17T10:20:00+00:00,False,,50.240776,-3.805790,Male,over 34,White - English/Welsh/Scottish/Northern Irish/British,White,Misuse of Drugs Act 1971 (section 23),Controlled drugs,A no further action disposal,True,False
Person search,2021-06-17T13:10:00+00:00,False,,50.376154,-4.143751,Male,over 34,White - English/Welsh/Scottish/Northern Irish/British,White,Police and Criminal Evidence Act 1984 (section 1),Stolen goods,Community resolution,False,False
Person search,2021-06-17T15:00:00+00:00,False,,,,Male,over 34,White - English/Welsh/Scottish/Northern Irish/British,White,Misuse of Drugs Act 1971 (section 23),Controlled drugs,A no further action disposal,True,False
Person search,2021-06-17T15:40:00+00:00,False,,50.470140,-3.540186,Male,over 34,,White,Police and Criminal Evidence Act 1984 (section 1),Offensive weapons,Arrest,True,False
Person and Vehicle search,2021-06-17T17:30:00+00:00,False,,50.372266,-4.136544,Male,under 10,White - English/Welsh/Scottish/Northern Irish/British,White,Misuse of Drugs Act 1971 (section 23),Controlled drugs,Community resolution,True,False
Person search,2021-06-17T18:48:00+00:00,False,,,,Female,18-24,White - English/Welsh/Scottish/Northern Irish/British,White,Police and Criminal Evidence Act 1984 (section 1),Article for use in theft,A no further action disposal,,False
Person search,2021-06-17T20:00:00+00:00,False,,51.017452,-4.204486,Male,10-17,,White,Police and Criminal Evidence Act 1984 (section 1),Article for use in theft,A no further action disposal,,False
Person search,2021-06-17T20:07:00+00:00,False,,51.017373,-4.201031,Male,10-17,White - English/Welsh/Scottish/Northern Irish/British,White,Misuse of Drugs Act 1971 (section 23),Controlled drugs,A no further action disposal,,False
Vehicle search,2021-06-17T23:15:00+00:00,False,,51.074602,-4.053138,,,,,Misuse of Drugs Act 1971 (section 23),Controlled drugs,A no further action disposal,True,
Person and Vehicle search,2021-06-18T07:36:00+00:00,False,,,,Male,over 34,White - English/Welsh/Scottish/Northern Irish/British,White,Misuse of Drugs Act 1971 (section 23),Controlled drugs,A no further action disposal,,True
Person search,2021-06-18T15:48:00+00:00,False,,50.372085,-4.134131,Male,25-34,White - English/Welsh/Scottish/Northern Irish/British,White,Misuse of Drugs Act 1971 (section 23),Controlled drugs,Arrest,False,False
Person search,2021-06-18T18:21:00+00:00,False,,50.416594,-4.137300,Male,10-17,White - English/Welsh/Scottish/Northern Irish/British,White,Police and Criminal Evidence Act 1984 (section 1),Offensive weapons,A no further action disposal,,False
Person search,2021-06-18T21:01:00+00:00,False,,50.621695,-3.415072,Male,,White - English/Welsh/Scottish/Northern Irish/British,White,Police and Criminal Evidence Act 1984 (section 1),Offensive weapons,A no further action disposal,,False
Person search,2021-06-18T21:08:00+00:00,False,,50.621695,-3.415072,Male,over 34,White - English/Welsh/Scottish/Northern Irish/British,White,Police and Criminal Evidence Act 1984 (section 1),Offensive weapons,A no further action disposal,,False
Person search,2021-06-18T22:16:00+00:00,False,,50.530597,-3.612464,Male,25-34,,White,Misuse of Drugs Act 1971 (section 23),Controlled drugs,A no further action disposal,,False
Person search,2021-06-19T00:44:00+00:00,False,,50.466706,-4.737932,Male,over 34,White - English/Welsh/Scottish/Northern Irish/British,White,Misuse of Drugs Act 1971 (section 23),Controlled drugs,,True,False
Vehicle search,2021-06-19T13:03:00+00:00,False,,50.271208,-5.037018,,,,,Police and Criminal Evidence Act 1984 (section 1),Firearms,A no further action disposal,,
Person search,2021-06-19T17:27:00+00:00,False,,50.717348,-3.502677,Male,18-24,White - English/Welsh/Scottish/Northern Irish/British,White,Misuse of Drugs Act 1971 (section 23),Controlled drugs,A no further action disposal,,False
Person and Vehicle search,2021-06-19T17:27:00+00:00,False,,50.733781,-3.560028,Male,18-24,White - English/Welsh/Scottish/Northern Irish/British,White,Misuse of Drugs Act 1971 (section 23),Controlled drugs,A no further action disposal,,False
Person search,2021-06-19T17:50:00+00:00,False,,50.372756,-4.136327,Male,18-24,White - English/Welsh/Scottish/Northern Irish/British,White,Police and Criminal Evidence Act 1984 (section 1),Offensive weapons,A no further action disposal,,False
Person search,2021-06-19T18:00:00+00:00,False,,50.418078,-4.115659,Male,18-24,White - English/Welsh/Scottish/Northern Irish/British,White,Police and Criminal Evidence Act 1984 (section 1),Offensive weapons,A no further action disposal,False,False
Person and Vehicle search,2021-06-19T19:19:00+00:00,False,,50.718424,-3.476207,Male,over 34,White - English/Welsh/Scottish/Northern Irish/British,White,Misuse of Drugs Act 1971 (section 23),Controlled drugs,Community resolution,True,False
Person search,2021-06-19T20:00:00+00:00,False,,50.718424,-3.476207,Male,over 34,White - English/Welsh/Scottish/Northern Irish/British,White,Misuse of Drugs Act 1971 (section 23),Controlled drugs,A no further action disposal,,False
Person search,2021-06-19T20:34:00+00:00,False,,,,Male,18-24,White - English/Welsh/Scottish/Northern Irish/British,White,Misuse of Drugs Act 1971 (section 23),Controlled drugs,Arrest,True,False
Person search,2021-06-19T20:38:00+00:00,False,,,,Male,18-24,White - English/Welsh/Scottish/Northern Irish/British,White,Misuse of Drugs Act 1971 (section 23),Controlled drugs,A no further action disposal,,False
Person search,2021-06-19T20:41:00+00:00,False,,50.527600,-3.600186,Male,25-34,White - English/Welsh/Scottish/Northern Irish/British,White,Police and Criminal Evidence Act 1984 (section 1),Offensive weapons,A no further action disposal,,False
Person and Vehicle search,2021-06-19T21:19:00+00:00,False,,,,Male,over 34,White - English/Welsh/Scottish/Northern Irish/British,White,Police and Criminal Evidence Act 1984 (section 1),,A no further action disposal,,False
Person search,2021-06-19T21:57:00+00:00,False,,50.718424,-3.476207,Male,10-17,,White,Misuse of Drugs Act 1971 (section 23),Controlled drugs,Summons / charged by post,True,False
Person search,2021-06-20T04:09:00+00:00,False,,50.414903,-5.086581,Male,18-24,White - English/Welsh/Scottish/Northern Irish/British,White,Misuse of Drugs Act 1971 (section 23),Controlled drugs,A no further action disposal,,False
Person search,2021-06-20T05:53:00+00:00,False,,50.621751,-3.408953,Male,10-17,White - English/Welsh/Scottish/Northern Irish/British,White,Misuse of Drugs Act 1971 (section 23),Controlled drugs,A no further action disposal,,False
Person search,2021-06-20T10:36:00+00:00,False,,50.700965,-3.493346,Male,10-17,White - English/Welsh/Scottish/Northern Irish/British,White,Police and Criminal Evidence Act 1984 (section 1),Article for use in theft,A no further action disposal,,False
Person search,2021-06-20T11:48:00+00:00,False,,50.558996,-3.663116,Male,18-24,White - English/Welsh/Scottish/Northern Irish/British,White,Police and Criminal Evidence Act 1984 (section 1),Offensive weapons,A no further action disposal,,False
Person search,2021-06-20T11:50:00+00:00,False,,50.558996,-3.663116,Male,25-34,White - English/Welsh/Scottish/Northern Irish/British,White,Police and Criminal Evidence Act 1984 (section 1),Offensive weapons,A no further action disposal,,False
Person search,2021-06-20T15:00:00+00:00,False,,50.410811,-4.133366,Male,10-17,White - English/Welsh/Scottish/Northern Irish/British,White,Misuse of Drugs Act 1971 (section 23),Controlled drugs,A no further action disposal,True,False
Person search,2021-06-20T17:20:00+00:00,False,,50.373873,-4.152804,Male,25-34,White - English/Welsh/Scottish/Northern Irish/British,White,Misuse of Drugs Act 1971 (section 23),Controlled drugs,A no further action disposal,,False
Person search,2021-06-20T21:52:00+00:00,False,,50.433796,-4.103475,Male,18-24,,White,Police and Criminal Evidence Act 1984 (section 1),Stolen goods,A no further action disposal,,False
Person search,2021-06-20T22:45:00+00:00,False,,50.435902,-3.577011,Male,18-24,White - English/Welsh/Scottish/Northern Irish/British,White,Misuse of Drugs Act 1971 (section 23),Controlled drugs,A no further action disposal,,False
Person and Vehicle search,2021-06-20T22:51:00+00:00,False,,50.434435,-3.576413,Male,18-24,White - English/Welsh/Scottish/Northern Irish/British,White,Misuse of Drugs Act 1971 (section 23),Controlled drugs,A no further action disposal,True,False
Person search,2021-06-20T22:59:00+00:00,False,,50.434435,-3.576413,Female,18-24,White - English/Welsh/Scottish/Northern Irish/British,White,Misuse of Drugs Act 1971 (section 23),Controlled drugs,A no further action disposal,,False
Person and Vehicle search,2021-06-20T22:59:00+00:00,False,,50.435902,-3.577011,Male,18-24,White - English/Welsh/Scottish/Northern Irish/British,White,Misuse of Drugs Act 1971 (section 23),Controlled drugs,A no further action disposal,,False
Person search,2021-06-21T03:50:00+00:00,False,,50.405005,-4.833050,Male,18-24,,White,Police and Criminal Evidence Act 1984 (section 1),Offensive weapons,A no further action disposal,,False
Person search,2021-06-21T14:15:00+00:00,False,,,,Male,25-34,White - English/Welsh/Scottish/Northern Irish/British,White,Misuse of Drugs Act 1971 (section 23),Offensive weapons,Arrest,True,False
Person search,2021-06-21T15:44:00+00:00,False,,50.415242,-5.074791,Male,18-24,White - Any other White background,White,Misuse of Drugs Act 1971 (section 23),Controlled drugs,A no further action disposal,,False
Person search,2021-06-21T16:03:00+00:00,False,,50.393013,-4.931059,Male,10-17,White - English/Welsh/Scottish/Northern Irish/British,White,Misuse of Drugs Act 1971 (section 23),Controlled drugs,Arrest,True,False
Person search,2021-06-21T16:22:00+00:00,False,,50.372266,-4.136544,Male,over 34,,White,Police and Criminal Evidence Act 1984 (section 1),Offensive weapons,A no further action disposal,,False
Person and Vehicle search,2021-06-21T17:35:00+00:00,False,,50.372756,-4.136327,Female,25-34,,White,Misuse of Drugs Act 1971 (section 23),Controlled drugs,A no further action disposal,,False
Person and Vehicle search,2021-06-21T17:37:00+00:00,False,,50.372336,-4.135647,Male,over 34,White - English/Welsh/Scottish/Northern Irish/British,White,Misuse of Drugs Act 1971 (section 23),Controlled drugs,A no further action disposal,,False
Person and Vehicle search,2021-06-21T17:37:00+00:00,False,,50.372756,-4.136327,Male,over 34,White - English/Welsh/Scottish/Northern Irish/British,White,Misuse of Drugs Act 1971 (section 23),Controlled drugs,A no further action disposal,,False
Person search,2021-06-21T17:57:00+00:00,False,,50.370540,-4.154046,Male,10-17,White - English/Welsh/Scottish/Northern Irish/British,White,Police and Criminal Evidence Act 1984 (section 1),Offensive weapons,A no further action disposal,,False
Person and Vehicle search,2021-06-21T20:21:00+00:00,False,,50.372266,-4.136544,Male,25-34,White - English/Welsh/Scottish/Northern Irish/British,White,Misuse of Drugs Act 1971 (section 23),Controlled drugs,A no further action disposal,,False
Person and Vehicle search,2021-06-21T22:06:00+00:00,False,,50.403413,-4.186398,Male,18-24,White - English/Welsh/Scottish/Northern Irish/British,White,Police and Criminal Evidence Act 1984 (section 1),Stolen goods,A no further action disposal,,False
Person and Vehicle search,2021-06-22T01:45:00+00:00,False,,50.527948,-3.610808,Male,25-34,,White,Misuse of Drugs Act 1971 (section 23),Controlled drugs,Community resolution,True,False
Person search,2021-06-22T04:43:00+00:00,False,,50.338511,-4.786995,Male,10-17,White - English/Welsh/Scottish/Northern Irish/British,White,Misuse of Drugs Act 1971 (section 23),Controlled drugs,A no further action disposal,True,True
Person search,2021-06-22T10:44:00+00:00,False,,50.470759,-3.540263,Female,over 34,White - English/Welsh/Scottish/Northern Irish/British,White,Police and Criminal Evidence Act 1984 (section 1),Stolen goods,A no further action disposal,True,False
Person search,2021-06-22T13:23:00+00:00,False,,,,Male,over 34,White - English/Welsh/Scottish/Northern Irish/British,White,Misuse of Drugs Act 1971 (section 23),Controlled drugs,A no further action disposal,,False
Person search,2021-06-22T13:35:00+00:00,False,,,,Male,over 34,White - English/Welsh/Scottish/Northern Irish/British,White,Misuse of Drugs Act 1971 (section 23),Controlled drugs,A no further action disposal,,False
Person and Vehicle search,2021-06-22T15:22:00+00:00,False,,50.224423,-5.279642,Male,18-24,White - English/Welsh/Scottish/Northern Irish/British,White,Misuse of Drugs Act 1971 (section 23),Controlled drugs,A no further action disposal,,False
Person search,2021-06-22T16:44:00+00:00,False,,,,Male,over 34,White - English/Welsh/Scottish/Northern Irish/British,White,Misuse of Drugs Act 1971 (section 23),Controlled drugs,A no further action disposal,,False
Person search,2021-06-22T16:44:00+00:00,False,,,,Male,18-24,White - English/Welsh/Scottish/Northern Irish/British,White,Misuse of Drugs Act 1971 (section 23),Controlled drugs,Community resolution,True,False
Vehicle search,2021-06-22T16:44:00+00:00,False,,,,,,,,Misuse of Drugs Act 1971 (section 23),Controlled drugs,Community resolution,True,
Person search,2021-06-22T18:37:00+00:00,False,,51.080852,-4.058297,Male,over 34,White - English/Welsh/Scottish/Northern Irish/British,White,Misuse of Drugs Act 1971 (section 23),Controlled drugs,A no further action disposal,,False
Person search,2021-06-22T19:58:00+00:00,False,,50.467815,-3.532333,Male,over 34,White - English/Welsh/Scottish/Northern Irish/British,White,Misuse of Drugs Act 1971 (section 23),Controlled drugs,A no further action disposal,,False
Person search,2021-06-22T22:30:00+00:00,False,,,,Male,18-24,,White,Police and Criminal Evidence Act 1984 (section 1),Stolen goods,Arrest,False,False
Person search,2021-06-22T23:10:00+00:00,False,,,,Female,18-24,White - English/Welsh/Scottish/Northern Irish/British,White,Misuse of Drugs Act 1971 (section 23),Controlled drugs,Community resolution,True,False
Vehicle search,2021-06-22T23:10:00+00:00,False,,,,,,,,Misuse of Drugs Act 1971 (section 23),Controlled drugs,Community resolution,True,
Person search,2021-06-22T23:10:00+00:00,False,,,,Male,18-24,White - English/Welsh/Scottish/Northern Irish/British,White,Misuse of Drugs Act 1971 (section 23),Controlled drugs,A no further action disposal,,False
Person search,2021-06-23T10:45:00+00:00,False,,50.369147,-4.156894,Male,over 34,White - English/Welsh/Scottish/Northern Irish/British,White,Misuse of Drugs Act 1971 (section 23),Controlled drugs,A no further action disposal,,False
Person and Vehicle search,2021-06-23T12:30:00+00:00,False,,,,Male,25-34,,White,Misuse of Drugs Act 1971 (section 23),Controlled drugs,A no further action disposal,True,False
Person search,2021-06-23T13:18:00+00:00,False,,50.213311,-5.293039,Male,over 34,White - English/Welsh/Scottish/Northern Irish/British,White,Misuse of Drugs Act 1971 (section 23),Controlled drugs,A no further action disposal,,False
Person search,2021-06-23T13:27:00+00:00,False,,50.337533,-4.790620,Male,over 34,White - English/Welsh/Scottish/Northern Irish/British,,Misuse of Drugs Act 1971 (section 23),Controlled drugs,A no further action disposal,,False
Person search,2021-06-23T13:34:00+00:00,False,,50.391127,-4.054201,Male,,White - English/Welsh/Scottish/Northern Irish/British,White,Police and Criminal Evidence Act 1984 (section 1),Offensive weapons,A no further action disposal,,False
Person search,2021-06-23T14:20:00+00:00,False,,50.338511,-4.786995,Male,over 34,White - English/Welsh/Scottish/Northern Irish/British,White,Police and Criminal Evidence Act 1984 (section 1),Offensive weapons,Arrest,True,False
Person and Vehicle search,2021-06-23T14:35:00+00:00,False,,50.241048,-5.234115,Male,25-34,White - English/Welsh/Scottish/Northern Irish/British,White,Misuse of Drugs Act 1971 (section 23),Controlled drugs,Community resolution,True,False
Person search,2021-06-23T16:26:00+00:00,False,,,,Male,over 34,White - English/Welsh/Scottish/Northern Irish/British,White,Misuse of Drugs Act 1971 (section 23),Controlled drugs,A no further action disposal,,False
Person search,2021-06-23T16:30:00+00:00,False,,,,Male,over 34,,White,Misuse of Drugs Act 1971 (section 23),Controlled drugs,A no further action disposal,,False
Person search,2021-06-23T16:34:00+00:00,False,,,,Male,18-24,White - English/Welsh/Scottish/Northern Irish/British,White,Misuse of Drugs Act 1971 (section 23),Controlled drugs,A no further action disposal,,False
Person search,2021-06-23T17:45:00+00:00,False,,50.388742,-4.179758,Male,25-34,White - English/Welsh/Scottish/Northern Irish/British,White,Police and Criminal Evidence Act 1984 (section 1),Offensive weapons,A no further action disposal,,False
Person search,2021-06-23T21:30:00+00:00,False,,50.903579,-3.482938,Male,18-24,White - English/Welsh/Scottish/Northern Irish/British,White,Misuse of Drugs Act 1971 (section 23),Controlled drugs,A no further action disposal,,False
Person search,2021-06-23T21:34:00+00:00,False,,50.717650,-3.475517,Male,25-34,,White,Misuse of Drugs Act 1971 (section 23),Controlled drugs,Arrest,False,False
Person search,2021-06-23T21:59:00+00:00,False,,50.676225,-3.373403,Female,10-17,White - English/Welsh/Scottish/Northern Irish/British,White,Misuse of Drugs Act 1971 (section 23),Controlled drugs,A no further action disposal,True,False
Person and Vehicle search,2021-06-23T22:04:00+00:00,False,,50.676225,-3.373403,Male,10-17,White - English/Welsh/Scottish/Northern Irish/British,White,Misuse of Drugs Act 1971 (section 23),Controlled drugs,A no further action disposal,,False
Person search,2021-06-24T10:46:00+00:00,False,,50.727217,-3.523878,Male,25-34,,,Misuse of Drugs Act 1971 (section 23),Controlled drugs,A no further action disposal,,False
Person search,2021-06-24T14:40:00+00:00,False,,,,Male,over 34,White - Any other White background,White,Misuse of Drugs Act 1971 (section 23),Controlled drugs,Arrest,True,False
Person search,2021-06-24T15:45:00+00:00,False,,50.410703,-4.158724,Male,over 34,,White,Police and Criminal Evidence Act 1984 (section 1),Stolen goods,A no further action disposal,,False
Person and Vehicle search,2021-06-24T16:07:00+00:00,False,,50.411317,-4.160019,Male,10-17,White - English/Welsh/Scottish/Northern Irish/British,White,Police and Criminal Evidence Act 1984 (section 1),Stolen goods,A no further action disposal,False,False
Person and Vehicle search,2021-06-24T16:07:00+00:00,False,,50.411317,-4.160019,Male,over 34,White - English/Welsh/Scottish/Northern Irish/British,White,Police and Criminal Evidence Act 1984 (section 1),Stolen goods,A no further action disposal,False,False
Person and Vehicle search,2021-06-24T16:07:00+00:00,False,,50.411317,-4.160019,Female,over 34,White - English/Welsh/Scottish/Northern Irish/British,White,Police and Criminal Evidence Act 1984 (section 1),Stolen goods,A no further action disposal,False,False
Vehicle search,2021-06-24T16:08:00+00:00,False,,50.411317,-4.160019,,,,,Police and Criminal Evidence Act 1984 (section 1),Stolen goods,,,
Person and Vehicle search,2021-06-24T16:50:00+00:00,False,,50.387020,-4.171323,Male,over 34,,,Misuse of Drugs Act 1971 (section 23),Controlled drugs,A no further action disposal,True,False
Person search,2021-06-24T17:03:00+00:00,False,,51.080573,-4.040838,Male,25-34,White - English/Welsh/Scottish/Northern Irish/British,White,Misuse of Drugs Act 1971 (section 23),Controlled drugs,A no further action disposal,,False
Person and Vehicle search,2021-06-24T18:22:00+00:00,False,,,,Male,over 34,,White,Misuse of Drugs Act 1971 (section 23),Controlled drugs,A no further action disposal,True,False
Person search,2021-06-24T19:00:00+00:00,False,,,,Male,18-24,White - English/Welsh/Scottish/Northern Irish/British,White,Misuse of Drugs Act 1971 (section 23),Controlled drugs,A no further action disposal,,False
Person search,2021-06-24T20:25:00+00:00,False,,50.729454,-3.539821,Male,18-24,White - Any other White background,White,Misuse of Drugs Act 1971 (section 23),Controlled drugs,A no further action disposal,True,False
Person search,2021-06-24T22:00:00+00:00,False,,50.460712,-3.523269,Male,25-34,,White,Police and Criminal Evidence Act 1984 (section 1),Offensive weapons,A no further action disposal,,False
Person and Vehicle search,2021-06-24T22:47:00+00:00,False,,50.431311,-3.692515,Male,25-34,White - English/Welsh/Scottish/Northern Irish/British,White,Misuse of Drugs Act 1971 (section 23),Controlled drugs,A no further action disposal,,False
Person search,2021-06-25T04:00:00+00:00,False,,50.434672,-3.565564,Male,10-17,,White,Police and Criminal Evidence Act 1984 (section 1),Offensive weapons,A no further action disposal,,False
Person search,2021-06-25T10:57:00+00:00,False,,50.720868,-3.477091,Female,18-24,White - English/Welsh/Scottish/Northern Irish/British,White,Police and Criminal Evidence Act 1984 (section 1),Stolen goods,A no further action disposal,,False
Person and Vehicle search,2021-06-25T12:00:00+00:00,False,,,,Male,25-34,White - English/Welsh/Scottish/Northern Irish/British,White,Misuse of Drugs Act 1971 (section 23),Controlled drugs,Arrest,True,False
Person search,2021-06-25T16:45:00+00:00,False,,50.829106,-4.543724,Male,10-17,,White,Police and Criminal Evidence Act 1984 (section 1),Stolen goods,A no further action disposal,True,False
Person search,2021-06-25T18:40:00+00:00,False,,50.431619,-3.689245,Female,10-17,White - English/Welsh/Scottish/Northern Irish/British,White,Police and Criminal Evidence Act 1984 (section 1),Offensive weapons,A no further action disposal,,False
Person search,2021-06-25T19:42:00+00:00,False,,50.467815,-3.532333,Male,over 34,White - English/Welsh/Scottish/Northern Irish/British,White,Misuse of Drugs Act 1971 (section 23),Controlled drugs,A no further action disposal,,False
Person search,2021-06-25T22:45:00+00:00,False,,50.372756,-4.136327,Male,18-24,White - English/Welsh/Scottish/Northern Irish/British,White,Police and Criminal Evidence Act 1984 (section 1),Articles for use in criminal damage,A no further action disposal,,False
Person search,2021-06-25T22:45:00+00:00,False,,50.372752,-4.135553,Male,18-24,White - English/Welsh/Scottish/Northern Irish/British,White,Police and Criminal Evidence Act 1984 (section 1),Articles for use in criminal damage,A no further action disposal,,False
Person search,2021-06-25T22:45:00+00:00,False,,50.372756,-4.136327,Male,10-17,White - English/Welsh/Scottish/Northern Irish/British,White,Police and Criminal Evidence Act 1984 (section 1),Articles for use in criminal damage,A no further action disposal,,False
Person search,2021-06-25T23:10:00+00:00,False,,50.372336,-4.135647,Female,10-17,White - English/Welsh/Scottish/Northern Irish/British,White,Police and Criminal Evidence Act 1984 (section 1),Article for use in theft,A no further action disposal,,False
Person search,2021-06-26T08:22:00+00:00,False,,51.080440,-4.059207,Male,,White - English/Welsh/Scottish/Northern Irish/British,White,Police and Criminal Evidence Act 1984 (section 1),Stolen goods,A no further action disposal,,False
Person search,2021-06-26T08:25:00+00:00,False,,51.078355,-4.056074,Male,,White - English/Welsh/Scottish/Northern Irish/British,White,Police and Criminal Evidence Act 1984 (section 1),Stolen goods,A no further action disposal,,False
Vehicle search,2021-06-26T09:30:00+00:00,False,,50.546548,-3.584525,,,,,Misuse of Drugs Act 1971 (section 23),Controlled drugs,Arrest,True,
Person and Vehicle search,2021-06-26T10:00:00+00:00,False,,50.546548,-3.584525,Male,over 34,White - English/Welsh/Scottish/Northern Irish/British,White,Misuse of Drugs Act 1971 (section 23),Controlled drugs,Arrest,True,False
Person search,2021-06-26T12:20:00+00:00,False,,50.265813,-5.056140,Male,over 34,,,Police and Criminal Evidence Act 1984 (section 1),Stolen goods,A no further action disposal,True,False
Vehicle search,2021-06-26T20:24:00+00:00,False,,50.410117,-3.561025,,,,,Misuse of Drugs Act 1971 (section 23),Controlled drugs,Arrest,True,
Person and Vehicle search,2021-06-26T21:54:00+00:00,False,,,,Male,18-24,White - English/Welsh/Scottish/Northern Irish/British,White,Misuse of Drugs Act 1971 (section 23),Controlled drugs,Arrest,True,False
Person search,2021-06-27T00:12:00+00:00,False,,50.527684,-3.613014,Male,10-17,White - English/Welsh/Scottish/Northern Irish/British,White,Police and Criminal Evidence Act 1984 (section 1),Offensive weapons,A no further action disposal,,False
Person search,2021-06-27T00:20:00+00:00,False,,,,Male,18-24,Black/African/Caribbean/Black British - Any other Black/African/Caribbean background,Black,Police and Criminal Evidence Act 1984 (section 1),Offensive weapons,A no further action disposal,,False
Person search,2021-06-27T00:38:00+00:00,False,,50.351680,-4.716305,Male,over 34,White - English/Welsh/Scottish/Northern Irish/British,White,Misuse of Drugs Act 1971 (section 23),Controlled drugs,,,False
Person search,2021-06-27T02:49:00+00:00,False,,50.382005,-4.165833,Male,,,,Misuse of Drugs Act 1971 (section 23),Controlled drugs,A no further action disposal,,False
Person search,2021-06-27T15:30:00+00:00,False,,,,Male,25-34,White - English/Welsh/Scottish/Northern Irish/British,White,Misuse of Drugs Act 1971 (section 23),Controlled drugs,Community resolution,True,False
Person search,2021-06-27T15:30:00+00:00,False,,,,Male,over 34,White - English/Welsh/Scottish/Northern Irish/British,White,Misuse of Drugs Act 1971 (section 23),Controlled drugs,A no further action disposal,,False
Person search,2021-06-27T15:34:00+00:00,False,,,,Male,25-34,White - English/Welsh/Scottish/Northern Irish/British,White,Misuse of Drugs Act 1971 (section 23),Controlled drugs,A no further action disposal,,False
Person search,2021-06-27T20:30:00+00:00,False,,50.337780,-4.792335,Male,25-34,White - English/Welsh/Scottish/Northern Irish/British,White,Police and Criminal Evidence Act 1984 (section 1),Offensive weapons,A no further action disposal,True,False
Person search,2021-06-27T21:05:00+00:00,False,,,,Male,18-24,,White,Police and Criminal Evidence Act 1984 (section 1),Offensive weapons,A no further action disposal,,False
Person search,2021-06-27T21:05:00+00:00,False,,,,Male,18-24,White - English/Welsh/Scottish/Northern Irish/British,White,Police and Criminal Evidence Act 1984 (section 1),Offensive weapons,A no further action disposal,,False
Person search,2021-06-27T21:05:00+00:00,False,,,,Male,18-24,White - English/Welsh/Scottish/Northern Irish/British,White,Police and Criminal Evidence Act 1984 (section 1),Offensive weapons,A no further action disposal,,False
Person search,2021-06-28T02:20:00+00:00,False,,,,Male,10-17,White - English/Welsh/Scottish/Northern Irish/British,White,Police and Criminal Evidence Act 1984 (section 1),Articles for use in criminal damage,A no further action disposal,,False
Person search,2021-06-28T02:20:00+00:00,False,,50.470620,-3.540611,Female,10-17,,White,Police and Criminal Evidence Act 1984 (section 1),Articles for use in criminal damage,A no further action disposal,,False
Person search,2021-06-28T02:20:00+00:00,False,,,,Male,18-24,White - English/Welsh/Scottish/Northern Irish/British,White,Police and Criminal Evidence Act 1984 (section 1),Articles for use in criminal damage,A no further action disposal,,False
Person search,2021-06-28T10:15:00+00:00,False,,,,Male,under 10,,Black,Police and Criminal Evidence Act 1984 (section 1),Stolen goods,,,False
Person and Vehicle search,2021-06-28T15:00:00+00:00,False,,50.471994,-3.518206,Male,18-24,White - English/Welsh/Scottish/Northern Irish/British,White,Misuse of Drugs Act 1971 (section 23),Controlled drugs,A no further action disposal,,False
Person search,2021-06-28T21:40:00+00:00,False,,50.435902,-3.577011,Male,18-24,White - English/Welsh/Scottish/Northern Irish/British,White,Misuse of Drugs Act 1971 (section 23),Controlled drugs,A no further action disposal,,False
Person search,2021-06-28T22:47:00+00:00,False,,,,Female,10-17,,White,Police and Criminal Evidence Act 1984 (section 1),Stolen goods,A no further action disposal,True,False
Person search,2021-06-29T02:30:00+00:00,True,,50.124443,-5.530516,Female,10-17,,White,Police and Criminal Evidence Act 1984 (section 1),Offensive weapons,A no further action disposal,,False
Person search,2021-06-29T02:38:00+00:00,False,,,,Male,18-24,,White,Police and Criminal Evidence Act 1984 (section 1),Offensive weapons,Arrest,False,False
Person search,2021-06-29T02:41:00+00:00,False,,50.372336,-4.135647,Male,18-24,White - English/Welsh/Scottish/Northern Irish/British,White,Misuse of Drugs Act 1971 (section 23),Controlled drugs,A no further action disposal,,False
Person search,2021-06-29T02:51:00+00:00,False,,50.378699,-4.144738,Male,18-24,White - English/Welsh/Scottish/Northern Irish/British,White,Misuse of Drugs Act 1971 (section 23),Controlled drugs,A no further action disposal,,False
Person and Vehicle search,2021-06-29T10:00:00+00:00,False,,,,Male,18-24,,Asian,Misuse of Drugs Act 1971 (section 23),Controlled drugs,Community resolution,True,False
Vehicle search,2021-06-29T10:25:00+00:00,False,,50.470375,-3.541434,,,,,Misuse of Drugs Act 1971 (section 23),Controlled drugs,Arrest,True,
Person search,2021-06-29T12:30:00+00:00,False,,,,Female,18-24,,White,Misuse of Drugs Act 1971 (section 23),Controlled drugs,A no further action disposal,,False
Person search,2021-06-29T13:58:00+00:00,False,,50.377627,-4.130639,Male,25-34,White - English/Welsh/Scottish/Northern Irish/British,White,Police and Criminal Evidence Act 1984 (section 1),Stolen goods,A no further action disposal,,False
Person search,2021-06-29T14:06:00+00:00,False,,50.798783,-3.192861,Male,over 34,White - English/Welsh/Scottish/Northern Irish/British,White,Misuse of Drugs Act 1971 (section 23),Controlled drugs,A no further action disposal,,False
Person search,2021-06-29T18:19:00+00:00,False,,50.390678,-4.166172,Male,10-17,White - English/Welsh/Scottish/Northern Irish/British,White,Police and Criminal Evidence Act 1984 (section 1),,A no further action disposal,,False
Person and Vehicle search,2021-06-29T18:30:00+00:00,False,,51.015830,-4.205606,Male,over 34,White - English/Welsh/Scottish/Northern Irish/British,White,Police and Criminal Evidence Act 1984 (section 1),Controlled drugs,A no further action disposal,,False
Person search,2021-06-29T19:01:00+00:00,False,,,,Male,10-17,,White,Misuse of Drugs Act 1971 (section 23),Controlled drugs,A no further action disposal,True,False
Person search,2021-06-29T19:08:00+00:00,False,,50.382051,-4.120399,Male,10-17,,,Misuse of Drugs Act 1971 (section 23),Controlled drugs,Community resolution,True,False
Person search,2021-06-29T19:20:00+00:00,False,,51.016898,-4.205244,Male,,,White,Misuse of Drugs Act 1971 (section 23),Controlled drugs,A no further action disposal,,False
Person search,2021-06-29T19:45:00+00:00,False,,,,Female,10-17,White - English/Welsh/Scottish/Northern Irish/British,White,Misuse of Drugs Act 1971 (section 23),Controlled drugs,A no further action disposal,,False
Person search,2021-06-29T20:30:00+00:00,False,,,,Male,10-17,White - English/Welsh/Scottish/Northern Irish/British,White,Misuse of Drugs Act 1971 (section 23),Controlled drugs,,True,False
Vehicle search,2021-06-29T21:55:00+00:00,False,,,,,,,,Misuse of Drugs Act 1971 (section 23),Controlled drugs,Arrest,True,
Person search,2021-06-29T22:29:00+00:00,False,,50.735030,-3.499757,Male,18-24,White - English/Welsh/Scottish/Northern Irish/British,White,Police and Criminal Evidence Act 1984 (section 1),Article for use in theft,A no further action disposal,,False
Person search,2021-06-29T22:56:00+00:00,False,,50.369185,-4.144618,Male,18-24,White - English/Welsh/Scottish/Northern Irish/British,White,Misuse of Drugs Act 1971 (section 23),Controlled drugs,A no further action disposal,,False
Person search,2021-06-30T00:30:00+00:00,False,,50.717650,-3.475517,Male,25-34,White - English/Welsh/Scottish/Northern Irish/British,White,Police and Criminal Evidence Act 1984 (section 1),Offensive weapons,Arrest,False,False
Person search,2021-06-30T06:28:00+00:00,False,,50.227313,-5.234685,Male,18-24,White - English/Welsh/Scottish/Northern Irish/British,White,Police and Criminal Evidence Act 1984 (section 1),Offensive weapons,Arrest,False,False
Person search,2021-06-30T09:07:00+00:00,False,,50.467815,-3.532333,Male,25-34,White - English/Welsh/Scottish/Northern Irish/British,White,Misuse of Drugs Act 1971 (section 23),Controlled drugs,A no further action disposal,True,False
Person search,2021-06-30T09:08:00+00:00,False,,50.467815,-3.532333,Male,over 34,White - Any other White background,White,Misuse of Drugs Act 1971 (section 23),Controlled drugs,A no further action disposal,True,False
Person search,2021-06-30T11:50:00+00:00,True,,50.720868,-3.477091,Male,,White - English/Welsh/Scottish/Northern Irish/British,White,Police and Criminal Evidence Act 1984 (section 1),,Arrest,False,False
Person search,2021-06-30T12:12:00+00:00,False,,51.080440,-4.059207,Male,10-17,White - English/Welsh/Scottish/Northern Irish/British,White,Misuse of Drugs Act 1971 (section 23),Controlled drugs,Community resolution,True,False
Person and Vehicle search,2021-06-30T12:22:00+00:00,False,,50.277347,-5.041676,Female,over 34,White - English/Welsh/Scottish/Northern Irish/British,White,Misuse of Drugs Act 1971 (section 23),Controlled drugs,A no further action disposal,False,False
Person search,2021-06-30T12:24:00+00:00,False,,50.277347,-5.041676,Male,over 34,White - English/Welsh/Scottish/Northern Irish/British,White,Misuse of Drugs Act 1971 (section 23),Controlled drugs,A no further action disposal,True,False
Person and Vehicle search,2021-06-30T13:28:00+00:00,False,,50.185697,-5.417366,Male,10-17,White - English/Welsh/Scottish/Northern Irish/British,White,Misuse of Drugs Act 1971 (section 23),Controlled drugs,A no further action disposal,,False
Person search,2021-06-30T16:20:00+00:00,False,,50.200348,-5.404649,Female,over 34,White - English/Welsh/Scottish/Northern Irish/British,White,Police and Criminal Evidence Act 1984 (section 1),Offensive weapons,A no further action disposal,,False
Person search,2021-06-30T16:55:00+00:00,False,,50.372266,-4.136544,Male,over 34,,White,Police and Criminal Evidence Act 1984 (section 1),Offensive weapons,A no further action disposal,,False
Person search,2021-06-30T18:30:00+00:00,False,,51.015830,-4.205606,Female,25-34,White - English/Welsh/Scottish/Northern Irish/British,White,Misuse of Drugs Act 1971 (section 23),Controlled drugs,Community resolution,True,False
Person search,2021-06-30T22:15:00+00:00,False,,,,Female,,,White,Misuse of Drugs Act 1971 (section 23),Controlled drugs,A no further action disposal,,False
