Type,Date,Part of a policing operation,Policing operation,Latitude,Longitude,Gender,Age range,Self-defined ethnicity,Officer-defined ethnicity,Legislation,Object of search,Outcome,Outcome linked to object of search,Removal of more than just outer clothing
Person search,2021-06-01T01:36:00+00:00,,,,,Male,over 34,,White,Police and Criminal Evidence Act 1984 (section 1),Article for use in theft,Arrest,,False
Person search,2021-06-01T02:50:00+00:00,,,,,Male,over 34,White - English/Welsh/Scottish/Northern Irish/British,White,Misuse of Drugs Act 1971 (section 23),Controlled drugs,A no further action disposal,,False
Person search,2021-06-01T03:09:00+00:00,,,53.564984,-0.090493,Male,18-24,White - English/Welsh/Scottish/Northern Irish/British,White,Police and Criminal Evidence Act 1984 (section 1),Article for use in theft,Arrest,,False
Person search,2021-06-01T03:10:00+00:00,,,,,Male,18-24,White - English/Welsh/Scottish/Northern Irish/British,White,Police and Criminal Evidence Act 1984 (section 1),Article for use in theft,Arrest,,False
Person and Vehicle search,2021-06-01T09:30:00+00:00,,,53.752932,-0.360093,Male,18-24,White - English/Welsh/Scottish/Northern Irish/British,White,Misuse of Drugs Act 1971 (section 23),Controlled drugs,A no further action disposal,,False
Person search,2021-06-01T10:21:00+00:00,,,,,Male,over 34,White - English/Welsh/Scottish/Northern Irish/British,White,Police and Criminal Evidence Act 1984 (section 1),Offensive weapons,A no further action disposal,,False
Person search,2021-06-01T13:55:00+00:00,,,53.583963,-0.667033,Male,10-17,White - English/Welsh/Scottish/Northern Irish/British,White,Firearms Act 1968 (section 47),Firearms,A no further action disposal,,False
Person search,2021-06-01T14:00:00+00:00,,,,,Male,10-17,White - English/Welsh/Scottish/Northern Irish/British,White,Police and Criminal Evidence Act 1984 (section 1),Offensive weapons,A no further action disposal,,False
Person search,2021-06-01T14:00:00+00:00,,,,,Male,10-17,White - English/Welsh/Scottish/Northern Irish/British,White,Police and Criminal Evidence Act 1984 (section 1),Offensive weapons,A no further action disposal,,False
Person and Vehicle search,2021-06-01T14:47:00+00:00,,,,,Male,over 34,White - Any other White background,White,Misuse of Drugs Act 1971 (section 23),Controlled drugs,A no further action disposal,,False
Person search,2021-06-01T18:50:00+00:00,,,53.727523,-0.529366,Male,18-24,,White,Police and Criminal Evidence Act 1984 (section 1),Offensive weapons,A no further action disposal,,False
Person search,2021-06-01T19:42:00+00:00,,,53.568402,-0.637487,Male,,,White,Police and Criminal Evidence Act 1984 (section 1),Article for use in theft,A no further action disposal,,False
Person search,2021-06-01T20:35:00+00:00,,,53.592637,-0.656577,Male,18-24,White - English/Welsh/Scottish/Northern Irish/British,White,Misuse of Drugs Act 1971 (section 23),Controlled drugs,A no further action disposal,,False
Person search,2021-06-02T04:26:00+00:00,,,53.589466,-0.650362,Male,25-34,White - Any other White background,White,Police and Criminal Evidence Act 1984 (section 1),Articles for use in criminal damage,Arrest,,False
Person search,2021-06-02T10:12:00+00:00,,,53.744851,-0.338601,Male,25-34,White - English/Welsh/Scottish/Northern Irish/British,White,Misuse of Drugs Act 1971 (section 23),Controlled drugs,Khat or Cannabis warning,,False
Person search,2021-06-02T10:20:00+00:00,,,,,Male,25-34,White - English/Welsh/Scottish/Northern Irish/British,White,Police and Criminal Evidence Act 1984 (section 1),Offensive weapons,Arrest,,False
Vehicle search,2021-06-02T14:16:00+00:00,,,,,,,,,Misuse of Drugs Act 1971 (section 23),Controlled drugs,A no further action disposal,,False
Person search,2021-06-02T19:32:00+00:00,,,53.756653,-0.269936,Male,25-34,White - English/Welsh/Scottish/Northern Irish/British,White,Police and Criminal Evidence Act 1984 (section 1),Article for use in theft,A no further action disposal,,False
Person and Vehicle search,2021-06-02T20:27:00+00:00,,,53.546092,-0.557789,Male,over 34,Mixed/Multiple ethnic groups - Any other Mixed/Multiple ethnic background,White,Police and Criminal Evidence Act 1984 (section 1),Article for use in theft,A no further action disposal,,False
Person search,2021-06-02T22:55:00+00:00,,,,,Male,25-34,,White,Police and Criminal Evidence Act 1984 (section 1),Articles for use in criminal damage,A no further action disposal,,False
Person search,2021-06-03T00:19:00+00:00,,,54.082448,-0.186685,Male,18-24,White - English/Welsh/Scottish/Northern Irish/British,White,Misuse of Drugs Act 1971 (section 23),Controlled drugs,Summons / charged by post,,False
Person search,2021-06-03T03:30:00+00:00,,,,,Male,18-24,White - English/Welsh/Scottish/Northern Irish/British,White,Police and Criminal Evidence Act 1984 (section 1),Article for use in theft,A no further action disposal,,False
Person search,2021-06-03T13:15:00+00:00,,,,,Female,25-34,White - English/Welsh/Scottish/Northern Irish/British,White,Misuse of Drugs Act 1971 (section 23),Controlled drugs,Arrest,,True
Person search,2021-06-03T14:00:00+00:00,,,,,Male,over 34,White - English/Welsh/Scottish/Northern Irish/British,White,Police and Criminal Evidence Act 1984 (section 1),Stolen goods,Summons / charged by post,,False
Person search,2021-06-03T14:11:00+00:00,,,53.782864,-0.361324,Male,18-24,White - English/Welsh/Scottish/Northern Irish/British,White,Police and Criminal Evidence Act 1984 (section 1),Offensive weapons,A no further action disposal,,False
Person search,2021-06-03T14:34:00+00:00,,,,,Female,over 34,White - English/Welsh/Scottish/Northern Irish/British,White,Police and Criminal Evidence Act 1984 (section 1),Stolen goods,Arrest,,False
Person search,2021-06-03T14:44:00+00:00,,,53.595605,-0.652750,Male,18-24,White - English/Welsh/Scottish/Northern Irish/British,White,Misuse of Drugs Act 1971 (section 23),Controlled drugs,A no further action disposal,,False
Person search,2021-06-03T15:00:00+00:00,,,53.785385,-0.323248,Male,over 34,White - English/Welsh/Scottish/Northern Irish/British,White,Police and Criminal Evidence Act 1984 (section 1),Stolen goods,A no further action disposal,,False
Vehicle search,2021-06-03T15:15:00+00:00,,,,,,,,,Misuse of Drugs Act 1971 (section 23),Controlled drugs,A no further action disposal,,False
Vehicle search,2021-06-03T19:00:00+00:00,,,,,,,,,Misuse of Drugs Act 1971 (section 23),Controlled drugs,A no further action disposal,,False
Person search,2021-06-03T19:43:00+00:00,,,53.866272,-0.134088,Male,over 34,White - English/Welsh/Scottish/Northern Irish/British,White,Police and Criminal Evidence Act 1984 (section 1),Article for use in theft,Arrest,,False
Person search,2021-06-03T20:00:00+00:00,,,,,Male,over 34,,White,Misuse of Drugs Act 1971 (section 23),Controlled drugs,A no further action disposal,,False
Person search,2021-06-03T21:45:00+00:00,,,,,Male,18-24,White - English/Welsh/Scottish/Northern Irish/British,White,Misuse of Drugs Act 1971 (section 23),Controlled drugs,A no further action disposal,,False
Person search,2021-06-03T21:50:00+00:00,,,,,Male,10-17,White - English/Welsh/Scottish/Northern Irish/British,White,Police and Criminal Evidence Act 1984 (section 1),Stolen goods,A no further action disposal,,False
Person and Vehicle search,2021-06-03T22:00:00+00:00,,,,,Male,18-24,White - English/Welsh/Scottish/Northern Irish/British,White,Misuse of Drugs Act 1971 (section 23),Controlled drugs,A no further action disposal,,False
Person and Vehicle search,2021-06-03T22:00:00+00:00,,,,,Female,25-34,White - English/Welsh/Scottish/Northern Irish/British,White,Misuse of Drugs Act 1971 (section 23),Controlled drugs,A no further action disposal,,False
Person search,2021-06-04T00:00:00+00:00,,,,,Male,10-17,White - English/Welsh/Scottish/Northern Irish/British,White,Police and Criminal Evidence Act 1984 (section 1),Article for use in theft,A no further action disposal,,False
Person search,2021-06-04T00:00:00+00:00,,,,,Male,10-17,White - English/Welsh/Scottish/Northern Irish/British,White,Police and Criminal Evidence Act 1984 (section 1),Article for use in theft,A no further action disposal,,False
Person search,2021-06-04T01:11:00+00:00,,,53.766289,-0.339833,Male,25-34,White - English/Welsh/Scottish/Northern Irish/British,White,Police and Criminal Evidence Act 1984 (section 1),Offensive weapons,A no further action disposal,,False
Vehicle search,2021-06-04T01:46:00+00:00,,,,,,,,,Police and Criminal Evidence Act 1984 (section 1),Offensive weapons,Arrest,,False
Person and Vehicle search,2021-06-04T02:03:00+00:00,,,53.767051,-0.344218,Female,25-34,,Black,Police and Criminal Evidence Act 1984 (section 1),Offensive weapons,A no further action disposal,,False
Person search,2021-06-04T04:40:00+00:00,,,53.765660,-0.401320,Male,10-17,White - English/Welsh/Scottish/Northern Irish/British,White,Police and Criminal Evidence Act 1984 (section 1),Anything to threaten or harm anyone,Arrest,,False
Person search,2021-06-04T04:45:00+00:00,,,53.771084,-0.264563,Male,over 34,White - English/Welsh/Scottish/Northern Irish/British,White,Police and Criminal Evidence Act 1984 (section 1),Offensive weapons,A no further action disposal,,False
Person search,2021-06-04T04:59:00+00:00,,,,,Female,10-17,,White,Police and Criminal Evidence Act 1984 (section 1),Stolen goods,Community resolution,,False
Person search,2021-06-04T05:07:00+00:00,,,,,Female,10-17,,White,Police and Criminal Evidence Act 1984 (section 1),Stolen goods,Community resolution,,False
Person search,2021-06-04T12:10:00+00:00,,,53.747623,-0.375601,Male,18-24,White - English/Welsh/Scottish/Northern Irish/British,White,Police and Criminal Evidence Act 1984 (section 1),Offensive weapons,A no further action disposal,,False
Person and Vehicle search,2021-06-04T14:05:00+00:00,,,,,Male,over 34,White - English/Welsh/Scottish/Northern Irish/British,White,Misuse of Drugs Act 1971 (section 23),Controlled drugs,A no further action disposal,,False
Person search,2021-06-04T19:47:00+00:00,,,53.744403,-0.358287,Male,over 34,White - English/Welsh/Scottish/Northern Irish/British,White,Police and Criminal Evidence Act 1984 (section 1),Article for use in theft,Community resolution,,False
Person search,2021-06-04T20:00:00+00:00,,,,,Male,25-34,White - English/Welsh/Scottish/Northern Irish/British,White,Misuse of Drugs Act 1971 (section 23),Controlled drugs,A no further action disposal,,False
Vehicle search,2021-06-04T20:15:00+00:00,,,,,,,,,Misuse of Drugs Act 1971 (section 23),Controlled drugs,Khat or Cannabis warning,,False
Person search,2021-06-04T20:34:00+00:00,,,,,Male,over 34,White - English/Welsh/Scottish/Northern Irish/British,White,Misuse of Drugs Act 1971 (section 23),Controlled drugs,Khat or Cannabis warning,,False
Person search,2021-06-04T22:20:00+00:00,,,53.742073,-0.337922,Male,18-24,White - English/Welsh/Scottish/Northern Irish/British,White,Police and Criminal Evidence Act 1984 (section 1),Stolen goods,A no further action disposal,,False
Person search,2021-06-04T23:39:00+00:00,,,,,Male,25-34,Mixed/Multiple ethnic groups - White and Asian,Asian,Misuse of Drugs Act 1971 (section 23),Controlled drugs,A no further action disposal,,False
Person search,2021-06-04T23:40:00+00:00,,,,,Male,18-24,White - English/Welsh/Scottish/Northern Irish/British,White,Police and Criminal Evidence Act 1984 (section 1),Article for use in theft,A no further action disposal,,False
Person search,2021-06-05T00:10:00+00:00,,,53.587978,-0.666756,Male,10-17,White - Any other White background,White,Misuse of Drugs Act 1971 (section 23),Controlled drugs,A no further action disposal,,False
Person search,2021-06-05T00:33:00+00:00,,,,,Male,10-17,White - Any other White background,White,Misuse of Drugs Act 1971 (section 23),Controlled drugs,A no further action disposal,,False
Person search,2021-06-05T01:53:00+00:00,,,,,Male,over 34,White - English/Welsh/Scottish/Northern Irish/British,White,Police and Criminal Evidence Act 1984 (section 1),Article for use in theft,A no further action disposal,,False
Person search,2021-06-05T02:27:00+00:00,,,,,Male,over 34,White - English/Welsh/Scottish/Northern Irish/British,White,Police and Criminal Evidence Act 1984 (section 1),Article for use in theft,A no further action disposal,,False
Person search,2021-06-05T03:10:00+00:00,,,,,Male,18-24,White - English/Welsh/Scottish/Northern Irish/British,White,Police and Criminal Evidence Act 1984 (section 1),Offensive weapons,A no further action disposal,,False
Person search,2021-06-05T04:59:00+00:00,,,,,Male,over 34,White - English/Welsh/Scottish/Northern Irish/British,White,Misuse of Drugs Act 1971 (section 23),Controlled drugs,Khat or Cannabis warning,,False
Person search,2021-06-05T07:45:00+00:00,,,53.762828,-0.350908,Male,over 34,White - Any other White background,White,Police and Criminal Evidence Act 1984 (section 1),Stolen goods,A no further action disposal,,False
Person search,2021-06-05T13:00:00+00:00,,,,,Male,18-24,White - English/Welsh/Scottish/Northern Irish/British,White,Misuse of Drugs Act 1971 (section 23),Controlled drugs,A no further action disposal,,False
Person and Vehicle search,2021-06-05T15:15:00+00:00,,,,,Male,25-34,White - English/Welsh/Scottish/Northern Irish/British,White,Misuse of Drugs Act 1971 (section 23),Controlled drugs,A no further action disposal,,False
Person search,2021-06-05T16:35:00+00:00,,,,,Male,25-34,White - English/Welsh/Scottish/Northern Irish/British,White,Police and Criminal Evidence Act 1984 (section 1),Stolen goods,A no further action disposal,,False
Person search,2021-06-05T16:45:00+00:00,,,,,Female,25-34,,White,Police and Criminal Evidence Act 1984 (section 1),Stolen goods,A no further action disposal,,False
Person search,2021-06-05T17:25:00+00:00,,,,,Male,25-34,White - English/Welsh/Scottish/Northern Irish/British,White,Misuse of Drugs Act 1971 (section 23),Controlled drugs,A no further action disposal,,False
Person search,2021-06-05T17:32:00+00:00,,,,,Male,18-24,White - English/Welsh/Scottish/Northern Irish/British,White,Misuse of Drugs Act 1971 (section 23),Controlled drugs,A no further action disposal,,False
Person search,2021-06-05T20:50:00+00:00,,,,,Male,over 34,White - English/Welsh/Scottish/Northern Irish/British,White,Police and Criminal Evidence Act 1984 (section 1),Offensive weapons,A no further action disposal,,False
Person search,2021-06-05T21:35:00+00:00,,,,,Male,over 34,White - English/Welsh/Scottish/Northern Irish/British,White,Misuse of Drugs Act 1971 (section 23),Controlled drugs,A no further action disposal,,False
Person search,2021-06-05T22:30:00+00:00,,,,,Male,25-34,White - English/Welsh/Scottish/Northern Irish/British,White,Misuse of Drugs Act 1971 (section 23),Controlled drugs,A no further action disposal,,False
Person search,2021-06-05T22:41:00+00:00,,,,,Male,18-24,White - English/Welsh/Scottish/Northern Irish/British,White,Misuse of Drugs Act 1971 (section 23),Controlled drugs,A no further action disposal,,False
Person search,2021-06-05T23:35:00+00:00,,,53.767166,-0.352544,Male,25-34,White - English/Welsh/Scottish/Northern Irish/British,White,Police and Criminal Evidence Act 1984 (section 1),Offensive weapons,A no further action disposal,,False
Person search,2021-06-05T23:45:00+00:00,,,,,Male,25-34,White - English/Welsh/Scottish/Northern Irish/British,White,Misuse of Drugs Act 1971 (section 23),Controlled drugs,A no further action disposal,,False
Person search,2021-06-06T00:26:00+00:00,,,53.747161,-0.337918,Male,18-24,White - English/Welsh/Scottish/Northern Irish/British,White,Misuse of Drugs Act 1971 (section 23),Controlled drugs,Khat or Cannabis warning,,False
Person search,2021-06-06T00:29:00+00:00,,,53.747375,-0.335210,Male,25-34,White - English/Welsh/Scottish/Northern Irish/British,White,Misuse of Drugs Act 1971 (section 23),Controlled drugs,A no further action disposal,,False
Person search,2021-06-06T02:33:00+00:00,,,53.757689,-0.348470,Female,18-24,White - English/Welsh/Scottish/Northern Irish/British,White,Police and Criminal Evidence Act 1984 (section 1),Offensive weapons,A no further action disposal,,False
Person search,2021-06-06T03:17:00+00:00,,,,,Male,25-34,White - English/Welsh/Scottish/Northern Irish/British,White,Misuse of Drugs Act 1971 (section 23),Controlled drugs,A no further action disposal,,False
Person search,2021-06-06T04:43:00+00:00,,,53.753806,-0.389454,Male,10-17,White - English/Welsh/Scottish/Northern Irish/British,White,Police and Criminal Evidence Act 1984 (section 1),Article for use in theft,A no further action disposal,,False
Person search,2021-06-06T09:16:00+00:00,,,53.743854,-0.363464,Male,over 34,White - English/Welsh/Scottish/Northern Irish/British,,Police and Criminal Evidence Act 1984 (section 1),Offensive weapons,A no further action disposal,,False
Vehicle search,2021-06-06T11:10:00+00:00,,,,,,,,,Police and Criminal Evidence Act 1984 (section 1),Offensive weapons,A no further action disposal,,False
Person and Vehicle search,2021-06-06T17:12:00+00:00,,,,,Male,over 34,White - English/Welsh/Scottish/Northern Irish/British,White,Misuse of Drugs Act 1971 (section 23),Controlled drugs,A no further action disposal,,False
Person search,2021-06-06T19:48:00+00:00,,,53.912176,-0.167624,Male,over 34,White - English/Welsh/Scottish/Northern Irish/British,White,Misuse of Drugs Act 1971 (section 23),Controlled drugs,A no further action disposal,,False
Vehicle search,2021-06-06T19:52:00+00:00,,,53.903888,-0.167667,,,,,Misuse of Drugs Act 1971 (section 23),Controlled drugs,A no further action disposal,,False
Person search,2021-06-06T22:00:00+00:00,,,,,Male,25-34,White - English/Welsh/Scottish/Northern Irish/British,White,Misuse of Drugs Act 1971 (section 23),Controlled drugs,Khat or Cannabis warning,,False
Person search,2021-06-06T22:05:00+00:00,,,53.747141,-0.415444,Male,10-17,White - English/Welsh/Scottish/Northern Irish/British,White,Police and Criminal Evidence Act 1984 (section 1),Article for use in theft,A no further action disposal,,False
Person and Vehicle search,2021-06-06T22:45:00+00:00,,,53.766289,-0.339833,Male,25-34,White - English/Welsh/Scottish/Northern Irish/British,White,Misuse of Drugs Act 1971 (section 23),Controlled drugs,A no further action disposal,,False
Person and Vehicle search,2021-06-06T23:25:00+00:00,,,53.766289,-0.339833,Male,25-34,White - English/Welsh/Scottish/Northern Irish/British,White,Misuse of Drugs Act 1971 (section 23),Controlled drugs,Khat or Cannabis warning,,False
Person search,2021-06-07T01:11:00+00:00,,,,,Male,over 34,,White,Police and Criminal Evidence Act 1984 (section 1),Anything to threaten or harm anyone,A no further action disposal,,False
Person search,2021-06-07T03:10:00+00:00,,,53.710561,-0.884214,Male,18-24,White - English/Welsh/Scottish/Northern Irish/British,White,Misuse of Drugs Act 1971 (section 23),Controlled drugs,A no further action disposal,,False
Person search,2021-06-07T03:40:00+00:00,,,,,Male,10-17,White - English/Welsh/Scottish/Northern Irish/British,Black,Misuse of Drugs Act 1971 (section 23),Controlled drugs,A no further action disposal,,False
Person and Vehicle search,2021-06-07T11:42:00+00:00,,,,,Male,18-24,White - English/Welsh/Scottish/Northern Irish/British,White,Misuse of Drugs Act 1971 (section 23),Controlled drugs,A no further action disposal,,False
Person and Vehicle search,2021-06-07T12:00:00+00:00,,,,,Male,over 34,White - English/Welsh/Scottish/Northern Irish/British,White,Misuse of Drugs Act 1971 (section 23),Controlled drugs,Khat or Cannabis warning,,False
Person search,2021-06-07T13:18:00+00:00,,,,,Male,over 34,White - English/Welsh/Scottish/Northern Irish/British,White,Police and Criminal Evidence Act 1984 (section 1),Stolen goods,A no further action disposal,,False
Person search,2021-06-07T15:55:00+00:00,,,,,Male,over 34,White - English/Welsh/Scottish/Northern Irish/British,White,Misuse of Drugs Act 1971 (section 23),Controlled drugs,A no further action disposal,,False
Vehicle search,2021-06-07T16:05:00+00:00,,,,,,,,,Misuse of Drugs Act 1971 (section 23),Controlled drugs,A no further action disposal,,False
Vehicle search,2021-06-07T16:30:00+00:00,,,,,,,,,Misuse of Drugs Act 1971 (section 23),Controlled drugs,A no further action disposal,,False
Person search,2021-06-07T18:30:00+00:00,,,,,Male,10-17,White - Any other White background,White,Misuse of Drugs Act 1971 (section 23),Controlled drugs,A no further action disposal,,False
Person search,2021-06-07T19:22:00+00:00,,,,,Male,10-17,White - English/Welsh/Scottish/Northern Irish/British,White,Police and Criminal Evidence Act 1984 (section 1),Offensive weapons,A no further action disposal,,False
Vehicle search,2021-06-07T20:04:00+00:00,,,,,,,,,Misuse of Drugs Act 1971 (section 23),Controlled drugs,A no further action disposal,,False
Person search,2021-06-07T20:21:00+00:00,,,,,Male,18-24,White - English/Welsh/Scottish/Northern Irish/British,White,Misuse of Drugs Act 1971 (section 23),Controlled drugs,Khat or Cannabis warning,,False
Person search,2021-06-08T02:32:00+00:00,,,,,Male,over 34,White - English/Welsh/Scottish/Northern Irish/British,White,Misuse of Drugs Act 1971 (section 23),Controlled drugs,Arrest,,False
Person search,2021-06-08T09:30:00+00:00,,,,,Female,,White - English/Welsh/Scottish/Northern Irish/British,White,Misuse of Drugs Act 1971 (section 23),Controlled drugs,A no further action disposal,,False
Person and Vehicle search,2021-06-08T12:00:00+00:00,,,53.750030,-0.358932,Male,over 34,Other ethnic group - Any other ethnic group,Asian,Police and Criminal Evidence Act 1984 (section 1),Stolen goods,A no further action disposal,,False
Person search,2021-06-08T12:45:00+00:00,,,53.739927,-0.364905,Female,10-17,White - English/Welsh/Scottish/Northern Irish/British,White,Police and Criminal Evidence Act 1984 (section 1),Stolen goods,A no further action disposal,,False
Person search,2021-06-08T12:54:00+00:00,,,,,Male,10-17,White - English/Welsh/Scottish/Northern Irish/British,White,Police and Criminal Evidence Act 1984 (section 1),Article for use in theft,A no further action disposal,,False
Person and Vehicle search,2021-06-08T15:22:00+00:00,,,,,Male,over 34,White - English/Welsh/Scottish/Northern Irish/British,White,Misuse of Drugs Act 1971 (section 23),Controlled drugs,Summons / charged by post,,False
Person search,2021-06-08T19:16:00+00:00,,,53.704635,-0.871449,Male,18-24,,,Misuse of Drugs Act 1971 (section 23),Controlled drugs,A no further action disposal,,False
Person search,2021-06-08T19:55:00+00:00,,,,,Male,over 34,White - English/Welsh/Scottish/Northern Irish/British,White,Police and Criminal Evidence Act 1984 (section 1),Offensive weapons,Arrest,,False
Person search,2021-06-08T21:32:00+00:00,,,,,Male,18-24,White - English/Welsh/Scottish/Northern Irish/British,White,Misuse of Drugs Act 1971 (section 23),Controlled drugs,Arrest,,False
Person search,2021-06-09T13:04:00+00:00,,,,,Female,10-17,White - English/Welsh/Scottish/Northern Irish/British,White,Police and Criminal Evidence Act 1984 (section 1),Offensive weapons,A no further action disposal,,False
Person search,2021-06-09T13:08:00+00:00,,,,,Female,10-17,White - English/Welsh/Scottish/Northern Irish/British,White,Police and Criminal Evidence Act 1984 (section 1),Offensive weapons,A no further action disposal,,False
Person and Vehicle search,2021-06-09T13:14:00+00:00,,,53.587632,-0.152505,Male,25-34,Black/African/Caribbean/Black British - Any other Black/African/Caribbean background,Black,Misuse of Drugs Act 1971 (section 23),Controlled drugs,A no further action disposal,,False
Person search,2021-06-09T13:20:00+00:00,,,,,Male,10-17,White - English/Welsh/Scottish/Northern Irish/British,White,Police and Criminal Evidence Act 1984 (section 1),Offensive weapons,A no further action disposal,,False
Person search,2021-06-09T13:22:00+00:00,,,,,Male,10-17,White - English/Welsh/Scottish/Northern Irish/British,White,Police and Criminal Evidence Act 1984 (section 1),Offensive weapons,A no further action disposal,,False
Person search,2021-06-09T13:24:00+00:00,,,,,Male,10-17,White - English/Welsh/Scottish/Northern Irish/British,White,Police and Criminal Evidence Act 1984 (section 1),Offensive weapons,A no further action disposal,,False
Person search,2021-06-09T13:28:00+00:00,,,53.595405,-0.181633,Male,25-34,Black/African/Caribbean/Black British - Any other Black/African/Caribbean background,Black,Misuse of Drugs Act 1971 (section 23),Controlled drugs,A no further action disposal,,False
Person search,2021-06-09T14:04:00+00:00,,,,,Male,over 34,White - English/Welsh/Scottish/Northern Irish/British,White,Misuse of Drugs Act 1971 (section 23),Controlled drugs,A no further action disposal,,False
Vehicle search,2021-06-09T15:05:00+00:00,,,,,,,,,Misuse of Drugs Act 1971 (section 23),Controlled drugs,Arrest,,False
Person search,2021-06-09T15:05:00+00:00,,,,,Male,25-34,White - English/Welsh/Scottish/Northern Irish/British,White,Misuse of Drugs Act 1971 (section 23),Controlled drugs,Arrest,,False
Person search,2021-06-09T15:15:00+00:00,,,,,Male,over 34,White - English/Welsh/Scottish/Northern Irish/British,White,Police and Criminal Evidence Act 1984 (section 1),Offensive weapons,A no further action disposal,,False
Person search,2021-06-09T15:26:00+00:00,,,,,Male,10-17,White - English/Welsh/Scottish/Northern Irish/British,White,Police and Criminal Evidence Act 1984 (section 1),Offensive weapons,A no further action disposal,,False
Person search,2021-06-09T15:26:00+00:00,,,,,Male,10-17,White - English/Welsh/Scottish/Northern Irish/British,White,Police and Criminal Evidence Act 1984 (section 1),Offensive weapons,A no further action disposal,,False
Person search,2021-06-09T17:10:00+00:00,,,,,Male,over 34,White - English/Welsh/Scottish/Northern Irish/British,White,Police and Criminal Evidence Act 1984 (section 1),Offensive weapons,Arrest,,False
Vehicle search,2021-06-09T18:49:00+00:00,,,,,,,,,Misuse of Drugs Act 1971 (section 23),Controlled drugs,A no further action disposal,,False
Person search,2021-06-09T19:30:00+00:00,,,,,Male,over 34,White - Any other White background,White,Misuse of Drugs Act 1971 (section 23),Controlled drugs,Khat or Cannabis warning,,False
Person and Vehicle search,2021-06-09T20:13:00+00:00,,,53.749183,-0.313436,Male,18-24,White - English/Welsh/Scottish/Northern Irish/British,White,Misuse of Drugs Act 1971 (section 23),Controlled drugs,A no further action disposal,,False
Person search,2021-06-10T02:31:00+00:00,,,53.596049,-0.655456,Male,18-24,,Asian,Police and Criminal Evidence Act 1984 (section 1),Offensive weapons,A no further action disposal,,False
Person search,2021-06-10T12:19:00+00:00,,,,,Male,25-34,White - English/Welsh/Scottish/Northern Irish/British,White,Misuse of Drugs Act 1971 (section 23),Controlled drugs,Arrest,,True
Person search,2021-06-10T13:50:00+00:00,,,,,Male,25-34,White - Any other White background,White,Misuse of Drugs Act 1971 (section 23),Controlled drugs,A no further action disposal,,False
Person search,2021-06-10T14:08:00+00:00,,,54.090108,-0.197590,Male,over 34,White - English/Welsh/Scottish/Northern Irish/British,White,Misuse of Drugs Act 1971 (section 23),Controlled drugs,A no further action disposal,,False
Person search,2021-06-10T14:20:00+00:00,,,,,Male,10-17,White - English/Welsh/Scottish/Northern Irish/British,White,Misuse of Drugs Act 1971 (section 23),Controlled drugs,A no further action disposal,,False
Person search,2021-06-10T15:42:00+00:00,,,,,Male,over 34,White - English/Welsh/Scottish/Northern Irish/British,White,Police and Criminal Evidence Act 1984 (section 1),Offensive weapons,Caution (simple or conditional),,False
Person search,2021-06-10T16:11:00+00:00,,,,,Female,25-34,White - English/Welsh/Scottish/Northern Irish/British,White,Firearms Act 1968 (section 47),Firearms,Arrest,,False
Person search,2021-06-10T17:25:00+00:00,,,,,Female,25-34,White - English/Welsh/Scottish/Northern Irish/British,White,Firearms Act 1968 (section 47),Firearms,Arrest,,False
Person and Vehicle search,2021-06-10T19:44:00+00:00,,,,,Male,25-34,,White,Misuse of Drugs Act 1971 (section 23),Controlled drugs,A no further action disposal,,False
Person and Vehicle search,2021-06-10T19:44:00+00:00,,,,,Male,over 34,,White,Misuse of Drugs Act 1971 (section 23),Controlled drugs,A no further action disposal,,False
Person and Vehicle search,2021-06-10T20:20:00+00:00,,,,,Male,25-34,White - English/Welsh/Scottish/Northern Irish/British,White,Misuse of Drugs Act 1971 (section 23),Controlled drugs,A no further action disposal,,False
Person search,2021-06-10T20:25:00+00:00,,,,,Male,18-24,White - English/Welsh/Scottish/Northern Irish/British,White,Misuse of Drugs Act 1971 (section 23),Controlled drugs,Khat or Cannabis warning,,False
Person search,2021-06-10T20:46:00+00:00,,,,,Male,25-34,,White,Police and Criminal Evidence Act 1984 (section 1),Article for use in theft,A no further action disposal,,False
Person search,2021-06-10T22:44:00+00:00,,,53.706953,-0.874159,Male,25-34,White - Any other White background,White,Misuse of Drugs Act 1971 (section 23),Controlled drugs,A no further action disposal,,False
Person and Vehicle search,2021-06-10T23:45:00+00:00,,,,,Male,25-34,White - English/Welsh/Scottish/Northern Irish/British,White,Police and Criminal Evidence Act 1984 (section 1),Article for use in theft,A no further action disposal,,False
Person search,2021-06-10T23:45:00+00:00,,,,,Male,over 34,White - English/Welsh/Scottish/Northern Irish/British,White,Police and Criminal Evidence Act 1984 (section 1),Article for use in theft,A no further action disposal,,False
Person search,2021-06-11T00:22:00+00:00,,,53.704635,-0.871449,Male,25-34,White - English/Welsh/Scottish/Northern Irish/British,White,Misuse of Drugs Act 1971 (section 23),Controlled drugs,A no further action disposal,,False
Person search,2021-06-11T04:49:00+00:00,,,,,Male,25-34,White - Any other White background,White,Police and Criminal Evidence Act 1984 (section 1),Offensive weapons,A no further action disposal,,False
Person search,2021-06-11T14:55:00+00:00,,,53.744578,-0.338991,Male,over 34,White - English/Welsh/Scottish/Northern Irish/British,White,Police and Criminal Evidence Act 1984 (section 1),Stolen goods,A no further action disposal,,False
Person search,2021-06-11T18:29:00+00:00,,,,,Male,25-34,White - English/Welsh/Scottish/Northern Irish/British,White,Police and Criminal Evidence Act 1984 (section 1),Anything to threaten or harm anyone,A no further action disposal,,False
Person search,2021-06-11T18:30:00+00:00,,,53.758876,-0.382798,Male,25-34,,White,Misuse of Drugs Act 1971 (section 23),Controlled drugs,A no further action disposal,,False
Vehicle search,2021-06-11T18:30:00+00:00,,,53.758876,-0.382798,,,,,Misuse of Drugs Act 1971 (section 23),Controlled drugs,A no further action disposal,,False
Person search,2021-06-11T19:00:00+00:00,,,,,Male,10-17,Black/African/Caribbean/Black British - Any other Black/African/Caribbean background,Black,Misuse of Drugs Act 1971 (section 23),Controlled drugs,A no further action disposal,,False
Person search,2021-06-11T20:10:00+00:00,,,,,Male,10-17,White - English/Welsh/Scottish/Northern Irish/British,White,Police and Criminal Evidence Act 1984 (section 1),Offensive weapons,A no further action disposal,,False
Person and Vehicle search,2021-06-11T20:15:00+00:00,,,53.766289,-0.339833,Male,18-24,White - English/Welsh/Scottish/Northern Irish/British,White,Misuse of Drugs Act 1971 (section 23),Controlled drugs,Khat or Cannabis warning,,False
Person search,2021-06-11T20:23:00+00:00,,,,,Male,18-24,White - English/Welsh/Scottish/Northern Irish/British,White,Misuse of Drugs Act 1971 (section 23),Controlled drugs,Summons / charged by post,,False
Person search,2021-06-11T20:52:00+00:00,,,53.766289,-0.339833,Male,18-24,White - English/Welsh/Scottish/Northern Irish/British,White,Misuse of Drugs Act 1971 (section 23),Controlled drugs,A no further action disposal,,False
Person search,2021-06-11T21:30:00+00:00,,,,,Male,18-24,White - English/Welsh/Scottish/Northern Irish/British,White,Police and Criminal Evidence Act 1984 (section 1),Offensive weapons,A no further action disposal,,False
Vehicle search,2021-06-11T21:42:00+00:00,,,,,,,,,Police and Criminal Evidence Act 1984 (section 1),Offensive weapons,A no further action disposal,,False
Person search,2021-06-11T22:35:00+00:00,,,,,Male,10-17,White - English/Welsh/Scottish/Northern Irish/British,White,Misuse of Drugs Act 1971 (section 23),Controlled drugs,A no further action disposal,,False
Person search,2021-06-11T22:44:00+00:00,,,,,Male,10-17,White - English/Welsh/Scottish/Northern Irish/British,White,Misuse of Drugs Act 1971 (section 23),Controlled drugs,A no further action disposal,,False
Person search,2021-06-11T23:37:00+00:00,,,,,Male,18-24,White - Any other White background,White,Misuse of Drugs Act 1971 (section 23),Controlled drugs,Khat or Cannabis warning,,False
Person search,2021-06-12T07:26:00+00:00,,,,,Male,25-34,,White,Police and Criminal Evidence Act 1984 (section 1),Offensive weapons,Arrest,,False
Person search,2021-06-12T16:41:00+00:00,,,,,Male,over 34,,White,Misuse of Drugs Act 1971 (section 23),Controlled drugs,A no further action disposal,,False
Person search,2021-06-12T20:23:00+00:00,,,,,Male,over 34,White - English/Welsh/Scottish/Northern Irish/British,White,Misuse of Drugs Act 1971 (section 23),Controlled drugs,Arrest,,False
Person search,2021-06-12T20:30:00+00:00,,,,,Male,over 34,White - English/Welsh/Scottish/Northern Irish/British,White,Misuse of Drugs Act 1971 (section 23),Controlled drugs,A no further action disposal,,False
Person search,2021-06-12T21:05:00+00:00,,,,,Male,over 34,White - English/Welsh/Scottish/Northern Irish/British,White,Police and Criminal Evidence Act 1984 (section 1),Anything to threaten or harm anyone,A no further action disposal,,False
Person and Vehicle search,2021-06-12T21:38:00+00:00,,,,,Male,25-34,White - English/Welsh/Scottish/Northern Irish/British,White,Misuse of Drugs Act 1971 (section 23),Controlled drugs,Khat or Cannabis warning,,False
Person and Vehicle search,2021-06-12T21:44:00+00:00,,,,,Male,25-34,White - Any other White background,White,Misuse of Drugs Act 1971 (section 23),Controlled drugs,A no further action disposal,,False
Person search,2021-06-12T21:45:00+00:00,,,,,Male,18-24,White - English/Welsh/Scottish/Northern Irish/British,White,Misuse of Drugs Act 1971 (section 23),Controlled drugs,A no further action disposal,,False
Person search,2021-06-12T23:52:00+00:00,,,,,Male,10-17,Black/African/Caribbean/Black British - Any other Black/African/Caribbean background,Black,Police and Criminal Evidence Act 1984 (section 1),Offensive weapons,Arrest,,False
Person search,2021-06-13T00:12:00+00:00,,,,,Male,10-17,,Black,Police and Criminal Evidence Act 1984 (section 1),Offensive weapons,Arrest,,False
Vehicle search,2021-06-13T00:52:00+00:00,,,53.575362,-0.078349,,,,,Misuse of Drugs Act 1971 (section 23),Controlled drugs,Arrest,,False
Person search,2021-06-13T04:09:00+00:00,,,53.730593,0.033997,Male,10-17,White - English/Welsh/Scottish/Northern Irish/British,White,Police and Criminal Evidence Act 1984 (section 1),Article for use in theft,A no further action disposal,,False
Person search,2021-06-13T04:10:00+00:00,,,,,Female,10-17,White - English/Welsh/Scottish/Northern Irish/British,White,Police and Criminal Evidence Act 1984 (section 1),Article for use in theft,A no further action disposal,,False
Person search,2021-06-13T05:21:00+00:00,,,,,Male,10-17,White - English/Welsh/Scottish/Northern Irish/British,White,Police and Criminal Evidence Act 1984 (section 1),Article for use in theft,A no further action disposal,,False
Person search,2021-06-13T12:10:00+00:00,,,,,Male,18-24,White - English/Welsh/Scottish/Northern Irish/British,White,Misuse of Drugs Act 1971 (section 23),Controlled drugs,Khat or Cannabis warning,,False
Person search,2021-06-13T12:30:00+00:00,,,,,Male,over 34,White - English/Welsh/Scottish/Northern Irish/British,White,Police and Criminal Evidence Act 1984 (section 1),Stolen goods,Arrest,,False
Person search,2021-06-13T14:15:00+00:00,,,,,Male,18-24,White - English/Welsh/Scottish/Northern Irish/British,White,Misuse of Drugs Act 1971 (section 23),Controlled drugs,A no further action disposal,,False
Person search,2021-06-13T14:15:00+00:00,,,,,Male,18-24,White - English/Welsh/Scottish/Northern Irish/British,White,Misuse of Drugs Act 1971 (section 23),Controlled drugs,A no further action disposal,,False
Person search,2021-06-13T15:30:00+00:00,,,53.740572,-0.348353,Male,18-24,Asian/Asian British - Any other Asian background,Asian,Police and Criminal Evidence Act 1984 (section 1),Stolen goods,A no further action disposal,,False
Person search,2021-06-13T16:00:00+00:00,,,53.740345,-0.345572,Male,10-17,White - English/Welsh/Scottish/Northern Irish/British,White,Police and Criminal Evidence Act 1984 (section 1),Offensive weapons,A no further action disposal,,False
Person and Vehicle search,2021-06-13T18:08:00+00:00,,,53.746843,-0.857853,Male,25-34,White - English/Welsh/Scottish/Northern Irish/British,White,Misuse of Drugs Act 1971 (section 23),Controlled drugs,A no further action disposal,,False
Vehicle search,2021-06-13T18:15:00+00:00,,,,,,,,,Misuse of Drugs Act 1971 (section 23),Controlled drugs,Arrest,,False
Person search,2021-06-13T18:30:00+00:00,,,,,Male,10-17,White - English/Welsh/Scottish/Northern Irish/British,White,Police and Criminal Evidence Act 1984 (section 1),Offensive weapons,Arrest,,False
Person search,2021-06-13T19:00:00+00:00,,,53.777487,-0.310086,Male,18-24,White - English/Welsh/Scottish/Northern Irish/British,White,Police and Criminal Evidence Act 1984 (section 1),Offensive weapons,A no further action disposal,,False
Person search,2021-06-13T19:18:00+00:00,,,53.770188,-0.367842,Female,18-24,White - English/Welsh/Scottish/Northern Irish/British,White,Misuse of Drugs Act 1971 (section 23),Controlled drugs,A no further action disposal,,False
Person search,2021-06-13T19:19:00+00:00,,,53.770188,-0.367842,Male,18-24,White - English/Welsh/Scottish/Northern Irish/British,White,Misuse of Drugs Act 1971 (section 23),Controlled drugs,A no further action disposal,,False
Person search,2021-06-13T19:48:00+00:00,,,,,Female,25-34,White - English/Welsh/Scottish/Northern Irish/British,White,Misuse of Drugs Act 1971 (section 23),Controlled drugs,Summons / charged by post,,False
Person search,2021-06-13T22:23:00+00:00,,,53.742253,-0.336626,Female,18-24,White - English/Welsh/Scottish/Northern Irish/British,White,Misuse of Drugs Act 1971 (section 23),Controlled drugs,A no further action disposal,,False
Person search,2021-06-14T00:58:00+00:00,,,53.912176,-0.167624,Male,18-24,White - English/Welsh/Scottish/Northern Irish/British,White,Police and Criminal Evidence Act 1984 (section 1),Article for use in theft,A no further action disposal,,False
Person search,2021-06-14T03:43:00+00:00,,,53.755869,-0.357991,Male,over 34,White - English/Welsh/Scottish/Northern Irish/British,White,Police and Criminal Evidence Act 1984 (section 1),Offensive weapons,Arrest,,False
Person search,2021-06-14T10:18:00+00:00,,,,,Male,,,White,Police and Criminal Evidence Act 1984 (section 1),Anything to threaten or harm anyone,Arrest,,False
Person search,2021-06-14T13:51:00+00:00,,,,,Female,18-24,White - English/Welsh/Scottish/Northern Irish/British,White,Misuse of Drugs Act 1971 (section 23),Controlled drugs,A no further action disposal,,False
Person search,2021-06-14T17:14:00+00:00,,,,,Male,25-34,,White,Misuse of Drugs Act 1971 (section 23),Controlled drugs,A no further action disposal,,False
Person search,2021-06-14T20:08:00+00:00,,,,,Male,10-17,White - English/Welsh/Scottish/Northern Irish/British,White,Police and Criminal Evidence Act 1984 (section 1),Article for use in theft,A no further action disposal,,False
Person search,2021-06-14T20:08:00+00:00,,,53.783638,-0.387279,Male,10-17,White - English/Welsh/Scottish/Northern Irish/British,White,Police and Criminal Evidence Act 1984 (section 1),Article for use in theft,A no further action disposal,,False
Person search,2021-06-14T20:14:00+00:00,,,,,Male,over 34,White - English/Welsh/Scottish/Northern Irish/British,White,Police and Criminal Evidence Act 1984 (section 1),Stolen goods,A no further action disposal,,False
Person search,2021-06-14T23:10:00+00:00,,,,,Male,25-34,,,Misuse of Drugs Act 1971 (section 23),Controlled drugs,A no further action disposal,,False
Person search,2021-06-15T00:38:00+00:00,,,,,Male,18-24,Black/African/Caribbean/Black British - Any other Black/African/Caribbean background,Black,Police and Criminal Evidence Act 1984 (section 1),Offensive weapons,Arrest,,False
Person search,2021-06-15T03:44:00+00:00,,,,,Male,18-24,Black/African/Caribbean/Black British - Any other Black/African/Caribbean background,Black,Police and Criminal Evidence Act 1984 (section 1),Offensive weapons,Arrest,,False
Person search,2021-06-15T05:03:00+00:00,,,,,Male,25-34,Black/African/Caribbean/Black British - Any other Black/African/Caribbean background,Black,Police and Criminal Evidence Act 1984 (section 1),Offensive weapons,Arrest,,False
Person search,2021-06-15T12:41:00+00:00,,,,,Male,over 34,White - English/Welsh/Scottish/Northern Irish/British,White,Misuse of Drugs Act 1971 (section 23),Controlled drugs,Arrest,,False
Person search,2021-06-15T13:03:00+00:00,,,,,Female,over 34,White - English/Welsh/Scottish/Northern Irish/British,White,Misuse of Drugs Act 1971 (section 23),Controlled drugs,Summons / charged by post,,False
Person search,2021-06-15T13:45:00+00:00,,,,,Male,18-24,White - English/Welsh/Scottish/Northern Irish/British,White,Misuse of Drugs Act 1971 (section 23),Controlled drugs,A no further action disposal,,False
Person search,2021-06-15T13:55:00+00:00,,,54.086981,-0.188643,Female,over 34,White - English/Welsh/Scottish/Northern Irish/British,White,Misuse of Drugs Act 1971 (section 23),Controlled drugs,A no further action disposal,,False
Person search,2021-06-15T13:55:00+00:00,,,54.086981,-0.188643,Female,over 34,White - English/Welsh/Scottish/Northern Irish/British,White,Misuse of Drugs Act 1971 (section 23),Controlled drugs,A no further action disposal,,False
Vehicle search,2021-06-15T14:18:00+00:00,,,,,,,,,Misuse of Drugs Act 1971 (section 23),Controlled drugs,Arrest,,False
Person and Vehicle search,2021-06-15T14:20:00+00:00,,,,,Male,25-34,White - English/Welsh/Scottish/Northern Irish/British,White,Misuse of Drugs Act 1971 (section 23),Controlled drugs,Arrest,,False
Person and Vehicle search,2021-06-15T14:20:00+00:00,,,,,Male,18-24,White - English/Welsh/Scottish/Northern Irish/British,White,Misuse of Drugs Act 1971 (section 23),Controlled drugs,Arrest,,False
Person search,2021-06-15T14:27:00+00:00,,,53.760642,-0.383746,Male,25-34,White - English/Welsh/Scottish/Northern Irish/British,White,Misuse of Drugs Act 1971 (section 23),Controlled drugs,A no further action disposal,,False
Person search,2021-06-15T14:55:00+00:00,,,53.760642,-0.383746,Male,over 34,White - English/Welsh/Scottish/Northern Irish/British,White,Misuse of Drugs Act 1971 (section 23),Controlled drugs,A no further action disposal,,False
Person search,2021-06-15T14:57:00+00:00,,,54.085400,-0.185181,Male,over 34,White - English/Welsh/Scottish/Northern Irish/British,White,Misuse of Drugs Act 1971 (section 23),Controlled drugs,A no further action disposal,,False
Person search,2021-06-15T15:26:00+00:00,,,54.082338,-0.187776,Female,25-34,White - English/Welsh/Scottish/Northern Irish/British,White,Misuse of Drugs Act 1971 (section 23),Controlled drugs,Summons / charged by post,,False
Person search,2021-06-15T16:00:00+00:00,,,,,Male,over 34,White - English/Welsh/Scottish/Northern Irish/British,White,Misuse of Drugs Act 1971 (section 23),Controlled drugs,A no further action disposal,,False
Person search,2021-06-15T16:19:00+00:00,,,54.085206,-0.188400,Male,over 34,White - English/Welsh/Scottish/Northern Irish/British,White,Misuse of Drugs Act 1971 (section 23),Controlled drugs,A no further action disposal,,False
Person search,2021-06-15T16:28:00+00:00,,,,,Male,10-17,,White,Police and Criminal Evidence Act 1984 (section 1),Article for use in theft,A no further action disposal,,False
Person search,2021-06-15T16:30:00+00:00,,,,,Male,10-17,,White,Police and Criminal Evidence Act 1984 (section 1),Article for use in theft,A no further action disposal,,False
Person search,2021-06-15T16:32:00+00:00,,,53.728690,-0.371435,Male,10-17,White - English/Welsh/Scottish/Northern Irish/British,White,Police and Criminal Evidence Act 1984 (section 1),Article for use in theft,A no further action disposal,,False
Vehicle search,2021-06-15T16:46:00+00:00,,,,,,,,,Firearms Act 1968 (section 47),Firearms,Arrest,,False
Person search,2021-06-15T17:20:00+00:00,,,,,Male,10-17,White - English/Welsh/Scottish/Northern Irish/British,White,Misuse of Drugs Act 1971 (section 23),Controlled drugs,A no further action disposal,,False
Person search,2021-06-15T18:56:00+00:00,,,,,Male,over 34,White - English/Welsh/Scottish/Northern Irish/British,White,Misuse of Drugs Act 1971 (section 23),Controlled drugs,A no further action disposal,,False
Person search,2021-06-15T21:00:00+00:00,,,,,Male,10-17,White - English/Welsh/Scottish/Northern Irish/British,White,Misuse of Drugs Act 1971 (section 23),Controlled drugs,Community resolution,,False
Person search,2021-06-15T22:00:00+00:00,,,,,Male,10-17,Black/African/Caribbean/Black British - African,Black,Misuse of Drugs Act 1971 (section 23),Controlled drugs,A no further action disposal,,False
Person search,2021-06-16T01:30:00+00:00,,,,,Male,18-24,Asian/Asian British - Any other Asian background,White,Misuse of Drugs Act 1971 (section 23),Controlled drugs,A no further action disposal,,False
Person search,2021-06-16T01:44:00+00:00,,,53.592232,-0.666229,Male,,,Black,Misuse of Drugs Act 1971 (section 23),Controlled drugs,A no further action disposal,,False
Person search,2021-06-16T01:56:00+00:00,,,,,Male,25-34,White - English/Welsh/Scottish/Northern Irish/British,White,Police and Criminal Evidence Act 1984 (section 1),Offensive weapons,A no further action disposal,,False
Person search,2021-06-16T01:56:00+00:00,,,,,Male,18-24,Mixed/Multiple ethnic groups - White and Black African,Black,Police and Criminal Evidence Act 1984 (section 1),Offensive weapons,A no further action disposal,,False
Person search,2021-06-16T02:42:00+00:00,,,,,Male,,,Black,Misuse of Drugs Act 1971 (section 23),Controlled drugs,A no further action disposal,,False
Person search,2021-06-16T02:47:00+00:00,,,,,Male,,,Black,Misuse of Drugs Act 1971 (section 23),Controlled drugs,A no further action disposal,,False
Person search,2021-06-16T03:30:00+00:00,,,,,Male,10-17,White - English/Welsh/Scottish/Northern Irish/British,White,Police and Criminal Evidence Act 1984 (section 1),Article for use in theft,A no further action disposal,,False
Person search,2021-06-16T03:41:00+00:00,,,,,Male,18-24,White - English/Welsh/Scottish/Northern Irish/British,White,Police and Criminal Evidence Act 1984 (section 1),Offensive weapons,A no further action disposal,,False
Person search,2021-06-16T10:59:00+00:00,,,,,Male,25-34,White - English/Welsh/Scottish/Northern Irish/British,White,Misuse of Drugs Act 1971 (section 23),Controlled drugs,A no further action disposal,,False
Person search,2021-06-16T12:26:00+00:00,,,,,Female,over 34,White - English/Welsh/Scottish/Northern Irish/British,White,Police and Criminal Evidence Act 1984 (section 1),Stolen goods,A no further action disposal,,False
Vehicle search,2021-06-16T12:37:00+00:00,,,,,,,,,Police and Criminal Evidence Act 1984 (section 1),Stolen goods,A no further action disposal,,False
Vehicle search,2021-06-16T12:37:00+00:00,,,,,,,,,Police and Criminal Evidence Act 1984 (section 1),Stolen goods,A no further action disposal,,False
Person search,2021-06-16T12:52:00+00:00,,,,,Male,10-17,,White,Police and Criminal Evidence Act 1984 (section 1),Stolen goods,Arrest,,False
Person search,2021-06-16T12:57:00+00:00,,,53.562865,-0.678341,Male,10-17,White - English/Welsh/Scottish/Northern Irish/British,White,Police and Criminal Evidence Act 1984 (section 1),Stolen goods,A no further action disposal,,False
Person search,2021-06-16T12:59:00+00:00,,,,,Male,over 34,White - English/Welsh/Scottish/Northern Irish/British,White,Police and Criminal Evidence Act 1984 (section 1),Offensive weapons,Arrest,,False
Person and Vehicle search,2021-06-16T13:11:00+00:00,,,,,Male,18-24,White - English/Welsh/Scottish/Northern Irish/British,White,Misuse of Drugs Act 1971 (section 23),Controlled drugs,A no further action disposal,,False
Person search,2021-06-16T14:33:00+00:00,,,,,Male,18-24,,Black,Misuse of Drugs Act 1971 (section 23),Controlled drugs,A no further action disposal,,False
Person search,2021-06-16T15:10:00+00:00,,,,,Male,over 34,White - English/Welsh/Scottish/Northern Irish/British,White,Misuse of Drugs Act 1971 (section 23),Controlled drugs,A no further action disposal,,False
Person search,2021-06-16T15:48:00+00:00,,,53.592056,-0.668924,Male,25-34,White - English/Welsh/Scottish/Northern Irish/British,White,Misuse of Drugs Act 1971 (section 23),Controlled drugs,Summons / charged by post,,False
Person search,2021-06-16T16:06:00+00:00,,,,,Male,25-34,Black/African/Caribbean/Black British - Any other Black/African/Caribbean background,Black,Misuse of Drugs Act 1971 (section 23),Controlled drugs,Khat or Cannabis warning,,False
Person search,2021-06-16T16:25:00+00:00,,,53.561783,-0.036580,Male,18-24,White - English/Welsh/Scottish/Northern Irish/British,White,Misuse of Drugs Act 1971 (section 23),Controlled drugs,Khat or Cannabis warning,,False
Person search,2021-06-16T16:25:00+00:00,,,,,Female,over 34,White - English/Welsh/Scottish/Northern Irish/British,White,Misuse of Drugs Act 1971 (section 23),Controlled drugs,Summons / charged by post,,False
Person search,2021-06-16T20:16:00+00:00,,,,,Female,over 34,White - English/Welsh/Scottish/Northern Irish/British,White,Police and Criminal Evidence Act 1984 (section 1),Anything to threaten or harm anyone,A no further action disposal,,False
Person and Vehicle search,2021-06-16T21:24:00+00:00,,,53.572833,-0.060929,Male,18-24,White - English/Welsh/Scottish/Northern Irish/British,White,Misuse of Drugs Act 1971 (section 23),Controlled drugs,A no further action disposal,,False
Person and Vehicle search,2021-06-16T21:24:00+00:00,,,53.569217,-0.099439,Male,18-24,Mixed/Multiple ethnic groups - White and Black African,Black,Misuse of Drugs Act 1971 (section 23),Controlled drugs,A no further action disposal,,False
Person search,2021-06-16T22:55:00+00:00,,,53.863816,-0.669133,Male,over 34,White - English/Welsh/Scottish/Northern Irish/British,White,Misuse of Drugs Act 1971 (section 23),Controlled drugs,Khat or Cannabis warning,,False
Person search,2021-06-16T23:03:00+00:00,,,53.601824,-0.671927,Male,25-34,White - English/Welsh/Scottish/Northern Irish/British,White,Misuse of Drugs Act 1971 (section 23),Controlled drugs,A no further action disposal,,False
Person and Vehicle search,2021-06-16T23:05:00+00:00,,,53.570494,-0.055282,Male,10-17,White - English/Welsh/Scottish/Northern Irish/British,White,Misuse of Drugs Act 1971 (section 23),Controlled drugs,A no further action disposal,,False
Person search,2021-06-16T23:07:00+00:00,,,53.757146,-0.296204,Male,25-34,White - Any other White background,White,Police and Criminal Evidence Act 1984 (section 1),Offensive weapons,A no further action disposal,,False
Person search,2021-06-16T23:27:00+00:00,,,53.570494,-0.055282,Male,18-24,Asian/Asian British - Pakistani,Asian,Misuse of Drugs Act 1971 (section 23),Controlled drugs,A no further action disposal,,False
Person search,2021-06-17T00:32:00+00:00,,,,,Male,25-34,White - Any other White background,White,Police and Criminal Evidence Act 1984 (section 1),Offensive weapons,A no further action disposal,,False
Person search,2021-06-17T08:46:00+00:00,,,53.571263,-0.671268,Male,18-24,White - English/Welsh/Scottish/Northern Irish/British,White,Misuse of Drugs Act 1971 (section 23),Controlled drugs,A no further action disposal,,False
Person search,2021-06-17T08:57:00+00:00,,,53.570634,-0.052315,Male,over 34,White - English/Welsh/Scottish/Northern Irish/British,White,Misuse of Drugs Act 1971 (section 23),Controlled drugs,A no further action disposal,,False
Person search,2021-06-17T09:07:00+00:00,,,,,Male,over 34,White - English/Welsh/Scottish/Northern Irish/British,White,Police and Criminal Evidence Act 1984 (section 1),Offensive weapons,Arrest,,False
Person search,2021-06-17T10:15:00+00:00,,,,,Male,10-17,White - English/Welsh/Scottish/Northern Irish/British,White,Police and Criminal Evidence Act 1984 (section 1),Offensive weapons,A no further action disposal,,False
Person search,2021-06-17T13:18:00+00:00,,,,,Female,18-24,White - English/Welsh/Scottish/Northern Irish/British,White,Misuse of Drugs Act 1971 (section 23),Controlled drugs,Summons / charged by post,,True
Person search,2021-06-17T14:00:00+00:00,,,53.574867,-0.067708,Female,25-34,White - English/Welsh/Scottish/Northern Irish/British,White,Misuse of Drugs Act 1971 (section 23),Controlled drugs,A no further action disposal,,False
Person search,2021-06-17T14:01:00+00:00,,,,,Female,over 34,White - English/Welsh/Scottish/Northern Irish/British,White,Misuse of Drugs Act 1971 (section 23),Controlled drugs,Summons / charged by post,,True
Person search,2021-06-17T14:33:00+00:00,,,,,Female,25-34,White - English/Welsh/Scottish/Northern Irish/British,White,Misuse of Drugs Act 1971 (section 23),Controlled drugs,A no further action disposal,,True
Person search,2021-06-17T14:40:00+00:00,,,,,Male,10-17,White - English/Welsh/Scottish/Northern Irish/British,White,Police and Criminal Evidence Act 1984 (section 1),Anything to threaten or harm anyone,A no further action disposal,,False
Person search,2021-06-17T18:10:00+00:00,,,,,Male,18-24,White - English/Welsh/Scottish/Northern Irish/British,White,Police and Criminal Evidence Act 1984 (section 1),Stolen goods,A no further action disposal,,False
Person search,2021-06-17T20:00:00+00:00,,,,,Male,25-34,White - English/Welsh/Scottish/Northern Irish/British,White,Police and Criminal Evidence Act 1984 (section 1),Stolen goods,A no further action disposal,,False
Person search,2021-06-17T21:07:00+00:00,,,,,Male,10-17,White - English/Welsh/Scottish/Northern Irish/British,Black,Police and Criminal Evidence Act 1984 (section 1),Article for use in theft,A no further action disposal,,False
Vehicle search,2021-06-17T22:52:00+00:00,,,,,,,,,Misuse of Drugs Act 1971 (section 23),Controlled drugs,A no further action disposal,,False
Person search,2021-06-17T22:55:00+00:00,,,,,Male,10-17,White - English/Welsh/Scottish/Northern Irish/British,White,Misuse of Drugs Act 1971 (section 23),Controlled drugs,A no further action disposal,,False
Vehicle search,2021-06-17T22:55:00+00:00,,,53.770042,-0.364373,,,,,Police and Criminal Evidence Act 1984 (section 1),Offensive weapons,A no further action disposal,,False
Person search,2021-06-17T23:14:00+00:00,,,,,Female,25-34,White - English/Welsh/Scottish/Northern Irish/British,White,Misuse of Drugs Act 1971 (section 23),Controlled drugs,A no further action disposal,,False
Person search,2021-06-17T23:52:00+00:00,,,,,Male,10-17,White - English/Welsh/Scottish/Northern Irish/British,White,Police and Criminal Evidence Act 1984 (section 1),Article for use in theft,Arrest,,False
Person search,2021-06-18T00:30:00+00:00,,,,,Male,,,White,Police and Criminal Evidence Act 1984 (section 1),Offensive weapons,Arrest,,False
Person search,2021-06-18T02:00:00+00:00,,,,,Male,18-24,White - English/Welsh/Scottish/Northern Irish/British,White,Misuse of Drugs Act 1971 (section 23),Controlled drugs,A no further action disposal,,False
Person search,2021-06-18T02:05:00+00:00,,,,,Male,over 34,White - Any other White background,White,Misuse of Drugs Act 1971 (section 23),Controlled drugs,A no further action disposal,,False
Vehicle search,2021-06-18T02:15:00+00:00,,,53.768341,-0.359599,,,,,Misuse of Drugs Act 1971 (section 23),Controlled drugs,A no further action disposal,,False
Vehicle search,2021-06-18T03:54:00+00:00,,,,,,,,,Misuse of Drugs Act 1971 (section 23),Controlled drugs,A no further action disposal,,False
Person and Vehicle search,2021-06-18T13:00:00+00:00,,,,,Male,18-24,White - English/Welsh/Scottish/Northern Irish/British,White,Misuse of Drugs Act 1971 (section 23),Controlled drugs,A no further action disposal,,False
Person search,2021-06-18T13:00:00+00:00,,,,,Male,25-34,White - English/Welsh/Scottish/Northern Irish/British,White,Misuse of Drugs Act 1971 (section 23),Controlled drugs,A no further action disposal,,False
Vehicle search,2021-06-18T16:24:00+00:00,,,,,,,,,Misuse of Drugs Act 1971 (section 23),Controlled drugs,A no further action disposal,,False
Person search,2021-06-18T18:15:00+00:00,,,53.758003,-0.351052,Male,25-34,White - English/Welsh/Scottish/Northern Irish/British,White,Police and Criminal Evidence Act 1984 (section 1),Offensive weapons,A no further action disposal,,False
Person search,2021-06-18T18:21:00+00:00,,,53.758003,-0.351052,Female,over 34,White - English/Welsh/Scottish/Northern Irish/British,White,Police and Criminal Evidence Act 1984 (section 1),Offensive weapons,A no further action disposal,,False
Person search,2021-06-18T20:08:00+00:00,,,53.747840,-0.341501,Male,over 34,White - English/Welsh/Scottish/Northern Irish/British,White,Misuse of Drugs Act 1971 (section 23),Controlled drugs,A no further action disposal,,False
Person search,2021-06-18T21:27:00+00:00,,,53.704635,-0.871449,Female,18-24,White - English/Welsh/Scottish/Northern Irish/British,White,Misuse of Drugs Act 1971 (section 23),Controlled drugs,Penalty Notice for Disorder,,False
Person and Vehicle search,2021-06-18T21:55:00+00:00,,,53.728502,-0.535153,Male,25-34,White - English/Welsh/Scottish/Northern Irish/British,Asian,Misuse of Drugs Act 1971 (section 23),Controlled drugs,Khat or Cannabis warning,,False
Person search,2021-06-18T22:01:00+00:00,,,53.726321,-0.497669,Male,18-24,White - English/Welsh/Scottish/Northern Irish/British,White,Misuse of Drugs Act 1971 (section 23),Controlled drugs,Arrest,,False
Vehicle search,2021-06-19T00:16:00+00:00,,,53.704635,-0.871449,,,,,Misuse of Drugs Act 1971 (section 23),Controlled drugs,A no further action disposal,,False
Person search,2021-06-19T00:40:00+00:00,,,,,Male,,White - English/Welsh/Scottish/Northern Irish/British,White,Police and Criminal Evidence Act 1984 (section 1),Stolen goods,Arrest,,False
Person search,2021-06-19T01:00:00+00:00,,,,,Male,18-24,White - English/Welsh/Scottish/Northern Irish/British,White,Misuse of Drugs Act 1971 (section 23),Controlled drugs,A no further action disposal,,False
Person search,2021-06-19T01:00:00+00:00,,,,,Male,18-24,White - English/Welsh/Scottish/Northern Irish/British,White,Misuse of Drugs Act 1971 (section 23),Controlled drugs,Khat or Cannabis warning,,False
Person search,2021-06-19T09:00:00+00:00,,,53.727445,-0.417382,Male,25-34,White - Irish,White,Police and Criminal Evidence Act 1984 (section 1),Stolen goods,A no further action disposal,,False
Person search,2021-06-19T11:53:00+00:00,,,54.083090,-0.191748,Male,over 34,White - English/Welsh/Scottish/Northern Irish/British,White,Police and Criminal Evidence Act 1984 (section 1),Stolen goods,Summons / charged by post,,False
Person and Vehicle search,2021-06-19T12:35:00+00:00,,,,,Male,over 34,White - English/Welsh/Scottish/Northern Irish/British,White,Misuse of Drugs Act 1971 (section 23),Controlled drugs,A no further action disposal,,False
Person search,2021-06-19T13:04:00+00:00,,,,,Male,over 34,White - English/Welsh/Scottish/Northern Irish/British,White,Misuse of Drugs Act 1971 (section 23),Controlled drugs,A no further action disposal,,False
Person search,2021-06-19T18:23:00+00:00,,,,,Female,over 34,White - English/Welsh/Scottish/Northern Irish/British,White,Police and Criminal Evidence Act 1984 (section 1),Offensive weapons,A no further action disposal,,False
Person search,2021-06-19T19:35:00+00:00,,,,,Male,18-24,,White,Police and Criminal Evidence Act 1984 (section 1),Article for use in theft,Arrest,,False
Person search,2021-06-19T19:58:00+00:00,,,53.589908,-0.683571,Female,over 34,White - English/Welsh/Scottish/Northern Irish/British,White,Misuse of Drugs Act 1971 (section 23),Controlled drugs,A no further action disposal,,False
Vehicle search,2021-06-20T00:08:00+00:00,,,,,,,,,Misuse of Drugs Act 1971 (section 23),Controlled drugs,Arrest,,False
Person search,2021-06-20T03:05:00+00:00,,,,,Male,25-34,Black/African/Caribbean/Black British - Any other Black/African/Caribbean background,White,Police and Criminal Evidence Act 1984 (section 1),Offensive weapons,A no further action disposal,,False
Person search,2021-06-20T10:17:00+00:00,,,,,Male,over 34,,White,Misuse of Drugs Act 1971 (section 23),Controlled drugs,Summons / charged by post,,False
Person search,2021-06-20T18:11:00+00:00,,,,,Male,,,White,Police and Criminal Evidence Act 1984 (section 1),Offensive weapons,A no further action disposal,,False
Person search,2021-06-20T20:07:00+00:00,,,53.748886,-0.352819,Male,25-34,White - English/Welsh/Scottish/Northern Irish/British,White,Police and Criminal Evidence Act 1984 (section 1),Stolen goods,A no further action disposal,,False
Person search,2021-06-20T21:04:00+00:00,,,53.765660,-0.401320,Male,,,Asian,Misuse of Drugs Act 1971 (section 23),Controlled drugs,A no further action disposal,,False
Person search,2021-06-21T00:10:00+00:00,,,,,Male,18-24,White - English/Welsh/Scottish/Northern Irish/British,White,Misuse of Drugs Act 1971 (section 23),Controlled drugs,Arrest,,False
Person search,2021-06-21T00:56:00+00:00,,,,,Male,18-24,White - English/Welsh/Scottish/Northern Irish/British,White,Misuse of Drugs Act 1971 (section 23),Controlled drugs,A no further action disposal,,False
Person search,2021-06-21T09:30:00+00:00,,,,,Female,over 34,White - English/Welsh/Scottish/Northern Irish/British,White,Misuse of Drugs Act 1971 (section 23),Controlled drugs,A no further action disposal,,False
Person search,2021-06-21T14:54:00+00:00,,,53.706076,-0.915510,Male,18-24,White - English/Welsh/Scottish/Northern Irish/British,White,Misuse of Drugs Act 1971 (section 23),Controlled drugs,A no further action disposal,,False
Person search,2021-06-21T14:57:00+00:00,,,,,Male,18-24,White - English/Welsh/Scottish/Northern Irish/British,White,Misuse of Drugs Act 1971 (section 23),Controlled drugs,A no further action disposal,,False
Person search,2021-06-21T16:07:00+00:00,,,,,Male,over 34,White - English/Welsh/Scottish/Northern Irish/British,White,Misuse of Drugs Act 1971 (section 23),Controlled drugs,A no further action disposal,,False
Person search,2021-06-21T16:45:00+00:00,,,,,Male,25-34,White - English/Welsh/Scottish/Northern Irish/British,White,Misuse of Drugs Act 1971 (section 23),Controlled drugs,Arrest,,False
Person search,2021-06-21T18:37:00+00:00,,,53.720446,-0.535736,Female,25-34,White - English/Welsh/Scottish/Northern Irish/British,White,Misuse of Drugs Act 1971 (section 23),Controlled drugs,A no further action disposal,,False
Person search,2021-06-21T19:43:00+00:00,,,,,Male,over 34,,White,Misuse of Drugs Act 1971 (section 23),Controlled drugs,Summons / charged by post,,False
Person search,2021-06-21T19:56:00+00:00,,,53.513399,-1.197690,Male,18-24,White - English/Welsh/Scottish/Northern Irish/British,White,Misuse of Drugs Act 1971 (section 23),Controlled drugs,Arrest,,False
Person search,2021-06-21T20:06:00+00:00,,,53.758579,-0.255188,Female,10-17,White - English/Welsh/Scottish/Northern Irish/British,White,Police and Criminal Evidence Act 1984 (section 1),Offensive weapons,A no further action disposal,,False
Person search,2021-06-21T20:07:00+00:00,,,53.758579,-0.255188,Male,10-17,White - English/Welsh/Scottish/Northern Irish/British,White,Police and Criminal Evidence Act 1984 (section 1),Offensive weapons,A no further action disposal,,False
Person and Vehicle search,2021-06-21T20:30:00+00:00,,,,,Male,over 34,White - English/Welsh/Scottish/Northern Irish/British,White,Misuse of Drugs Act 1971 (section 23),Controlled drugs,Summons / charged by post,,False
Vehicle search,2021-06-21T21:28:00+00:00,,,,,,,,,Police and Criminal Evidence Act 1984 (section 1),Stolen goods,Arrest,,False
Person search,2021-06-21T22:25:00+00:00,,,,,Male,10-17,White - English/Welsh/Scottish/Northern Irish/British,White,Police and Criminal Evidence Act 1984 (section 1),Offensive weapons,A no further action disposal,,False
Person search,2021-06-22T00:08:00+00:00,,,,,Male,over 34,White - English/Welsh/Scottish/Northern Irish/British,White,Misuse of Drugs Act 1971 (section 23),Controlled drugs,A no further action disposal,,False
Person search,2021-06-22T00:16:00+00:00,,,,,Male,over 34,White - English/Welsh/Scottish/Northern Irish/British,White,Misuse of Drugs Act 1971 (section 23),Controlled drugs,A no further action disposal,,False
Vehicle search,2021-06-22T01:49:00+00:00,,,,,,,,,Misuse of Drugs Act 1971 (section 23),Controlled drugs,Arrest,,False
Person search,2021-06-22T07:20:00+00:00,,,53.735827,-0.362866,Male,over 34,White - English/Welsh/Scottish/Northern Irish/British,White,Misuse of Drugs Act 1971 (section 23),Controlled drugs,Summons / charged by post,,True
Person search,2021-06-22T08:57:00+00:00,,,,,Male,25-34,,White,Misuse of Drugs Act 1971 (section 23),Controlled drugs,A no further action disposal,,False
Person search,2021-06-22T09:50:00+00:00,,,,,Male,18-24,White - English/Welsh/Scottish/Northern Irish/British,White,Misuse of Drugs Act 1971 (section 23),Controlled drugs,Arrest,,False
Person search,2021-06-22T10:34:00+00:00,,,53.595363,-0.651232,Male,over 34,White - English/Welsh/Scottish/Northern Irish/British,White,Misuse of Drugs Act 1971 (section 23),Controlled drugs,A no further action disposal,,False
Person and Vehicle search,2021-06-22T12:20:00+00:00,,,,,Male,18-24,Black/African/Caribbean/Black British - African,Black,Misuse of Drugs Act 1971 (section 23),Controlled drugs,A no further action disposal,,False
Person and Vehicle search,2021-06-22T16:20:00+00:00,,,,,Male,18-24,White - Any other White background,White,Police and Criminal Evidence Act 1984 (section 1),Stolen goods,Arrest,,False
Person search,2021-06-22T16:30:00+00:00,,,,,Male,over 34,White - English/Welsh/Scottish/Northern Irish/British,White,Police and Criminal Evidence Act 1984 (section 1),Offensive weapons,A no further action disposal,,False
Person search,2021-06-22T18:00:00+00:00,,,,,Male,over 34,White - English/Welsh/Scottish/Northern Irish/British,White,Police and Criminal Evidence Act 1984 (section 1),Offensive weapons,A no further action disposal,,False
Person search,2021-06-22T18:10:00+00:00,,,,,Female,over 34,White - English/Welsh/Scottish/Northern Irish/British,White,Misuse of Drugs Act 1971 (section 23),Controlled drugs,A no further action disposal,,False
Person search,2021-06-22T19:30:00+00:00,,,,,Male,over 34,White - English/Welsh/Scottish/Northern Irish/British,White,Misuse of Drugs Act 1971 (section 23),Controlled drugs,A no further action disposal,,False
Person and Vehicle search,2021-06-22T19:52:00+00:00,,,,,Male,25-34,,White,Misuse of Drugs Act 1971 (section 23),Controlled drugs,Arrest,,False
Person search,2021-06-22T23:00:00+00:00,,,,,Male,25-34,White - English/Welsh/Scottish/Northern Irish/British,White,Police and Criminal Evidence Act 1984 (section 1),Offensive weapons,A no further action disposal,,False
Person search,2021-06-22T23:43:00+00:00,,,53.512339,-0.134879,Female,over 34,White - English/Welsh/Scottish/Northern Irish/British,White,Misuse of Drugs Act 1971 (section 23),Controlled drugs,A no further action disposal,,False
Person search,2021-06-23T01:40:00+00:00,,,,,Male,25-34,White - English/Welsh/Scottish/Northern Irish/British,White,Misuse of Drugs Act 1971 (section 23),Controlled drugs,A no further action disposal,,False
Person search,2021-06-23T01:51:00+00:00,,,,,Male,18-24,,White,Misuse of Drugs Act 1971 (section 23),Controlled drugs,A no further action disposal,,False
Person search,2021-06-23T12:25:00+00:00,,,,,Male,18-24,White - English/Welsh/Scottish/Northern Irish/British,White,Misuse of Drugs Act 1971 (section 23),Controlled drugs,Khat or Cannabis warning,,False
Person and Vehicle search,2021-06-23T13:34:00+00:00,,,,,Male,25-34,Black/African/Caribbean/Black British - Any other Black/African/Caribbean background,Black,Misuse of Drugs Act 1971 (section 23),Controlled drugs,A no further action disposal,,False
Person search,2021-06-23T14:30:00+00:00,,,,,Male,25-34,White - English/Welsh/Scottish/Northern Irish/British,White,Police and Criminal Evidence Act 1984 (section 1),Offensive weapons,A no further action disposal,,False
Person search,2021-06-23T16:48:00+00:00,,,,,Female,18-24,White - English/Welsh/Scottish/Northern Irish/British,White,Police and Criminal Evidence Act 1984 (section 1),Stolen goods,Arrest,,False
Person search,2021-06-23T17:10:00+00:00,,,,,Female,25-34,White - English/Welsh/Scottish/Northern Irish/British,White,Misuse of Drugs Act 1971 (section 23),Controlled drugs,Khat or Cannabis warning,,False
Person search,2021-06-23T18:40:00+00:00,,,,,Female,10-17,White - English/Welsh/Scottish/Northern Irish/British,,Police and Criminal Evidence Act 1984 (section 1),Articles for use in criminal damage,A no further action disposal,,False
Person search,2021-06-23T20:48:00+00:00,,,,,Male,18-24,White - English/Welsh/Scottish/Northern Irish/British,White,Misuse of Drugs Act 1971 (section 23),Controlled drugs,Khat or Cannabis warning,,False
Person and Vehicle search,2021-06-24T01:15:00+00:00,,,,,Male,25-34,White - English/Welsh/Scottish/Northern Irish/British,White,Misuse of Drugs Act 1971 (section 23),Controlled drugs,A no further action disposal,,False
Person and Vehicle search,2021-06-24T01:34:00+00:00,,,,,Male,over 34,White - English/Welsh/Scottish/Northern Irish/British,White,Misuse of Drugs Act 1971 (section 23),Controlled drugs,A no further action disposal,,False
Person search,2021-06-24T03:17:00+00:00,,,,,Male,18-24,White - English/Welsh/Scottish/Northern Irish/British,White,Police and Criminal Evidence Act 1984 (section 1),Offensive weapons,A no further action disposal,,False
Person search,2021-06-24T04:00:00+00:00,,,,,Male,10-17,White - English/Welsh/Scottish/Northern Irish/British,White,Police and Criminal Evidence Act 1984 (section 1),Article for use in theft,Community resolution,,False
Person search,2021-06-24T05:21:00+00:00,,,,,Male,10-17,White - English/Welsh/Scottish/Northern Irish/British,White,Police and Criminal Evidence Act 1984 (section 1),Article for use in theft,Community resolution,,False
Person search,2021-06-24T09:43:00+00:00,,,54.006991,-0.433895,Male,18-24,White - English/Welsh/Scottish/Northern Irish/British,,Misuse of Drugs Act 1971 (section 23),Controlled drugs,Khat or Cannabis warning,,False
Person and Vehicle search,2021-06-24T09:48:00+00:00,,,,,Male,over 34,White - English/Welsh/Scottish/Northern Irish/British,White,Misuse of Drugs Act 1971 (section 23),Controlled drugs,A no further action disposal,,False
Person search,2021-06-24T10:10:00+00:00,,,,,Male,over 34,,White,Misuse of Drugs Act 1971 (section 23),Controlled drugs,A no further action disposal,,False
Vehicle search,2021-06-24T10:15:00+00:00,,,53.704635,-0.871449,,,,,Misuse of Drugs Act 1971 (section 23),Controlled drugs,Arrest,,False
Person search,2021-06-24T13:15:00+00:00,,,,,Male,18-24,White - English/Welsh/Scottish/Northern Irish/British,White,Misuse of Drugs Act 1971 (section 23),Controlled drugs,Khat or Cannabis warning,,False
Person search,2021-06-24T14:14:00+00:00,,,,,Male,25-34,,White,Misuse of Drugs Act 1971 (section 23),Controlled drugs,A no further action disposal,,True
Person search,2021-06-24T15:38:00+00:00,,,,,Male,,White - English/Welsh/Scottish/Northern Irish/British,White,Misuse of Drugs Act 1971 (section 23),Controlled drugs,A no further action disposal,,False
Vehicle search,2021-06-24T15:42:00+00:00,,,,,,,,,Misuse of Drugs Act 1971 (section 23),Controlled drugs,Arrest,,False
Person search,2021-06-24T19:02:00+00:00,,,,,Male,25-34,White - English/Welsh/Scottish/Northern Irish/British,White,Misuse of Drugs Act 1971 (section 23),Controlled drugs,Khat or Cannabis warning,,False
Person search,2021-06-24T19:08:00+00:00,,,,,Male,,,White,Police and Criminal Evidence Act 1984 (section 1),Offensive weapons,A no further action disposal,,False
Person search,2021-06-24T20:30:00+00:00,,,,,Male,10-17,White - English/Welsh/Scottish/Northern Irish/British,White,Police and Criminal Evidence Act 1984 (section 1),Articles for use in criminal damage,A no further action disposal,,False
Person search,2021-06-24T20:30:00+00:00,,,,,Male,10-17,Asian/Asian British - Any other Asian background,Asian,Police and Criminal Evidence Act 1984 (section 1),Articles for use in criminal damage,Community resolution,,False
Person search,2021-06-24T23:15:00+00:00,,,,,Female,18-24,White - English/Welsh/Scottish/Northern Irish/British,White,Police and Criminal Evidence Act 1984 (section 1),Offensive weapons,A no further action disposal,,False
Person search,2021-06-25T01:00:00+00:00,,,,,Male,18-24,White - English/Welsh/Scottish/Northern Irish/British,White,Police and Criminal Evidence Act 1984 (section 1),Article for use in theft,A no further action disposal,,False
Person search,2021-06-25T02:08:00+00:00,,,53.596547,-0.667786,Male,over 34,Black/African/Caribbean/Black British - Any other Black/African/Caribbean background,Asian,Police and Criminal Evidence Act 1984 (section 1),Article for use in theft,A no further action disposal,,False
Person and Vehicle search,2021-06-25T10:35:00+00:00,,,53.571898,-0.124072,Male,25-34,White - English/Welsh/Scottish/Northern Irish/British,White,Misuse of Drugs Act 1971 (section 23),Controlled drugs,A no further action disposal,,False
Person search,2021-06-25T10:58:00+00:00,,,53.571898,-0.124072,Male,18-24,White - Any other White background,White,Misuse of Drugs Act 1971 (section 23),Controlled drugs,A no further action disposal,,False
Person search,2021-06-25T11:40:00+00:00,,,,,Male,over 34,,White,Misuse of Drugs Act 1971 (section 23),Controlled drugs,A no further action disposal,,False
Person search,2021-06-25T12:41:00+00:00,,,,,Male,10-17,,White,Police and Criminal Evidence Act 1984 (section 1),Offensive weapons,A no further action disposal,,False
Person search,2021-06-25T12:47:00+00:00,,,53.746370,-0.378607,Male,10-17,White - English/Welsh/Scottish/Northern Irish/British,White,Police and Criminal Evidence Act 1984 (section 1),Offensive weapons,A no further action disposal,,False
Person search,2021-06-25T13:10:00+00:00,,,,,Female,18-24,,White,Misuse of Drugs Act 1971 (section 23),Controlled drugs,A no further action disposal,,False
Person and Vehicle search,2021-06-25T13:41:00+00:00,,,,,Male,18-24,White - English/Welsh/Scottish/Northern Irish/British,White,Misuse of Drugs Act 1971 (section 23),Controlled drugs,Khat or Cannabis warning,,False
Person search,2021-06-25T13:55:00+00:00,,,,,Male,18-24,White - English/Welsh/Scottish/Northern Irish/British,White,Misuse of Drugs Act 1971 (section 23),Controlled drugs,A no further action disposal,,False
Person search,2021-06-25T14:12:00+00:00,,,53.753627,-0.409679,Male,10-17,,White,Police and Criminal Evidence Act 1984 (section 1),Offensive weapons,,,False
Person and Vehicle search,2021-06-25T14:15:00+00:00,,,,,Male,over 34,White - Any other White background,White,Misuse of Drugs Act 1971 (section 23),Controlled drugs,A no further action disposal,,False
Person and Vehicle search,2021-06-25T14:15:00+00:00,,,53.749876,-0.337341,Female,over 34,White - Any other White background,White,Misuse of Drugs Act 1971 (section 23),Controlled drugs,A no further action disposal,,False
Person and Vehicle search,2021-06-25T16:01:00+00:00,,,53.875777,-0.509810,Male,18-24,White - English/Welsh/Scottish/Northern Irish/British,White,Misuse of Drugs Act 1971 (section 23),Controlled drugs,A no further action disposal,,False
Person search,2021-06-25T19:50:00+00:00,,,53.741661,-0.341972,Male,10-17,White - English/Welsh/Scottish/Northern Irish/British,White,Police and Criminal Evidence Act 1984 (section 1),Article for use in theft,Arrest,,False
Person search,2021-06-25T19:55:00+00:00,,,,,Male,10-17,White - English/Welsh/Scottish/Northern Irish/British,White,Police and Criminal Evidence Act 1984 (section 1),Article for use in theft,A no further action disposal,,False
Person search,2021-06-25T20:30:00+00:00,,,,,Male,10-17,White - English/Welsh/Scottish/Northern Irish/British,White,Misuse of Drugs Act 1971 (section 23),Controlled drugs,Community resolution,,False
Person search,2021-06-25T20:33:00+00:00,,,53.743778,-0.334519,Male,10-17,,White,Police and Criminal Evidence Act 1984 (section 1),Offensive weapons,A no further action disposal,,False
Person search,2021-06-25T20:33:00+00:00,,,53.743778,-0.334519,Male,18-24,White - English/Welsh/Scottish/Northern Irish/British,White,Police and Criminal Evidence Act 1984 (section 1),Offensive weapons,A no further action disposal,,False
Person search,2021-06-25T23:04:00+00:00,,,53.745476,-0.340229,Male,18-24,White - English/Welsh/Scottish/Northern Irish/British,White,Police and Criminal Evidence Act 1984 (section 1),Offensive weapons,A no further action disposal,,False
Person search,2021-06-25T23:26:00+00:00,,,53.742831,-0.333646,Male,18-24,White - English/Welsh/Scottish/Northern Irish/British,White,Misuse of Drugs Act 1971 (section 23),Controlled drugs,A no further action disposal,,False
Person search,2021-06-26T00:36:00+00:00,,,,,Male,18-24,White - English/Welsh/Scottish/Northern Irish/British,White,Police and Criminal Evidence Act 1984 (section 1),Offensive weapons,A no further action disposal,,False
Person search,2021-06-26T00:40:00+00:00,,,,,Male,18-24,White - English/Welsh/Scottish/Northern Irish/British,White,Misuse of Drugs Act 1971 (section 23),Controlled drugs,Khat or Cannabis warning,,False
Person search,2021-06-26T01:42:00+00:00,,,,,Male,18-24,,White,Police and Criminal Evidence Act 1984 (section 1),Offensive weapons,A no further action disposal,,False
Person search,2021-06-26T03:17:00+00:00,,,53.786775,-0.360048,Male,10-17,White - English/Welsh/Scottish/Northern Irish/British,White,Misuse of Drugs Act 1971 (section 23),Controlled drugs,A no further action disposal,,False
Person search,2021-06-26T03:17:00+00:00,,,53.545413,-0.094966,Male,25-34,White - English/Welsh/Scottish/Northern Irish/British,White,Police and Criminal Evidence Act 1984 (section 1),Offensive weapons,A no further action disposal,,False
Person search,2021-06-26T03:21:00+00:00,,,,,Male,10-17,White - English/Welsh/Scottish/Northern Irish/British,White,Police and Criminal Evidence Act 1984 (section 1),Offensive weapons,A no further action disposal,,False
Person search,2021-06-26T03:29:00+00:00,,,,,Male,10-17,White - English/Welsh/Scottish/Northern Irish/British,White,Police and Criminal Evidence Act 1984 (section 1),Offensive weapons,Community resolution,,False
Person search,2021-06-26T03:32:00+00:00,,,,,Male,18-24,White - English/Welsh/Scottish/Northern Irish/British,White,Misuse of Drugs Act 1971 (section 23),Controlled drugs,A no further action disposal,,False
Person search,2021-06-26T07:10:00+00:00,,,,,Female,18-24,White - English/Welsh/Scottish/Northern Irish/British,White,Misuse of Drugs Act 1971 (section 23),Controlled drugs,A no further action disposal,,False
Person search,2021-06-26T07:10:00+00:00,,,,,Female,18-24,White - English/Welsh/Scottish/Northern Irish/British,White,Misuse of Drugs Act 1971 (section 23),Controlled drugs,A no further action disposal,,False
Person search,2021-06-26T07:28:00+00:00,,,,,Male,18-24,,Black,Misuse of Drugs Act 1971 (section 23),Controlled drugs,A no further action disposal,,False
Person search,2021-06-26T07:30:00+00:00,,,,,Male,18-24,,Black,Misuse of Drugs Act 1971 (section 23),Controlled drugs,A no further action disposal,,False
Person and Vehicle search,2021-06-26T13:15:00+00:00,,,,,Male,over 34,,White,Misuse of Drugs Act 1971 (section 23),Controlled drugs,Arrest,,False
Person search,2021-06-26T13:35:00+00:00,,,,,Male,25-34,White - English/Welsh/Scottish/Northern Irish/British,White,Misuse of Drugs Act 1971 (section 23),Controlled drugs,A no further action disposal,,False
Person and Vehicle search,2021-06-26T13:35:00+00:00,,,,,Male,25-34,White - English/Welsh/Scottish/Northern Irish/British,White,Misuse of Drugs Act 1971 (section 23),Controlled drugs,A no further action disposal,,False
Person and Vehicle search,2021-06-26T13:35:00+00:00,,,,,Male,25-34,White - English/Welsh/Scottish/Northern Irish/British,White,Misuse of Drugs Act 1971 (section 23),Controlled drugs,A no further action disposal,,False
Vehicle search,2021-06-26T15:31:00+00:00,,,53.801726,-0.371431,,,,,Firearms Act 1968 (section 47),Firearms,A no further action disposal,,False
Person search,2021-06-26T18:09:00+00:00,,,,,Male,18-24,White - English/Welsh/Scottish/Northern Irish/British,White,Misuse of Drugs Act 1971 (section 23),Controlled drugs,Khat or Cannabis warning,,False
Person search,2021-06-26T18:20:00+00:00,,,,,Male,over 34,White - English/Welsh/Scottish/Northern Irish/British,White,Misuse of Drugs Act 1971 (section 23),Controlled drugs,A no further action disposal,,False
Person and Vehicle search,2021-06-26T20:34:00+00:00,,,,,Male,18-24,Asian/Asian British - Indian,Asian,Misuse of Drugs Act 1971 (section 23),Controlled drugs,Penalty Notice for Disorder,,False
Person search,2021-06-26T21:52:00+00:00,,,53.732180,-0.420646,Male,25-34,Black/African/Caribbean/Black British - Caribbean,Black,Police and Criminal Evidence Act 1984 (section 1),Offensive weapons,Arrest,,False
Person search,2021-06-27T00:00:00+00:00,,,53.765660,-0.401320,Male,18-24,White - English/Welsh/Scottish/Northern Irish/British,White,Misuse of Drugs Act 1971 (section 23),Controlled drugs,A no further action disposal,,False
Person search,2021-06-27T01:58:00+00:00,,,53.765660,-0.401320,Male,18-24,White - English/Welsh/Scottish/Northern Irish/British,White,Misuse of Drugs Act 1971 (section 23),Controlled drugs,A no further action disposal,,False
Person search,2021-06-27T12:55:00+00:00,,,53.767468,-0.305254,Male,25-34,Asian/Asian British - Any other Asian background,Asian,Police and Criminal Evidence Act 1984 (section 1),Articles for use in criminal damage,A no further action disposal,,False
Vehicle search,2021-06-27T13:52:00+00:00,,,53.781774,-0.358498,,,,,Misuse of Drugs Act 1971 (section 23),Controlled drugs,A no further action disposal,,False
Person search,2021-06-27T15:30:00+00:00,,,,,Female,10-17,White - English/Welsh/Scottish/Northern Irish/British,White,Misuse of Drugs Act 1971 (section 23),Controlled drugs,Khat or Cannabis warning,,False
Person search,2021-06-27T15:45:00+00:00,,,,,Male,18-24,White - English/Welsh/Scottish/Northern Irish/British,White,Misuse of Drugs Act 1971 (section 23),Controlled drugs,A no further action disposal,,False
Person search,2021-06-27T16:48:00+00:00,,,53.739274,-0.363126,Male,10-17,White - English/Welsh/Scottish/Northern Irish/British,White,Police and Criminal Evidence Act 1984 (section 1),Offensive weapons,A no further action disposal,,False
Person search,2021-06-27T17:03:00+00:00,,,,,Male,over 34,White - English/Welsh/Scottish/Northern Irish/British,White,Police and Criminal Evidence Act 1984 (section 1),Article for use in theft,A no further action disposal,,False
Person search,2021-06-27T17:10:00+00:00,,,53.739274,-0.363126,Male,10-17,White - English/Welsh/Scottish/Northern Irish/British,White,Police and Criminal Evidence Act 1984 (section 1),Article for use in theft,Arrest,,False
Person search,2021-06-27T18:48:00+00:00,,,53.742945,-0.343104,Male,10-17,White - English/Welsh/Scottish/Northern Irish/British,White,Police and Criminal Evidence Act 1984 (section 1),Offensive weapons,Arrest,,False
Person and Vehicle search,2021-06-27T22:00:00+00:00,,,,,Male,over 34,Asian/Asian British - Bangladeshi,Asian,Misuse of Drugs Act 1971 (section 23),Controlled drugs,Arrest,,False
Person and Vehicle search,2021-06-27T22:00:00+00:00,,,,,Male,over 34,Asian/Asian British - Bangladeshi,Asian,Misuse of Drugs Act 1971 (section 23),Controlled drugs,A no further action disposal,,False
Person search,2021-06-27T22:01:00+00:00,,,,,Male,over 34,Asian/Asian British - Any other Asian background,Asian,Misuse of Drugs Act 1971 (section 23),Controlled drugs,A no further action disposal,,False
Person search,2021-06-27T22:01:00+00:00,,,,,Male,10-17,Asian/Asian British - Any other Asian background,Asian,Misuse of Drugs Act 1971 (section 23),Controlled drugs,A no further action disposal,,False
Person search,2021-06-27T22:01:00+00:00,,,,,Male,18-24,Asian/Asian British - Any other Asian background,Asian,Misuse of Drugs Act 1971 (section 23),Controlled drugs,A no further action disposal,,False
Person search,2021-06-28T01:27:00+00:00,,,53.566584,-0.095570,Male,10-17,White - English/Welsh/Scottish/Northern Irish/British,White,Police and Criminal Evidence Act 1984 (section 1),Stolen goods,A no further action disposal,,False
Person search,2021-06-28T01:28:00+00:00,,,53.566584,-0.095570,Male,10-17,White - English/Welsh/Scottish/Northern Irish/British,White,Police and Criminal Evidence Act 1984 (section 1),Stolen goods,A no further action disposal,,False
Vehicle search,2021-06-28T05:24:00+00:00,,,,,,,,,Misuse of Drugs Act 1971 (section 23),Controlled drugs,A no further action disposal,,False
Person search,2021-06-28T14:33:00+00:00,,,,,Male,25-34,White - English/Welsh/Scottish/Northern Irish/British,White,Misuse of Drugs Act 1971 (section 23),Controlled drugs,A no further action disposal,,False
Person search,2021-06-28T15:15:00+00:00,,,53.595114,-0.653839,Male,18-24,Asian/Asian British - Any other Asian background,Asian,Misuse of Drugs Act 1971 (section 23),Controlled drugs,Arrest,,True
Person search,2021-06-28T15:20:00+00:00,,,,,Male,25-34,,Asian,Misuse of Drugs Act 1971 (section 23),Controlled drugs,Arrest,,False
Person search,2021-06-28T18:46:00+00:00,,,,,Male,over 34,White - Any other White background,White,Misuse of Drugs Act 1971 (section 23),Controlled drugs,A no further action disposal,,False
Person and Vehicle search,2021-06-29T00:10:00+00:00,,,53.786814,-0.386763,Male,18-24,White - English/Welsh/Scottish/Northern Irish/British,White,Misuse of Drugs Act 1971 (section 23),Controlled drugs,A no further action disposal,,False
Person search,2021-06-29T00:10:00+00:00,,,53.785052,-0.311725,Male,18-24,White - English/Welsh/Scottish/Northern Irish/British,White,Misuse of Drugs Act 1971 (section 23),Controlled drugs,A no further action disposal,,False
Person search,2021-06-29T02:22:00+00:00,,,,,Male,10-17,White - English/Welsh/Scottish/Northern Irish/British,White,Misuse of Drugs Act 1971 (section 23),Controlled drugs,A no further action disposal,,False
Person search,2021-06-29T10:25:00+00:00,,,53.562987,-0.075286,Male,25-34,White - English/Welsh/Scottish/Northern Irish/British,White,Misuse of Drugs Act 1971 (section 23),Controlled drugs,A no further action disposal,,False
Person and Vehicle search,2021-06-29T10:30:00+00:00,,,,,Male,25-34,White - English/Welsh/Scottish/Northern Irish/British,White,Police and Criminal Evidence Act 1984 (section 1),Article for use in theft,A no further action disposal,,False
Vehicle search,2021-06-29T11:36:00+00:00,,,,,,,,,Police and Criminal Evidence Act 1984 (section 1),Articles for use in criminal damage,Summons / charged by post,,False
Person search,2021-06-29T14:20:00+00:00,,,,,Male,10-17,Black/African/Caribbean/Black British - African,Black,Misuse of Drugs Act 1971 (section 23),Controlled drugs,A no further action disposal,,False
Person search,2021-06-29T15:52:00+00:00,,,,,Male,10-17,White - English/Welsh/Scottish/Northern Irish/British,White,Police and Criminal Evidence Act 1984 (section 1),Article for use in theft,A no further action disposal,,False
Person search,2021-06-29T16:00:00+00:00,,,,,Male,10-17,White - English/Welsh/Scottish/Northern Irish/British,White,Misuse of Drugs Act 1971 (section 23),Controlled drugs,A no further action disposal,,False
Person search,2021-06-29T16:30:00+00:00,,,,,Male,25-34,White - English/Welsh/Scottish/Northern Irish/British,White,Misuse of Drugs Act 1971 (section 23),Controlled drugs,A no further action disposal,,False
Person search,2021-06-29T16:37:00+00:00,,,,,Male,over 34,White - English/Welsh/Scottish/Northern Irish/British,White,Police and Criminal Evidence Act 1984 (section 1),Stolen goods,A no further action disposal,,False
Person and Vehicle search,2021-06-29T18:02:00+00:00,,,,,Male,18-24,White - English/Welsh/Scottish/Northern Irish/British,White,Police and Criminal Evidence Act 1984 (section 1),Articles for use in criminal damage,Penalty Notice for Disorder,,False
Person search,2021-06-29T19:19:00+00:00,,,53.560636,-0.031318,Male,10-17,White - English/Welsh/Scottish/Northern Irish/British,White,Misuse of Drugs Act 1971 (section 23),Controlled drugs,A no further action disposal,,False
Person and Vehicle search,2021-06-29T19:30:00+00:00,,,53.767947,-0.361040,Male,18-24,White - English/Welsh/Scottish/Northern Irish/British,White,Misuse of Drugs Act 1971 (section 23),Controlled drugs,Khat or Cannabis warning,,False
Person search,2021-06-29T19:30:00+00:00,,,53.769894,-0.376638,Male,18-24,White - English/Welsh/Scottish/Northern Irish/British,White,Misuse of Drugs Act 1971 (section 23),Controlled drugs,A no further action disposal,,False
Person search,2021-06-29T19:37:00+00:00,,,53.767947,-0.361040,Male,18-24,White - English/Welsh/Scottish/Northern Irish/British,White,Misuse of Drugs Act 1971 (section 23),Controlled drugs,A no further action disposal,,False
Person search,2021-06-29T19:37:00+00:00,,,53.769894,-0.376638,Male,18-24,White - English/Welsh/Scottish/Northern Irish/British,White,Misuse of Drugs Act 1971 (section 23),Controlled drugs,A no further action disposal,,False
Vehicle search,2021-06-29T19:37:00+00:00,,,,,,,,,Misuse of Drugs Act 1971 (section 23),Controlled drugs,Khat or Cannabis warning,,False
Person search,2021-06-29T20:32:00+00:00,,,,,Male,10-17,,Asian,Police and Criminal Evidence Act 1984 (section 1),Articles for use in criminal damage,Community resolution,,False
Person search,2021-06-29T21:58:00+00:00,,,,,Male,25-34,White - English/Welsh/Scottish/Northern Irish/British,White,Misuse of Drugs Act 1971 (section 23),Controlled drugs,A no further action disposal,,False
Person search,2021-06-29T23:48:00+00:00,,,53.771831,-0.277066,Male,18-24,White - English/Welsh/Scottish/Northern Irish/British,White,Police and Criminal Evidence Act 1984 (section 1),Offensive weapons,A no further action disposal,,False
Person search,2021-06-29T23:50:00+00:00,,,,,Male,18-24,White - English/Welsh/Scottish/Northern Irish/British,White,Police and Criminal Evidence Act 1984 (section 1),Offensive weapons,A no further action disposal,,False
Person search,2021-06-30T00:38:00+00:00,,,,,Male,over 34,White - English/Welsh/Scottish/Northern Irish/British,White,Police and Criminal Evidence Act 1984 (section 1),Stolen goods,A no further action disposal,,False
Person search,2021-06-30T03:52:00+00:00,,,53.555539,-0.088985,Male,over 34,White - English/Welsh/Scottish/Northern Irish/British,White,Misuse of Drugs Act 1971 (section 23),Controlled drugs,A no further action disposal,,False
Person and Vehicle search,2021-06-30T11:30:00+00:00,,,,,Male,25-34,Asian/Asian British - Any other Asian background,Asian,Misuse of Drugs Act 1971 (section 23),Controlled drugs,Summons / charged by post,,False
Vehicle search,2021-06-30T11:43:00+00:00,,,,,,,,,Misuse of Drugs Act 1971 (section 23),Controlled drugs,Summons / charged by post,,False
Person and Vehicle search,2021-06-30T15:51:00+00:00,,,,,Male,18-24,White - English/Welsh/Scottish/Northern Irish/British,White,Misuse of Drugs Act 1971 (section 23),Controlled drugs,Arrest,,False
Person and Vehicle search,2021-06-30T16:23:00+00:00,,,53.562914,-0.816023,Male,18-24,White - English/Welsh/Scottish/Northern Irish/British,White,Misuse of Drugs Act 1971 (section 23),Controlled drugs,Arrest,,False
Person and Vehicle search,2021-06-30T16:45:00+00:00,,,,,Female,18-24,White - English/Welsh/Scottish/Northern Irish/British,White,Misuse of Drugs Act 1971 (section 23),Controlled drugs,Arrest,,False
Person search,2021-06-30T17:00:00+00:00,,,53.767947,-0.361040,Female,18-24,White - English/Welsh/Scottish/Northern Irish/British,White,Misuse of Drugs Act 1971 (section 23),Controlled drugs,Arrest,,False
Person search,2021-06-30T19:00:00+00:00,,,,,Female,over 34,White - English/Welsh/Scottish/Northern Irish/British,White,Misuse of Drugs Act 1971 (section 23),Controlled drugs,A no further action disposal,,False
Vehicle search,2021-06-30T19:02:00+00:00,,,,,,,,,Misuse of Drugs Act 1971 (section 23),Controlled drugs,A no further action disposal,,False
Person search,2021-06-30T19:17:00+00:00,,,,,Female,25-34,White - English/Welsh/Scottish/Northern Irish/British,White,Misuse of Drugs Act 1971 (section 23),Controlled drugs,Khat or Cannabis warning,,False
Person search,2021-06-30T19:18:00+00:00,,,,,Female,18-24,White - English/Welsh/Scottish/Northern Irish/British,White,Misuse of Drugs Act 1971 (section 23),Controlled drugs,A no further action disposal,,False
Person search,2021-06-30T19:20:00+00:00,,,53.581352,-0.888435,Male,18-24,White - English/Welsh/Scottish/Northern Irish/British,White,Misuse of Drugs Act 1971 (section 23),Controlled drugs,A no further action disposal,,False
Person search,2021-06-30T22:30:00+00:00,,,,,Male,10-17,White - Any other White background,White,Police and Criminal Evidence Act 1984 (section 1),Article for use in theft,A no further action disposal,,False
