Type,Date,Part of a policing operation,Policing operation,Latitude,Longitude,Gender,Age range,Self-defined ethnicity,Officer-defined ethnicity,Legislation,Object of search,Outcome,Outcome linked to object of search,Removal of more than just outer clothing
Person search,2021-06-01T01:15:00+00:00,,,53.206781,-3.026547,Male,18-24,White - English/Welsh/Scottish/Northern Irish/British,White,Firearms Act 1968 (section 47),Firearms,A no further action disposal,False,False
Person search,2021-06-01T01:50:00+00:00,,,53.283224,-3.572617,Male,over 34,Other ethnic group - Not stated,White,Misuse of Drugs Act 1971 (section 23),Controlled drugs,,False,False
Person search,2021-06-01T01:50:00+00:00,,,53.284034,-3.573892,Male,over 34,Other ethnic group - Not stated,White,Misuse of Drugs Act 1971 (section 23),Controlled drugs,A no further action disposal,False,False
Person search,2021-06-01T09:27:00+00:00,,,53.206012,-3.040602,Male,18-24,White - English/Welsh/Scottish/Northern Irish/British,White,Misuse of Drugs Act 1971 (section 23),Controlled drugs,Arrest,False,False
Person search,2021-06-01T09:35:00+00:00,,,52.887829,-4.417336,Male,25-34,White - English/Welsh/Scottish/Northern Irish/British,White,Misuse of Drugs Act 1971 (section 23),Controlled drugs,Community resolution,False,False
Person search,2021-06-01T10:53:00+00:00,,,53.294873,-3.580217,Male,over 34,White - English/Welsh/Scottish/Northern Irish/British,White,Police and Criminal Evidence Act 1984 (section 1),Stolen goods,Arrest,False,False
Person search,2021-06-01T17:04:00+00:00,,,53.310893,-4.633812,Male,25-34,White - English/Welsh/Scottish/Northern Irish/British,White,Police and Criminal Evidence Act 1984 (section 1),Offensive weapons,Arrest,False,False
Person search,2021-06-01T21:40:00+00:00,,,53.318766,-3.493831,Male,10-17,White - English/Welsh/Scottish/Northern Irish/British,White,Misuse of Drugs Act 1971 (section 23),Controlled drugs,Arrest,False,False
Person search,2021-06-01T22:30:00+00:00,,,53.279335,-4.615353,Male,18-24,White - English/Welsh/Scottish/Northern Irish/British,White,Misuse of Drugs Act 1971 (section 23),Controlled drugs,,False,False
Person search,2021-06-01T22:33:00+00:00,,,53.279335,-4.615353,Male,18-24,White - English/Welsh/Scottish/Northern Irish/British,White,Misuse of Drugs Act 1971 (section 23),Controlled drugs,,False,False
Person search,2021-06-01T22:35:00+00:00,,,53.282372,-4.617084,Female,10-17,White - English/Welsh/Scottish/Northern Irish/British,White,Misuse of Drugs Act 1971 (section 23),Controlled drugs,,False,False
Person search,2021-06-01T22:36:00+00:00,,,53.279335,-4.615353,Male,18-24,White - English/Welsh/Scottish/Northern Irish/British,White,Misuse of Drugs Act 1971 (section 23),Controlled drugs,,False,False
Person search,2021-06-01T22:38:00+00:00,,,53.279335,-4.615353,Male,18-24,White - English/Welsh/Scottish/Northern Irish/British,White,Misuse of Drugs Act 1971 (section 23),Controlled drugs,,False,False
Person search,2021-06-01T22:39:00+00:00,,,53.282372,-4.617084,Female,18-24,White - English/Welsh/Scottish/Northern Irish/British,White,Misuse of Drugs Act 1971 (section 23),Controlled drugs,A no further action disposal,False,False
Person search,2021-06-01T22:40:00+00:00,,,53.279335,-4.615353,Male,10-17,White - English/Welsh/Scottish/Northern Irish/British,White,Misuse of Drugs Act 1971 (section 23),Controlled drugs,,False,False
Person search,2021-06-01T22:40:00+00:00,,,53.282372,-4.617084,Female,10-17,White - English/Welsh/Scottish/Northern Irish/British,White,Misuse of Drugs Act 1971 (section 23),Controlled drugs,A no further action disposal,False,False
Person search,2021-06-01T22:42:00+00:00,,,53.279335,-4.615353,Male,18-24,White - English/Welsh/Scottish/Northern Irish/British,White,Misuse of Drugs Act 1971 (section 23),Controlled drugs,,False,False
Person search,2021-06-01T22:44:00+00:00,,,53.279335,-4.615353,Male,18-24,White - English/Welsh/Scottish/Northern Irish/British,White,Misuse of Drugs Act 1971 (section 23),Controlled drugs,,False,False
Person search,2021-06-02T13:30:00+00:00,,,53.041482,-2.997228,Male,18-24,White - Any other White background,White,Misuse of Drugs Act 1971 (section 23),Controlled drugs,Summons / charged by post,False,False
Person search,2021-06-02T14:01:00+00:00,,,53.045131,-2.916972,Male,25-34,White - English/Welsh/Scottish/Northern Irish/British,White,Misuse of Drugs Act 1971 (section 23),Controlled drugs,,False,False
Person search,2021-06-02T17:40:00+00:00,,,53.298693,-4.627628,Male,25-34,White - English/Welsh/Scottish/Northern Irish/British,White,Misuse of Drugs Act 1971 (section 23),Controlled drugs,Community resolution,False,False
Person search,2021-06-02T17:40:00+00:00,,,53.298693,-4.627628,Male,25-34,White - English/Welsh/Scottish/Northern Irish/British,White,Misuse of Drugs Act 1971 (section 23),Controlled drugs,A no further action disposal,False,False
Person search,2021-06-02T17:40:00+00:00,,,53.298693,-4.627628,Male,18-24,White - English/Welsh/Scottish/Northern Irish/British,White,Misuse of Drugs Act 1971 (section 23),Controlled drugs,A no further action disposal,False,False
Person search,2021-06-02T22:25:00+00:00,,,52.820911,-4.505451,Male,10-17,White - English/Welsh/Scottish/Northern Irish/British,White,Police and Criminal Evidence Act 1984 (section 1),Articles for use in criminal damage,,False,False
Person search,2021-06-02T22:25:00+00:00,,,52.820911,-4.505451,Male,10-17,White - English/Welsh/Scottish/Northern Irish/British,White,Police and Criminal Evidence Act 1984 (section 1),Articles for use in criminal damage,,False,False
Person search,2021-06-03T14:30:00+00:00,,,53.282864,-4.559248,Male,over 34,White - English/Welsh/Scottish/Northern Irish/British,White,Misuse of Drugs Act 1971 (section 23),Controlled drugs,A no further action disposal,False,False
Person search,2021-06-03T20:15:00+00:00,,,53.256562,-4.304291,Male,25-34,White - English/Welsh/Scottish/Northern Irish/British,White,Misuse of Drugs Act 1971 (section 23),Controlled drugs,A no further action disposal,False,False
Person search,2021-06-03T22:45:00+00:00,,,53.258705,-4.298558,Male,10-17,White - English/Welsh/Scottish/Northern Irish/British,White,Police and Criminal Evidence Act 1984 (section 1),Article for use in theft,A no further action disposal,False,False
Person search,2021-06-03T22:50:00+00:00,,,53.258705,-4.298558,Male,10-17,White - English/Welsh/Scottish/Northern Irish/British,White,Police and Criminal Evidence Act 1984 (section 1),Article for use in theft,A no further action disposal,False,False
Person search,2021-06-03T23:15:00+00:00,,,53.071034,-3.020180,Male,10-17,Other ethnic group - Not stated,Other,Police and Criminal Evidence Act 1984 (section 1),Article for use in theft,,False,False
Person search,2021-06-03T23:15:00+00:00,,,53.071953,-3.024098,Male,10-17,White - English/Welsh/Scottish/Northern Irish/British,White,Police and Criminal Evidence Act 1984 (section 1),Article for use in theft,A no further action disposal,False,False
Person search,2021-06-03T23:15:00+00:00,,,53.071953,-3.024098,Male,10-17,White - English/Welsh/Scottish/Northern Irish/British,White,Police and Criminal Evidence Act 1984 (section 1),Article for use in theft,A no further action disposal,False,False
Person search,2021-06-03T23:15:00+00:00,,,53.071034,-3.020180,Male,10-17,White - English/Welsh/Scottish/Northern Irish/British,Other,Police and Criminal Evidence Act 1984 (section 1),Article for use in theft,,False,False
Person search,2021-06-04T00:45:00+00:00,,,53.310222,-4.623457,Male,18-24,White - Irish,White,Misuse of Drugs Act 1971 (section 23),Controlled drugs,Community resolution,False,True
Person search,2021-06-04T11:08:00+00:00,,,53.163643,-3.085228,Male,18-24,,White,Police and Criminal Evidence Act 1984 (section 1),Evidence of offences under the Act,Arrest,False,False
Person search,2021-06-04T11:10:00+00:00,,,53.163258,-3.080043,Male,over 34,White - English/Welsh/Scottish/Northern Irish/British,White,Police and Criminal Evidence Act 1984 (section 1),Offensive weapons,A no further action disposal,False,False
Person search,2021-06-04T20:50:00+00:00,,,52.777614,-3.784173,Male,10-17,White - English/Welsh/Scottish/Northern Irish/British,White,Police and Criminal Evidence Act 1984 (section 1),Offensive weapons,A no further action disposal,False,False
Person search,2021-06-05T00:33:00+00:00,,,53.292637,-3.722221,Male,18-24,Other ethnic group - Not stated,White,Police and Criminal Evidence Act 1984 (section 1),Offensive weapons,Arrest,False,False
Person search,2021-06-05T10:34:00+00:00,,,53.231605,-4.117705,Male,over 34,White - English/Welsh/Scottish/Northern Irish/British,White,Misuse of Drugs Act 1971 (section 23),Controlled drugs,Summons / charged by post,False,False
Person search,2021-06-05T19:16:00+00:00,,,53.258841,-4.413538,Male,25-34,White - English/Welsh/Scottish/Northern Irish/British,White,Police and Criminal Evidence Act 1984 (section 1),Offensive weapons,A no further action disposal,False,False
Person search,2021-06-05T19:20:00+00:00,,,53.258841,-4.413538,Male,over 34,White - English/Welsh/Scottish/Northern Irish/British,White,Police and Criminal Evidence Act 1984 (section 1),Offensive weapons,A no further action disposal,False,False
Person search,2021-06-06T12:30:00+00:00,,,53.139252,-4.263824,Male,18-24,Mixed/Multiple ethnic groups - Any other Mixed/Multiple ethnic background,White,Misuse of Drugs Act 1971 (section 23),Controlled drugs,A no further action disposal,False,False
Person search,2021-06-06T19:40:00+00:00,,,53.258453,-4.544549,Male,over 34,White - English/Welsh/Scottish/Northern Irish/British,White,Police and Criminal Evidence Act 1984 (section 1),Offensive weapons,Arrest,False,False
Person search,2021-06-07T09:30:00+00:00,,,53.048512,-2.967884,Male,25-34,White - Any other White background,White,Misuse of Drugs Act 1971 (section 23),Controlled drugs,,False,False
Person search,2021-06-07T14:00:00+00:00,,,53.227755,-4.112750,Female,10-17,White - English/Welsh/Scottish/Northern Irish/British,White,Misuse of Drugs Act 1971 (section 23),Controlled drugs,,False,False
Person search,2021-06-07T14:00:00+00:00,,,53.227755,-4.112750,Female,over 34,White - English/Welsh/Scottish/Northern Irish/British,White,Misuse of Drugs Act 1971 (section 23),Controlled drugs,,False,False
Person search,2021-06-08T00:55:00+00:00,,,53.211889,-3.038768,Male,25-34,White - Any other White background,White,Police and Criminal Evidence Act 1984 (section 1),Stolen goods,A no further action disposal,False,False
Person search,2021-06-08T00:55:00+00:00,,,53.211889,-3.038768,Male,18-24,White - English/Welsh/Scottish/Northern Irish/British,White,Police and Criminal Evidence Act 1984 (section 1),Controlled drugs,A no further action disposal,False,False
Person search,2021-06-08T13:00:00+00:00,,,52.720155,-4.051951,Male,over 34,White - English/Welsh/Scottish/Northern Irish/British,White,Misuse of Drugs Act 1971 (section 23),Controlled drugs,A no further action disposal,False,False
Person search,2021-06-08T18:40:00+00:00,,,53.312970,-4.651671,Male,over 34,White - English/Welsh/Scottish/Northern Irish/British,White,Police and Criminal Evidence Act 1984 (section 1),Articles for use in criminal damage,A no further action disposal,False,False
Person search,2021-06-09T01:05:00+00:00,,,53.244651,-3.138574,Male,25-34,White - English/Welsh/Scottish/Northern Irish/British,White,Police and Criminal Evidence Act 1984 (section 1),Article for use in theft,Arrest,False,False
Person search,2021-06-09T08:53:00+00:00,,,53.167648,-3.102263,Male,25-34,White - English/Welsh/Scottish/Northern Irish/British,White,Police and Criminal Evidence Act 1984 (section 1),Offensive weapons,A no further action disposal,False,False
Person search,2021-06-09T08:53:00+00:00,,,53.167648,-3.102263,Male,25-34,White - English/Welsh/Scottish/Northern Irish/British,White,Police and Criminal Evidence Act 1984 (section 1),Offensive weapons,A no further action disposal,False,False
Person search,2021-06-09T10:40:00+00:00,,,53.048097,-2.996307,Male,10-17,White - English/Welsh/Scottish/Northern Irish/British,White,Police and Criminal Evidence Act 1984 (section 1),Stolen goods,,False,False
Person search,2021-06-09T12:25:00+00:00,,,53.310222,-4.623457,Male,25-34,White - Irish,White,Misuse of Drugs Act 1971 (section 23),Controlled drugs,Penalty Notice for Disorder,False,True
Person search,2021-06-09T19:04:00+00:00,,,53.223952,-4.135454,Male,10-17,White - English/Welsh/Scottish/Northern Irish/British,White,Police and Criminal Evidence Act 1984 (section 1),Detailed object of search unavailable,Arrest,False,False
Person search,2021-06-09T19:07:00+00:00,,,53.223952,-4.135454,Male,10-17,White - English/Welsh/Scottish/Northern Irish/British,White,Police and Criminal Evidence Act 1984 (section 1),Detailed object of search unavailable,Arrest,False,False
Person search,2021-06-09T20:00:00+00:00,,,53.269678,-3.793458,Male,25-34,Asian/Asian British - Indian,Asian,Misuse of Drugs Act 1971 (section 23),Controlled drugs,Arrest,False,False
Person search,2021-06-09T20:00:00+00:00,,,53.254839,-3.793827,Male,18-24,,Other,Misuse of Drugs Act 1971 (section 23),Controlled drugs,Community resolution,False,False
Person search,2021-06-10T02:30:00+00:00,,,52.977165,-3.067293,Male,25-34,White - English/Welsh/Scottish/Northern Irish/British,White,Police and Criminal Evidence Act 1984 (section 1),Article for use in theft,,False,False
Person search,2021-06-10T10:46:00+00:00,,,52.746783,-3.906196,Female,10-17,White - English/Welsh/Scottish/Northern Irish/British,White,Firearms Act 1968 (section 47),Offensive weapons,A no further action disposal,False,False
Person search,2021-06-10T11:30:00+00:00,,,53.043367,-3.008280,Male,over 34,White - English/Welsh/Scottish/Northern Irish/British,White,Police and Criminal Evidence Act 1984 (section 1),Stolen goods,Arrest,False,False
Person search,2021-06-10T12:15:00+00:00,,,53.225721,-4.166943,Female,25-34,White - English/Welsh/Scottish/Northern Irish/British,White,Police and Criminal Evidence Act 1984 (section 1),Offensive weapons,A no further action disposal,False,False
Person search,2021-06-10T18:15:00+00:00,,,53.308690,-4.626486,Female,25-34,White - Irish,White,Police and Criminal Evidence Act 1984 (section 1),Stolen goods,A no further action disposal,False,False
Person search,2021-06-10T18:25:00+00:00,,,53.308690,-4.626486,Female,over 34,White - Irish,White,Police and Criminal Evidence Act 1984 (section 1),Stolen goods,A no further action disposal,False,False
Person search,2021-06-10T18:25:00+00:00,,,53.308690,-4.626486,Female,25-34,Other ethnic group - Not stated,White,Police and Criminal Evidence Act 1984 (section 1),Stolen goods,A no further action disposal,False,False
Person search,2021-06-10T18:30:00+00:00,,,53.308690,-4.626486,Female,25-34,White - Irish,White,Police and Criminal Evidence Act 1984 (section 1),Stolen goods,A no further action disposal,False,False
Person search,2021-06-10T18:30:00+00:00,,,53.308690,-4.626486,Female,over 34,White - Irish,White,Police and Criminal Evidence Act 1984 (section 1),Stolen goods,A no further action disposal,False,False
Person search,2021-06-11T08:01:00+00:00,,,53.054041,-2.980913,Male,over 34,White - English/Welsh/Scottish/Northern Irish/British,White,Police and Criminal Evidence Act 1984 (section 1),Anything to threaten or harm anyone,Arrest,False,False
Person search,2021-06-11T13:20:00+00:00,,,53.076409,-3.026562,Male,10-17,White - English/Welsh/Scottish/Northern Irish/British,White,Misuse of Drugs Act 1971 (section 23),Offensive weapons,,False,False
Person search,2021-06-11T13:20:00+00:00,,,53.076409,-3.026562,Male,10-17,White - English/Welsh/Scottish/Northern Irish/British,White,Misuse of Drugs Act 1971 (section 23),Offensive weapons,,False,False
Person search,2021-06-11T23:01:00+00:00,,,53.050248,-2.979812,Male,25-34,White - English/Welsh/Scottish/Northern Irish/British,White,Misuse of Drugs Act 1971 (section 23),Controlled drugs,A no further action disposal,False,False
Person search,2021-06-11T23:01:00+00:00,,,53.050248,-2.979812,Male,18-24,White - English/Welsh/Scottish/Northern Irish/British,White,Misuse of Drugs Act 1971 (section 23),Controlled drugs,Community resolution,False,False
Person search,2021-06-12T00:10:00+00:00,,,53.320277,-3.493103,Male,18-24,White - English/Welsh/Scottish/Northern Irish/British,White,Police and Criminal Evidence Act 1984 (section 1),Offensive weapons,A no further action disposal,False,False
Person search,2021-06-12T03:45:00+00:00,,,53.318322,-3.486895,Male,over 34,White - Any other White background,White,Police and Criminal Evidence Act 1984 (section 1),Article for use in theft,A no further action disposal,False,False
Person search,2021-06-12T14:00:00+00:00,,,53.204271,-3.044378,Male,18-24,White - English/Welsh/Scottish/Northern Irish/British,White,Misuse of Drugs Act 1971 (section 23),Controlled drugs,A no further action disposal,False,False
Person search,2021-06-12T14:10:00+00:00,,,53.204271,-3.044378,Male,18-24,,Other,Misuse of Drugs Act 1971 (section 23),Controlled drugs,,False,False
Person search,2021-06-12T17:20:00+00:00,,,53.313550,-3.513989,Male,18-24,,White,Police and Criminal Evidence Act 1984 (section 1),Evidence of offences under the Act,Arrest,False,False
Person search,2021-06-12T22:53:00+00:00,,,53.144485,-4.272279,Male,18-24,White - English/Welsh/Scottish/Northern Irish/British,White,Misuse of Drugs Act 1971 (section 23),Controlled drugs,Arrest,False,False
Person search,2021-06-12T22:55:00+00:00,,,53.144485,-4.272279,Female,18-24,White - English/Welsh/Scottish/Northern Irish/British,White,Misuse of Drugs Act 1971 (section 23),Controlled drugs,A no further action disposal,False,False
Person search,2021-06-12T23:40:00+00:00,,,53.183112,-3.050328,Male,25-34,White - English/Welsh/Scottish/Northern Irish/British,White,Police and Criminal Evidence Act 1984 (section 1),Offensive weapons,A no further action disposal,False,False
Person search,2021-06-13T11:10:00+00:00,,,53.308690,-4.626486,Male,over 34,White - English/Welsh/Scottish/Northern Irish/British,White,Misuse of Drugs Act 1971 (section 23),Controlled drugs,A no further action disposal,False,True
Person search,2021-06-13T15:35:00+00:00,,,52.924648,-4.087438,Female,over 34,White - English/Welsh/Scottish/Northern Irish/British,White,Misuse of Drugs Act 1971 (section 23),Controlled drugs,A no further action disposal,False,False
Person search,2021-06-14T02:27:00+00:00,,,53.044843,-2.993100,Male,over 34,White - English/Welsh/Scottish/Northern Irish/British,White,Police and Criminal Evidence Act 1984 (section 1),Article for use in theft,A no further action disposal,False,False
Person search,2021-06-14T12:00:00+00:00,,,53.316766,-3.487697,Male,10-17,White - English/Welsh/Scottish/Northern Irish/British,White,Misuse of Drugs Act 1971 (section 23),Controlled drugs,A no further action disposal,False,False
Person search,2021-06-14T12:01:00+00:00,,,53.319199,-3.483653,Male,10-17,White - English/Welsh/Scottish/Northern Irish/British,White,Misuse of Drugs Act 1971 (section 23),Controlled drugs,A no further action disposal,False,False
Person search,2021-06-15T03:00:00+00:00,,,53.052512,-4.265943,Male,25-34,White - English/Welsh/Scottish/Northern Irish/British,White,,Detailed object of search unavailable,A no further action disposal,False,False
Person search,2021-06-15T13:05:00+00:00,,,53.318894,-3.494391,Male,over 34,White - English/Welsh/Scottish/Northern Irish/British,White,Misuse of Drugs Act 1971 (section 23),Controlled drugs,A no further action disposal,False,False
Person search,2021-06-15T13:05:00+00:00,,,53.318894,-3.494391,Male,over 34,White - English/Welsh/Scottish/Northern Irish/British,White,Misuse of Drugs Act 1971 (section 23),Controlled drugs,A no further action disposal,False,False
Person search,2021-06-15T13:10:00+00:00,,,53.319491,-3.493376,Male,over 34,White - English/Welsh/Scottish/Northern Irish/British,White,Misuse of Drugs Act 1971 (section 23),Controlled drugs,A no further action disposal,False,False
Person search,2021-06-15T13:15:00+00:00,,,53.320734,-3.493209,Male,over 34,White - English/Welsh/Scottish/Northern Irish/British,White,Misuse of Drugs Act 1971 (section 23),Controlled drugs,A no further action disposal,False,False
Person search,2021-06-15T13:20:00+00:00,,,53.320734,-3.493209,Male,over 34,White - English/Welsh/Scottish/Northern Irish/British,White,Misuse of Drugs Act 1971 (section 23),Controlled drugs,A no further action disposal,False,False
Person search,2021-06-15T13:55:00+00:00,,,53.140040,-4.274826,Male,25-34,White - English/Welsh/Scottish/Northern Irish/British,White,Misuse of Drugs Act 1971 (section 23),Controlled drugs,A no further action disposal,False,False
Person search,2021-06-15T14:10:00+00:00,,,53.322603,-3.489671,Female,over 34,White - English/Welsh/Scottish/Northern Irish/British,White,Misuse of Drugs Act 1971 (section 23),Controlled drugs,A no further action disposal,False,False
Person search,2021-06-15T14:20:00+00:00,,,53.322603,-3.489671,Male,over 34,Other ethnic group - Not stated,White,Misuse of Drugs Act 1971 (section 23),Controlled drugs,Arrest,False,False
Person search,2021-06-15T14:20:00+00:00,,,53.322603,-3.489671,Male,25-34,White - English/Welsh/Scottish/Northern Irish/British,White,Misuse of Drugs Act 1971 (section 23),Controlled drugs,A no further action disposal,False,False
Person search,2021-06-15T15:50:00+00:00,,,53.232600,-4.120900,Male,over 34,White - English/Welsh/Scottish/Northern Irish/British,White,Misuse of Drugs Act 1971 (section 23),Controlled drugs,Arrest,False,False
Person search,2021-06-15T16:57:00+00:00,,,53.044372,-2.988107,Male,10-17,White - English/Welsh/Scottish/Northern Irish/British,White,Police and Criminal Evidence Act 1984 (section 1),Offensive weapons,A no further action disposal,False,False
Person search,2021-06-15T16:57:00+00:00,,,53.044372,-2.988107,Male,10-17,White - English/Welsh/Scottish/Northern Irish/British,White,Police and Criminal Evidence Act 1984 (section 1),Offensive weapons,A no further action disposal,False,False
Person search,2021-06-15T20:25:00+00:00,,,53.322794,-3.831691,Male,25-34,White - English/Welsh/Scottish/Northern Irish/British,White,Misuse of Drugs Act 1971 (section 23),Controlled drugs,Arrest,False,False
Person search,2021-06-16T18:39:00+00:00,,,53.139917,-4.272352,Male,18-24,White - English/Welsh/Scottish/Northern Irish/British,White,Misuse of Drugs Act 1971 (section 23),Controlled drugs,Arrest,False,False
Person search,2021-06-16T20:23:00+00:00,,,53.046111,-2.988698,Male,10-17,White - English/Welsh/Scottish/Northern Irish/British,White,Misuse of Drugs Act 1971 (section 23),Controlled drugs,A no further action disposal,False,False
Person search,2021-06-16T20:25:00+00:00,,,53.046111,-2.988698,Male,10-17,White - Any other White background,White,Misuse of Drugs Act 1971 (section 23),Controlled drugs,Caution (simple or conditional),False,False
Person search,2021-06-16T21:44:00+00:00,,,,,Male,18-24,White - English/Welsh/Scottish/Northern Irish/British,White,Misuse of Drugs Act 1971 (section 23),Controlled drugs,Community resolution,False,False
Person search,2021-06-16T23:50:00+00:00,,,53.302690,-3.548976,Male,18-24,White - English/Welsh/Scottish/Northern Irish/British,White,Police and Criminal Evidence Act 1984 (section 1),Article for use in theft,A no further action disposal,False,False
Person search,2021-06-16T23:50:00+00:00,,,53.302690,-3.548976,Male,18-24,White - English/Welsh/Scottish/Northern Irish/British,White,Police and Criminal Evidence Act 1984 (section 1),Evidence of offences under the Act,A no further action disposal,False,False
Person search,2021-06-16T23:50:00+00:00,,,53.239651,-3.143506,Male,25-34,White - English/Welsh/Scottish/Northern Irish/British,White,Misuse of Drugs Act 1971 (section 23),Controlled drugs,A no further action disposal,False,False
Person search,2021-06-17T00:00:00+00:00,,,53.239651,-3.143506,Male,25-34,White - English/Welsh/Scottish/Northern Irish/British,Other,Misuse of Drugs Act 1971 (section 23),Controlled drugs,A no further action disposal,False,False
Person search,2021-06-17T00:00:00+00:00,,,,,Male,18-24,White - English/Welsh/Scottish/Northern Irish/British,White,Misuse of Drugs Act 1971 (section 23),Controlled drugs,A no further action disposal,False,False
Person search,2021-06-17T00:15:00+00:00,,,53.328068,-3.831316,Male,,White - English/Welsh/Scottish/Northern Irish/British,White,Police and Criminal Evidence Act 1984 (section 1),Article for use in theft,A no further action disposal,False,False
Person search,2021-06-17T04:00:00+00:00,,,53.210269,-3.017122,Male,18-24,White - English/Welsh/Scottish/Northern Irish/British,White,Misuse of Drugs Act 1971 (section 23),Controlled drugs,A no further action disposal,False,False
Person search,2021-06-17T17:50:00+00:00,,,53.138474,-4.273532,Male,10-17,White - English/Welsh/Scottish/Northern Irish/British,White,Police and Criminal Evidence Act 1984 (section 1),Article for use in theft,,False,False
Person search,2021-06-17T19:32:00+00:00,,,53.255802,-4.311041,Male,25-34,White - English/Welsh/Scottish/Northern Irish/British,White,Misuse of Drugs Act 1971 (section 23),Controlled drugs,A no further action disposal,False,False
Person search,2021-06-17T21:05:00+00:00,,,53.178358,-4.056926,Male,over 34,White - English/Welsh/Scottish/Northern Irish/British,White,Misuse of Drugs Act 1971 (section 23),Controlled drugs,A no further action disposal,False,False
Person search,2021-06-18T07:50:00+00:00,,,53.209950,-4.256079,Male,over 34,White - English/Welsh/Scottish/Northern Irish/British,White,Police and Criminal Evidence Act 1984 (section 1),Offensive weapons,,False,False
Person search,2021-06-18T08:44:00+00:00,,,53.048792,-2.994906,Male,over 34,Asian/Asian British - Any other Asian background,Asian,Police and Criminal Evidence Act 1984 (section 1),Stolen goods,,False,False
Person search,2021-06-18T09:52:00+00:00,,,53.046561,-2.997331,Male,over 34,Asian/Asian British - Any other Asian background,Asian,Police and Criminal Evidence Act 1984 (section 1),Article for use in theft,,False,False
Person search,2021-06-18T10:35:00+00:00,,,,,Male,over 34,White - English/Welsh/Scottish/Northern Irish/British,White,Misuse of Drugs Act 1971 (section 23),Controlled drugs,A no further action disposal,False,False
Person search,2021-06-18T12:30:00+00:00,,,53.044843,-2.993100,Male,10-17,White - Irish,White,Police and Criminal Evidence Act 1984 (section 1),Stolen goods,Arrest,False,False
Person search,2021-06-18T12:30:00+00:00,,,53.302735,-4.633520,Male,over 34,Other ethnic group - Not stated,White,Misuse of Drugs Act 1971 (section 23),Controlled drugs,A no further action disposal,False,False
Person search,2021-06-18T12:30:00+00:00,,,53.044843,-2.993100,Male,18-24,White - Irish,White,Police and Criminal Evidence Act 1984 (section 1),Stolen goods,Arrest,False,False
Person search,2021-06-18T13:05:00+00:00,,,53.044843,-2.993100,Male,10-17,White - Irish,White,Police and Criminal Evidence Act 1984 (section 1),Article for use in theft,Arrest,False,False
Person search,2021-06-18T20:00:00+00:00,,,53.269203,-4.518461,Male,25-34,White - English/Welsh/Scottish/Northern Irish/British,White,Police and Criminal Evidence Act 1984 (section 1),Offensive weapons,A no further action disposal,False,False
Person search,2021-06-18T23:20:00+00:00,,,53.330568,-3.445785,Male,10-17,White - English/Welsh/Scottish/Northern Irish/British,White,Police and Criminal Evidence Act 1984 (section 1),Evidence of offences under the Act,A no further action disposal,False,False
Person search,2021-06-18T23:25:00+00:00,,,53.307496,-4.628844,Male,18-24,White - Irish,White,Police and Criminal Evidence Act 1984 (section 1),Stolen goods,A no further action disposal,False,False
Person search,2021-06-18T23:25:00+00:00,,,53.330568,-3.445785,Male,10-17,White - English/Welsh/Scottish/Northern Irish/British,White,Police and Criminal Evidence Act 1984 (section 1),Evidence of offences under the Act,A no further action disposal,False,False
Person search,2021-06-19T08:30:00+00:00,,,53.073396,-3.017325,Male,18-24,White - English/Welsh/Scottish/Northern Irish/British,White,Police and Criminal Evidence Act 1984 (section 1),Offensive weapons,A no further action disposal,False,False
Person search,2021-06-19T12:00:00+00:00,,,52.996241,-3.932815,Male,25-34,White - English/Welsh/Scottish/Northern Irish/British,White,Misuse of Drugs Act 1971 (section 23),Controlled drugs,A no further action disposal,False,False
Person search,2021-06-19T14:20:00+00:00,,,53.316822,-3.833627,Male,over 34,White - English/Welsh/Scottish/Northern Irish/British,White,Misuse of Drugs Act 1971 (section 23),Controlled drugs,A no further action disposal,False,False
Person search,2021-06-19T15:05:00+00:00,,,52.939328,-4.142093,Male,25-34,White - Any other White background,White,Misuse of Drugs Act 1971 (section 23),Controlled drugs,A no further action disposal,False,False
Person search,2021-06-19T15:15:00+00:00,,,52.939328,-4.142093,Male,18-24,White - Any other White background,White,Misuse of Drugs Act 1971 (section 23),Controlled drugs,A no further action disposal,False,False
Person search,2021-06-19T18:15:00+00:00,,,53.307578,-4.637751,Male,10-17,White - English/Welsh/Scottish/Northern Irish/British,White,Misuse of Drugs Act 1971 (section 23),Controlled drugs,A no further action disposal,False,False
Person search,2021-06-19T18:15:00+00:00,,,53.307578,-4.637751,Male,10-17,White - English/Welsh/Scottish/Northern Irish/British,White,Misuse of Drugs Act 1971 (section 23),Controlled drugs,A no further action disposal,False,False
Person search,2021-06-19T19:30:00+00:00,,,53.227595,-4.164236,Male,10-17,White - English/Welsh/Scottish/Northern Irish/British,White,Misuse of Drugs Act 1971 (section 23),Controlled drugs,A no further action disposal,False,False
Person search,2021-06-19T19:30:00+00:00,,,53.227595,-4.164236,Male,10-17,White - English/Welsh/Scottish/Northern Irish/British,White,Misuse of Drugs Act 1971 (section 23),Controlled drugs,A no further action disposal,False,False
Person search,2021-06-19T20:25:00+00:00,,,53.259876,-4.308682,Male,18-24,Other ethnic group - Not stated,White,Misuse of Drugs Act 1971 (section 23),Controlled drugs,A no further action disposal,False,False
Person search,2021-06-19T20:34:00+00:00,,,53.227595,-4.164236,Male,10-17,White - English/Welsh/Scottish/Northern Irish/British,White,Misuse of Drugs Act 1971 (section 23),Controlled drugs,,False,False
Person search,2021-06-19T20:43:00+00:00,,,53.227595,-4.164236,Male,10-17,White - English/Welsh/Scottish/Northern Irish/British,White,Misuse of Drugs Act 1971 (section 23),Controlled drugs,A no further action disposal,False,False
Person search,2021-06-19T23:30:00+00:00,,,52.990263,-3.380697,Male,25-34,White - English/Welsh/Scottish/Northern Irish/British,White,Police and Criminal Evidence Act 1984 (section 1),Offensive weapons,Arrest,False,False
Person search,2021-06-19T23:30:00+00:00,,,52.909389,-3.600633,Male,18-24,White - English/Welsh/Scottish/Northern Irish/British,White,Misuse of Drugs Act 1971 (section 23),Controlled drugs,Arrest,False,False
Person search,2021-06-19T23:30:00+00:00,,,52.990263,-3.380697,Male,25-34,White - English/Welsh/Scottish/Northern Irish/British,White,Police and Criminal Evidence Act 1984 (section 1),Offensive weapons,Arrest,False,False
Person search,2021-06-20T01:40:00+00:00,,,53.229873,-4.120076,Male,18-24,White - English/Welsh/Scottish/Northern Irish/British,White,Misuse of Drugs Act 1971 (section 23),Controlled drugs,A no further action disposal,False,False
Person search,2021-06-20T16:20:00+00:00,,,,,Male,25-34,White - English/Welsh/Scottish/Northern Irish/British,White,Firearms Act 1968 (section 47),Firearms,A no further action disposal,False,False
Person search,2021-06-20T16:20:00+00:00,,,53.318330,-3.499941,Male,over 34,White - English/Welsh/Scottish/Northern Irish/British,White,Misuse of Drugs Act 1971 (section 23),Controlled drugs,A no further action disposal,False,False
Person search,2021-06-20T17:00:00+00:00,,,53.335601,-3.428744,Male,10-17,White - English/Welsh/Scottish/Northern Irish/British,White,Police and Criminal Evidence Act 1984 (section 1),Offensive weapons,A no further action disposal,False,False
Person search,2021-06-21T15:50:00+00:00,,,53.046739,-2.994262,Male,18-24,White - English/Welsh/Scottish/Northern Irish/British,White,Police and Criminal Evidence Act 1984 (section 1),Stolen goods,A no further action disposal,False,False
Person search,2021-06-22T13:00:00+00:00,,,53.046739,-2.994262,Male,25-34,White - English/Welsh/Scottish/Northern Irish/British,White,Police and Criminal Evidence Act 1984 (section 1),Offensive weapons,Arrest,False,False
Person search,2021-06-23T13:38:00+00:00,,,53.292869,-3.724181,Female,25-34,White - English/Welsh/Scottish/Northern Irish/British,White,Police and Criminal Evidence Act 1984 (section 1),Stolen goods,A no further action disposal,False,False
Person search,2021-06-23T18:33:00+00:00,,,53.319584,-3.491007,Male,25-34,White - English/Welsh/Scottish/Northern Irish/British,White,Police and Criminal Evidence Act 1984 (section 1),Offensive weapons,A no further action disposal,False,False
Person search,2021-06-23T20:08:00+00:00,,,53.412630,-4.450652,Male,18-24,White - English/Welsh/Scottish/Northern Irish/British,White,Misuse of Drugs Act 1971 (section 23),Controlled drugs,A no further action disposal,False,False
Person search,2021-06-23T20:30:00+00:00,,,53.227755,-4.112750,Male,18-24,White - English/Welsh/Scottish/Northern Irish/British,White,Misuse of Drugs Act 1971 (section 23),Controlled drugs,A no further action disposal,False,False
Person search,2021-06-23T20:30:00+00:00,,,53.412630,-4.450652,Male,over 34,Asian/Asian British - Bangladeshi,Asian,Misuse of Drugs Act 1971 (section 23),Controlled drugs,A no further action disposal,False,False
Person search,2021-06-23T20:30:00+00:00,,,53.227191,-4.114116,Male,10-17,White - English/Welsh/Scottish/Northern Irish/British,White,Misuse of Drugs Act 1971 (section 23),Controlled drugs,A no further action disposal,False,False
Person search,2021-06-23T22:25:00+00:00,,,52.885226,-4.432086,Male,25-34,White - English/Welsh/Scottish/Northern Irish/British,White,Misuse of Drugs Act 1971 (section 23),Controlled drugs,Arrest,False,False
Person search,2021-06-23T23:16:00+00:00,,,53.206463,-4.180212,Male,over 34,White - English/Welsh/Scottish/Northern Irish/British,White,Misuse of Drugs Act 1971 (section 23),Controlled drugs,,False,False
Person search,2021-06-24T01:35:00+00:00,,,52.879775,-4.427783,Male,10-17,White - English/Welsh/Scottish/Northern Irish/British,White,Misuse of Drugs Act 1971 (section 23),Controlled drugs,,False,False
Person search,2021-06-24T10:17:00+00:00,,,52.881701,-4.414469,Male,over 34,White - English/Welsh/Scottish/Northern Irish/British,White,Misuse of Drugs Act 1971 (section 23),Controlled drugs,A no further action disposal,False,False
Person search,2021-06-24T10:45:00+00:00,,,52.586031,-4.092164,Male,over 34,White - English/Welsh/Scottish/Northern Irish/British,White,Misuse of Drugs Act 1971 (section 23),Controlled drugs,A no further action disposal,False,False
Person search,2021-06-24T15:11:00+00:00,,,53.211099,-4.148757,Male,10-17,White - English/Welsh/Scottish/Northern Irish/British,White,Misuse of Drugs Act 1971 (section 23),Controlled drugs,A no further action disposal,False,False
Person search,2021-06-24T18:40:00+00:00,,,53.409571,-4.343749,Male,10-17,White - English/Welsh/Scottish/Northern Irish/British,White,Misuse of Drugs Act 1971 (section 23),Controlled drugs,A no further action disposal,False,False
Person search,2021-06-24T19:15:00+00:00,,,53.228788,-4.110269,Male,10-17,White - English/Welsh/Scottish/Northern Irish/British,White,Misuse of Drugs Act 1971 (section 23),Controlled drugs,,False,False
Person search,2021-06-24T21:40:00+00:00,,,53.134652,-4.269294,Male,over 34,White - English/Welsh/Scottish/Northern Irish/British,White,Misuse of Drugs Act 1971 (section 23),Controlled drugs,A no further action disposal,False,False
Person search,2021-06-24T21:40:00+00:00,,,53.134652,-4.269294,Female,over 34,White - English/Welsh/Scottish/Northern Irish/British,White,Misuse of Drugs Act 1971 (section 23),Controlled drugs,A no further action disposal,False,False
Person search,2021-06-24T21:40:00+00:00,,,53.134652,-4.269294,Male,over 34,White - English/Welsh/Scottish/Northern Irish/British,White,Misuse of Drugs Act 1971 (section 23),Controlled drugs,A no further action disposal,False,False
Person search,2021-06-24T21:50:00+00:00,,,53.233295,-4.111120,Male,18-24,White - English/Welsh/Scottish/Northern Irish/British,White,Misuse of Drugs Act 1971 (section 23),Controlled drugs,Arrest,False,False
Person search,2021-06-24T21:50:00+00:00,,,53.233295,-4.111120,Male,18-24,White - English/Welsh/Scottish/Northern Irish/British,White,Misuse of Drugs Act 1971 (section 23),Controlled drugs,Arrest,False,False
Person search,2021-06-24T22:55:00+00:00,,,52.879775,-4.427783,Female,10-17,White - English/Welsh/Scottish/Northern Irish/British,White,Misuse of Drugs Act 1971 (section 23),Controlled drugs,Community resolution,False,False
Person search,2021-06-24T23:50:00+00:00,,,53.011941,-4.102696,Male,25-34,White - English/Welsh/Scottish/Northern Irish/British,White,Police and Criminal Evidence Act 1984 (section 1),Offensive weapons,,False,False
Person search,2021-06-25T05:00:00+00:00,,,53.044644,-3.002940,Male,25-34,White - Any other White background,White,Misuse of Drugs Act 1971 (section 23),Controlled drugs,A no further action disposal,False,False
Person search,2021-06-25T08:05:00+00:00,,,53.197870,-3.039342,Male,over 34,White - English/Welsh/Scottish/Northern Irish/British,White,Misuse of Drugs Act 1971 (section 23),Controlled drugs,Khat or Cannabis warning,False,False
Person search,2021-06-25T09:00:00+00:00,,,53.273327,-3.219431,Male,18-24,Black/African/Caribbean/Black British - Any other Black/African/Caribbean background,Black,Misuse of Drugs Act 1971 (section 23),Controlled drugs,Arrest,False,True
Person search,2021-06-25T10:13:00+00:00,,,53.209318,-3.037733,Male,25-34,White - English/Welsh/Scottish/Northern Irish/British,White,Misuse of Drugs Act 1971 (section 23),Controlled drugs,Community resolution,False,False
Person search,2021-06-25T10:20:00+00:00,,,53.320077,-3.489688,Male,over 34,White - English/Welsh/Scottish/Northern Irish/British,White,Misuse of Drugs Act 1971 (section 23),Controlled drugs,A no further action disposal,False,False
Person search,2021-06-25T10:20:00+00:00,,,53.320077,-3.489688,Male,over 34,White - English/Welsh/Scottish/Northern Irish/British,White,Misuse of Drugs Act 1971 (section 23),Controlled drugs,A no further action disposal,False,False
Person search,2021-06-25T12:05:00+00:00,,,53.321742,-3.492374,Male,over 34,White - English/Welsh/Scottish/Northern Irish/British,White,Misuse of Drugs Act 1971 (section 23),Controlled drugs,A no further action disposal,False,False
Person search,2021-06-25T12:10:00+00:00,,,53.318596,-3.497353,Female,over 34,White - English/Welsh/Scottish/Northern Irish/British,White,Misuse of Drugs Act 1971 (section 23),Controlled drugs,A no further action disposal,False,False
Person search,2021-06-25T12:15:00+00:00,,,53.318894,-3.494391,Male,over 34,White - English/Welsh/Scottish/Northern Irish/British,White,Misuse of Drugs Act 1971 (section 23),Controlled drugs,A no further action disposal,False,False
Person search,2021-06-25T12:15:00+00:00,,,53.318894,-3.494391,Male,over 34,White - English/Welsh/Scottish/Northern Irish/British,White,Misuse of Drugs Act 1971 (section 23),Controlled drugs,A no further action disposal,False,False
Person search,2021-06-25T14:09:00+00:00,,,53.318330,-3.499941,Male,over 34,White - English/Welsh/Scottish/Northern Irish/British,White,Misuse of Drugs Act 1971 (section 23),Controlled drugs,A no further action disposal,False,False
Person search,2021-06-25T15:33:00+00:00,,,53.298641,-4.618574,Male,25-34,White - English/Welsh/Scottish/Northern Irish/British,White,Misuse of Drugs Act 1971 (section 23),Controlled drugs,Arrest,False,False
Person search,2021-06-25T20:15:00+00:00,,,53.227469,-4.127808,Female,25-34,White - English/Welsh/Scottish/Northern Irish/British,White,Misuse of Drugs Act 1971 (section 23),Controlled drugs,,False,False
Person search,2021-06-25T20:15:00+00:00,,,53.227469,-4.127808,Male,over 34,White - English/Welsh/Scottish/Northern Irish/British,White,Misuse of Drugs Act 1971 (section 23),Controlled drugs,,False,False
Person search,2021-06-25T20:15:00+00:00,,,53.227469,-4.127808,Male,,,Other,Misuse of Drugs Act 1971 (section 23),Controlled drugs,,False,False
Person search,2021-06-25T20:30:00+00:00,,,53.165774,-3.124817,Female,18-24,White - English/Welsh/Scottish/Northern Irish/British,White,Misuse of Drugs Act 1971 (section 23),Controlled drugs,A no further action disposal,False,False
Person search,2021-06-26T13:00:00+00:00,,,53.046204,-4.252498,Male,over 34,White - English/Welsh/Scottish/Northern Irish/British,White,Misuse of Drugs Act 1971 (section 23),Controlled drugs,A no further action disposal,False,False
Person search,2021-06-26T13:00:00+00:00,,,53.321677,-3.490360,Male,over 34,White - English/Welsh/Scottish/Northern Irish/British,White,Firearms Act 1968 (section 47),Firearms,A no further action disposal,False,False
Person search,2021-06-26T16:15:00+00:00,,,53.288360,-3.695104,Female,25-34,White - English/Welsh/Scottish/Northern Irish/British,White,Police and Criminal Evidence Act 1984 (section 1),Offensive weapons,A no further action disposal,False,False
Person search,2021-06-26T18:58:00+00:00,,,52.777614,-3.784173,Male,10-17,White - English/Welsh/Scottish/Northern Irish/British,White,Misuse of Drugs Act 1971 (section 23),Controlled drugs,A no further action disposal,False,False
Person search,2021-06-26T19:15:00+00:00,,,53.316605,-3.810708,Male,over 34,White - English/Welsh/Scottish/Northern Irish/British,White,Misuse of Drugs Act 1971 (section 23),Controlled drugs,A no further action disposal,False,False
Person search,2021-06-27T09:16:00+00:00,,,53.317490,-3.493832,Female,over 34,White - English/Welsh/Scottish/Northern Irish/British,White,Misuse of Drugs Act 1971 (section 23),Controlled drugs,Arrest,False,True
Person search,2021-06-27T09:20:00+00:00,,,53.319674,-3.475757,Male,25-34,White - English/Welsh/Scottish/Northern Irish/British,White,Misuse of Drugs Act 1971 (section 23),Controlled drugs,,False,False
Person search,2021-06-27T09:21:00+00:00,,,53.317490,-3.493832,Male,over 34,White - English/Welsh/Scottish/Northern Irish/British,White,Misuse of Drugs Act 1971 (section 23),Controlled drugs,Arrest,False,False
Person search,2021-06-27T09:25:00+00:00,,,53.317490,-3.493832,Male,over 34,White - English/Welsh/Scottish/Northern Irish/British,White,Misuse of Drugs Act 1971 (section 23),Controlled drugs,A no further action disposal,False,False
Person search,2021-06-27T10:55:00+00:00,,,53.334801,-3.431691,Male,over 34,,Other,Misuse of Drugs Act 1971 (section 23),Controlled drugs,A no further action disposal,False,False
Person search,2021-06-27T13:15:00+00:00,,,53.321742,-3.492374,Male,over 34,White - English/Welsh/Scottish/Northern Irish/British,White,Misuse of Drugs Act 1971 (section 23),Controlled drugs,A no further action disposal,False,False
Person search,2021-06-27T13:20:00+00:00,,,53.315652,-3.498436,Male,10-17,White - English/Welsh/Scottish/Northern Irish/British,White,Misuse of Drugs Act 1971 (section 23),Controlled drugs,A no further action disposal,False,False
Person search,2021-06-27T14:35:00+00:00,,,53.322603,-3.489671,Male,over 34,White - English/Welsh/Scottish/Northern Irish/British,White,Misuse of Drugs Act 1971 (section 23),Controlled drugs,A no further action disposal,False,False
Person search,2021-06-27T15:10:00+00:00,,,53.319444,-3.489216,Male,over 34,White - English/Welsh/Scottish/Northern Irish/British,White,Misuse of Drugs Act 1971 (section 23),Controlled drugs,A no further action disposal,False,False
Person search,2021-06-27T15:15:00+00:00,,,53.319444,-3.489216,Male,over 34,White - English/Welsh/Scottish/Northern Irish/British,White,Misuse of Drugs Act 1971 (section 23),Controlled drugs,A no further action disposal,False,False
Person search,2021-06-27T19:00:00+00:00,,,53.211991,-3.039414,Male,10-17,White - English/Welsh/Scottish/Northern Irish/British,White,Police and Criminal Evidence Act 1984 (section 1),Offensive weapons,Caution (simple or conditional),False,False
Person search,2021-06-27T19:00:00+00:00,,,53.211991,-3.039414,Male,10-17,White - English/Welsh/Scottish/Northern Irish/British,White,Police and Criminal Evidence Act 1984 (section 1),Offensive weapons,A no further action disposal,False,False
Person search,2021-06-27T19:00:00+00:00,,,53.211991,-3.039414,Male,10-17,White - English/Welsh/Scottish/Northern Irish/British,White,Police and Criminal Evidence Act 1984 (section 1),Offensive weapons,A no further action disposal,False,False
Person search,2021-06-28T11:30:00+00:00,,,53.256796,-4.296372,Male,10-17,White - English/Welsh/Scottish/Northern Irish/British,White,Misuse of Drugs Act 1971 (section 23),Controlled drugs,A no further action disposal,False,False
Person search,2021-06-28T15:02:00+00:00,,,53.307606,-4.634045,Male,18-24,White - English/Welsh/Scottish/Northern Irish/British,White,Misuse of Drugs Act 1971 (section 23),Controlled drugs,Arrest,False,False
Person search,2021-06-28T22:16:00+00:00,,,53.227944,-4.122363,Male,over 34,White - English/Welsh/Scottish/Northern Irish/British,White,Police and Criminal Evidence Act 1984 (section 1),Stolen goods,A no further action disposal,False,False
Person search,2021-06-28T22:20:00+00:00,,,53.310256,-3.471875,Male,18-24,White - English/Welsh/Scottish/Northern Irish/British,White,Police and Criminal Evidence Act 1984 (section 1),Stolen goods,A no further action disposal,False,False
Person search,2021-06-29T00:25:00+00:00,,,53.174999,-2.961483,Female,over 34,White - English/Welsh/Scottish/Northern Irish/British,White,Misuse of Drugs Act 1971 (section 23),Controlled drugs,A no further action disposal,False,False
Person search,2021-06-29T00:25:00+00:00,,,53.174999,-2.961483,Male,18-24,White - English/Welsh/Scottish/Northern Irish/British,White,Misuse of Drugs Act 1971 (section 23),Controlled drugs,A no further action disposal,False,False
Person search,2021-06-29T08:40:00+00:00,,,52.888542,-4.418090,Male,over 34,White - English/Welsh/Scottish/Northern Irish/British,White,Misuse of Drugs Act 1971 (section 23),Controlled drugs,A no further action disposal,False,False
Person search,2021-06-29T08:40:00+00:00,,,52.888542,-4.418090,Male,over 34,White - English/Welsh/Scottish/Northern Irish/British,White,Misuse of Drugs Act 1971 (section 23),Controlled drugs,Arrest,False,False
Person search,2021-06-29T09:00:00+00:00,,,53.045895,-2.982294,Male,25-34,White - Any other White background,White,Misuse of Drugs Act 1971 (section 23),Controlled drugs,Community resolution,False,False
Person search,2021-06-29T15:10:00+00:00,,,53.046122,-2.996083,Female,over 34,Other ethnic group - Not stated,White,Police and Criminal Evidence Act 1984 (section 1),Stolen goods,Community resolution,False,False
Person search,2021-06-29T19:10:00+00:00,,,53.311521,-4.634271,Female,over 34,White - English/Welsh/Scottish/Northern Irish/British,White,Misuse of Drugs Act 1971 (section 23),Controlled drugs,A no further action disposal,False,False
Person search,2021-06-29T21:45:00+00:00,,,53.312718,-3.822748,Male,25-34,Asian/Asian British - Pakistani,Black,Misuse of Drugs Act 1971 (section 23),Controlled drugs,A no further action disposal,False,False
Person search,2021-06-29T21:55:00+00:00,,,53.312718,-3.822748,Male,25-34,Asian/Asian British - Pakistani,White,Misuse of Drugs Act 1971 (section 23),Controlled drugs,A no further action disposal,False,False
